{"name":"pasta_wall_clock_runtime_1","description":"","content":{"operators":[{"operatorID":"CSVFileScan-operator-838c2c8a-24a2-4db9-8e2e-613c43f94daf","operatorType":"CSVFileScan","operatorVersion":"N/A","operatorProperties":{"fileEncoding":"UTF_8","customDelimiter":",","hasHeader":true,"fileName":"/xiaozl3@uci.edu/justknimeit-s2c24/v1/domains_big.csv","limit":50},"inputPorts":[],"outputPorts":[{"portID":"output-0","displayName":"","allowMultiInputs":false,"isDynamicPort":false}],"showAdvanced":false,"isDisabled":false,"customDisplayName":"CSV File Scan","dynamicInputPorts":false,"dynamicOutputPorts":false,"viewResult":false},{"operatorID":"PythonUDFV2-operator-327bcc59-97a7-4b52-8c4b-dd8deee66d67","operatorType":"PythonUDFV2","operatorVersion":"N/A","operatorProperties":{"code":"from pytexera import *\nclass ProcessTupleOperator(UDFOperatorV2):\n    @overrides\n    def process_tuple(self, tuple_: Tuple, port: int) -> Iterator[Optional[TupleLike]]:\n        result = tuple_[\"Email\"].split(\"@\")\n        tuple_[\"Email_Arr[0]\"] = result[0]\n        tuple_[\"Email_Arr[1]\"] = result[1]\n        yield tuple_","workers":1,"retainInputColumns":true,"outputColumns":[{"attributeName":"Email_Arr[0]","attributeType":"string"},{"attributeName":"Email_Arr[1]","attributeType":"string"}]},"inputPorts":[{"portID":"input-0","displayName":"","allowMultiInputs":true,"isDynamicPort":false,"dependencies":[]}],"outputPorts":[{"portID":"output-0","displayName":"","allowMultiInputs":false,"isDynamicPort":false}],"showAdvanced":false,"isDisabled":false,"customDisplayName":"Split domain","dynamicInputPorts":true,"dynamicOutputPorts":true,"viewResult":false},{"operatorID":"Filter-operator-f15dfe1c-6ff3-45ff-8f5f-615d6adc5d73","operatorType":"Filter","operatorVersion":"N/A","operatorProperties":{"predicates":[{"value":"5","attribute":"domain_length","condition":">"}]},"inputPorts":[{"portID":"input-0","displayName":"","allowMultiInputs":false,"isDynamicPort":false,"dependencies":[]}],"outputPorts":[{"portID":"output-0","displayName":"","allowMultiInputs":false,"isDynamicPort":false}],"showAdvanced":false,"isDisabled":false,"customDisplayName":"Row Splitter: Filter","dynamicInputPorts":false,"dynamicOutputPorts":false,"viewResult":false},{"operatorID":"Filter-operator-202cbfbe-9155-4566-a72f-ddb21ee66b32","operatorType":"Filter","operatorVersion":"N/A","operatorProperties":{"predicates":[{"value":"5","attribute":"domain_length","condition":"<="}]},"inputPorts":[{"portID":"input-0","displayName":"","allowMultiInputs":false,"isDynamicPort":false,"dependencies":[]}],"outputPorts":[{"portID":"output-0","displayName":"","allowMultiInputs":false,"isDynamicPort":false}],"showAdvanced":false,"isDisabled":false,"customDisplayName":"Row Splitter: Filter","dynamicInputPorts":false,"dynamicOutputPorts":false,"viewResult":false},{"operatorID":"Sort-operator-3b7f37b5-73bd-4c9c-a57d-7310b5aca60c","operatorType":"Sort","operatorVersion":"N/A","operatorProperties":{"attributes":[{"attribute":"Unique count","sortPreference":"DESC"}]},"inputPorts":[{"portID":"input-0","displayName":"","allowMultiInputs":false,"isDynamicPort":false,"dependencies":[]}],"outputPorts":[{"portID":"output-0","displayName":"","allowMultiInputs":false,"isDynamicPort":false}],"showAdvanced":false,"isDisabled":false,"customDisplayName":"Top k Row Filter: Sort","dynamicInputPorts":false,"dynamicOutputPorts":false,"viewResult":false},{"operatorID":"Limit-operator-5e832c32-e18d-40d9-9349-f68b2af4f76d","operatorType":"Limit","operatorVersion":"N/A","operatorProperties":{"limit":10},"inputPorts":[{"portID":"input-0","displayName":"","allowMultiInputs":false,"isDynamicPort":false,"dependencies":[]}],"outputPorts":[{"portID":"output-0","displayName":"","allowMultiInputs":false,"isDynamicPort":false}],"showAdvanced":false,"isDisabled":false,"customDisplayName":"Top k Row Filter: Limit","dynamicInputPorts":false,"dynamicOutputPorts":false,"viewResult":false},{"operatorID":"PythonUDFV2-operator-98a1b126-e92f-4cd7-aff7-7465e337c550","operatorType":"PythonUDFV2","operatorVersion":"N/A","operatorProperties":{"code":"from pytexera import *\n\nclass ProcessTupleOperator(UDFOperatorV2):\n    @overrides\n    def open(self) -> None:\n        self.counter = 0\n\n    @overrides\n    def process_tuple(self, tuple_: Tuple, port: int) -> Iterator[Optional[TupleLike]]:\n        tuple_[\"Counter\"] = self.counter\n        self.counter += 1\n        yield tuple_\n\n","workers":1,"retainInputColumns":true,"outputColumns":[{"attributeName":"Counter","attributeType":"integer"}]},"inputPorts":[{"portID":"input-0","displayName":"","allowMultiInputs":true,"isDynamicPort":false,"dependencies":[]}],"outputPorts":[{"portID":"output-0","displayName":"","allowMultiInputs":false,"isDynamicPort":false}],"showAdvanced":false,"isDisabled":false,"customDisplayName":"Counter Generation","dynamicInputPorts":true,"dynamicOutputPorts":true,"viewResult":false},{"operatorID":"PythonUDFV2-operator-709ad335-375a-47f1-b901-2a8049b57705","operatorType":"PythonUDFV2","operatorVersion":"N/A","operatorProperties":{"code":"from pytexera import *\n\ndef levenshtein_distance(s1, s2):\n    if len(s1) < len(s2):\n        return levenshtein_distance(s2, s1)\n    \n    if len(s2) == 0:\n        return len(s1)\n    \n    previous_row = range(len(s2) + 1)\n    for i, c1 in enumerate(s1):\n        current_row = [i + 1]\n        for j, c2 in enumerate(s2):\n            insertions = previous_row[j + 1] + 1\n            deletions = current_row[j] + 1\n            substitutions = previous_row[j] + (c1 != c2)\n            current_row.append(min(insertions, deletions, substitutions))\n        previous_row = current_row\n    \n    return previous_row[-1]\n\ndef normalized_levenshtein_distance(str1, str2):\n    return levenshtein_distance(str1, str2) / max(len(str1), len(str2))\n\nclass ProcessTableOperator(UDFTableOperator):\n    @overrides\n    def process_table(self, table: Table, port: int) -> Iterator[Optional[TableLike]]:\n        if port == 0:\n            print(table)\n            self.data = table\n        else:\n            counters = []\n            distances = []\n            for email2 in table['Email_Arr[1]']:\n                min_distance = float('inf')\n                counter = None\n                for index, row in self.data.iterrows():\n                    distance = normalized_levenshtein_distance(row['Email_Arr[1]'], email2)\n                    if distance < min_distance:\n                        min_distance = distance\n                        counter = row['Counter']\n                counters.append(counter)\n                distances.append(min_distance)\n\n            table['distance'] = distances\n            table['Counter'] = counters\n            yield table\n\n","workers":1,"retainInputColumns":true,"outputColumns":[{"attributeName":"distance","attributeType":"double"}]},"inputPorts":[{"portID":"input-0","displayName":"","allowMultiInputs":true,"isDynamicPort":false,"dependencies":[]},{"portID":"input-1","displayName":"input-1","allowMultiInputs":false,"isDynamicPort":true,"dependencies":[0],"partitionRequirement":{"type":"none"}}],"outputPorts":[{"portID":"output-0","displayName":"","allowMultiInputs":false,"isDynamicPort":false}],"showAdvanced":false,"isDisabled":false,"customDisplayName":"Similarity Search","dynamicInputPorts":true,"dynamicOutputPorts":true,"viewResult":false},{"operatorID":"PythonUDFV2-operator-5ca06673-093f-4bfc-adb6-3cd6483cc6f0","operatorType":"PythonUDFV2","operatorVersion":"N/A","operatorProperties":{"code":"from pytexera import *\n\nclass ProcessTupleOperator(UDFOperatorV2):\n    @overrides\n    def process_tuple(self, tuple_: Tuple, port: int) -> Iterator[Optional[TupleLike]]:\n        tuple_[\"outcome\"] = \"Fradulent mail\" if tuple_[\"distance\"] > 0 else \"Valid mail\"\n        yield tuple_\n\n","workers":1,"retainInputColumns":true,"outputColumns":[{"attributeName":"outcome","attributeType":"string"}]},"inputPorts":[{"portID":"input-0","displayName":"","allowMultiInputs":true,"isDynamicPort":false,"dependencies":[]}],"outputPorts":[{"portID":"output-0","displayName":"","allowMultiInputs":false,"isDynamicPort":false}],"showAdvanced":false,"isDisabled":false,"customDisplayName":"Rule Engine","dynamicInputPorts":true,"dynamicOutputPorts":true,"viewResult":false},{"operatorID":"HashJoin-operator-5542df83-423e-40b7-9364-8a8ae377c76d","operatorType":"HashJoin","operatorVersion":"N/A","operatorProperties":{"joinType":"inner","buildAttributeName":"Counter","probeAttributeName":"Counter"},"inputPorts":[{"portID":"input-0","displayName":"left","allowMultiInputs":false,"isDynamicPort":false,"dependencies":[]},{"portID":"input-1","displayName":"right","allowMultiInputs":false,"isDynamicPort":false,"dependencies":[{"id":0,"internal":false}]}],"outputPorts":[{"portID":"output-0","displayName":"","allowMultiInputs":false,"isDynamicPort":false}],"showAdvanced":false,"isDisabled":false,"customDisplayName":"Hash Join","dynamicInputPorts":false,"dynamicOutputPorts":false,"viewResult":false},{"operatorID":"HashJoin-operator-591f37ea-1307-4d36-8a43-0ba065c66e9f","operatorType":"HashJoin","operatorVersion":"N/A","operatorProperties":{"joinType":"full outer","buildAttributeName":"id","probeAttributeName":"id"},"inputPorts":[{"portID":"input-0","displayName":"left","allowMultiInputs":false,"isDynamicPort":false,"dependencies":[]},{"portID":"input-1","displayName":"right","allowMultiInputs":false,"isDynamicPort":false,"dependencies":[{"id":0,"internal":false}]}],"outputPorts":[{"portID":"output-0","displayName":"","allowMultiInputs":false,"isDynamicPort":false}],"showAdvanced":false,"isDisabled":false,"customDisplayName":"Hash Join","dynamicInputPorts":false,"dynamicOutputPorts":false,"viewResult":false,"markedForReuse":false},{"operatorID":"PythonUDFV2-operator-ece247e9-862f-473c-a68f-91ffc3d31646","operatorType":"PythonUDFV2","operatorVersion":"N/A","operatorProperties":{"code":"from pytexera import *\nimport time\n\nclass ProcessTupleOperator(UDFOperatorV2):\n    @overrides\n    def open(self) -> None:\n        self.counter = 0\n\n    @overrides\n    def process_tuple(self, tuple_: Tuple, port: int) -> Iterator[Optional[TupleLike]]:\n        tuple_[\"id\"] = \"long\" + str(self.counter)\n        self.counter += 1\n        yield tuple_\n\n","workers":1,"retainInputColumns":true,"outputColumns":[{"attributeName":"id","attributeType":"string"}]},"inputPorts":[{"portID":"input-0","displayName":"","allowMultiInputs":true,"isDynamicPort":false,"dependencies":[]}],"outputPorts":[{"portID":"output-0","displayName":"","allowMultiInputs":false,"isDynamicPort":false}],"showAdvanced":false,"isDisabled":false,"customDisplayName":"Add ID","dynamicInputPorts":true,"dynamicOutputPorts":true,"viewResult":false},{"operatorID":"PythonUDFV2-operator-f98e857b-5991-42e9-938d-4c795f6c953a","operatorType":"PythonUDFV2","operatorVersion":"N/A","operatorProperties":{"code":"from pytexera import *\n\nclass ProcessTupleOperator(UDFOperatorV2):\n    @overrides\n    def open(self) -> None:\n        self.counter = 0\n\n    @overrides\n    def process_tuple(self, tuple_: Tuple, port: int) -> Iterator[Optional[TupleLike]]:\n        tuple_[\"id\"] = \"short\" + str(self.counter)\n        self.counter += 1\n        yield tuple_\n\n","workers":1,"retainInputColumns":true,"outputColumns":[{"attributeName":"id","attributeType":"string"}]},"inputPorts":[{"portID":"input-0","displayName":"","allowMultiInputs":true,"isDynamicPort":false,"dependencies":[]}],"outputPorts":[{"portID":"output-0","displayName":"","allowMultiInputs":false,"isDynamicPort":false}],"showAdvanced":false,"isDisabled":false,"customDisplayName":"Add ID","dynamicInputPorts":true,"dynamicOutputPorts":true,"viewResult":false},{"operatorID":"Aggregate-operator-42345cd4-6aa4-4a7b-beb2-f4fb3217e592","operatorType":"Aggregate","operatorVersion":"N/A","operatorProperties":{"aggregations":[{"attribute":"Email_Arr[1]","result attribute":"Unique count","aggFunction":"count"}],"groupByKeys":["Email_Arr[1]"]},"inputPorts":[{"portID":"input-0","displayName":"","allowMultiInputs":false,"isDynamicPort":false,"dependencies":[]}],"outputPorts":[{"portID":"output-0","displayName":"","allowMultiInputs":false,"isDynamicPort":false}],"showAdvanced":false,"isDisabled":false,"customDisplayName":"Group By","dynamicInputPorts":false,"dynamicOutputPorts":false,"viewResult":false},{"operatorID":"PythonUDFV2-operator-045e5a18-324d-4102-9f44-378d8023d336","operatorType":"PythonUDFV2","operatorVersion":"N/A","operatorProperties":{"code":"from pytexera import *\n\nclass ProcessTupleOperator(UDFOperatorV2):\n    @overrides\n    def process_tuple(self, tuple_: Tuple, port: int) -> Iterator[Optional[TupleLike]]:\n        if tuple_[\"Email_Arr[1]#@1\"] == None:\n            tuple_[\"Email_Arr[1]#@1\"] = tuple_[\"Email_Arr[1]\"]\n        if tuple_[\"Email_Arr[1]#@2\"] == None:\n            tuple_[\"Email_Arr[1]#@2\"] = tuple_[\"Email_Arr[1]\"]\n        if tuple_[\"is_spam\"] != None:\n            if tuple_[\"is_spam\"] == True:\n                tuple_[\"outcome\"] = \"Fradulent mail\"\n        if tuple_[\"outcome\"] == None:\n            tuple_[\"outcome\"] = \"hotlisted\"\n        tuple_[\"Labels\"] = tuple_[\"outcome\"]\n        tuple_[\"input domain\"] = tuple_[\"Email_Arr[1]\"]\n        tuple_[\"Reference valid domain\"] = tuple_[\"Email_Arr[1]#@1\"]\n        yield tuple_\n\n","workers":1,"retainInputColumns":true,"outputColumns":[{"attributeName":"input domain","attributeType":"string"},{"attributeName":"Labels","attributeType":"string"},{"attributeName":"Reference valid domain","attributeType":"string"}]},"inputPorts":[{"portID":"input-0","displayName":"","allowMultiInputs":true,"isDynamicPort":false,"dependencies":[]}],"outputPorts":[{"portID":"output-0","displayName":"","allowMultiInputs":false,"isDynamicPort":false}],"showAdvanced":false,"isDisabled":false,"customDisplayName":"Manipulations","dynamicInputPorts":true,"dynamicOutputPorts":true,"viewResult":false},{"operatorID":"Projection-operator-10572c7d-7270-48f5-826b-d62b330b0618","operatorType":"Projection","operatorVersion":"N/A","operatorProperties":{"isDrop":false,"attributes":[{"originalAttribute":"input domain"},{"originalAttribute":"distance"},{"alias":"","originalAttribute":"Labels"},{"alias":"","originalAttribute":"Reference valid domain"},{"alias":"","originalAttribute":"suspicious_domain"},{"alias":"Long domain is spam","originalAttribute":"is_spam"}]},"inputPorts":[{"portID":"input-0","displayName":"","allowMultiInputs":false,"isDynamicPort":false,"dependencies":[]}],"outputPorts":[{"portID":"output-0","displayName":"","allowMultiInputs":false,"isDynamicPort":false}],"showAdvanced":false,"isDisabled":false,"customDisplayName":"Column Filter","dynamicInputPorts":false,"dynamicOutputPorts":false,"viewResult":false},{"operatorID":"HashJoin-operator-cd6fdec0-9199-43f9-a865-13e5b7e6b99a","operatorType":"HashJoin","operatorVersion":"N/A","operatorProperties":{"joinType":"full outer","buildAttributeName":"Email_Arr[1]","probeAttributeName":"input domain"},"inputPorts":[{"portID":"input-0","displayName":"left","allowMultiInputs":false,"isDynamicPort":false,"dependencies":[]},{"portID":"input-1","displayName":"right","allowMultiInputs":false,"isDynamicPort":false,"dependencies":[{"id":0,"internal":false}]}],"outputPorts":[{"portID":"output-0","displayName":"","allowMultiInputs":false,"isDynamicPort":false}],"showAdvanced":false,"isDisabled":false,"customDisplayName":"Hash Join","dynamicInputPorts":false,"dynamicOutputPorts":false,"viewResult":false},{"operatorID":"PythonUDFV2-operator-2d6830f7-33f1-43d6-a950-0a66a387fe3e","operatorType":"PythonUDFV2","operatorVersion":"N/A","operatorProperties":{"code":"from pytexera import *\n\nclass ProcessTupleOperator(UDFOperatorV2):\n    @overrides\n    def process_tuple(self, tuple_: Tuple, port: int) -> Iterator[Optional[TupleLike]]:\n        tuple_[\"domain_length\"] = len(tuple_[\"Email_Arr[1]\"].split(\".\")[0])\n        yield tuple_\n\n","workers":1,"retainInputColumns":true,"outputColumns":[{"attributeName":"domain_length","attributeType":"integer"}]},"inputPorts":[{"portID":"input-0","displayName":"","allowMultiInputs":true,"isDynamicPort":false,"dependencies":[]}],"outputPorts":[{"portID":"output-0","displayName":"","allowMultiInputs":false,"isDynamicPort":false}],"showAdvanced":false,"isDisabled":false,"customDisplayName":"Analyze length","dynamicInputPorts":true,"dynamicOutputPorts":true,"viewResult":false},{"operatorID":"HuggingFaceSpamSMSDetection-operator-cd807294-731c-4d09-b746-38864b6d5430","operatorType":"HuggingFaceSpamSMSDetection","operatorVersion":"N/A","operatorProperties":{"Spam result attribute":"is_spam","Score result attribute":"score","attribute":"Email_Arr[1]"},"inputPorts":[{"portID":"input-0","displayName":"","allowMultiInputs":false,"isDynamicPort":false,"dependencies":[]}],"outputPorts":[{"portID":"output-0","displayName":"","allowMultiInputs":false,"isDynamicPort":false}],"showAdvanced":false,"isDisabled":false,"customDisplayName":"Spam Detection","dynamicInputPorts":false,"dynamicOutputPorts":false,"viewResult":false},{"operatorID":"HuggingFaceSpamSMSDetection-operator-7aafa2b3-ed54-42ed-bad9-9b98eeaab694","operatorType":"HuggingFaceSpamSMSDetection","operatorVersion":"N/A","operatorProperties":{"Spam result attribute":"suspicious_domain","Score result attribute":"suspicious_domain_score","attribute":"input domain"},"inputPorts":[{"portID":"input-0","displayName":"","allowMultiInputs":false,"isDynamicPort":false,"dependencies":[]}],"outputPorts":[{"portID":"output-0","displayName":"","allowMultiInputs":false,"isDynamicPort":false}],"showAdvanced":false,"isDisabled":false,"customDisplayName":"Suspicious domain classification","dynamicInputPorts":false,"dynamicOutputPorts":false,"viewResult":false}],"operatorPositions":{"CSVFileScan-operator-838c2c8a-24a2-4db9-8e2e-613c43f94daf":{"x":-214,"y":-446},"PythonUDFV2-operator-327bcc59-97a7-4b52-8c4b-dd8deee66d67":{"x":-70,"y":-448},"Filter-operator-f15dfe1c-6ff3-45ff-8f5f-615d6adc5d73":{"x":819,"y":311},"Filter-operator-202cbfbe-9155-4566-a72f-ddb21ee66b32":{"x":432,"y":37},"Sort-operator-3b7f37b5-73bd-4c9c-a57d-7310b5aca60c":{"x":573,"y":-355},"Limit-operator-5e832c32-e18d-40d9-9349-f68b2af4f76d":{"x":727,"y":-354},"PythonUDFV2-operator-98a1b126-e92f-4cd7-aff7-7465e337c550":{"x":883,"y":-353},"PythonUDFV2-operator-709ad335-375a-47f1-b901-2a8049b57705":{"x":993,"y":-70},"PythonUDFV2-operator-5ca06673-093f-4bfc-adb6-3cd6483cc6f0":{"x":1129,"y":-71},"HashJoin-operator-5542df83-423e-40b7-9364-8a8ae377c76d":{"x":1534,"y":-114},"HashJoin-operator-591f37ea-1307-4d36-8a43-0ba065c66e9f":{"x":1657,"y":173},"PythonUDFV2-operator-ece247e9-862f-473c-a68f-91ffc3d31646":{"x":1244,"y":313},"PythonUDFV2-operator-f98e857b-5991-42e9-938d-4c795f6c953a":{"x":1286,"y":-72},"Aggregate-operator-42345cd4-6aa4-4a7b-beb2-f4fb3217e592":{"x":86,"y":178},"PythonUDFV2-operator-045e5a18-324d-4102-9f44-378d8023d336":{"x":1800,"y":168},"Projection-operator-10572c7d-7270-48f5-826b-d62b330b0618":{"x":2263,"y":166},"HashJoin-operator-cd6fdec0-9199-43f9-a865-13e5b7e6b99a":{"x":2587,"y":-234},"PythonUDFV2-operator-2d6830f7-33f1-43d6-a950-0a66a387fe3e":{"x":222,"y":176},"HuggingFaceSpamSMSDetection-operator-cd807294-731c-4d09-b746-38864b6d5430":{"x":995,"y":312},"HuggingFaceSpamSMSDetection-operator-7aafa2b3-ed54-42ed-bad9-9b98eeaab694":{"x":2014,"y":168}},"links":[{"linkID":"link-b81156c3-9d0a-41b0-a61f-0acf9c67ee1b","source":{"operatorID":"CSVFileScan-operator-838c2c8a-24a2-4db9-8e2e-613c43f94daf","portID":"output-0"},"target":{"operatorID":"PythonUDFV2-operator-327bcc59-97a7-4b52-8c4b-dd8deee66d67","portID":"input-0"}},{"linkID":"link-2e54c5fd-10c8-485f-944c-d1a5992614e7","source":{"operatorID":"Filter-operator-202cbfbe-9155-4566-a72f-ddb21ee66b32","portID":"output-0"},"target":{"operatorID":"Sort-operator-3b7f37b5-73bd-4c9c-a57d-7310b5aca60c","portID":"input-0"}},{"linkID":"link-a9ea7362-4cef-4806-8517-10b78eae0319","source":{"operatorID":"Sort-operator-3b7f37b5-73bd-4c9c-a57d-7310b5aca60c","portID":"output-0"},"target":{"operatorID":"Limit-operator-5e832c32-e18d-40d9-9349-f68b2af4f76d","portID":"input-0"}},{"linkID":"link-171ff2dc-ff56-4806-972f-854eb2315f5f","source":{"operatorID":"Limit-operator-5e832c32-e18d-40d9-9349-f68b2af4f76d","portID":"output-0"},"target":{"operatorID":"PythonUDFV2-operator-98a1b126-e92f-4cd7-aff7-7465e337c550","portID":"input-0"}},{"linkID":"link-85a1ff7c-c4a6-430e-87a7-b6f44d94aca3","source":{"operatorID":"PythonUDFV2-operator-98a1b126-e92f-4cd7-aff7-7465e337c550","portID":"output-0"},"target":{"operatorID":"PythonUDFV2-operator-709ad335-375a-47f1-b901-2a8049b57705","portID":"input-0"}},{"linkID":"link-c8d45cba-85b1-4c58-a24e-c22354de98f9","source":{"operatorID":"Filter-operator-202cbfbe-9155-4566-a72f-ddb21ee66b32","portID":"output-0"},"target":{"operatorID":"PythonUDFV2-operator-709ad335-375a-47f1-b901-2a8049b57705","portID":"input-1"}},{"linkID":"link-07bc63f2-a9ec-4071-89b9-9291e2a73ae5","source":{"operatorID":"PythonUDFV2-operator-709ad335-375a-47f1-b901-2a8049b57705","portID":"output-0"},"target":{"operatorID":"PythonUDFV2-operator-5ca06673-093f-4bfc-adb6-3cd6483cc6f0","portID":"input-0"}},{"linkID":"link-a9140222-7b82-4296-9af5-bf6fa1303cb3","source":{"operatorID":"HashJoin-operator-5542df83-423e-40b7-9364-8a8ae377c76d","portID":"output-0"},"target":{"operatorID":"HashJoin-operator-591f37ea-1307-4d36-8a43-0ba065c66e9f","portID":"input-0"}},{"linkID":"link-96b13f90-a0ed-4833-b4f5-91ccb8c82e90","source":{"operatorID":"PythonUDFV2-operator-5ca06673-093f-4bfc-adb6-3cd6483cc6f0","portID":"output-0"},"target":{"operatorID":"PythonUDFV2-operator-f98e857b-5991-42e9-938d-4c795f6c953a","portID":"input-0"}},{"linkID":"link-2445e90b-831e-4908-83be-4e5d11681638","source":{"operatorID":"PythonUDFV2-operator-327bcc59-97a7-4b52-8c4b-dd8deee66d67","portID":"output-0"},"target":{"operatorID":"Aggregate-operator-42345cd4-6aa4-4a7b-beb2-f4fb3217e592","portID":"input-0"}},{"linkID":"link-3b01e949-60aa-4de2-93bb-32fe9bf20166","source":{"operatorID":"Aggregate-operator-42345cd4-6aa4-4a7b-beb2-f4fb3217e592","portID":"output-0"},"target":{"operatorID":"PythonUDFV2-operator-2d6830f7-33f1-43d6-a950-0a66a387fe3e","portID":"input-0"}},{"linkID":"link-ab6d72fe-6c9a-4509-b6e8-0c3021247dbd","source":{"operatorID":"PythonUDFV2-operator-2d6830f7-33f1-43d6-a950-0a66a387fe3e","portID":"output-0"},"target":{"operatorID":"Filter-operator-202cbfbe-9155-4566-a72f-ddb21ee66b32","portID":"input-0"}},{"linkID":"link-3f7a6197-7070-4b57-86a0-30a33ec7fa94","source":{"operatorID":"PythonUDFV2-operator-2d6830f7-33f1-43d6-a950-0a66a387fe3e","portID":"output-0"},"target":{"operatorID":"Filter-operator-f15dfe1c-6ff3-45ff-8f5f-615d6adc5d73","portID":"input-0"}},{"linkID":"link-c970cd35-9ddb-4569-8770-90e89361f337","source":{"operatorID":"Filter-operator-f15dfe1c-6ff3-45ff-8f5f-615d6adc5d73","portID":"output-0"},"target":{"operatorID":"HuggingFaceSpamSMSDetection-operator-cd807294-731c-4d09-b746-38864b6d5430","portID":"input-0"}},{"linkID":"link-91863d8f-df0f-4b62-a8ee-7073f2f4e71d","source":{"operatorID":"HuggingFaceSpamSMSDetection-operator-cd807294-731c-4d09-b746-38864b6d5430","portID":"output-0"},"target":{"operatorID":"PythonUDFV2-operator-ece247e9-862f-473c-a68f-91ffc3d31646","portID":"input-0"}},{"linkID":"link-2a64cf6e-efe2-4d07-ae62-9c31bab58dac","source":{"operatorID":"PythonUDFV2-operator-ece247e9-862f-473c-a68f-91ffc3d31646","portID":"output-0"},"target":{"operatorID":"HashJoin-operator-591f37ea-1307-4d36-8a43-0ba065c66e9f","portID":"input-1"}},{"linkID":"link-d5a3811e-dca4-4660-b66e-99e58376fda7","source":{"operatorID":"HashJoin-operator-591f37ea-1307-4d36-8a43-0ba065c66e9f","portID":"output-0"},"target":{"operatorID":"PythonUDFV2-operator-045e5a18-324d-4102-9f44-378d8023d336","portID":"input-0"}},{"linkID":"link-390ff6f4-676f-4ffc-9882-5348acee7fc7","source":{"operatorID":"PythonUDFV2-operator-045e5a18-324d-4102-9f44-378d8023d336","portID":"output-0"},"target":{"operatorID":"HuggingFaceSpamSMSDetection-operator-7aafa2b3-ed54-42ed-bad9-9b98eeaab694","portID":"input-0"}},{"linkID":"link-0e014400-7ba8-4c96-92a7-be0dc91de9ea","source":{"operatorID":"HuggingFaceSpamSMSDetection-operator-7aafa2b3-ed54-42ed-bad9-9b98eeaab694","portID":"output-0"},"target":{"operatorID":"Projection-operator-10572c7d-7270-48f5-826b-d62b330b0618","portID":"input-0"}},{"linkID":"link-1afcc161-da4a-4b2c-bd90-b01bf7e4df9e","source":{"operatorID":"PythonUDFV2-operator-f98e857b-5991-42e9-938d-4c795f6c953a","portID":"output-0"},"target":{"operatorID":"HashJoin-operator-5542df83-423e-40b7-9364-8a8ae377c76d","portID":"input-1"}},{"linkID":"link-f986b97e-f626-4970-9adb-516271960b7e","source":{"operatorID":"PythonUDFV2-operator-98a1b126-e92f-4cd7-aff7-7465e337c550","portID":"output-0"},"target":{"operatorID":"HashJoin-operator-5542df83-423e-40b7-9364-8a8ae377c76d","portID":"input-0"}},{"linkID":"link-6466755e-cd72-48e1-ae6a-27a6b5f6fa07","source":{"operatorID":"Projection-operator-10572c7d-7270-48f5-826b-d62b330b0618","portID":"output-0"},"target":{"operatorID":"HashJoin-operator-cd6fdec0-9199-43f9-a865-13e5b7e6b99a","portID":"input-1"}},{"linkID":"link-31e9522a-a65b-4ecd-b617-dc66d75701cc","source":{"operatorID":"PythonUDFV2-operator-327bcc59-97a7-4b52-8c4b-dd8deee66d67","portID":"output-0"},"target":{"operatorID":"HashJoin-operator-cd6fdec0-9199-43f9-a865-13e5b7e6b99a","portID":"input-0"}}],"commentBoxes":[],"settings":{"dataTransferBatchSize":400}},"isPublished":false,"readonly":false}