{
  "operators": [
    {
      "operatorID": "CSVFileScan-operator-e391c9eb-2f4f-4cea-b58e-05cb827a22ec",
      "operatorType": "CSVFileScan",
      "operatorVersion": "N/A",
      "operatorProperties": {
        "fileEncoding": "UTF_8",
        "customDelimiter": ",",
        "hasHeader": true,
        "fileName": "/xiaozl3@uci.edu/onehot-coding-for-multivalue-variable-sample/v1/movie_metadata.csv",
        "limit": 100
      },
      "inputPorts": [],
      "outputPorts": [
        {
          "portID": "output-0",
          "displayName": "",
          "allowMultiInputs": false,
          "isDynamicPort": false
        }
      ],
      "showAdvanced": false,
      "isDisabled": false,
      "customDisplayName": "CSV File Scan",
      "dynamicInputPorts": false,
      "dynamicOutputPorts": false,
      "viewResult": false
    },
    {
      "operatorID": "Projection-operator-b2abcc18-b4e3-4b85-a25d-d51f83f9debb",
      "operatorType": "Projection",
      "operatorVersion": "N/A",
      "operatorProperties": {
        "isDrop": false,
        "attributes": [
          {
            "originalAttribute": "genres"
          }
        ]
      },
      "inputPorts": [
        {
          "portID": "input-0",
          "displayName": "",
          "allowMultiInputs": false,
          "isDynamicPort": false,
          "dependencies": []
        }
      ],
      "outputPorts": [
        {
          "portID": "output-0",
          "displayName": "",
          "allowMultiInputs": false,
          "isDynamicPort": false
        }
      ],
      "showAdvanced": false,
      "isDisabled": false,
      "customDisplayName": "Column Filter",
      "dynamicInputPorts": false,
      "dynamicOutputPorts": false,
      "viewResult": false
    },
    {
      "operatorID": "Projection-operator-b6b4ed36-08cd-4298-857c-704b07ea6f71",
      "operatorType": "Projection",
      "operatorVersion": "N/A",
      "operatorProperties": {
        "isDrop": false,
        "attributes": [
          {
            "originalAttribute": "movie_title"
          },
          {
            "alias": "",
            "originalAttribute": "genres"
          },
          {
            "alias": "",
            "originalAttribute": "plot_keywords"
          }
        ]
      },
      "inputPorts": [
        {
          "portID": "input-0",
          "displayName": "",
          "allowMultiInputs": false,
          "isDynamicPort": false,
          "dependencies": []
        }
      ],
      "outputPorts": [
        {
          "portID": "output-0",
          "displayName": "",
          "allowMultiInputs": false,
          "isDynamicPort": false
        }
      ],
      "showAdvanced": false,
      "isDisabled": false,
      "customDisplayName": "Projection",
      "dynamicInputPorts": false,
      "dynamicOutputPorts": false,
      "viewResult": false
    },
    {
      "operatorID": "PythonUDFV2-operator-80d9b54d-c914-4d9a-8934-82dfd0c7e1ba",
      "operatorType": "PythonUDFV2",
      "operatorVersion": "N/A",
      "operatorProperties": {
        "code": "from pytexera import *\nclass ProcessTableOperator(UDFTableOperator):\n    @overrides\n    def process_table(self, table: Table, port: int) -> Iterator[Optional[TableLike]]:\n        yield {\"Concatenate(genres)\": table['genres'].str.cat(sep='|')}\n",
        "workers": 1,
        "retainInputColumns": false,
        "outputColumns": [
          {
            "attributeName": "Concatenate(genres)",
            "attributeType": "string"
          }
        ]
      },
      "inputPorts": [
        {
          "portID": "input-0",
          "displayName": "",
          "allowMultiInputs": true,
          "isDynamicPort": false,
          "dependencies": []
        }
      ],
      "outputPorts": [
        {
          "portID": "output-0",
          "displayName": "",
          "allowMultiInputs": false,
          "isDynamicPort": false
        }
      ],
      "showAdvanced": false,
      "isDisabled": false,
      "customDisplayName": "GroupBy",
      "dynamicInputPorts": true,
      "dynamicOutputPorts": true,
      "viewResult": false
    },
    {
      "operatorID": "PythonUDFV2-operator-a260bf74-ece9-45ba-bbd8-e47969d0a44d",
      "operatorType": "PythonUDFV2",
      "operatorVersion": "N/A",
      "operatorProperties": {
        "code": "from pytexera import *\nclass ProcessTupleOperator(UDFOperatorV2):\n    @overrides\n    def process_tuple(self, tuple_: Tuple, port: int) -> Iterator[Optional[TupleLike]]:\n        for genre in tuple_[\"Concatenate(genres)\"].split(\"|\"):\n            yield {\"genres\": genre}",
        "workers": 1,
        "retainInputColumns": false,
        "outputColumns": [
          {
            "attributeName": "genres",
            "attributeType": "string"
          }
        ]
      },
      "inputPorts": [
        {
          "portID": "input-0",
          "displayName": "",
          "allowMultiInputs": true,
          "isDynamicPort": false,
          "dependencies": []
        }
      ],
      "outputPorts": [
        {
          "portID": "output-0",
          "displayName": "",
          "allowMultiInputs": false,
          "isDynamicPort": false
        }
      ],
      "showAdvanced": false,
      "isDisabled": false,
      "customDisplayName": "Cell Splitter",
      "dynamicInputPorts": true,
      "dynamicOutputPorts": true,
      "viewResult": false
    },
    {
      "operatorID": "Aggregate-operator-ac34a110-4b6a-4966-b270-1c3a7ff04139",
      "operatorType": "Aggregate",
      "operatorVersion": "N/A",
      "operatorProperties": {
        "groupByKeys": [
          "genres"
        ],
        "aggregations": [
          {
            "result attribute": "count",
            "aggFunction": "count",
            "attribute": "genres"
          }
        ]
      },
      "inputPorts": [
        {
          "portID": "input-0",
          "displayName": "",
          "allowMultiInputs": false,
          "isDynamicPort": false,
          "dependencies": []
        }
      ],
      "outputPorts": [
        {
          "portID": "output-0",
          "displayName": "",
          "allowMultiInputs": false,
          "isDynamicPort": false
        }
      ],
      "showAdvanced": false,
      "isDisabled": false,
      "customDisplayName": "Aggregate",
      "dynamicInputPorts": false,
      "dynamicOutputPorts": false,
      "viewResult": false
    },
    {
      "operatorID": "PythonUDFV2-operator-f2de7d28-477a-48e5-9c1b-45d3975700b6",
      "operatorType": "PythonUDFV2",
      "operatorVersion": "N/A",
      "operatorProperties": {
        "code": "from pytexera import *\nclass ProcessTupleOperator(UDFOperatorV2):\n    @overrides\n    def process_tuple(self, tuple_: Tuple, port: int) -> Iterator[Optional[TupleLike]]:\n        tuple_[\"genreColumnName\"] = \"has\" + tuple_[\"genres\"] + \"AsGenre\"\n        yield tuple_",
        "workers": 1,
        "retainInputColumns": true,
        "outputColumns": [
          {
            "attributeName": "genreColumnName",
            "attributeType": "string"
          }
        ]
      },
      "inputPorts": [
        {
          "portID": "input-0",
          "displayName": "",
          "allowMultiInputs": true,
          "isDynamicPort": false,
          "dependencies": []
        }
      ],
      "outputPorts": [
        {
          "portID": "output-0",
          "displayName": "",
          "allowMultiInputs": false,
          "isDynamicPort": false
        }
      ],
      "showAdvanced": false,
      "isDisabled": false,
      "customDisplayName": "String Manipulation",
      "dynamicInputPorts": true,
      "dynamicOutputPorts": true,
      "viewResult": false
    },
    {
      "operatorID": "PythonUDFV2-operator-ae049427-2ffa-403f-9a4a-10dfcdba2bdc",
      "operatorType": "PythonUDFV2",
      "operatorVersion": "N/A",
      "operatorProperties": {
        "code": "from pytexera import *\n\nclass ProcessTupleOperator(UDFOperatorV2):\n    @overrides\n    def open(self) -> None:\n        self.counter = 0\n\n    @overrides\n    def process_tuple(self, tuple_: Tuple, port: int) -> Iterator[Optional[TupleLike]]:\n        self.counter += 1\n        tuple_[\"rowIndex\"] = self.counter\n        yield tuple_\n\n",
        "workers": 1,
        "retainInputColumns": true,
        "outputColumns": [
          {
            "attributeName": "rowIndex",
            "attributeType": "integer"
          }
        ]
      },
      "inputPorts": [
        {
          "portID": "input-0",
          "displayName": "",
          "allowMultiInputs": true,
          "isDynamicPort": false,
          "dependencies": []
        }
      ],
      "outputPorts": [
        {
          "portID": "output-0",
          "displayName": "",
          "allowMultiInputs": false,
          "isDynamicPort": false
        }
      ],
      "showAdvanced": false,
      "isDisabled": false,
      "customDisplayName": "Assign Indexes to Tuples (DO NOT PARALLELIZE)",
      "dynamicInputPorts": true,
      "dynamicOutputPorts": true,
      "viewResult": false
    },
    {
      "operatorID": "CartesianProduct-operator-58407bf3-474d-4496-85f7-3b02f23fa741",
      "operatorType": "CartesianProduct",
      "operatorVersion": "N/A",
      "operatorProperties": {},
      "inputPorts": [
        {
          "portID": "input-0",
          "displayName": "left",
          "allowMultiInputs": false,
          "isDynamicPort": false,
          "dependencies": []
        },
        {
          "portID": "input-1",
          "displayName": "right",
          "allowMultiInputs": false,
          "isDynamicPort": false,
          "dependencies": [
            {
              "id": 0,
              "internal": false
            }
          ]
        }
      ],
      "outputPorts": [
        {
          "portID": "output-0",
          "displayName": "",
          "allowMultiInputs": false,
          "isDynamicPort": false
        }
      ],
      "showAdvanced": false,
      "isDisabled": false,
      "customDisplayName": "Cartesian Product",
      "dynamicInputPorts": false,
      "dynamicOutputPorts": false,
      "viewResult": false
    },
    {
      "operatorID": "PythonUDFV2-operator-df60eb5a-9f95-46f7-91e5-5af76f904a97",
      "operatorType": "PythonUDFV2",
      "operatorVersion": "N/A",
      "operatorProperties": {
        "code": "from pytexera import *\nimport re\nclass ProcessTupleOperator(UDFOperatorV2):\n    @overrides\n    def process_tuple(self, tuple_: Tuple, port: int) -> Iterator[Optional[TupleLike]]:\n        genres = tuple_[\"genres\"]\n        tuple_[\"genresMatches\"] = re.sub(\"^(\" + genres + \"\\\\|)|(\" + genres + \"\\\\|)|(\\\\|\" + genres + \")$\", \"REEMPLAZO\", tuple_[\"genres#@1\"])\n        genres1 = tuple_[\"genres#@1\"]\n        tuple_[\"oneHotMatchValue\"] = 1 if (genres1 == tuple_[\"genres\"] or genres1 != tuple_[\"genresMatches\"]) else 0\n        yield tuple_",
        "workers": 1,
        "retainInputColumns": true,
        "outputColumns": [
          {
            "attributeName": "genresMatches",
            "attributeType": "string"
          },
          {
            "attributeName": "oneHotMatchValue",
            "attributeType": "integer"
          }
        ]
      },
      "inputPorts": [
        {
          "portID": "input-0",
          "displayName": "",
          "allowMultiInputs": true,
          "isDynamicPort": false,
          "dependencies": []
        }
      ],
      "outputPorts": [
        {
          "portID": "output-0",
          "displayName": "",
          "allowMultiInputs": false,
          "isDynamicPort": false
        }
      ],
      "showAdvanced": false,
      "isDisabled": false,
      "customDisplayName": "String Manipulation",
      "dynamicInputPorts": true,
      "dynamicOutputPorts": true,
      "markedForReuse": false,
      "viewResult": false
    },
    {
      "operatorID": "Aggregate-operator-0d73a22f-cc14-4df6-bda3-9874cc14db64",
      "operatorType": "Aggregate",
      "operatorVersion": "N/A",
      "operatorProperties": {
        "aggregations": [
          {
            "attribute": "oneHotMatchValue",
            "result attribute": "Concatenate*(oneHotMatchValue)",
            "aggFunction": "concat"
          }
        ],
        "groupByKeys": [
          "rowIndex"
        ]
      },
      "inputPorts": [
        {
          "portID": "input-0",
          "displayName": "",
          "allowMultiInputs": false,
          "isDynamicPort": false,
          "dependencies": []
        }
      ],
      "outputPorts": [
        {
          "portID": "output-0",
          "displayName": "",
          "allowMultiInputs": false,
          "isDynamicPort": false
        }
      ],
      "showAdvanced": false,
      "isDisabled": false,
      "customDisplayName": "Aggregate",
      "dynamicInputPorts": false,
      "dynamicOutputPorts": false,
      "viewResult": false
    },
    {
      "operatorID": "Sort-operator-8dd05684-e01a-4e7e-a161-52dae7bf4f77",
      "operatorType": "Sort",
      "operatorVersion": "N/A",
      "operatorProperties": {
        "attributes": [
          {
            "attribute": "rowIndex",
            "sortPreference": "ASC"
          }
        ]
      },
      "inputPorts": [
        {
          "portID": "input-0",
          "displayName": "",
          "allowMultiInputs": false,
          "isDynamicPort": false,
          "dependencies": []
        }
      ],
      "outputPorts": [
        {
          "portID": "output-0",
          "displayName": "",
          "allowMultiInputs": false,
          "isDynamicPort": false
        }
      ],
      "showAdvanced": false,
      "isDisabled": false,
      "customDisplayName": "Sort",
      "dynamicInputPorts": false,
      "dynamicOutputPorts": false,
      "viewResult": false
    },
    {
      "operatorID": "PythonUDFV2-operator-a28c014c-d7fa-4ca4-9774-cf772026cee5",
      "operatorType": "PythonUDFV2",
      "operatorVersion": "N/A",
      "operatorProperties": {
        "code": "from pytexera import *\nclass ProcessTupleOperator(UDFOperatorV2):\n    @overrides\n    def process_tuple(self, tuple_: Tuple, port: int) -> Iterator[Optional[TupleLike]]:\n        count = 0\n        result = {}\n        for value in tuple_[\"Concatenate*(oneHotMatchValue)\"].split(\",\"):\n            result[\"Concatenate*(oneHotMatchValue)_Arr[\" + str(count) + \"]\"] = int(value)\n            count += 1\n        for i in range(26):\n            col = \"Concatenate*(oneHotMatchValue)_Arr[\" + str(i) + \"]\"\n            if col not in result.keys():\n                result[col] = 0\n        yield result",
        "workers": 1,
        "retainInputColumns": false,
        "outputColumns": [
          {
            "attributeName": "Concatenate*(oneHotMatchValue)_Arr[0]",
            "attributeType": "integer"
          },
          {
            "attributeName": "Concatenate*(oneHotMatchValue)_Arr[1]",
            "attributeType": "integer"
          },
          {
            "attributeName": "Concatenate*(oneHotMatchValue)_Arr[2]",
            "attributeType": "integer"
          },
          {
            "attributeName": "Concatenate*(oneHotMatchValue)_Arr[3]",
            "attributeType": "integer"
          },
          {
            "attributeName": "Concatenate*(oneHotMatchValue)_Arr[4]",
            "attributeType": "integer"
          },
          {
            "attributeName": "Concatenate*(oneHotMatchValue)_Arr[5]",
            "attributeType": "integer"
          },
          {
            "attributeName": "Concatenate*(oneHotMatchValue)_Arr[6]",
            "attributeType": "integer"
          },
          {
            "attributeName": "Concatenate*(oneHotMatchValue)_Arr[7]",
            "attributeType": "integer"
          },
          {
            "attributeName": "Concatenate*(oneHotMatchValue)_Arr[8]",
            "attributeType": "integer"
          },
          {
            "attributeName": "Concatenate*(oneHotMatchValue)_Arr[9]",
            "attributeType": "integer"
          },
          {
            "attributeName": "Concatenate*(oneHotMatchValue)_Arr[10]",
            "attributeType": "integer"
          },
          {
            "attributeName": "Concatenate*(oneHotMatchValue)_Arr[11]",
            "attributeType": "integer"
          },
          {
            "attributeName": "Concatenate*(oneHotMatchValue)_Arr[12]",
            "attributeType": "integer"
          },
          {
            "attributeName": "Concatenate*(oneHotMatchValue)_Arr[13]",
            "attributeType": "integer"
          },
          {
            "attributeName": "Concatenate*(oneHotMatchValue)_Arr[14]",
            "attributeType": "integer"
          },
          {
            "attributeName": "Concatenate*(oneHotMatchValue)_Arr[15]",
            "attributeType": "integer"
          },
          {
            "attributeName": "Concatenate*(oneHotMatchValue)_Arr[16]",
            "attributeType": "integer"
          },
          {
            "attributeName": "Concatenate*(oneHotMatchValue)_Arr[17]",
            "attributeType": "integer"
          },
          {
            "attributeName": "Concatenate*(oneHotMatchValue)_Arr[18]",
            "attributeType": "integer"
          },
          {
            "attributeName": "Concatenate*(oneHotMatchValue)_Arr[19]",
            "attributeType": "integer"
          },
          {
            "attributeName": "Concatenate*(oneHotMatchValue)_Arr[20]",
            "attributeType": "integer"
          },
          {
            "attributeName": "Concatenate*(oneHotMatchValue)_Arr[21]",
            "attributeType": "integer"
          },
          {
            "attributeName": "Concatenate*(oneHotMatchValue)_Arr[22]",
            "attributeType": "integer"
          },
          {
            "attributeName": "Concatenate*(oneHotMatchValue)_Arr[23]",
            "attributeType": "integer"
          },
          {
            "attributeName": "Concatenate*(oneHotMatchValue)_Arr[24]",
            "attributeType": "integer"
          },
          {
            "attributeName": "Concatenate*(oneHotMatchValue)_Arr[25]",
            "attributeType": "integer"
          }
        ]
      },
      "inputPorts": [
        {
          "portID": "input-0",
          "displayName": "",
          "allowMultiInputs": true,
          "isDynamicPort": false,
          "dependencies": []
        }
      ],
      "outputPorts": [
        {
          "portID": "output-0",
          "displayName": "",
          "allowMultiInputs": false,
          "isDynamicPort": false
        }
      ],
      "showAdvanced": false,
      "isDisabled": false,
      "customDisplayName": "Cell Splitter",
      "dynamicInputPorts": true,
      "dynamicOutputPorts": true,
      "viewResult": false
    },
    {
      "operatorID": "PythonUDFV2-operator-7dcd970f-d331-499e-92e2-6474ebdb1401",
      "operatorType": "PythonUDFV2",
      "operatorVersion": "N/A",
      "operatorProperties": {
        "code": "from pytexera import *\n\nclass ProcessTupleOperator(UDFOperatorV2):\n    @overrides\n    def process_tuple(self, tuple_: Tuple, port: int) -> Iterator[Optional[TupleLike]]:\n        tuple_[\"oneHotCodingDescriptor\"] = tuple_[\"Concatenate*(oneHotMatchValue)\"].replace(\",\", \"\")\n        yield tuple_",
        "workers": 1,
        "retainInputColumns": true,
        "outputColumns": [
          {
            "attributeName": "oneHotCodingDescriptor",
            "attributeType": "string"
          }
        ]
      },
      "inputPorts": [
        {
          "portID": "input-0",
          "displayName": "",
          "allowMultiInputs": true,
          "isDynamicPort": false,
          "dependencies": []
        }
      ],
      "outputPorts": [
        {
          "portID": "output-0",
          "displayName": "",
          "allowMultiInputs": false,
          "isDynamicPort": false
        }
      ],
      "showAdvanced": false,
      "isDisabled": false,
      "customDisplayName": "String Manipulation",
      "dynamicInputPorts": true,
      "dynamicOutputPorts": true,
      "markedForReuse": false,
      "viewResult": false
    },
    {
      "operatorID": "Projection-operator-162a77af-d749-48e4-a436-abd009e22e91",
      "operatorType": "Projection",
      "operatorVersion": "N/A",
      "operatorProperties": {
        "isDrop": false,
        "attributes": [
          {
            "alias": "",
            "originalAttribute": "oneHotCodingDescriptor"
          }
        ]
      },
      "inputPorts": [
        {
          "portID": "input-0",
          "displayName": "",
          "allowMultiInputs": false,
          "isDynamicPort": false,
          "dependencies": []
        }
      ],
      "outputPorts": [
        {
          "portID": "output-0",
          "displayName": "",
          "allowMultiInputs": false,
          "isDynamicPort": false
        }
      ],
      "showAdvanced": false,
      "isDisabled": false,
      "customDisplayName": "Column Filter",
      "dynamicInputPorts": false,
      "dynamicOutputPorts": false,
      "viewResult": false
    },
    {
      "operatorID": "Sort-operator-79942f30-eb55-4e79-82e3-e9641bcdb59a",
      "operatorType": "Sort",
      "operatorVersion": "N/A",
      "operatorProperties": {
        "attributes": [
          {
            "attribute": "genres",
            "sortPreference": "ASC"
          }
        ]
      },
      "inputPorts": [
        {
          "portID": "input-0",
          "displayName": "",
          "allowMultiInputs": false,
          "isDynamicPort": false,
          "dependencies": []
        }
      ],
      "outputPorts": [
        {
          "portID": "output-0",
          "displayName": "",
          "allowMultiInputs": false,
          "isDynamicPort": false
        }
      ],
      "showAdvanced": false,
      "isDisabled": false,
      "customDisplayName": "Sort",
      "dynamicInputPorts": false,
      "dynamicOutputPorts": false,
      "viewResult": false
    },
    {
      "operatorID": "PythonUDFV2-operator-e4132aea-4a01-455a-826d-8dd9ae3a28f3",
      "operatorType": "PythonUDFV2",
      "operatorVersion": "N/A",
      "operatorProperties": {
        "code": "from pytexera import *\n\nclass ProcessTableOperator(UDFTableOperator):\n    @overrides\n    def process_table(self, table: Table, port: int) -> Iterator[Optional[TableLike]]:\n        for name in table.columns.tolist():\n            yield {\"Column Header\": name}",
        "workers": 1,
        "retainInputColumns": false,
        "outputColumns": [
          {
            "attributeName": "Column Header",
            "attributeType": "string"
          }
        ]
      },
      "inputPorts": [
        {
          "portID": "input-0",
          "displayName": "",
          "allowMultiInputs": true,
          "isDynamicPort": false,
          "dependencies": []
        }
      ],
      "outputPorts": [
        {
          "portID": "output-0",
          "displayName": "",
          "allowMultiInputs": false,
          "isDynamicPort": false
        }
      ],
      "showAdvanced": false,
      "isDisabled": false,
      "customDisplayName": "Column Name Extractor",
      "dynamicInputPorts": true,
      "dynamicOutputPorts": true,
      "markedForReuse": false,
      "viewResult": false
    },
    {
      "operatorID": "HashJoin-operator-3eb42c83-7f65-4353-abce-9d808de12203",
      "operatorType": "HashJoin",
      "operatorVersion": "N/A",
      "operatorProperties": {
        "joinType": "inner",
        "buildAttributeName": "rowIndex",
        "probeAttributeName": "rowIndex"
      },
      "inputPorts": [
        {
          "portID": "input-0",
          "displayName": "left",
          "allowMultiInputs": false,
          "isDynamicPort": false,
          "dependencies": []
        },
        {
          "portID": "input-1",
          "displayName": "right",
          "allowMultiInputs": false,
          "isDynamicPort": false,
          "dependencies": [
            {
              "id": 0,
              "internal": false
            }
          ]
        }
      ],
      "outputPorts": [
        {
          "portID": "output-0",
          "displayName": "",
          "allowMultiInputs": false,
          "isDynamicPort": false
        }
      ],
      "showAdvanced": false,
      "isDisabled": false,
      "customDisplayName": "Column Appender",
      "dynamicInputPorts": false,
      "dynamicOutputPorts": false,
      "viewResult": false
    },
    {
      "operatorID": "PythonUDFV2-operator-60011718-e359-4f03-8607-f35e7a2cba71",
      "operatorType": "PythonUDFV2",
      "operatorVersion": "N/A",
      "operatorProperties": {
        "code": "from pytexera import *\n\nclass ProcessTupleOperator(UDFOperatorV2):\n    @overrides\n    def open(self) -> None:\n        self.counter = 0\n\n    @overrides\n    def process_tuple(self, tuple_: Tuple, port: int) -> Iterator[Optional[TupleLike]]:\n        self.counter += 1\n        tuple_[\"rowIndex\"] = self.counter\n        yield tuple_\n\n",
        "workers": 1,
        "retainInputColumns": true,
        "outputColumns": [
          {
            "attributeName": "rowIndex",
            "attributeType": "integer"
          }
        ]
      },
      "inputPorts": [
        {
          "portID": "input-0",
          "displayName": "",
          "allowMultiInputs": true,
          "isDynamicPort": false,
          "dependencies": []
        }
      ],
      "outputPorts": [
        {
          "portID": "output-0",
          "displayName": "",
          "allowMultiInputs": false,
          "isDynamicPort": false
        }
      ],
      "showAdvanced": false,
      "isDisabled": false,
      "customDisplayName": "Assign Indexes to Tuples (DO NOT PARALLELIZE)",
      "dynamicInputPorts": true,
      "dynamicOutputPorts": true,
      "viewResult": false
    },
    {
      "operatorID": "PythonUDFV2-operator-19068947-a52c-4529-9db9-f5dd973bdab9",
      "operatorType": "PythonUDFV2",
      "operatorVersion": "N/A",
      "operatorProperties": {
        "code": "from pytexera import *\n\nclass ProcessTupleOperator(UDFOperatorV2):\n    @overrides\n    def open(self) -> None:\n        self.counter = 0\n\n    @overrides\n    def process_tuple(self, tuple_: Tuple, port: int) -> Iterator[Optional[TupleLike]]:\n        self.counter += 1\n        tuple_[\"rowIndex\"] = self.counter\n        yield tuple_\n\n",
        "workers": 1,
        "retainInputColumns": true,
        "outputColumns": [
          {
            "attributeName": "rowIndex",
            "attributeType": "integer"
          }
        ]
      },
      "inputPorts": [
        {
          "portID": "input-0",
          "displayName": "",
          "allowMultiInputs": true,
          "isDynamicPort": false,
          "dependencies": []
        }
      ],
      "outputPorts": [
        {
          "portID": "output-0",
          "displayName": "",
          "allowMultiInputs": false,
          "isDynamicPort": false
        }
      ],
      "showAdvanced": false,
      "isDisabled": false,
      "customDisplayName": "Assign Indexes to Tuples (DO NOT PARALLELIZE)",
      "dynamicInputPorts": true,
      "dynamicOutputPorts": true,
      "viewResult": false
    },
    {
      "operatorID": "PythonUDFV2-operator-c5112992-063a-41c5-8015-685d483e6348",
      "operatorType": "PythonUDFV2",
      "operatorVersion": "N/A",
      "operatorProperties": {
        "code": "from pytexera import *\n\ngenre_column_names = {\n    \"hasAdventureAsGenre\",\n    \"hasBiographyAsGenre\",\n    \"hasCrimeAsGenre\",\n    \"hasDramaAsGenre\",\n    \"hasFantasyAsGenre\",\n    \"hasGame-ShowAsGenre\",\n    \"hasHorrorAsGenre\",\n    \"hasMusicalAsGenre\",\n    \"hasNewsAsGenre\",\n    \"hasRomanceAsGenre\",\n    \"hasShortAsGenre\",\n    \"hasThrillerAsGenre\",\n    \"hasWesternAsGenre\",\n    \"hasActionAsGenre\",\n    \"hasAnimationAsGenre\",\n    \"hasComedyAsGenre\",\n    \"hasDocumentaryAsGenre\",\n    \"hasFamilyAsGenre\",\n    \"hasFilm-NoirAsGenre\",\n    \"hasHistoryAsGenre\",\n    \"hasMusicAsGenre\",\n    \"hasMysteryAsGenre\",\n    \"hasReality-TVAsGenre\",\n    \"hasSci-FiAsGenre\",\n    \"hasSportAsGenre\",\n    \"hasWarAsGenre\"\n}\nconcatenate_keys = {\n    \"Concatenate*(oneHotMatchValue)_Arr[1]\",\n    \"Concatenate*(oneHotMatchValue)_Arr[3]\",\n    \"Concatenate*(oneHotMatchValue)_Arr[5]\",\n    \"Concatenate*(oneHotMatchValue)_Arr[7]\",\n    \"Concatenate*(oneHotMatchValue)_Arr[9]\",\n    \"Concatenate*(oneHotMatchValue)_Arr[11]\",\n    \"Concatenate*(oneHotMatchValue)_Arr[13]\",\n    \"Concatenate*(oneHotMatchValue)_Arr[15]\",\n    \"Concatenate*(oneHotMatchValue)_Arr[17]\",\n    \"Concatenate*(oneHotMatchValue)_Arr[19]\",\n    \"Concatenate*(oneHotMatchValue)_Arr[21]\",\n    \"Concatenate*(oneHotMatchValue)_Arr[23]\",\n    \"Concatenate*(oneHotMatchValue)_Arr[25]\",\n    \"Concatenate*(oneHotMatchValue)_Arr[0]\",\n    \"Concatenate*(oneHotMatchValue)_Arr[2]\",\n    \"Concatenate*(oneHotMatchValue)_Arr[4]\",\n    \"Concatenate*(oneHotMatchValue)_Arr[6]\",\n    \"Concatenate*(oneHotMatchValue)_Arr[8]\",\n    \"Concatenate*(oneHotMatchValue)_Arr[10]\",\n    \"Concatenate*(oneHotMatchValue)_Arr[12]\",\n    \"Concatenate*(oneHotMatchValue)_Arr[14]\",\n    \"Concatenate*(oneHotMatchValue)_Arr[16]\",\n    \"Concatenate*(oneHotMatchValue)_Arr[18]\",\n    \"Concatenate*(oneHotMatchValue)_Arr[20]\",\n    \"Concatenate*(oneHotMatchValue)_Arr[22]\",\n    \"Concatenate*(oneHotMatchValue)_Arr[24]\"\n}\n\nclass ProcessTableOperator(UDFTableOperator):\n    @overrides\n    def process_table(self, table: Table, port: int) -> Iterator[Optional[TableLike]]:\n        if port == 0:\n            self.dic = {}\n            for index, row in table.iterrows():\n                self.dic[row[\"Column Header\"]] = row[\"genreColumnName\"]\n            key_diff = concatenate_keys - set(self.dic.keys())\n            print(self.dic.values())\n            value_diff = genre_column_names - set(self.dic.values())\n            print(value_diff)\n            for key in key_diff:\n                if (len(value_diff) > 0):\n                    self.dic[key] = value_diff.pop()\n        else:\n            table.rename(columns=self.dic, inplace=True)\n            for genre in genre_column_names:\n                if genre not in table.columns:\n                    table[genre] = 0\n            yield table\n",
        "workers": 1,
        "retainInputColumns": false,
        "outputColumns": [
          {
            "attributeName": "hasActionAsGenre",
            "attributeType": "integer"
          },
          {
            "attributeName": "hasAdventureAsGenre",
            "attributeType": "integer"
          },
          {
            "attributeName": "hasAnimationAsGenre",
            "attributeType": "integer"
          },
          {
            "attributeName": "hasBiographyAsGenre",
            "attributeType": "integer"
          },
          {
            "attributeName": "hasComedyAsGenre",
            "attributeType": "integer"
          },
          {
            "attributeName": "hasCrimeAsGenre",
            "attributeType": "integer"
          },
          {
            "attributeName": "hasDocumentaryAsGenre",
            "attributeType": "integer"
          },
          {
            "attributeName": "hasDramaAsGenre",
            "attributeType": "integer"
          },
          {
            "attributeName": "hasFamilyAsGenre",
            "attributeType": "integer"
          },
          {
            "attributeName": "hasFantasyAsGenre",
            "attributeType": "integer"
          },
          {
            "attributeName": "hasFilm-NoirAsGenre",
            "attributeType": "integer"
          },
          {
            "attributeName": "hasGame-ShowAsGenre",
            "attributeType": "integer"
          },
          {
            "attributeName": "hasHistoryAsGenre",
            "attributeType": "integer"
          },
          {
            "attributeName": "hasHorrorAsGenre",
            "attributeType": "integer"
          },
          {
            "attributeName": "hasMusicAsGenre",
            "attributeType": "integer"
          },
          {
            "attributeName": "hasMusicalAsGenre",
            "attributeType": "integer"
          },
          {
            "attributeName": "hasMysteryAsGenre",
            "attributeType": "integer"
          },
          {
            "attributeName": "hasNewsAsGenre",
            "attributeType": "integer"
          },
          {
            "attributeName": "hasReality-TVAsGenre",
            "attributeType": "integer"
          },
          {
            "attributeName": "hasRomanceAsGenre",
            "attributeType": "integer"
          },
          {
            "attributeName": "hasSci-FiAsGenre",
            "attributeType": "integer"
          },
          {
            "attributeName": "hasShortAsGenre",
            "attributeType": "integer"
          },
          {
            "attributeName": "hasSportAsGenre",
            "attributeType": "integer"
          },
          {
            "attributeName": "hasThrillerAsGenre",
            "attributeType": "integer"
          },
          {
            "attributeName": "hasWarAsGenre",
            "attributeType": "integer"
          },
          {
            "attributeName": "hasWesternAsGenre",
            "attributeType": "integer"
          }
        ]
      },
      "inputPorts": [
        {
          "portID": "input-0",
          "displayName": "",
          "allowMultiInputs": true,
          "isDynamicPort": false,
          "dependencies": []
        },
        {
          "portID": "input-1",
          "displayName": "input-1",
          "allowMultiInputs": false,
          "isDynamicPort": true,
          "dependencies": [
            0
          ],
          "partitionRequirement": {
            "type": "none"
          }
        }
      ],
      "outputPorts": [
        {
          "portID": "output-0",
          "displayName": "",
          "allowMultiInputs": false,
          "isDynamicPort": false
        }
      ],
      "showAdvanced": false,
      "isDisabled": false,
      "customDisplayName": "Column Renamer(Dictionary)",
      "dynamicInputPorts": true,
      "dynamicOutputPorts": true,
      "viewResult": false
    },
    {
      "operatorID": "PythonUDFV2-operator-cef3a488-3b06-4f17-b039-2ea209a28151",
      "operatorType": "PythonUDFV2",
      "operatorVersion": "N/A",
      "operatorProperties": {
        "code": "from pytexera import *\n\nclass ProcessTupleOperator(UDFOperatorV2):\n    @overrides\n    def open(self) -> None:\n        self.counter = 0\n\n    @overrides\n    def process_tuple(self, tuple_: Tuple, port: int) -> Iterator[Optional[TupleLike]]:\n        self.counter += 1\n        tuple_[\"rowIndex\"] = self.counter\n        yield tuple_\n\n",
        "workers": 1,
        "retainInputColumns": true,
        "outputColumns": [
          {
            "attributeName": "rowIndex",
            "attributeType": "integer"
          }
        ]
      },
      "inputPorts": [
        {
          "portID": "input-0",
          "displayName": "",
          "allowMultiInputs": true,
          "isDynamicPort": false,
          "dependencies": []
        }
      ],
      "outputPorts": [
        {
          "portID": "output-0",
          "displayName": "",
          "allowMultiInputs": false,
          "isDynamicPort": false
        }
      ],
      "showAdvanced": false,
      "isDisabled": false,
      "customDisplayName": "Assign Indexes to Tuples (DO NOT PARALLELIZE)",
      "dynamicInputPorts": true,
      "dynamicOutputPorts": true,
      "viewResult": false
    },
    {
      "operatorID": "PythonUDFV2-operator-9bb494b7-c03e-41e6-bac9-6c35f6fdca9a",
      "operatorType": "PythonUDFV2",
      "operatorVersion": "N/A",
      "operatorProperties": {
        "code": "from pytexera import *\n\nclass ProcessTupleOperator(UDFOperatorV2):\n    @overrides\n    def open(self) -> None:\n        self.counter = 0\n\n    @overrides\n    def process_tuple(self, tuple_: Tuple, port: int) -> Iterator[Optional[TupleLike]]:\n        self.counter += 1\n        tuple_[\"rowIndex\"] = self.counter\n        yield tuple_\n\n",
        "workers": 1,
        "retainInputColumns": true,
        "outputColumns": [
          {
            "attributeName": "rowIndex",
            "attributeType": "integer"
          }
        ]
      },
      "inputPorts": [
        {
          "portID": "input-0",
          "displayName": "",
          "allowMultiInputs": true,
          "isDynamicPort": false,
          "dependencies": []
        }
      ],
      "outputPorts": [
        {
          "portID": "output-0",
          "displayName": "",
          "allowMultiInputs": false,
          "isDynamicPort": false
        }
      ],
      "showAdvanced": false,
      "isDisabled": false,
      "customDisplayName": "Assign Indexes to Tuples (DO NOT PARALLELIZE)",
      "dynamicInputPorts": true,
      "dynamicOutputPorts": true,
      "viewResult": false
    },
    {
      "operatorID": "HashJoin-operator-1e98c1db-c98b-47c0-8c74-6930f0943d29",
      "operatorType": "HashJoin",
      "operatorVersion": "N/A",
      "operatorProperties": {
        "joinType": "inner",
        "buildAttributeName": "rowIndex",
        "probeAttributeName": "rowIndex"
      },
      "inputPorts": [
        {
          "portID": "input-0",
          "displayName": "left",
          "allowMultiInputs": false,
          "isDynamicPort": false,
          "dependencies": []
        },
        {
          "portID": "input-1",
          "displayName": "right",
          "allowMultiInputs": false,
          "isDynamicPort": false,
          "dependencies": [
            {
              "id": 0,
              "internal": false
            }
          ]
        }
      ],
      "outputPorts": [
        {
          "portID": "output-0",
          "displayName": "",
          "allowMultiInputs": false,
          "isDynamicPort": false
        }
      ],
      "showAdvanced": false,
      "isDisabled": false,
      "customDisplayName": "Hash Join",
      "dynamicInputPorts": false,
      "dynamicOutputPorts": false,
      "viewResult": false
    },
    {
      "operatorID": "HashJoin-operator-d11d0f2f-e045-4f90-8623-f68b3a1dce88",
      "operatorType": "HashJoin",
      "operatorVersion": "N/A",
      "operatorProperties": {
        "joinType": "inner",
        "buildAttributeName": "rowIndex",
        "probeAttributeName": "rowIndex"
      },
      "inputPorts": [
        {
          "portID": "input-0",
          "displayName": "left",
          "allowMultiInputs": false,
          "isDynamicPort": false,
          "dependencies": []
        },
        {
          "portID": "input-1",
          "displayName": "right",
          "allowMultiInputs": false,
          "isDynamicPort": false,
          "dependencies": [
            {
              "id": 0,
              "internal": false
            }
          ]
        }
      ],
      "outputPorts": [
        {
          "portID": "output-0",
          "displayName": "",
          "allowMultiInputs": false,
          "isDynamicPort": false
        }
      ],
      "showAdvanced": false,
      "isDisabled": false,
      "customDisplayName": "Hash Join",
      "dynamicInputPorts": false,
      "dynamicOutputPorts": false,
      "viewResult": false
    },
    {
      "operatorID": "PythonUDFV2-operator-a8e9bc5d-b978-4977-bc79-b93b0054a630",
      "operatorType": "PythonUDFV2",
      "operatorVersion": "N/A",
      "operatorProperties": {
        "code": "from pytexera import *\n\nclass ProcessTupleOperator(UDFOperatorV2):\n    @overrides\n    def open(self) -> None:\n        self.counter = 0\n\n    @overrides\n    def process_tuple(self, tuple_: Tuple, port: int) -> Iterator[Optional[TupleLike]]:\n        self.counter += 1\n        tuple_[\"rowIndex\"] = self.counter\n        yield tuple_\n\n",
        "workers": 1,
        "retainInputColumns": true,
        "outputColumns": [
          {
            "attributeName": "rowIndex",
            "attributeType": "integer"
          }
        ]
      },
      "inputPorts": [
        {
          "portID": "input-0",
          "displayName": "",
          "allowMultiInputs": true,
          "isDynamicPort": false,
          "dependencies": []
        }
      ],
      "outputPorts": [
        {
          "portID": "output-0",
          "displayName": "",
          "allowMultiInputs": false,
          "isDynamicPort": false
        }
      ],
      "showAdvanced": false,
      "isDisabled": false,
      "customDisplayName": "Assign Indexes to Tuples (DO NOT PARALLELIZE)",
      "dynamicInputPorts": true,
      "dynamicOutputPorts": true,
      "viewResult": false
    },
    {
      "operatorID": "Projection-operator-ef3ceac2-f494-4285-a666-8d4d1baa63ae",
      "operatorType": "Projection",
      "operatorVersion": "N/A",
      "operatorProperties": {
        "isDrop": true,
        "attributes": [
          {
            "alias": "",
            "originalAttribute": "rowIndex"
          }
        ]
      },
      "inputPorts": [
        {
          "portID": "input-0",
          "displayName": "",
          "allowMultiInputs": false,
          "isDynamicPort": false,
          "dependencies": []
        }
      ],
      "outputPorts": [
        {
          "portID": "output-0",
          "displayName": "",
          "allowMultiInputs": false,
          "isDynamicPort": false
        }
      ],
      "showAdvanced": false,
      "isDisabled": false,
      "customDisplayName": "Projection",
      "dynamicInputPorts": false,
      "dynamicOutputPorts": false,
      "viewResult": false
    },
    {
      "operatorID": "HuggingFaceSentimentAnalysis-operator-c749725b-dd99-4fd1-8231-ebd07fb68ee2",
      "operatorType": "HuggingFaceSentimentAnalysis",
      "operatorVersion": "N/A",
      "operatorProperties": {
        "Positive result attribute": "huggingface_sentiment_positive",
        "Neutral result attribute": "huggingface_sentiment_neutral",
        "Negative result attribute": "huggingface_sentiment_negative",
        "attribute": "movie_title"
      },
      "inputPorts": [
        {
          "portID": "input-0",
          "displayName": "",
          "allowMultiInputs": false,
          "isDynamicPort": false,
          "dependencies": []
        }
      ],
      "outputPorts": [
        {
          "portID": "output-0",
          "displayName": "",
          "allowMultiInputs": false,
          "isDynamicPort": false
        }
      ],
      "showAdvanced": false,
      "isDisabled": false,
      "customDisplayName": "Sentiments on Movie Title",
      "dynamicInputPorts": false,
      "dynamicOutputPorts": false,
      "viewResult": false
    },
    {
      "operatorID": "HuggingFaceSentimentAnalysis-operator-b61259fd-fe0a-4ee8-beac-bbabd77b8acc",
      "operatorType": "HuggingFaceSentimentAnalysis",
      "operatorVersion": "N/A",
      "operatorProperties": {
        "Positive result attribute": "huggingface_sentiment_positive_1",
        "Neutral result attribute": "huggingface_sentiment_neutral_1",
        "Negative result attribute": "huggingface_sentiment_negative_1",
        "attribute": "genres"
      },
      "inputPorts": [
        {
          "portID": "input-0",
          "displayName": "",
          "allowMultiInputs": false,
          "isDynamicPort": false,
          "dependencies": []
        }
      ],
      "outputPorts": [
        {
          "portID": "output-0",
          "displayName": "",
          "allowMultiInputs": false,
          "isDynamicPort": false
        }
      ],
      "showAdvanced": false,
      "isDisabled": false,
      "customDisplayName": "Sentiments on Movie Genres",
      "dynamicInputPorts": false,
      "dynamicOutputPorts": false,
      "viewResult": false
    }
  ],
  "operatorPositions": {
    "CSVFileScan-operator-e391c9eb-2f4f-4cea-b58e-05cb827a22ec": {
      "x": 26,
      "y": 3
    },
    "Projection-operator-b2abcc18-b4e3-4b85-a25d-d51f83f9debb": {
      "x": 273,
      "y": 525
    },
    "Projection-operator-b6b4ed36-08cd-4298-857c-704b07ea6f71": {
      "x": 177,
      "y": -1
    },
    "PythonUDFV2-operator-80d9b54d-c914-4d9a-8934-82dfd0c7e1ba": {
      "x": 400,
      "y": 862
    },
    "PythonUDFV2-operator-a260bf74-ece9-45ba-bbd8-e47969d0a44d": {
      "x": 541,
      "y": 859
    },
    "Aggregate-operator-ac34a110-4b6a-4966-b270-1c3a7ff04139": {
      "x": 684,
      "y": 859
    },
    "PythonUDFV2-operator-f2de7d28-477a-48e5-9c1b-45d3975700b6": {
      "x": 969,
      "y": 862
    },
    "PythonUDFV2-operator-ae049427-2ffa-403f-9a4a-10dfcdba2bdc": {
      "x": 516,
      "y": 177
    },
    "CartesianProduct-operator-58407bf3-474d-4496-85f7-3b02f23fa741": {
      "x": 1106,
      "y": 260
    },
    "PythonUDFV2-operator-df60eb5a-9f95-46f7-91e5-5af76f904a97": {
      "x": 1344,
      "y": 262
    },
    "Aggregate-operator-0d73a22f-cc14-4df6-bda3-9874cc14db64": {
      "x": 1528,
      "y": 263
    },
    "Sort-operator-8dd05684-e01a-4e7e-a161-52dae7bf4f77": {
      "x": 1729,
      "y": 263
    },
    "PythonUDFV2-operator-a28c014c-d7fa-4ca4-9774-cf772026cee5": {
      "x": 1622,
      "y": 514
    },
    "PythonUDFV2-operator-7dcd970f-d331-499e-92e2-6474ebdb1401": {
      "x": 1906,
      "y": 262
    },
    "Projection-operator-162a77af-d749-48e4-a436-abd009e22e91": {
      "x": 2081,
      "y": 259
    },
    "Sort-operator-79942f30-eb55-4e79-82e3-e9641bcdb59a": {
      "x": 819,
      "y": 860
    },
    "PythonUDFV2-operator-e4132aea-4a01-455a-826d-8dd9ae3a28f3": {
      "x": 1621,
      "y": 676
    },
    "HashJoin-operator-3eb42c83-7f65-4353-abce-9d808de12203": {
      "x": 2075,
      "y": 762
    },
    "PythonUDFV2-operator-60011718-e359-4f03-8607-f35e7a2cba71": {
      "x": 1426,
      "y": 856
    },
    "PythonUDFV2-operator-19068947-a52c-4529-9db9-f5dd973bdab9": {
      "x": 1762,
      "y": 741
    },
    "PythonUDFV2-operator-c5112992-063a-41c5-8015-685d483e6348": {
      "x": 2205,
      "y": 545
    },
    "PythonUDFV2-operator-cef3a488-3b06-4f17-b039-2ea209a28151": {
      "x": 2307,
      "y": 254
    },
    "PythonUDFV2-operator-9bb494b7-c03e-41e6-bac9-6c35f6fdca9a": {
      "x": 2469,
      "y": 543
    },
    "HashJoin-operator-1e98c1db-c98b-47c0-8c74-6930f0943d29": {
      "x": 2635,
      "y": 271
    },
    "HashJoin-operator-d11d0f2f-e045-4f90-8623-f68b3a1dce88": {
      "x": 2909,
      "y": 116
    },
    "PythonUDFV2-operator-a8e9bc5d-b978-4977-bc79-b93b0054a630": {
      "x": 1661,
      "y": 2
    },
    "Projection-operator-ef3ceac2-f494-4285-a666-8d4d1baa63ae": {
      "x": 3236,
      "y": 112
    },
    "HuggingFaceSentimentAnalysis-operator-c749725b-dd99-4fd1-8231-ebd07fb68ee2": {
      "x": 1408,
      "y": 0
    },
    "HuggingFaceSentimentAnalysis-operator-b61259fd-fe0a-4ee8-beac-bbabd77b8acc": {
      "x": 3064,
      "y": 115
    }
  },
  "links": [
    {
      "linkID": "link-30e5b8b2-8413-46c3-ac39-5fa3d2a5c2cc",
      "source": {
        "operatorID": "CSVFileScan-operator-e391c9eb-2f4f-4cea-b58e-05cb827a22ec",
        "portID": "output-0"
      },
      "target": {
        "operatorID": "Projection-operator-b6b4ed36-08cd-4298-857c-704b07ea6f71",
        "portID": "input-0"
      }
    },
    {
      "linkID": "link-fbc20752-52ae-4dc7-ac03-64c061ddbd16",
      "source": {
        "operatorID": "Projection-operator-b2abcc18-b4e3-4b85-a25d-d51f83f9debb",
        "portID": "output-0"
      },
      "target": {
        "operatorID": "PythonUDFV2-operator-80d9b54d-c914-4d9a-8934-82dfd0c7e1ba",
        "portID": "input-0"
      }
    },
    {
      "linkID": "link-d51861c8-dda0-468c-a6ba-a1668d145430",
      "source": {
        "operatorID": "PythonUDFV2-operator-80d9b54d-c914-4d9a-8934-82dfd0c7e1ba",
        "portID": "output-0"
      },
      "target": {
        "operatorID": "PythonUDFV2-operator-a260bf74-ece9-45ba-bbd8-e47969d0a44d",
        "portID": "input-0"
      }
    },
    {
      "linkID": "link-a79df540-b3b2-42fd-b6ba-0da5d7412e78",
      "source": {
        "operatorID": "PythonUDFV2-operator-a260bf74-ece9-45ba-bbd8-e47969d0a44d",
        "portID": "output-0"
      },
      "target": {
        "operatorID": "Aggregate-operator-ac34a110-4b6a-4966-b270-1c3a7ff04139",
        "portID": "input-0"
      }
    },
    {
      "linkID": "link-38ac815a-8460-4fec-9e81-a35130c362a0",
      "source": {
        "operatorID": "CartesianProduct-operator-58407bf3-474d-4496-85f7-3b02f23fa741",
        "portID": "output-0"
      },
      "target": {
        "operatorID": "PythonUDFV2-operator-df60eb5a-9f95-46f7-91e5-5af76f904a97",
        "portID": "input-0"
      }
    },
    {
      "linkID": "link-1b26419f-c416-4dba-a5f8-31b0e43603f4",
      "source": {
        "operatorID": "Aggregate-operator-0d73a22f-cc14-4df6-bda3-9874cc14db64",
        "portID": "output-0"
      },
      "target": {
        "operatorID": "Sort-operator-8dd05684-e01a-4e7e-a161-52dae7bf4f77",
        "portID": "input-0"
      }
    },
    {
      "linkID": "link-f92f9e49-8ff5-4aae-95e4-fe31c6ab994b",
      "source": {
        "operatorID": "Sort-operator-8dd05684-e01a-4e7e-a161-52dae7bf4f77",
        "portID": "output-0"
      },
      "target": {
        "operatorID": "PythonUDFV2-operator-a28c014c-d7fa-4ca4-9774-cf772026cee5",
        "portID": "input-0"
      }
    },
    {
      "linkID": "link-6813dd25-0445-49be-bfc3-ea2e2ef70490",
      "source": {
        "operatorID": "PythonUDFV2-operator-7dcd970f-d331-499e-92e2-6474ebdb1401",
        "portID": "output-0"
      },
      "target": {
        "operatorID": "Projection-operator-162a77af-d749-48e4-a436-abd009e22e91",
        "portID": "input-0"
      }
    },
    {
      "linkID": "link-29e26d2b-ebd7-4f01-94c5-1ffe1ee134d3",
      "source": {
        "operatorID": "Aggregate-operator-ac34a110-4b6a-4966-b270-1c3a7ff04139",
        "portID": "output-0"
      },
      "target": {
        "operatorID": "Sort-operator-79942f30-eb55-4e79-82e3-e9641bcdb59a",
        "portID": "input-0"
      }
    },
    {
      "linkID": "link-55180e18-da40-44bf-8eeb-c241632ce087",
      "source": {
        "operatorID": "Sort-operator-79942f30-eb55-4e79-82e3-e9641bcdb59a",
        "portID": "output-0"
      },
      "target": {
        "operatorID": "PythonUDFV2-operator-f2de7d28-477a-48e5-9c1b-45d3975700b6",
        "portID": "input-0"
      }
    },
    {
      "linkID": "link-6ba5df41-8b48-4477-b754-afa92d292bdc",
      "source": {
        "operatorID": "PythonUDFV2-operator-a28c014c-d7fa-4ca4-9774-cf772026cee5",
        "portID": "output-0"
      },
      "target": {
        "operatorID": "PythonUDFV2-operator-e4132aea-4a01-455a-826d-8dd9ae3a28f3",
        "portID": "input-0"
      }
    },
    {
      "linkID": "link-16efa26b-3561-4d3f-8a8e-89331ec1590f",
      "source": {
        "operatorID": "PythonUDFV2-operator-e4132aea-4a01-455a-826d-8dd9ae3a28f3",
        "portID": "output-0"
      },
      "target": {
        "operatorID": "PythonUDFV2-operator-19068947-a52c-4529-9db9-f5dd973bdab9",
        "portID": "input-0"
      }
    },
    {
      "linkID": "link-76a2f539-f6d0-488c-80a6-07adb3cd07b8",
      "source": {
        "operatorID": "PythonUDFV2-operator-a28c014c-d7fa-4ca4-9774-cf772026cee5",
        "portID": "output-0"
      },
      "target": {
        "operatorID": "PythonUDFV2-operator-c5112992-063a-41c5-8015-685d483e6348",
        "portID": "input-1"
      }
    },
    {
      "linkID": "link-ee5a48e2-621c-47de-9130-5f9bae6cfab1",
      "source": {
        "operatorID": "HashJoin-operator-3eb42c83-7f65-4353-abce-9d808de12203",
        "portID": "output-0"
      },
      "target": {
        "operatorID": "PythonUDFV2-operator-c5112992-063a-41c5-8015-685d483e6348",
        "portID": "input-0"
      }
    },
    {
      "linkID": "link-92874337-6fcc-4178-8653-4280c8220971",
      "source": {
        "operatorID": "Projection-operator-b6b4ed36-08cd-4298-857c-704b07ea6f71",
        "portID": "output-0"
      },
      "target": {
        "operatorID": "Projection-operator-b2abcc18-b4e3-4b85-a25d-d51f83f9debb",
        "portID": "input-0"
      }
    },
    {
      "linkID": "link-2a62ab23-f104-48d2-8328-890bb681b51a",
      "source": {
        "operatorID": "Projection-operator-162a77af-d749-48e4-a436-abd009e22e91",
        "portID": "output-0"
      },
      "target": {
        "operatorID": "PythonUDFV2-operator-cef3a488-3b06-4f17-b039-2ea209a28151",
        "portID": "input-0"
      }
    },
    {
      "linkID": "link-58cc2381-e80f-49e6-893d-0b784fc17990",
      "source": {
        "operatorID": "PythonUDFV2-operator-c5112992-063a-41c5-8015-685d483e6348",
        "portID": "output-0"
      },
      "target": {
        "operatorID": "PythonUDFV2-operator-9bb494b7-c03e-41e6-bac9-6c35f6fdca9a",
        "portID": "input-0"
      }
    },
    {
      "linkID": "link-6f71dbf1-25de-4045-83b1-1bb0005b63d7",
      "source": {
        "operatorID": "HashJoin-operator-1e98c1db-c98b-47c0-8c74-6930f0943d29",
        "portID": "output-0"
      },
      "target": {
        "operatorID": "HashJoin-operator-d11d0f2f-e045-4f90-8623-f68b3a1dce88",
        "portID": "input-0"
      }
    },
    {
      "linkID": "link-4c620c28-4b4a-4ddb-9cce-8b48bd633f64",
      "source": {
        "operatorID": "PythonUDFV2-operator-df60eb5a-9f95-46f7-91e5-5af76f904a97",
        "portID": "output-0"
      },
      "target": {
        "operatorID": "Aggregate-operator-0d73a22f-cc14-4df6-bda3-9874cc14db64",
        "portID": "input-0"
      }
    },
    {
      "linkID": "link-266c41db-6a40-47ca-8f9c-2edec68aae01",
      "source": {
        "operatorID": "Projection-operator-b2abcc18-b4e3-4b85-a25d-d51f83f9debb",
        "portID": "output-0"
      },
      "target": {
        "operatorID": "PythonUDFV2-operator-ae049427-2ffa-403f-9a4a-10dfcdba2bdc",
        "portID": "input-0"
      }
    },
    {
      "linkID": "link-1c55ed90-2376-4506-b33f-c9ec693cc7da",
      "source": {
        "operatorID": "PythonUDFV2-operator-f2de7d28-477a-48e5-9c1b-45d3975700b6",
        "portID": "output-0"
      },
      "target": {
        "operatorID": "CartesianProduct-operator-58407bf3-474d-4496-85f7-3b02f23fa741",
        "portID": "input-0"
      }
    },
    {
      "linkID": "link-58c9b76c-de4e-42f9-a0b9-bdc740084fe2",
      "source": {
        "operatorID": "PythonUDFV2-operator-f2de7d28-477a-48e5-9c1b-45d3975700b6",
        "portID": "output-0"
      },
      "target": {
        "operatorID": "PythonUDFV2-operator-60011718-e359-4f03-8607-f35e7a2cba71",
        "portID": "input-0"
      }
    },
    {
      "linkID": "link-94853c59-c622-4db5-898d-25ecaff4dbc0",
      "source": {
        "operatorID": "PythonUDFV2-operator-ae049427-2ffa-403f-9a4a-10dfcdba2bdc",
        "portID": "output-0"
      },
      "target": {
        "operatorID": "CartesianProduct-operator-58407bf3-474d-4496-85f7-3b02f23fa741",
        "portID": "input-1"
      }
    },
    {
      "linkID": "link-92a96a7c-2548-4189-a5a6-d60a3c27e307",
      "source": {
        "operatorID": "Projection-operator-b6b4ed36-08cd-4298-857c-704b07ea6f71",
        "portID": "output-0"
      },
      "target": {
        "operatorID": "HuggingFaceSentimentAnalysis-operator-c749725b-dd99-4fd1-8231-ebd07fb68ee2",
        "portID": "input-0"
      }
    },
    {
      "linkID": "link-25685e87-1624-42b3-83a3-97b928bb9f2f",
      "source": {
        "operatorID": "HuggingFaceSentimentAnalysis-operator-c749725b-dd99-4fd1-8231-ebd07fb68ee2",
        "portID": "output-0"
      },
      "target": {
        "operatorID": "PythonUDFV2-operator-a8e9bc5d-b978-4977-bc79-b93b0054a630",
        "portID": "input-0"
      }
    },
    {
      "linkID": "link-a104171d-1d68-455b-84f3-f5b63880e385",
      "source": {
        "operatorID": "HashJoin-operator-d11d0f2f-e045-4f90-8623-f68b3a1dce88",
        "portID": "output-0"
      },
      "target": {
        "operatorID": "HuggingFaceSentimentAnalysis-operator-b61259fd-fe0a-4ee8-beac-bbabd77b8acc",
        "portID": "input-0"
      }
    },
    {
      "linkID": "link-16dd8467-d47a-4736-8f47-3815adc5362e",
      "source": {
        "operatorID": "HuggingFaceSentimentAnalysis-operator-b61259fd-fe0a-4ee8-beac-bbabd77b8acc",
        "portID": "output-0"
      },
      "target": {
        "operatorID": "Projection-operator-ef3ceac2-f494-4285-a666-8d4d1baa63ae",
        "portID": "input-0"
      }
    },
    {
      "linkID": "cb128097-7cf5-407d-9d8c-e55c0eacacd0",
      "source": {
        "operatorID": "Sort-operator-8dd05684-e01a-4e7e-a161-52dae7bf4f77",
        "portID": "output-0"
      },
      "target": {
        "operatorID": "PythonUDFV2-operator-7dcd970f-d331-499e-92e2-6474ebdb1401",
        "portID": "input-0"
      }
    },
    {
      "linkID": "81935b1c-bedb-4525-a359-4b96b3b77655",
      "source": {
        "operatorID": "PythonUDFV2-operator-a8e9bc5d-b978-4977-bc79-b93b0054a630",
        "portID": "output-0"
      },
      "target": {
        "operatorID": "HashJoin-operator-d11d0f2f-e045-4f90-8623-f68b3a1dce88",
        "portID": "input-1"
      }
    },
    {
      "linkID": "bf940678-52b7-4442-9dce-5eb7b633e93c",
      "source": {
        "operatorID": "PythonUDFV2-operator-9bb494b7-c03e-41e6-bac9-6c35f6fdca9a",
        "portID": "output-0"
      },
      "target": {
        "operatorID": "HashJoin-operator-1e98c1db-c98b-47c0-8c74-6930f0943d29",
        "portID": "input-1"
      }
    },
    {
      "linkID": "0b26a446-0953-4a67-bfe3-309305e6a2a6",
      "source": {
        "operatorID": "PythonUDFV2-operator-cef3a488-3b06-4f17-b039-2ea209a28151",
        "portID": "output-0"
      },
      "target": {
        "operatorID": "HashJoin-operator-1e98c1db-c98b-47c0-8c74-6930f0943d29",
        "portID": "input-0"
      }
    },
    {
      "linkID": "6aebd044-e90a-497b-997c-71c07e8c1e5e",
      "source": {
        "operatorID": "PythonUDFV2-operator-19068947-a52c-4529-9db9-f5dd973bdab9",
        "portID": "output-0"
      },
      "target": {
        "operatorID": "HashJoin-operator-3eb42c83-7f65-4353-abce-9d808de12203",
        "portID": "input-0"
      }
    },
    {
      "linkID": "9357d1dc-d95e-4aa5-8c6d-a2bc241cf41c",
      "source": {
        "operatorID": "PythonUDFV2-operator-60011718-e359-4f03-8607-f35e7a2cba71",
        "portID": "output-0"
      },
      "target": {
        "operatorID": "HashJoin-operator-3eb42c83-7f65-4353-abce-9d808de12203",
        "portID": "input-1"
      }
    }
  ],
  "commentBoxes": [],
  "settings": {
    "dataTransferBatchSize": 400
  }
}