{
    "operators": [
        {
            "operatorID": "Dummy-operator-00b72d8b-78b9-4398-9ae8-0d3f2f1114e7",
            "operatorType": "Dummy",
            "operatorVersion": "",
            "operatorProperties": {
                "dummyPropertyList": [
                    {
                        "dummyProperty": "Source XML",
                        "dummyValue": "Omitted for license reasons"
                    }
                ]
            },
            "inputPorts": [
                {
                    "portID": "input-0",
                    "displayName": "",
                    "allowMultiInputs": true,
                    "isDynamicPort": true
                }
            ],
            "outputPorts": [
                {
                    "portID": "output-0",
                    "displayName": "",
                    "isDynamicPort": true,
                    "isBlocking": false
                },
                {
                    "portID": "output-1",
                    "displayName": "",
                    "isDynamicPort": true,
                    "isBlocking": false
                }
            ],
            "showAdvanced": false,
            "isDisabled": false,
            "customDisplayName": "CSV Reader",
            "dynamicInputPorts": true,
            "dynamicOutputPorts": true
        },
        {
            "operatorID": "Dummy-operator-dc951507-e1cc-4ad8-aa73-94a0899ef66f",
            "operatorType": "Dummy",
            "operatorVersion": "",
            "operatorProperties": {
                "dummyPropertyList": [
                    {
                        "dummyProperty": "Source XML",
                        "dummyValue": "Omitted for license reasons"
                    }
                ]
            },
            "inputPorts": [
                {
                    "portID": "input-0",
                    "displayName": "",
                    "allowMultiInputs": true,
                    "isDynamicPort": true
                }
            ],
            "outputPorts": [
                {
                    "portID": "output-0",
                    "displayName": "",
                    "isDynamicPort": true,
                    "isBlocking": false
                },
                {
                    "portID": "output-1",
                    "displayName": "",
                    "isDynamicPort": true,
                    "isBlocking": false
                }
            ],
            "showAdvanced": false,
            "isDisabled": false,
            "customDisplayName": "CSV Reader",
            "dynamicInputPorts": true,
            "dynamicOutputPorts": true
        },
        {
            "operatorID": "Dummy-operator-6bc74314-536a-4e8a-a0e5-46a9416a1f83",
            "operatorType": "Dummy",
            "operatorVersion": "",
            "operatorProperties": {
                "dummyPropertyList": [
                    {
                        "dummyProperty": "Source XML",
                        "dummyValue": "Omitted for license reasons"
                    }
                ]
            },
            "inputPorts": [
                {
                    "portID": "input-0",
                    "displayName": "",
                    "allowMultiInputs": true,
                    "isDynamicPort": true
                },
                {
                    "portID": "input-1",
                    "displayName": "",
                    "allowMultiInputs": true,
                    "isDynamicPort": true
                },
                {
                    "portID": "input-2",
                    "displayName": "",
                    "allowMultiInputs": true,
                    "isDynamicPort": true
                }
            ],
            "outputPorts": [
                {
                    "portID": "output-0",
                    "displayName": "",
                    "isDynamicPort": true,
                    "isBlocking": false
                },
                {
                    "portID": "output-1",
                    "displayName": "",
                    "isDynamicPort": true,
                    "isBlocking": false
                }
            ],
            "showAdvanced": false,
            "isDisabled": false,
            "customDisplayName": "Concatenate",
            "dynamicInputPorts": true,
            "dynamicOutputPorts": true
        },
        {
            "operatorID": "Dummy-operator-c3df95d4-27d5-4038-a5c6-3ab1d025f1ee",
            "operatorType": "Dummy",
            "operatorVersion": "",
            "operatorProperties": {
                "dummyPropertyList": [
                    {
                        "dummyProperty": "Source XML",
                        "dummyValue": "Omitted for license reasons"
                    }
                ]
            },
            "inputPorts": [
                {
                    "portID": "input-0",
                    "displayName": "",
                    "allowMultiInputs": true,
                    "isDynamicPort": true
                }
            ],
            "outputPorts": [
                {
                    "portID": "output-0",
                    "displayName": "",
                    "isDynamicPort": true,
                    "isBlocking": false
                },
                {
                    "portID": "output-1",
                    "displayName": "",
                    "isDynamicPort": true,
                    "isBlocking": false
                }
            ],
            "showAdvanced": false,
            "isDisabled": false,
            "customDisplayName": "Table Reader",
            "dynamicInputPorts": true,
            "dynamicOutputPorts": true
        },
        {
            "operatorID": "Dummy-operator-c0de25c1-7635-4605-8c5d-0d2ad62540b9",
            "operatorType": "Dummy",
            "operatorVersion": "",
            "operatorProperties": {
                "dummyPropertyList": [
                    {
                        "dummyProperty": "Source XML",
                        "dummyValue": "Omitted for license reasons"
                    }
                ]
            },
            "inputPorts": [
                {
                    "portID": "input-0",
                    "displayName": "",
                    "allowMultiInputs": true,
                    "isDynamicPort": true
                },
                {
                    "portID": "input-1",
                    "displayName": "",
                    "allowMultiInputs": true,
                    "isDynamicPort": true
                },
                {
                    "portID": "input-2",
                    "displayName": "",
                    "allowMultiInputs": true,
                    "isDynamicPort": true
                }
            ],
            "outputPorts": [
                {
                    "portID": "output-0",
                    "displayName": "",
                    "isDynamicPort": true,
                    "isBlocking": true
                },
                {
                    "portID": "output-1",
                    "displayName": "",
                    "isDynamicPort": true,
                    "isBlocking": true
                },
                {
                    "portID": "output-2",
                    "displayName": "",
                    "isDynamicPort": true,
                    "isBlocking": true
                },
                {
                    "portID": "output-3",
                    "displayName": "",
                    "isDynamicPort": true,
                    "isBlocking": true
                }
            ],
            "showAdvanced": false,
            "isDisabled": false,
            "customDisplayName": "Joiner",
            "dynamicInputPorts": true,
            "dynamicOutputPorts": true
        },
        {
            "operatorID": "Dummy-operator-5ba47374-b77e-45a6-9bd2-70e8248341c0",
            "operatorType": "Dummy",
            "operatorVersion": "",
            "operatorProperties": {
                "dummyPropertyList": [
                    {
                        "dummyProperty": "Source XML",
                        "dummyValue": "Omitted for license reasons"
                    }
                ]
            },
            "inputPorts": [
                {
                    "portID": "input-0",
                    "displayName": "",
                    "allowMultiInputs": true,
                    "isDynamicPort": true
                }
            ],
            "outputPorts": [
                {
                    "portID": "output-0",
                    "displayName": "",
                    "isDynamicPort": true,
                    "isBlocking": false
                },
                {
                    "portID": "output-1",
                    "displayName": "",
                    "isDynamicPort": true,
                    "isBlocking": false
                }
            ],
            "showAdvanced": false,
            "isDisabled": false,
            "customDisplayName": "CSV Reader",
            "dynamicInputPorts": true,
            "dynamicOutputPorts": true
        },
        {
            "operatorID": "Dummy-operator-19dee9d7-cb5d-4333-aa81-94b0a0693e5f",
            "operatorType": "Dummy",
            "operatorVersion": "",
            "operatorProperties": {
                "dummyPropertyList": [
                    {
                        "dummyProperty": "Source XML",
                        "dummyValue": "Omitted for license reasons"
                    }
                ]
            },
            "inputPorts": [
                {
                    "portID": "input-0",
                    "displayName": "",
                    "allowMultiInputs": true,
                    "isDynamicPort": true
                },
                {
                    "portID": "input-1",
                    "displayName": "",
                    "allowMultiInputs": true,
                    "isDynamicPort": true
                },
                {
                    "portID": "input-2",
                    "displayName": "",
                    "allowMultiInputs": true,
                    "isDynamicPort": true
                }
            ],
            "outputPorts": [
                {
                    "portID": "output-0",
                    "displayName": "",
                    "isDynamicPort": true,
                    "isBlocking": false
                },
                {
                    "portID": "output-1",
                    "displayName": "",
                    "isDynamicPort": true,
                    "isBlocking": false
                }
            ],
            "showAdvanced": false,
            "isDisabled": false,
            "customDisplayName": "Cell Replacer",
            "dynamicInputPorts": true,
            "dynamicOutputPorts": true
        },
        {
            "operatorID": "Dummy-operator-259a5112-1e08-492d-85c9-b20e780c0e78",
            "operatorType": "Dummy",
            "operatorVersion": "",
            "operatorProperties": {
                "dummyPropertyList": [
                    {
                        "dummyProperty": "Source XML",
                        "dummyValue": "Omitted for license reasons"
                    }
                ]
            },
            "inputPorts": [
                {
                    "portID": "input-0",
                    "displayName": "",
                    "allowMultiInputs": true,
                    "isDynamicPort": true
                },
                {
                    "portID": "input-1",
                    "displayName": "",
                    "allowMultiInputs": true,
                    "isDynamicPort": true
                }
            ],
            "outputPorts": [
                {
                    "portID": "output-0",
                    "displayName": "",
                    "isDynamicPort": true,
                    "isBlocking": true
                },
                {
                    "portID": "output-1",
                    "displayName": "",
                    "isDynamicPort": true,
                    "isBlocking": true
                }
            ],
            "showAdvanced": false,
            "isDisabled": false,
            "customDisplayName": "GroupBy",
            "dynamicInputPorts": true,
            "dynamicOutputPorts": true
        },
        {
            "operatorID": "Dummy-operator-0f87320c-b2ee-4faa-bcff-4d71ad0a194d",
            "operatorType": "Dummy",
            "operatorVersion": "",
            "operatorProperties": {
                "dummyPropertyList": [
                    {
                        "dummyProperty": "Source XML",
                        "dummyValue": "Omitted for license reasons"
                    }
                ]
            },
            "inputPorts": [
                {
                    "portID": "input-0",
                    "displayName": "",
                    "allowMultiInputs": true,
                    "isDynamicPort": true
                },
                {
                    "portID": "input-1",
                    "displayName": "",
                    "allowMultiInputs": true,
                    "isDynamicPort": true
                }
            ],
            "outputPorts": [
                {
                    "portID": "output-0",
                    "displayName": "",
                    "isDynamicPort": true,
                    "isBlocking": true
                },
                {
                    "portID": "output-1",
                    "displayName": "",
                    "isDynamicPort": true,
                    "isBlocking": true
                }
            ],
            "showAdvanced": false,
            "isDisabled": false,
            "customDisplayName": "GroupBy",
            "dynamicInputPorts": true,
            "dynamicOutputPorts": true
        }
    ],
    "operatorPositions": {
        "Dummy-operator-00b72d8b-78b9-4398-9ae8-0d3f2f1114e7": {
            "x": 64.0,
            "y": 337.0
        },
        "Dummy-operator-dc951507-e1cc-4ad8-aa73-94a0899ef66f": {
            "x": 64.0,
            "y": 437.0
        },
        "Dummy-operator-6bc74314-536a-4e8a-a0e5-46a9416a1f83": {
            "x": 324.0,
            "y": 397.0
        },
        "Dummy-operator-c3df95d4-27d5-4038-a5c6-3ab1d025f1ee": {
            "x": 64.0,
            "y": 557.0
        },
        "Dummy-operator-c0de25c1-7635-4605-8c5d-0d2ad62540b9": {
            "x": 444.0,
            "y": 437.0
        },
        "Dummy-operator-5ba47374-b77e-45a6-9bd2-70e8248341c0": {
            "x": 184.0,
            "y": 597.0
        },
        "Dummy-operator-19dee9d7-cb5d-4333-aa81-94b0a0693e5f": {
            "x": 584.0,
            "y": 437.0
        },
        "Dummy-operator-259a5112-1e08-492d-85c9-b20e780c0e78": {
            "x": 844.0,
            "y": 357.0
        },
        "Dummy-operator-0f87320c-b2ee-4faa-bcff-4d71ad0a194d": {
            "x": 844.0,
            "y": 497.0
        }
    },
    "links": [
        {
            "linkID": "link-096c33ef-e010-4063-b91e-fcb30472c40e",
            "source": {
                "operatorID": "Dummy-operator-00b72d8b-78b9-4398-9ae8-0d3f2f1114e7",
                "portID": "output-1"
            },
            "target": {
                "operatorID": "Dummy-operator-6bc74314-536a-4e8a-a0e5-46a9416a1f83",
                "portID": "input-1"
            }
        },
        {
            "linkID": "link-288cc2de-b923-4388-9cc5-7e04d138d432",
            "source": {
                "operatorID": "Dummy-operator-dc951507-e1cc-4ad8-aa73-94a0899ef66f",
                "portID": "output-1"
            },
            "target": {
                "operatorID": "Dummy-operator-6bc74314-536a-4e8a-a0e5-46a9416a1f83",
                "portID": "input-2"
            }
        },
        {
            "linkID": "link-94bbc7a4-717d-4e06-b550-10f8c2b0e3a1",
            "source": {
                "operatorID": "Dummy-operator-6bc74314-536a-4e8a-a0e5-46a9416a1f83",
                "portID": "output-1"
            },
            "target": {
                "operatorID": "Dummy-operator-c0de25c1-7635-4605-8c5d-0d2ad62540b9",
                "portID": "input-1"
            }
        },
        {
            "linkID": "link-807266c3-4c1c-491b-8d1f-a3b9bfa73653",
            "source": {
                "operatorID": "Dummy-operator-c3df95d4-27d5-4038-a5c6-3ab1d025f1ee",
                "portID": "output-1"
            },
            "target": {
                "operatorID": "Dummy-operator-c0de25c1-7635-4605-8c5d-0d2ad62540b9",
                "portID": "input-2"
            }
        },
        {
            "linkID": "link-4695c303-b634-40e1-ba25-6ed6dc64136d",
            "source": {
                "operatorID": "Dummy-operator-c0de25c1-7635-4605-8c5d-0d2ad62540b9",
                "portID": "output-1"
            },
            "target": {
                "operatorID": "Dummy-operator-19dee9d7-cb5d-4333-aa81-94b0a0693e5f",
                "portID": "input-1"
            }
        },
        {
            "linkID": "link-7c8bd34f-1047-4e6b-9f81-a6487c52a205",
            "source": {
                "operatorID": "Dummy-operator-5ba47374-b77e-45a6-9bd2-70e8248341c0",
                "portID": "output-1"
            },
            "target": {
                "operatorID": "Dummy-operator-19dee9d7-cb5d-4333-aa81-94b0a0693e5f",
                "portID": "input-2"
            }
        },
        {
            "linkID": "link-2dcb8b2d-4c4f-45bb-8831-1fb54b08e8ca",
            "source": {
                "operatorID": "Dummy-operator-19dee9d7-cb5d-4333-aa81-94b0a0693e5f",
                "portID": "output-1"
            },
            "target": {
                "operatorID": "Dummy-operator-259a5112-1e08-492d-85c9-b20e780c0e78",
                "portID": "input-1"
            }
        },
        {
            "linkID": "link-26fa5223-4b4e-4688-ab51-e0ec86dcb894",
            "source": {
                "operatorID": "Dummy-operator-19dee9d7-cb5d-4333-aa81-94b0a0693e5f",
                "portID": "output-1"
            },
            "target": {
                "operatorID": "Dummy-operator-0f87320c-b2ee-4faa-bcff-4d71ad0a194d",
                "portID": "input-1"
            }
        }
    ],
    "groups": [],
    "breakpoints": {},
    "commentBoxes": [
        {
            "commentBoxID": "commentBox-948d928e-e90b-406d-a28a-d4521d6d4d5a",
            "comments": [
                {
                    "content": "https://hub.knime.com/knime/extensions/org.knime.features.base/latest/org.knime.base.node.io.filehandling.csv.reader.CSVTableReaderNodeFactory",
                    "creatorName": "Bot",
                    "createorID": 1,
                    "creationTime": "2024-03-08T10:36:49.883Z"
                }
            ],
            "commentBoxPosition": {
                "x": 124.0,
                "y": 367.0
            }
        },
        {
            "commentBoxID": "commentBox-568b6363-1788-496a-bfd6-28bd0c71b911",
            "comments": [
                {
                    "content": "https://hub.knime.com/knime/extensions/org.knime.features.base/latest/org.knime.base.node.io.filehandling.csv.reader.CSVTableReaderNodeFactory",
                    "creatorName": "Bot",
                    "createorID": 1,
                    "creationTime": "2024-03-08T10:36:49.883Z"
                }
            ],
            "commentBoxPosition": {
                "x": 124.0,
                "y": 467.0
            }
        },
        {
            "commentBoxID": "commentBox-94409df8-ac87-4dcb-8aed-01cf6552c2ac",
            "comments": [
                {
                    "content": "https://hub.knime.com/knime/extensions/org.knime.features.base/latest/org.knime.base.node.io.filehandling.csv.reader.CSVTableReaderNodeFactory",
                    "creatorName": "Bot",
                    "createorID": 1,
                    "creationTime": "2024-03-08T10:36:49.883Z"
                }
            ],
            "commentBoxPosition": {
                "x": 384.0,
                "y": 427.0
            }
        },
        {
            "commentBoxID": "commentBox-12c6099d-3d40-4d51-a51c-1b044f8ced58",
            "comments": [
                {
                    "content": "https://hub.knime.com/knime/extensions/org.knime.features.base/latest/org.knime.base.node.io.filehandling.csv.reader.CSVTableReaderNodeFactory",
                    "creatorName": "Bot",
                    "createorID": 1,
                    "creationTime": "2024-03-08T10:36:49.883Z"
                }
            ],
            "commentBoxPosition": {
                "x": 124.0,
                "y": 587.0
            }
        },
        {
            "commentBoxID": "commentBox-28ae2351-5f3a-44e1-a2bd-c561baa96d53",
            "comments": [
                {
                    "content": "https://hub.knime.com/knime/extensions/org.knime.features.base/latest/org.knime.base.node.io.filehandling.csv.reader.CSVTableReaderNodeFactory",
                    "creatorName": "Bot",
                    "createorID": 1,
                    "creationTime": "2024-03-08T10:36:49.883Z"
                }
            ],
            "commentBoxPosition": {
                "x": 504.0,
                "y": 467.0
            }
        },
        {
            "commentBoxID": "commentBox-c550025a-7a1e-46fa-87a6-686787e4b22a",
            "comments": [
                {
                    "content": "https://hub.knime.com/knime/extensions/org.knime.features.base/latest/org.knime.base.node.io.filehandling.csv.reader.CSVTableReaderNodeFactory",
                    "creatorName": "Bot",
                    "createorID": 1,
                    "creationTime": "2024-03-08T10:36:49.883Z"
                }
            ],
            "commentBoxPosition": {
                "x": 244.0,
                "y": 627.0
            }
        },
        {
            "commentBoxID": "commentBox-a64656f5-d132-4cfd-bea9-26c9f478bb52",
            "comments": [
                {
                    "content": "https://hub.knime.com/knime/extensions/org.knime.features.base/latest/org.knime.base.node.io.filehandling.csv.reader.CSVTableReaderNodeFactory",
                    "creatorName": "Bot",
                    "createorID": 1,
                    "creationTime": "2024-03-08T10:36:49.883Z"
                }
            ],
            "commentBoxPosition": {
                "x": 644.0,
                "y": 467.0
            }
        },
        {
            "commentBoxID": "commentBox-3196c755-b6db-49f2-a122-700a98bc257d",
            "comments": [
                {
                    "content": "https://hub.knime.com/knime/extensions/org.knime.features.base/latest/org.knime.base.node.io.filehandling.csv.reader.CSVTableReaderNodeFactory",
                    "creatorName": "Bot",
                    "createorID": 1,
                    "creationTime": "2024-03-08T10:36:49.883Z"
                }
            ],
            "commentBoxPosition": {
                "x": 904.0,
                "y": 387.0
            }
        },
        {
            "commentBoxID": "commentBox-dfd88fc8-7506-426e-aa58-f73ab201e5e9",
            "comments": [
                {
                    "content": "https://hub.knime.com/knime/extensions/org.knime.features.base/latest/org.knime.base.node.io.filehandling.csv.reader.CSVTableReaderNodeFactory",
                    "creatorName": "Bot",
                    "createorID": 1,
                    "creationTime": "2024-03-08T10:36:49.883Z"
                }
            ],
            "commentBoxPosition": {
                "x": 904.0,
                "y": 527.0
            }
        }
    ]
}