{
    "operators": [
        {
            "operatorID": "Dummy-operator-167c519d-9787-4390-ae16-5f8df888bb16",
            "operatorType": "Dummy",
            "operatorVersion": "",
            "operatorProperties": {
                "dummyPropertyList": [
                    {
                        "dummyProperty": "Source XML",
                        "dummyValue": "Omitted for license reasons"
                    }
                ]
            },
            "inputPorts": [
                {
                    "portID": "input-0",
                    "displayName": "",
                    "allowMultiInputs": true,
                    "isDynamicPort": true
                }
            ],
            "outputPorts": [
                {
                    "portID": "output-0",
                    "displayName": "",
                    "isDynamicPort": true,
                    "isBlocking": false
                },
                {
                    "portID": "output-1",
                    "displayName": "",
                    "isDynamicPort": true,
                    "isBlocking": false,
                    "materializationSize": 8491.51171875
                }
            ],
            "showAdvanced": false,
            "isDisabled": false,
            "customDisplayName": "CSV Reader",
            "dynamicInputPorts": true,
            "dynamicOutputPorts": true
        },
        {
            "operatorID": "Dummy-operator-2d7d4406-9733-40b4-ab73-e89af2d6e13d",
            "operatorType": "Dummy",
            "operatorVersion": "",
            "operatorProperties": {
                "dummyPropertyList": [
                    {
                        "dummyProperty": "Source XML",
                        "dummyValue": "Omitted for license reasons"
                    }
                ]
            },
            "inputPorts": [
                {
                    "portID": "input-0",
                    "displayName": "",
                    "allowMultiInputs": true,
                    "isDynamicPort": true
                },
                {
                    "portID": "input-1",
                    "displayName": "",
                    "allowMultiInputs": true,
                    "isDynamicPort": true
                }
            ],
            "outputPorts": [
                {
                    "portID": "output-0",
                    "displayName": "",
                    "isDynamicPort": true,
                    "isBlocking": false
                },
                {
                    "portID": "output-1",
                    "displayName": "",
                    "isDynamicPort": true,
                    "isBlocking": false,
                    "materializationSize": 436.6044921875
                }
            ],
            "showAdvanced": false,
            "isDisabled": false,
            "customDisplayName": "String Manipulation",
            "dynamicInputPorts": true,
            "dynamicOutputPorts": true
        },
        {
            "operatorID": "Dummy-operator-0cd68e00-7ebc-4759-8df9-633ced2cf666",
            "operatorType": "Dummy",
            "operatorVersion": "",
            "operatorProperties": {
                "dummyPropertyList": [
                    {
                        "dummyProperty": "Source XML",
                        "dummyValue": "Omitted for license reasons"
                    }
                ]
            },
            "inputPorts": [
                {
                    "portID": "input-0",
                    "displayName": "",
                    "allowMultiInputs": true,
                    "isDynamicPort": true
                },
                {
                    "portID": "input-1",
                    "displayName": "",
                    "allowMultiInputs": true,
                    "isDynamicPort": true
                }
            ],
            "outputPorts": [
                {
                    "portID": "output-0",
                    "displayName": "",
                    "isDynamicPort": true,
                    "isBlocking": false
                },
                {
                    "portID": "output-1",
                    "displayName": "",
                    "isDynamicPort": true,
                    "isBlocking": false,
                    "materializationSize": 435.505859375
                }
            ],
            "showAdvanced": false,
            "isDisabled": false,
            "customDisplayName": "String Manipulation",
            "dynamicInputPorts": true,
            "dynamicOutputPorts": true
        },
        {
            "operatorID": "Dummy-operator-dd59e74b-a06d-4d9d-a89a-3d546347a5d7",
            "operatorType": "Dummy",
            "operatorVersion": "",
            "operatorProperties": {
                "dummyPropertyList": [
                    {
                        "dummyProperty": "Source XML",
                        "dummyValue": "Omitted for license reasons"
                    }
                ]
            },
            "inputPorts": [
                {
                    "portID": "input-0",
                    "displayName": "",
                    "allowMultiInputs": true,
                    "isDynamicPort": true
                },
                {
                    "portID": "input-1",
                    "displayName": "",
                    "allowMultiInputs": true,
                    "isDynamicPort": true
                }
            ],
            "outputPorts": [
                {
                    "portID": "output-0",
                    "displayName": "",
                    "isDynamicPort": true,
                    "isBlocking": false
                },
                {
                    "portID": "output-1",
                    "displayName": "",
                    "isDynamicPort": true,
                    "isBlocking": false
                }
            ],
            "showAdvanced": false,
            "isDisabled": false,
            "customDisplayName": "String to Date_Time",
            "dynamicInputPorts": true,
            "dynamicOutputPorts": true
        },
        {
            "operatorID": "Dummy-operator-c1d2ebae-73cd-4342-b602-3cedde304fe2",
            "operatorType": "Dummy",
            "operatorVersion": "",
            "operatorProperties": {
                "dummyPropertyList": [
                    {
                        "dummyProperty": "Source XML",
                        "dummyValue": "Omitted for license reasons"
                    }
                ]
            },
            "inputPorts": [
                {
                    "portID": "input-0",
                    "displayName": "",
                    "allowMultiInputs": true,
                    "isDynamicPort": true
                }
            ],
            "outputPorts": [
                {
                    "portID": "output-0",
                    "displayName": "",
                    "isDynamicPort": true,
                    "isBlocking": false
                },
                {
                    "portID": "output-1",
                    "displayName": "",
                    "isDynamicPort": true,
                    "isBlocking": false,
                    "materializationSize": 8491.51171875
                }
            ],
            "showAdvanced": false,
            "isDisabled": false,
            "customDisplayName": "CSV Reader",
            "dynamicInputPorts": true,
            "dynamicOutputPorts": true
        },
        {
            "operatorID": "Dummy-operator-111e3b1c-7bd1-48c5-9938-c234873b16da",
            "operatorType": "Dummy",
            "operatorVersion": "",
            "operatorProperties": {
                "dummyPropertyList": [
                    {
                        "dummyProperty": "Source XML",
                        "dummyValue": "Omitted for license reasons"
                    }
                ]
            },
            "inputPorts": [
                {
                    "portID": "input-0",
                    "displayName": "",
                    "allowMultiInputs": true,
                    "isDynamicPort": true
                },
                {
                    "portID": "input-1",
                    "displayName": "",
                    "allowMultiInputs": true,
                    "isDynamicPort": true
                }
            ],
            "outputPorts": [
                {
                    "portID": "output-0",
                    "displayName": "",
                    "isDynamicPort": true,
                    "isBlocking": true
                },
                {
                    "portID": "output-1",
                    "displayName": "",
                    "isDynamicPort": true,
                    "isBlocking": true,
                    "materializationSize": 8495.9609375
                },
                {
                    "portID": "output-2",
                    "displayName": "",
                    "isDynamicPort": true,
                    "isBlocking": true,
                    "materializationSize": 3.734375
                }
            ],
            "showAdvanced": false,
            "isDisabled": false,
            "customDisplayName": "Missing Value",
            "dynamicInputPorts": true,
            "dynamicOutputPorts": true
        },
        {
            "operatorID": "Dummy-operator-be90109c-94aa-46a5-9b4c-fe2ea51bc8da",
            "operatorType": "Dummy",
            "operatorVersion": "",
            "operatorProperties": {
                "dummyPropertyList": [
                    {
                        "dummyProperty": "Source XML",
                        "dummyValue": "Omitted for license reasons"
                    }
                ]
            },
            "inputPorts": [
                {
                    "portID": "input-0",
                    "displayName": "",
                    "allowMultiInputs": true,
                    "isDynamicPort": true
                },
                {
                    "portID": "input-1",
                    "displayName": "",
                    "allowMultiInputs": true,
                    "isDynamicPort": true
                }
            ],
            "outputPorts": [
                {
                    "portID": "output-0",
                    "displayName": "",
                    "isDynamicPort": true,
                    "isBlocking": false
                },
                {
                    "portID": "output-1",
                    "displayName": "",
                    "isDynamicPort": true,
                    "isBlocking": false
                }
            ],
            "showAdvanced": false,
            "isDisabled": false,
            "customDisplayName": "Modify Time",
            "dynamicInputPorts": true,
            "dynamicOutputPorts": true
        },
        {
            "operatorID": "Dummy-operator-25d552c6-fe38-49bd-bed6-46c79b2ec590",
            "operatorType": "Dummy",
            "operatorVersion": "",
            "operatorProperties": {
                "dummyPropertyList": [
                    {
                        "dummyProperty": "Source XML",
                        "dummyValue": "Omitted for license reasons"
                    }
                ]
            },
            "inputPorts": [
                {
                    "portID": "input-0",
                    "displayName": "",
                    "allowMultiInputs": true,
                    "isDynamicPort": true
                },
                {
                    "portID": "input-1",
                    "displayName": "",
                    "allowMultiInputs": true,
                    "isDynamicPort": true
                }
            ],
            "outputPorts": [
                {
                    "portID": "output-0",
                    "displayName": "",
                    "isDynamicPort": true,
                    "isBlocking": false
                },
                {
                    "portID": "output-1",
                    "displayName": "",
                    "isDynamicPort": true,
                    "isBlocking": false,
                    "materializationSize": 435.5068359375
                }
            ],
            "showAdvanced": false,
            "isDisabled": false,
            "customDisplayName": "String Manipulation",
            "dynamicInputPorts": true,
            "dynamicOutputPorts": true
        }
    ],
    "operatorPositions": {
        "Dummy-operator-167c519d-9787-4390-ae16-5f8df888bb16": {
            "x": 64.0,
            "y": 157.0
        },
        "Dummy-operator-2d7d4406-9733-40b4-ab73-e89af2d6e13d": {
            "x": 244.0,
            "y": 157.0
        },
        "Dummy-operator-0cd68e00-7ebc-4759-8df9-633ced2cf666": {
            "x": 404.0,
            "y": 157.0
        },
        "Dummy-operator-dd59e74b-a06d-4d9d-a89a-3d546347a5d7": {
            "x": 744.0,
            "y": 157.0
        },
        "Dummy-operator-c1d2ebae-73cd-4342-b602-3cedde304fe2": {
            "x": 64.0,
            "y": 297.0
        },
        "Dummy-operator-111e3b1c-7bd1-48c5-9938-c234873b16da": {
            "x": 264.0,
            "y": 297.0
        },
        "Dummy-operator-be90109c-94aa-46a5-9b4c-fe2ea51bc8da": {
            "x": 424.0,
            "y": 297.0
        },
        "Dummy-operator-25d552c6-fe38-49bd-bed6-46c79b2ec590": {
            "x": 564.0,
            "y": 157.0
        }
    },
    "links": [
        {
            "linkID": "link-b1c25034-862b-49e4-89a9-ee6dcd264739",
            "source": {
                "operatorID": "Dummy-operator-167c519d-9787-4390-ae16-5f8df888bb16",
                "portID": "output-1"
            },
            "target": {
                "operatorID": "Dummy-operator-2d7d4406-9733-40b4-ab73-e89af2d6e13d",
                "portID": "input-1"
            }
        },
        {
            "linkID": "link-1cb9067e-7f7e-470f-8bb8-2775a068feb5",
            "source": {
                "operatorID": "Dummy-operator-2d7d4406-9733-40b4-ab73-e89af2d6e13d",
                "portID": "output-1"
            },
            "target": {
                "operatorID": "Dummy-operator-0cd68e00-7ebc-4759-8df9-633ced2cf666",
                "portID": "input-1"
            }
        },
        {
            "linkID": "link-58a13764-1f2e-4d74-8bb7-7f0886c38f44",
            "source": {
                "operatorID": "Dummy-operator-0cd68e00-7ebc-4759-8df9-633ced2cf666",
                "portID": "output-1"
            },
            "target": {
                "operatorID": "Dummy-operator-25d552c6-fe38-49bd-bed6-46c79b2ec590",
                "portID": "input-1"
            }
        },
        {
            "linkID": "link-2debc825-b91a-484e-9fa5-0ae0d575cc36",
            "source": {
                "operatorID": "Dummy-operator-c1d2ebae-73cd-4342-b602-3cedde304fe2",
                "portID": "output-1"
            },
            "target": {
                "operatorID": "Dummy-operator-111e3b1c-7bd1-48c5-9938-c234873b16da",
                "portID": "input-1"
            }
        },
        {
            "linkID": "link-c4b4b97d-437f-4769-b276-5be06f7d9607",
            "source": {
                "operatorID": "Dummy-operator-111e3b1c-7bd1-48c5-9938-c234873b16da",
                "portID": "output-1"
            },
            "target": {
                "operatorID": "Dummy-operator-be90109c-94aa-46a5-9b4c-fe2ea51bc8da",
                "portID": "input-1"
            }
        },
        {
            "linkID": "link-84796961-24d1-4a59-9d93-10ed32afd3f3",
            "source": {
                "operatorID": "Dummy-operator-25d552c6-fe38-49bd-bed6-46c79b2ec590",
                "portID": "output-1"
            },
            "target": {
                "operatorID": "Dummy-operator-dd59e74b-a06d-4d9d-a89a-3d546347a5d7",
                "portID": "input-1"
            }
        }
    ],
    "groups": [],
    "breakpoints": {},
    "commentBoxes": [
        {
            "commentBoxID": "commentBox-6d26e712-8e53-49cd-b6f5-67cd58805a40",
            "comments": [
                {
                    "content": "https://hub.knime.com/knime/extensions/org.knime.features.base/latest/org.knime.base.node.io.filehandling.csv.reader.CSVTableReaderNodeFactory",
                    "creatorName": "Bot",
                    "createorID": 1,
                    "creationTime": "2024-03-08T10:36:49.883Z"
                }
            ],
            "commentBoxPosition": {
                "x": 124.0,
                "y": 187.0
            }
        },
        {
            "commentBoxID": "commentBox-e95f337c-dd36-45e9-863f-7bdec216e6a9",
            "comments": [
                {
                    "content": "https://hub.knime.com/knime/extensions/org.knime.features.base/latest/org.knime.base.node.io.filehandling.csv.reader.CSVTableReaderNodeFactory",
                    "creatorName": "Bot",
                    "createorID": 1,
                    "creationTime": "2024-03-08T10:36:49.883Z"
                }
            ],
            "commentBoxPosition": {
                "x": 304.0,
                "y": 187.0
            }
        },
        {
            "commentBoxID": "commentBox-293fdc39-8f2c-455a-823e-86e2d3094167",
            "comments": [
                {
                    "content": "https://hub.knime.com/knime/extensions/org.knime.features.base/latest/org.knime.base.node.io.filehandling.csv.reader.CSVTableReaderNodeFactory",
                    "creatorName": "Bot",
                    "createorID": 1,
                    "creationTime": "2024-03-08T10:36:49.883Z"
                }
            ],
            "commentBoxPosition": {
                "x": 464.0,
                "y": 187.0
            }
        },
        {
            "commentBoxID": "commentBox-ac51846b-c0aa-4018-8a3e-658915ea6232",
            "comments": [
                {
                    "content": "https://hub.knime.com/knime/extensions/org.knime.features.base/latest/org.knime.base.node.io.filehandling.csv.reader.CSVTableReaderNodeFactory",
                    "creatorName": "Bot",
                    "createorID": 1,
                    "creationTime": "2024-03-08T10:36:49.883Z"
                }
            ],
            "commentBoxPosition": {
                "x": 804.0,
                "y": 187.0
            }
        },
        {
            "commentBoxID": "commentBox-c267eb5e-abae-4e6b-8ad8-3ee0a559fc66",
            "comments": [
                {
                    "content": "https://hub.knime.com/knime/extensions/org.knime.features.base/latest/org.knime.base.node.io.filehandling.csv.reader.CSVTableReaderNodeFactory",
                    "creatorName": "Bot",
                    "createorID": 1,
                    "creationTime": "2024-03-08T10:36:49.883Z"
                }
            ],
            "commentBoxPosition": {
                "x": 124.0,
                "y": 327.0
            }
        },
        {
            "commentBoxID": "commentBox-c048e80a-5047-49e0-88af-1497d0557532",
            "comments": [
                {
                    "content": "https://hub.knime.com/knime/extensions/org.knime.features.base/latest/org.knime.base.node.io.filehandling.csv.reader.CSVTableReaderNodeFactory",
                    "creatorName": "Bot",
                    "createorID": 1,
                    "creationTime": "2024-03-08T10:36:49.883Z"
                }
            ],
            "commentBoxPosition": {
                "x": 324.0,
                "y": 327.0
            }
        },
        {
            "commentBoxID": "commentBox-987166b2-160b-4c27-93c8-a1845f36f280",
            "comments": [
                {
                    "content": "https://hub.knime.com/knime/extensions/org.knime.features.base/latest/org.knime.base.node.io.filehandling.csv.reader.CSVTableReaderNodeFactory",
                    "creatorName": "Bot",
                    "createorID": 1,
                    "creationTime": "2024-03-08T10:36:49.883Z"
                }
            ],
            "commentBoxPosition": {
                "x": 484.0,
                "y": 327.0
            }
        },
        {
            "commentBoxID": "commentBox-79ea1f83-6c53-437d-a422-3582ed71e1cd",
            "comments": [
                {
                    "content": "https://hub.knime.com/knime/extensions/org.knime.features.base/latest/org.knime.base.node.io.filehandling.csv.reader.CSVTableReaderNodeFactory",
                    "creatorName": "Bot",
                    "createorID": 1,
                    "creationTime": "2024-03-08T10:36:49.883Z"
                }
            ],
            "commentBoxPosition": {
                "x": 624.0,
                "y": 187.0
            }
        }
    ]
}