{
    "operators": [
        {
            "operatorID": "Dummy-operator-a1830c10-17f8-4916-b90b-a5c9e293b9ce",
            "operatorType": "Dummy",
            "operatorVersion": "",
            "operatorProperties": {
                "dummyPropertyList": [
                    {
                        "dummyProperty": "Source XML",
                        "dummyValue": "Omitted for license reasons"
                    }
                ]
            },
            "inputPorts": [
                {
                    "portID": "input-0",
                    "displayName": "",
                    "allowMultiInputs": true,
                    "isDynamicPort": true
                }
            ],
            "outputPorts": [
                {
                    "portID": "output-0",
                    "displayName": "",
                    "isDynamicPort": true,
                    "isBlocking": false
                },
                {
                    "portID": "output-1",
                    "displayName": "",
                    "isDynamicPort": true,
                    "isBlocking": false
                }
            ],
            "showAdvanced": false,
            "isDisabled": false,
            "customDisplayName": "File Reader",
            "dynamicInputPorts": true,
            "dynamicOutputPorts": true
        },
        {
            "operatorID": "Dummy-operator-e2a03469-8036-46ae-ba07-7fe71292a2a3",
            "operatorType": "Dummy",
            "operatorVersion": "",
            "operatorProperties": {
                "dummyPropertyList": [
                    {
                        "dummyProperty": "Source XML",
                        "dummyValue": "Omitted for license reasons"
                    }
                ]
            },
            "inputPorts": [
                {
                    "portID": "input-0",
                    "displayName": "",
                    "allowMultiInputs": true,
                    "isDynamicPort": true
                },
                {
                    "portID": "input-1",
                    "displayName": "",
                    "allowMultiInputs": true,
                    "isDynamicPort": true
                }
            ],
            "outputPorts": [
                {
                    "portID": "output-0",
                    "displayName": "",
                    "isDynamicPort": true,
                    "isBlocking": false
                },
                {
                    "portID": "output-1",
                    "displayName": "",
                    "isDynamicPort": true,
                    "isBlocking": false
                }
            ],
            "showAdvanced": false,
            "isDisabled": false,
            "customDisplayName": "Rule_based Row Filter",
            "dynamicInputPorts": true,
            "dynamicOutputPorts": true
        },
        {
            "operatorID": "Dummy-operator-84daf53f-cf6c-42de-a671-cb060be73df3",
            "operatorType": "Dummy",
            "operatorVersion": "",
            "operatorProperties": {
                "dummyPropertyList": [
                    {
                        "dummyProperty": "Source XML",
                        "dummyValue": "Omitted for license reasons"
                    }
                ]
            },
            "inputPorts": [
                {
                    "portID": "input-0",
                    "displayName": "",
                    "allowMultiInputs": true,
                    "isDynamicPort": true
                },
                {
                    "portID": "input-1",
                    "displayName": "",
                    "allowMultiInputs": true,
                    "isDynamicPort": true
                }
            ],
            "outputPorts": [
                {
                    "portID": "output-0",
                    "displayName": "",
                    "isDynamicPort": true,
                    "isBlocking": false
                },
                {
                    "portID": "output-1",
                    "displayName": "",
                    "isDynamicPort": true,
                    "isBlocking": false
                }
            ],
            "showAdvanced": false,
            "isDisabled": false,
            "customDisplayName": "Column Rename",
            "dynamicInputPorts": true,
            "dynamicOutputPorts": true
        },
        {
            "operatorID": "Dummy-operator-818ee43e-668a-4eda-8e6c-2fda8aeab856",
            "operatorType": "Dummy",
            "operatorVersion": "",
            "operatorProperties": {
                "dummyPropertyList": [
                    {
                        "dummyProperty": "Source XML",
                        "dummyValue": "Omitted for license reasons"
                    }
                ]
            },
            "inputPorts": [
                {
                    "portID": "input-0",
                    "displayName": "",
                    "allowMultiInputs": true,
                    "isDynamicPort": true
                },
                {
                    "portID": "input-1",
                    "displayName": "",
                    "allowMultiInputs": true,
                    "isDynamicPort": true
                }
            ],
            "outputPorts": [
                {
                    "portID": "output-0",
                    "displayName": "",
                    "isDynamicPort": true,
                    "isBlocking": true
                },
                {
                    "portID": "output-1",
                    "displayName": "",
                    "isDynamicPort": true,
                    "isBlocking": true
                }
            ],
            "showAdvanced": false,
            "isDisabled": false,
            "customDisplayName": "GroupBy",
            "dynamicInputPorts": true,
            "dynamicOutputPorts": true
        },
        {
            "operatorID": "Dummy-operator-b24986cf-fc59-452a-b37b-37f31d51e15d",
            "operatorType": "Dummy",
            "operatorVersion": "",
            "operatorProperties": {
                "dummyPropertyList": [
                    {
                        "dummyProperty": "Source XML",
                        "dummyValue": "Omitted for license reasons"
                    }
                ]
            },
            "inputPorts": [
                {
                    "portID": "input-0",
                    "displayName": "",
                    "allowMultiInputs": true,
                    "isDynamicPort": true
                },
                {
                    "portID": "input-1",
                    "displayName": "",
                    "allowMultiInputs": true,
                    "isDynamicPort": true
                },
                {
                    "portID": "input-2",
                    "displayName": "",
                    "allowMultiInputs": true,
                    "isDynamicPort": true
                }
            ],
            "outputPorts": [
                {
                    "portID": "output-0",
                    "displayName": "",
                    "isDynamicPort": true,
                    "isBlocking": false
                },
                {
                    "portID": "output-1",
                    "displayName": "",
                    "isDynamicPort": true,
                    "isBlocking": false
                }
            ],
            "showAdvanced": false,
            "isDisabled": false,
            "customDisplayName": "Binner _Dictionary_",
            "dynamicInputPorts": true,
            "dynamicOutputPorts": true
        },
        {
            "operatorID": "Dummy-operator-8f04973e-0249-4286-b29c-f97b668b1c89",
            "operatorType": "Dummy",
            "operatorVersion": "",
            "operatorProperties": {
                "dummyPropertyList": [
                    {
                        "dummyProperty": "Source XML",
                        "dummyValue": "Omitted for license reasons"
                    }
                ]
            },
            "inputPorts": [
                {
                    "portID": "input-0",
                    "displayName": "",
                    "allowMultiInputs": true,
                    "isDynamicPort": true
                },
                {
                    "portID": "input-1",
                    "displayName": "",
                    "allowMultiInputs": true,
                    "isDynamicPort": true
                },
                {
                    "portID": "input-2",
                    "displayName": "",
                    "allowMultiInputs": true,
                    "isDynamicPort": true
                }
            ],
            "outputPorts": [
                {
                    "portID": "output-0",
                    "displayName": "",
                    "isDynamicPort": true,
                    "isBlocking": true
                },
                {
                    "portID": "output-1",
                    "displayName": "",
                    "isDynamicPort": true,
                    "isBlocking": true
                }
            ],
            "showAdvanced": false,
            "isDisabled": false,
            "customDisplayName": "Joiner",
            "dynamicInputPorts": true,
            "dynamicOutputPorts": true
        },
        {
            "operatorID": "Dummy-operator-768ab809-31f2-43ff-893b-16dcdfc3def3",
            "operatorType": "Dummy",
            "operatorVersion": "",
            "operatorProperties": {
                "dummyPropertyList": [
                    {
                        "dummyProperty": "Source XML",
                        "dummyValue": "Omitted for license reasons"
                    }
                ]
            },
            "inputPorts": [
                {
                    "portID": "input-0",
                    "displayName": "",
                    "allowMultiInputs": true,
                    "isDynamicPort": true
                },
                {
                    "portID": "input-1",
                    "displayName": "",
                    "allowMultiInputs": true,
                    "isDynamicPort": true
                }
            ],
            "outputPorts": [
                {
                    "portID": "output-0",
                    "displayName": "",
                    "isDynamicPort": true,
                    "isBlocking": false
                }
            ],
            "showAdvanced": false,
            "isDisabled": false,
            "customDisplayName": "Data to Report",
            "dynamicInputPorts": true,
            "dynamicOutputPorts": true
        },
        {
            "operatorID": "Dummy-operator-60217824-6708-4a9d-9b58-6738f8400db7",
            "operatorType": "Dummy",
            "operatorVersion": "",
            "operatorProperties": {
                "dummyPropertyList": [
                    {
                        "dummyProperty": "Source XML",
                        "dummyValue": "Omitted for license reasons"
                    }
                ]
            },
            "inputPorts": [
                {
                    "portID": "input-0",
                    "displayName": "",
                    "allowMultiInputs": true,
                    "isDynamicPort": true
                },
                {
                    "portID": "input-1",
                    "displayName": "",
                    "allowMultiInputs": true,
                    "isDynamicPort": true
                }
            ],
            "outputPorts": [
                {
                    "portID": "output-0",
                    "displayName": "",
                    "isDynamicPort": true,
                    "isBlocking": false
                }
            ],
            "showAdvanced": false,
            "isDisabled": false,
            "customDisplayName": "OSM Map View",
            "dynamicInputPorts": true,
            "dynamicOutputPorts": true
        },
        {
            "operatorID": "Dummy-operator-1ed29162-0893-4c31-88c6-3fc5c233b88c",
            "operatorType": "Dummy",
            "operatorVersion": "",
            "operatorProperties": {
                "dummyPropertyList": [
                    {
                        "dummyProperty": "Source XML",
                        "dummyValue": "Omitted for license reasons"
                    }
                ]
            },
            "inputPorts": [
                {
                    "portID": "input-0",
                    "displayName": "",
                    "allowMultiInputs": true,
                    "isDynamicPort": true
                },
                {
                    "portID": "input-1",
                    "displayName": "",
                    "allowMultiInputs": true,
                    "isDynamicPort": true
                }
            ],
            "outputPorts": [
                {
                    "portID": "output-0",
                    "displayName": "",
                    "isDynamicPort": true,
                    "isBlocking": false
                },
                {
                    "portID": "output-1",
                    "displayName": "",
                    "isDynamicPort": true,
                    "isBlocking": false
                },
                {
                    "portID": "output-2",
                    "displayName": "",
                    "isDynamicPort": true,
                    "isBlocking": false
                }
            ],
            "showAdvanced": false,
            "isDisabled": false,
            "customDisplayName": "OSM Map to Image",
            "dynamicInputPorts": true,
            "dynamicOutputPorts": true
        },
        {
            "operatorID": "Dummy-operator-787dd1ca-c8c5-4ec8-b170-590da94c88ca",
            "operatorType": "Dummy",
            "operatorVersion": "",
            "operatorProperties": {
                "dummyPropertyList": [
                    {
                        "dummyProperty": "Source XML",
                        "dummyValue": "Omitted for license reasons"
                    }
                ]
            },
            "inputPorts": [
                {
                    "portID": "input-0",
                    "displayName": "",
                    "allowMultiInputs": true,
                    "isDynamicPort": true
                },
                {
                    "portID": "input-1",
                    "displayName": "",
                    "allowMultiInputs": true,
                    "isDynamicPort": true
                }
            ],
            "outputPorts": [
                {
                    "portID": "output-0",
                    "displayName": "",
                    "isDynamicPort": true,
                    "isBlocking": false
                }
            ],
            "showAdvanced": false,
            "isDisabled": false,
            "customDisplayName": "Interactive Table",
            "dynamicInputPorts": true,
            "dynamicOutputPorts": true
        },
        {
            "operatorID": "Dummy-operator-4e5a4a7c-507f-4fce-891f-5095d800b598",
            "operatorType": "Dummy",
            "operatorVersion": "",
            "operatorProperties": {
                "dummyPropertyList": [
                    {
                        "dummyProperty": "Source XML",
                        "dummyValue": "Omitted for license reasons"
                    }
                ]
            },
            "inputPorts": [
                {
                    "portID": "input-0",
                    "displayName": "",
                    "allowMultiInputs": true,
                    "isDynamicPort": true
                },
                {
                    "portID": "input-1",
                    "displayName": "",
                    "allowMultiInputs": true,
                    "isDynamicPort": true
                }
            ],
            "outputPorts": [
                {
                    "portID": "output-0",
                    "displayName": "",
                    "isDynamicPort": true,
                    "isBlocking": false
                },
                {
                    "portID": "output-1",
                    "displayName": "",
                    "isDynamicPort": true,
                    "isBlocking": false
                }
            ],
            "showAdvanced": false,
            "isDisabled": false,
            "customDisplayName": "Image To Table",
            "dynamicInputPorts": true,
            "dynamicOutputPorts": true
        },
        {
            "operatorID": "Dummy-operator-2d8c5e3a-8e58-4947-96e7-bd7273fc1eef",
            "operatorType": "Dummy",
            "operatorVersion": "",
            "operatorProperties": {
                "dummyPropertyList": [
                    {
                        "dummyProperty": "Source XML",
                        "dummyValue": "Omitted for license reasons"
                    }
                ]
            },
            "inputPorts": [
                {
                    "portID": "input-0",
                    "displayName": "",
                    "allowMultiInputs": true,
                    "isDynamicPort": true
                },
                {
                    "portID": "input-1",
                    "displayName": "",
                    "allowMultiInputs": true,
                    "isDynamicPort": true
                }
            ],
            "outputPorts": [
                {
                    "portID": "output-0",
                    "displayName": "",
                    "isDynamicPort": true,
                    "isBlocking": false
                }
            ],
            "showAdvanced": false,
            "isDisabled": false,
            "customDisplayName": "Data to Report",
            "dynamicInputPorts": true,
            "dynamicOutputPorts": true
        },
        {
            "operatorID": "Dummy-operator-21116752-56a0-4ba9-9682-388df4892a65",
            "operatorType": "Dummy",
            "operatorVersion": "",
            "operatorProperties": {
                "dummyPropertyList": [
                    {
                        "dummyProperty": "Source XML",
                        "dummyValue": "Omitted for license reasons"
                    }
                ]
            },
            "inputPorts": [
                {
                    "portID": "input-0",
                    "displayName": "",
                    "allowMultiInputs": true,
                    "isDynamicPort": true
                },
                {
                    "portID": "input-1",
                    "displayName": "",
                    "allowMultiInputs": true,
                    "isDynamicPort": true
                }
            ],
            "outputPorts": [
                {
                    "portID": "output-0",
                    "displayName": "",
                    "isDynamicPort": true,
                    "isBlocking": false
                },
                {
                    "portID": "output-1",
                    "displayName": "",
                    "isDynamicPort": true,
                    "isBlocking": false
                }
            ],
            "showAdvanced": false,
            "isDisabled": false,
            "customDisplayName": "Database Connection Table Reader",
            "dynamicInputPorts": true,
            "dynamicOutputPorts": true
        },
        {
            "operatorID": "Dummy-operator-d4825153-6b82-4d61-a95a-a8e2c2afcac4",
            "operatorType": "Dummy",
            "operatorVersion": "",
            "operatorProperties": {
                "dummyPropertyList": [
                    {
                        "dummyProperty": "Source XML",
                        "dummyValue": "Omitted for license reasons"
                    }
                ]
            },
            "inputPorts": [
                {
                    "portID": "input-0",
                    "displayName": "",
                    "allowMultiInputs": true,
                    "isDynamicPort": true
                },
                {
                    "portID": "input-1",
                    "displayName": "",
                    "allowMultiInputs": true,
                    "isDynamicPort": true
                }
            ],
            "outputPorts": [
                {
                    "portID": "output-0",
                    "displayName": "",
                    "isDynamicPort": true,
                    "isBlocking": false
                },
                {
                    "portID": "output-1",
                    "displayName": "",
                    "isDynamicPort": true,
                    "isBlocking": false
                }
            ],
            "showAdvanced": false,
            "isDisabled": false,
            "customDisplayName": "RowID",
            "dynamicInputPorts": true,
            "dynamicOutputPorts": true
        },
        {
            "operatorID": "Dummy-operator-0036ca6c-03fe-4082-820e-ccaf2d5d5db5",
            "operatorType": "Dummy",
            "operatorVersion": "",
            "operatorProperties": {
                "dummyPropertyList": [
                    {
                        "dummyProperty": "Source XML",
                        "dummyValue": "Omitted for license reasons"
                    }
                ]
            },
            "inputPorts": [
                {
                    "portID": "input-0",
                    "displayName": "",
                    "allowMultiInputs": true,
                    "isDynamicPort": true
                }
            ],
            "outputPorts": [
                {
                    "portID": "output-0",
                    "displayName": "",
                    "isDynamicPort": true,
                    "isBlocking": false
                },
                {
                    "portID": "output-1",
                    "displayName": "",
                    "isDynamicPort": true,
                    "isBlocking": false
                }
            ],
            "showAdvanced": false,
            "isDisabled": false,
            "customDisplayName": "SQLite Connector",
            "dynamicInputPorts": true,
            "dynamicOutputPorts": true
        },
        {
            "operatorID": "Dummy-operator-6ec1a7f5-082c-4d0c-b629-623eb85304ef",
            "operatorType": "Dummy",
            "operatorVersion": "",
            "operatorProperties": {
                "dummyPropertyList": [
                    {
                        "dummyProperty": "Source XML",
                        "dummyValue": "Omitted for license reasons"
                    }
                ]
            },
            "inputPorts": [
                {
                    "portID": "input-0",
                    "displayName": "",
                    "allowMultiInputs": true,
                    "isDynamicPort": true
                },
                {
                    "portID": "input-1",
                    "displayName": "",
                    "allowMultiInputs": true,
                    "isDynamicPort": true
                }
            ],
            "outputPorts": [
                {
                    "portID": "output-0",
                    "displayName": "",
                    "isDynamicPort": true,
                    "isBlocking": false
                },
                {
                    "portID": "output-1",
                    "displayName": "",
                    "isDynamicPort": true,
                    "isBlocking": false
                }
            ],
            "showAdvanced": false,
            "isDisabled": false,
            "customDisplayName": "Database Table Selector",
            "dynamicInputPorts": true,
            "dynamicOutputPorts": true
        },
        {
            "operatorID": "Dummy-operator-ac0f3803-38ff-4096-a5a2-2112f9a6f0f8",
            "operatorType": "Dummy",
            "operatorVersion": "",
            "operatorProperties": {
                "dummyPropertyList": [
                    {
                        "dummyProperty": "Source XML",
                        "dummyValue": "Omitted for license reasons"
                    }
                ]
            },
            "inputPorts": [
                {
                    "portID": "input-0",
                    "displayName": "",
                    "allowMultiInputs": true,
                    "isDynamicPort": true
                },
                {
                    "portID": "input-1",
                    "displayName": "",
                    "allowMultiInputs": true,
                    "isDynamicPort": true
                }
            ],
            "outputPorts": [
                {
                    "portID": "output-0",
                    "displayName": "",
                    "isDynamicPort": true,
                    "isBlocking": false
                },
                {
                    "portID": "output-1",
                    "displayName": "",
                    "isDynamicPort": true,
                    "isBlocking": false
                }
            ],
            "showAdvanced": false,
            "isDisabled": false,
            "customDisplayName": "Math Formula",
            "dynamicInputPorts": true,
            "dynamicOutputPorts": true
        },
        {
            "operatorID": "Dummy-operator-0a6c7698-faa2-44bb-8e34-fb4eda5aad38",
            "operatorType": "Dummy",
            "operatorVersion": "",
            "operatorProperties": {
                "dummyPropertyList": [
                    {
                        "dummyProperty": "Source XML",
                        "dummyValue": "Omitted for license reasons"
                    }
                ]
            },
            "inputPorts": [
                {
                    "portID": "input-0",
                    "displayName": "",
                    "allowMultiInputs": true,
                    "isDynamicPort": true
                },
                {
                    "portID": "input-1",
                    "displayName": "",
                    "allowMultiInputs": true,
                    "isDynamicPort": true
                }
            ],
            "outputPorts": [
                {
                    "portID": "output-0",
                    "displayName": "",
                    "isDynamicPort": true,
                    "isBlocking": false
                },
                {
                    "portID": "output-1",
                    "displayName": "",
                    "isDynamicPort": true,
                    "isBlocking": false
                }
            ],
            "showAdvanced": false,
            "isDisabled": false,
            "customDisplayName": "Column Filter",
            "dynamicInputPorts": true,
            "dynamicOutputPorts": true
        },
        {
            "operatorID": "Dummy-operator-890a2aa2-7623-426f-827b-6af3bd0886e9",
            "operatorType": "Dummy",
            "operatorVersion": "",
            "operatorProperties": {
                "dummyPropertyList": [
                    {
                        "dummyProperty": "Source XML",
                        "dummyValue": "Omitted for license reasons"
                    }
                ]
            },
            "inputPorts": [
                {
                    "portID": "input-0",
                    "displayName": "",
                    "allowMultiInputs": true,
                    "isDynamicPort": true
                },
                {
                    "portID": "input-1",
                    "displayName": "",
                    "allowMultiInputs": true,
                    "isDynamicPort": true
                }
            ],
            "outputPorts": [
                {
                    "portID": "output-0",
                    "displayName": "",
                    "isDynamicPort": true,
                    "isBlocking": false
                },
                {
                    "portID": "output-1",
                    "displayName": "",
                    "isDynamicPort": true,
                    "isBlocking": false
                }
            ],
            "showAdvanced": false,
            "isDisabled": false,
            "customDisplayName": "Cell Splitter",
            "dynamicInputPorts": true,
            "dynamicOutputPorts": true
        },
        {
            "operatorID": "Dummy-operator-76a5d1c8-144a-4984-950b-a7313a6bd6bf",
            "operatorType": "Dummy",
            "operatorVersion": "",
            "operatorProperties": {
                "dummyPropertyList": [
                    {
                        "dummyProperty": "Source XML",
                        "dummyValue": "Omitted for license reasons"
                    }
                ]
            },
            "inputPorts": [
                {
                    "portID": "input-0",
                    "displayName": "",
                    "allowMultiInputs": true,
                    "isDynamicPort": true
                },
                {
                    "portID": "input-1",
                    "displayName": "",
                    "allowMultiInputs": true,
                    "isDynamicPort": true
                }
            ],
            "outputPorts": [
                {
                    "portID": "output-0",
                    "displayName": "",
                    "isDynamicPort": true,
                    "isBlocking": true
                },
                {
                    "portID": "output-1",
                    "displayName": "",
                    "isDynamicPort": true,
                    "isBlocking": true
                }
            ],
            "showAdvanced": false,
            "isDisabled": false,
            "customDisplayName": "GroupBy",
            "dynamicInputPorts": true,
            "dynamicOutputPorts": true
        },
        {
            "operatorID": "Dummy-operator-fe53691a-deb4-4923-8959-e9897bd09cf1",
            "operatorType": "Dummy",
            "operatorVersion": "",
            "operatorProperties": {
                "dummyPropertyList": [
                    {
                        "dummyProperty": "Source XML",
                        "dummyValue": "Omitted for license reasons"
                    }
                ]
            },
            "inputPorts": [
                {
                    "portID": "input-0",
                    "displayName": "",
                    "allowMultiInputs": true,
                    "isDynamicPort": true
                },
                {
                    "portID": "input-1",
                    "displayName": "",
                    "allowMultiInputs": true,
                    "isDynamicPort": true
                }
            ],
            "outputPorts": [
                {
                    "portID": "output-0",
                    "displayName": "",
                    "isDynamicPort": true,
                    "isBlocking": true
                },
                {
                    "portID": "output-1",
                    "displayName": "",
                    "isDynamicPort": true,
                    "isBlocking": true
                }
            ],
            "showAdvanced": false,
            "isDisabled": false,
            "customDisplayName": "Sorter",
            "dynamicInputPorts": true,
            "dynamicOutputPorts": true
        },
        {
            "operatorID": "Dummy-operator-7447d02d-e103-44a9-acde-c9848bdb98d2",
            "operatorType": "Dummy",
            "operatorVersion": "",
            "operatorProperties": {
                "dummyPropertyList": [
                    {
                        "dummyProperty": "Source XML",
                        "dummyValue": "Omitted for license reasons"
                    }
                ]
            },
            "inputPorts": [
                {
                    "portID": "input-0",
                    "displayName": "",
                    "allowMultiInputs": true,
                    "isDynamicPort": true
                },
                {
                    "portID": "input-1",
                    "displayName": "",
                    "allowMultiInputs": true,
                    "isDynamicPort": true
                }
            ],
            "outputPorts": [
                {
                    "portID": "output-0",
                    "displayName": "",
                    "isDynamicPort": true,
                    "isBlocking": false
                },
                {
                    "portID": "output-1",
                    "displayName": "",
                    "isDynamicPort": true,
                    "isBlocking": false
                },
                {
                    "portID": "output-2",
                    "displayName": "",
                    "isDynamicPort": true,
                    "isBlocking": false
                }
            ],
            "showAdvanced": false,
            "isDisabled": false,
            "customDisplayName": "Row Splitter",
            "dynamicInputPorts": true,
            "dynamicOutputPorts": true
        },
        {
            "operatorID": "Dummy-operator-09c4053c-4202-4c82-b977-8679f221b8ea",
            "operatorType": "Dummy",
            "operatorVersion": "",
            "operatorProperties": {
                "dummyPropertyList": [
                    {
                        "dummyProperty": "Source XML",
                        "dummyValue": "Omitted for license reasons"
                    }
                ]
            },
            "inputPorts": [
                {
                    "portID": "input-0",
                    "displayName": "",
                    "allowMultiInputs": true,
                    "isDynamicPort": true
                },
                {
                    "portID": "input-1",
                    "displayName": "",
                    "allowMultiInputs": true,
                    "isDynamicPort": true
                },
                {
                    "portID": "input-2",
                    "displayName": "",
                    "allowMultiInputs": true,
                    "isDynamicPort": true
                }
            ],
            "outputPorts": [
                {
                    "portID": "output-0",
                    "displayName": "",
                    "isDynamicPort": true,
                    "isBlocking": false
                },
                {
                    "portID": "output-1",
                    "displayName": "",
                    "isDynamicPort": true,
                    "isBlocking": false
                }
            ],
            "showAdvanced": false,
            "isDisabled": false,
            "customDisplayName": "Concatenate",
            "dynamicInputPorts": true,
            "dynamicOutputPorts": true
        },
        {
            "operatorID": "Dummy-operator-5dbd1fad-633e-4744-a833-fb75d56d6aa6",
            "operatorType": "Dummy",
            "operatorVersion": "",
            "operatorProperties": {
                "dummyPropertyList": [
                    {
                        "dummyProperty": "Source XML",
                        "dummyValue": "Omitted for license reasons"
                    }
                ]
            },
            "inputPorts": [
                {
                    "portID": "input-0",
                    "displayName": "",
                    "allowMultiInputs": true,
                    "isDynamicPort": true
                },
                {
                    "portID": "input-1",
                    "displayName": "",
                    "allowMultiInputs": true,
                    "isDynamicPort": true
                },
                {
                    "portID": "input-2",
                    "displayName": "",
                    "allowMultiInputs": true,
                    "isDynamicPort": true
                }
            ],
            "outputPorts": [
                {
                    "portID": "output-0",
                    "displayName": "",
                    "isDynamicPort": true,
                    "isBlocking": true
                },
                {
                    "portID": "output-1",
                    "displayName": "",
                    "isDynamicPort": true,
                    "isBlocking": true
                }
            ],
            "showAdvanced": false,
            "isDisabled": false,
            "customDisplayName": "Joiner",
            "dynamicInputPorts": true,
            "dynamicOutputPorts": true
        },
        {
            "operatorID": "Dummy-operator-74986c82-0776-46c7-a2f3-373faf9f2c39",
            "operatorType": "Dummy",
            "operatorVersion": "",
            "operatorProperties": {
                "dummyPropertyList": [
                    {
                        "dummyProperty": "Source XML",
                        "dummyValue": "Omitted for license reasons"
                    }
                ]
            },
            "inputPorts": [
                {
                    "portID": "input-0",
                    "displayName": "",
                    "allowMultiInputs": true,
                    "isDynamicPort": true
                },
                {
                    "portID": "input-1",
                    "displayName": "",
                    "allowMultiInputs": true,
                    "isDynamicPort": true
                }
            ],
            "outputPorts": [
                {
                    "portID": "output-0",
                    "displayName": "",
                    "isDynamicPort": true,
                    "isBlocking": true
                },
                {
                    "portID": "output-1",
                    "displayName": "",
                    "isDynamicPort": true,
                    "isBlocking": true
                }
            ],
            "showAdvanced": false,
            "isDisabled": false,
            "customDisplayName": "GroupBy",
            "dynamicInputPorts": true,
            "dynamicOutputPorts": true
        },
        {
            "operatorID": "Dummy-operator-393f7f28-6578-459c-82eb-b39d15a09857",
            "operatorType": "Dummy",
            "operatorVersion": "",
            "operatorProperties": {
                "dummyPropertyList": [
                    {
                        "dummyProperty": "Source XML",
                        "dummyValue": "Omitted for license reasons"
                    }
                ]
            },
            "inputPorts": [
                {
                    "portID": "input-0",
                    "displayName": "",
                    "allowMultiInputs": true,
                    "isDynamicPort": true
                }
            ],
            "outputPorts": [
                {
                    "portID": "output-0",
                    "displayName": "",
                    "isDynamicPort": true,
                    "isBlocking": true
                },
                {
                    "portID": "output-1",
                    "displayName": "",
                    "isDynamicPort": true,
                    "isBlocking": true
                }
            ],
            "showAdvanced": false,
            "isDisabled": false,
            "customDisplayName": "Table Creator",
            "dynamicInputPorts": true,
            "dynamicOutputPorts": true
        },
        {
            "operatorID": "Dummy-operator-14a77881-59de-4059-8d23-1e8aecf5a21a",
            "operatorType": "Dummy",
            "operatorVersion": "",
            "operatorProperties": {
                "dummyPropertyList": [
                    {
                        "dummyProperty": "Source XML",
                        "dummyValue": "Omitted for license reasons"
                    }
                ]
            },
            "inputPorts": [
                {
                    "portID": "input-0",
                    "displayName": "",
                    "allowMultiInputs": true,
                    "isDynamicPort": true
                },
                {
                    "portID": "input-1",
                    "displayName": "",
                    "allowMultiInputs": true,
                    "isDynamicPort": true
                }
            ],
            "outputPorts": [
                {
                    "portID": "output-0",
                    "displayName": "",
                    "isDynamicPort": true,
                    "isBlocking": false
                },
                {
                    "portID": "output-1",
                    "displayName": "",
                    "isDynamicPort": true,
                    "isBlocking": false
                }
            ],
            "showAdvanced": false,
            "isDisabled": false,
            "customDisplayName": "Constant Value Column",
            "dynamicInputPorts": true,
            "dynamicOutputPorts": true
        },
        {
            "operatorID": "Dummy-operator-29d892b2-e6d3-4acf-a3c3-817003cb5734",
            "operatorType": "Dummy",
            "operatorVersion": "",
            "operatorProperties": {
                "dummyPropertyList": [
                    {
                        "dummyProperty": "Source XML",
                        "dummyValue": "Omitted for license reasons"
                    }
                ]
            },
            "inputPorts": [
                {
                    "portID": "input-0",
                    "displayName": "",
                    "allowMultiInputs": true,
                    "isDynamicPort": true
                },
                {
                    "portID": "input-1",
                    "displayName": "",
                    "allowMultiInputs": true,
                    "isDynamicPort": true
                }
            ],
            "outputPorts": [
                {
                    "portID": "output-0",
                    "displayName": "",
                    "isDynamicPort": true,
                    "isBlocking": true
                },
                {
                    "portID": "output-1",
                    "displayName": "",
                    "isDynamicPort": true,
                    "isBlocking": true
                }
            ],
            "showAdvanced": false,
            "isDisabled": false,
            "customDisplayName": "GroupBy",
            "dynamicInputPorts": true,
            "dynamicOutputPorts": true
        },
        {
            "operatorID": "Dummy-operator-46823aba-20df-416d-bde2-796978fc4212",
            "operatorType": "Dummy",
            "operatorVersion": "",
            "operatorProperties": {
                "dummyPropertyList": [
                    {
                        "dummyProperty": "Source XML",
                        "dummyValue": "Omitted for license reasons"
                    }
                ]
            },
            "inputPorts": [
                {
                    "portID": "input-0",
                    "displayName": "",
                    "allowMultiInputs": true,
                    "isDynamicPort": true
                },
                {
                    "portID": "input-1",
                    "displayName": "",
                    "allowMultiInputs": true,
                    "isDynamicPort": true
                }
            ],
            "outputPorts": [
                {
                    "portID": "output-0",
                    "displayName": "",
                    "isDynamicPort": true,
                    "isBlocking": true
                },
                {
                    "portID": "output-1",
                    "displayName": "",
                    "isDynamicPort": true,
                    "isBlocking": true
                }
            ],
            "showAdvanced": false,
            "isDisabled": false,
            "customDisplayName": "Sorter",
            "dynamicInputPorts": true,
            "dynamicOutputPorts": true
        },
        {
            "operatorID": "Dummy-operator-126c96a6-2ef0-400a-aa7b-9651753df1b5",
            "operatorType": "Dummy",
            "operatorVersion": "",
            "operatorProperties": {
                "dummyPropertyList": [
                    {
                        "dummyProperty": "Source XML",
                        "dummyValue": "Omitted for license reasons"
                    }
                ]
            },
            "inputPorts": [
                {
                    "portID": "input-0",
                    "displayName": "",
                    "allowMultiInputs": true,
                    "isDynamicPort": true
                },
                {
                    "portID": "input-1",
                    "displayName": "",
                    "allowMultiInputs": true,
                    "isDynamicPort": true
                }
            ],
            "outputPorts": [
                {
                    "portID": "output-0",
                    "displayName": "",
                    "isDynamicPort": true,
                    "isBlocking": false
                },
                {
                    "portID": "output-1",
                    "displayName": "",
                    "isDynamicPort": true,
                    "isBlocking": false
                },
                {
                    "portID": "output-2",
                    "displayName": "",
                    "isDynamicPort": true,
                    "isBlocking": false
                }
            ],
            "showAdvanced": false,
            "isDisabled": false,
            "customDisplayName": "Size Manager",
            "dynamicInputPorts": true,
            "dynamicOutputPorts": true
        },
        {
            "operatorID": "Dummy-operator-b86e2d30-9d9c-4acd-a1d7-d651f7323b1f",
            "operatorType": "Dummy",
            "operatorVersion": "",
            "operatorProperties": {
                "dummyPropertyList": [
                    {
                        "dummyProperty": "Source XML",
                        "dummyValue": "Omitted for license reasons"
                    }
                ]
            },
            "inputPorts": [
                {
                    "portID": "input-0",
                    "displayName": "",
                    "allowMultiInputs": true,
                    "isDynamicPort": true
                },
                {
                    "portID": "input-1",
                    "displayName": "",
                    "allowMultiInputs": true,
                    "isDynamicPort": true
                }
            ],
            "outputPorts": [
                {
                    "portID": "output-0",
                    "displayName": "",
                    "isDynamicPort": true,
                    "isBlocking": false
                },
                {
                    "portID": "output-1",
                    "displayName": "",
                    "isDynamicPort": true,
                    "isBlocking": false
                },
                {
                    "portID": "output-2",
                    "displayName": "",
                    "isDynamicPort": true,
                    "isBlocking": false
                }
            ],
            "showAdvanced": false,
            "isDisabled": false,
            "customDisplayName": "Shape Manager",
            "dynamicInputPorts": true,
            "dynamicOutputPorts": true
        },
        {
            "operatorID": "Dummy-operator-5859ce80-508b-4fd7-b91f-2c0bebcd9c59",
            "operatorType": "Dummy",
            "operatorVersion": "",
            "operatorProperties": {
                "dummyPropertyList": [
                    {
                        "dummyProperty": "Source XML",
                        "dummyValue": "Omitted for license reasons"
                    }
                ]
            },
            "inputPorts": [
                {
                    "portID": "input-0",
                    "displayName": "",
                    "allowMultiInputs": true,
                    "isDynamicPort": true
                },
                {
                    "portID": "input-1",
                    "displayName": "",
                    "allowMultiInputs": true,
                    "isDynamicPort": true
                }
            ],
            "outputPorts": [
                {
                    "portID": "output-0",
                    "displayName": "",
                    "isDynamicPort": true,
                    "isBlocking": false
                },
                {
                    "portID": "output-1",
                    "displayName": "",
                    "isDynamicPort": true,
                    "isBlocking": false
                },
                {
                    "portID": "output-2",
                    "displayName": "",
                    "isDynamicPort": true,
                    "isBlocking": false
                }
            ],
            "showAdvanced": false,
            "isDisabled": false,
            "customDisplayName": "Color Manager",
            "dynamicInputPorts": true,
            "dynamicOutputPorts": true
        },
        {
            "operatorID": "Dummy-operator-d3e8bc5a-bc8d-4dc6-aae3-aa192650b5da",
            "operatorType": "Dummy",
            "operatorVersion": "",
            "operatorProperties": {
                "dummyPropertyList": [
                    {
                        "dummyProperty": "Source XML",
                        "dummyValue": "Omitted for license reasons"
                    }
                ]
            },
            "inputPorts": [
                {
                    "portID": "input-0",
                    "displayName": "",
                    "allowMultiInputs": true,
                    "isDynamicPort": true
                },
                {
                    "portID": "input-1",
                    "displayName": "",
                    "allowMultiInputs": true,
                    "isDynamicPort": true
                }
            ],
            "outputPorts": [
                {
                    "portID": "output-0",
                    "displayName": "",
                    "isDynamicPort": true,
                    "isBlocking": false
                },
                {
                    "portID": "output-1",
                    "displayName": "",
                    "isDynamicPort": true,
                    "isBlocking": false
                }
            ],
            "showAdvanced": false,
            "isDisabled": false,
            "customDisplayName": "Constant Value Column",
            "dynamicInputPorts": true,
            "dynamicOutputPorts": true
        },
        {
            "operatorID": "Dummy-operator-6d78257b-ef0b-470e-89d5-69994540ad46",
            "operatorType": "Dummy",
            "operatorVersion": "",
            "operatorProperties": {
                "dummyPropertyList": [
                    {
                        "dummyProperty": "Source XML",
                        "dummyValue": "Omitted for license reasons"
                    }
                ]
            },
            "inputPorts": [
                {
                    "portID": "input-0",
                    "displayName": "",
                    "allowMultiInputs": true,
                    "isDynamicPort": true
                },
                {
                    "portID": "input-1",
                    "displayName": "",
                    "allowMultiInputs": true,
                    "isDynamicPort": true
                }
            ],
            "outputPorts": [
                {
                    "portID": "output-0",
                    "displayName": "",
                    "isDynamicPort": true,
                    "isBlocking": false
                },
                {
                    "portID": "output-1",
                    "displayName": "",
                    "isDynamicPort": true,
                    "isBlocking": false
                }
            ],
            "showAdvanced": false,
            "isDisabled": false,
            "customDisplayName": "JavaScript Pie_Donut Chart",
            "dynamicInputPorts": true,
            "dynamicOutputPorts": true
        }
    ],
    "operatorPositions": {
        "Dummy-operator-a1830c10-17f8-4916-b90b-a5c9e293b9ce": {
            "x": 44.0,
            "y": 417.0
        },
        "Dummy-operator-e2a03469-8036-46ae-ba07-7fe71292a2a3": {
            "x": 144.0,
            "y": 417.0
        },
        "Dummy-operator-84daf53f-cf6c-42de-a671-cb060be73df3": {
            "x": 244.0,
            "y": 417.0
        },
        "Dummy-operator-818ee43e-668a-4eda-8e6c-2fda8aeab856": {
            "x": 324.0,
            "y": 417.0
        },
        "Dummy-operator-b24986cf-fc59-452a-b37b-37f31d51e15d": {
            "x": 524.0,
            "y": 417.0
        },
        "Dummy-operator-8f04973e-0249-4286-b29c-f97b668b1c89": {
            "x": 624.0,
            "y": 417.0
        },
        "Dummy-operator-768ab809-31f2-43ff-893b-16dcdfc3def3": {
            "x": 1004.0,
            "y": 297.0
        },
        "Dummy-operator-60217824-6708-4a9d-9b58-6738f8400db7": {
            "x": 804.0,
            "y": 617.0
        },
        "Dummy-operator-1ed29162-0893-4c31-88c6-3fc5c233b88c": {
            "x": 804.0,
            "y": 417.0
        },
        "Dummy-operator-787dd1ca-c8c5-4ec8-b170-590da94c88ca": {
            "x": 804.0,
            "y": 517.0
        },
        "Dummy-operator-4e5a4a7c-507f-4fce-891f-5095d800b598": {
            "x": 904.0,
            "y": 417.0
        },
        "Dummy-operator-2d8c5e3a-8e58-4947-96e7-bd7273fc1eef": {
            "x": 1004.0,
            "y": 417.0
        },
        "Dummy-operator-21116752-56a0-4ba9-9682-388df4892a65": {
            "x": 284.0,
            "y": 197.0
        },
        "Dummy-operator-d4825153-6b82-4d61-a95a-a8e2c2afcac4": {
            "x": 384.0,
            "y": 197.0
        },
        "Dummy-operator-0036ca6c-03fe-4082-820e-ccaf2d5d5db5": {
            "x": 44.0,
            "y": 197.0
        },
        "Dummy-operator-6ec1a7f5-082c-4d0c-b629-623eb85304ef": {
            "x": 164.0,
            "y": 197.0
        },
        "Dummy-operator-ac0f3803-38ff-4096-a5a2-2112f9a6f0f8": {
            "x": 224.0,
            "y": 337.0
        },
        "Dummy-operator-0a6c7698-faa2-44bb-8e34-fb4eda5aad38": {
            "x": 324.0,
            "y": 337.0
        },
        "Dummy-operator-890a2aa2-7623-426f-827b-6af3bd0886e9": {
            "x": 144.0,
            "y": 337.0
        },
        "Dummy-operator-76a5d1c8-144a-4984-950b-a7313a6bd6bf": {
            "x": 150.0,
            "y": 120.0
        },
        "Dummy-operator-fe53691a-deb4-4923-8959-e9897bd09cf1": {
            "x": 250.0,
            "y": 120.0
        },
        "Dummy-operator-7447d02d-e103-44a9-acde-c9848bdb98d2": {
            "x": 350.0,
            "y": 120.0
        },
        "Dummy-operator-09c4053c-4202-4c82-b977-8679f221b8ea": {
            "x": 630.0,
            "y": 120.0
        },
        "Dummy-operator-5dbd1fad-633e-4744-a833-fb75d56d6aa6": {
            "x": 750.0,
            "y": 140.0
        },
        "Dummy-operator-74986c82-0776-46c7-a2f3-373faf9f2c39": {
            "x": 450.0,
            "y": 180.0
        },
        "Dummy-operator-393f7f28-6578-459c-82eb-b39d15a09857": {
            "x": 670.0,
            "y": 220.0
        },
        "Dummy-operator-14a77881-59de-4059-8d23-1e8aecf5a21a": {
            "x": 550.0,
            "y": 180.0
        },
        "Dummy-operator-29d892b2-e6d3-4acf-a3c3-817003cb5734": {
            "x": 150.0,
            "y": 120.0
        },
        "Dummy-operator-46823aba-20df-416d-bde2-796978fc4212": {
            "x": 270.0,
            "y": 120.0
        },
        "Dummy-operator-126c96a6-2ef0-400a-aa7b-9651753df1b5": {
            "x": 470.0,
            "y": 120.0
        },
        "Dummy-operator-b86e2d30-9d9c-4acd-a1d7-d651f7323b1f": {
            "x": 570.0,
            "y": 120.0
        },
        "Dummy-operator-5859ce80-508b-4fd7-b91f-2c0bebcd9c59": {
            "x": 670.0,
            "y": 120.0
        },
        "Dummy-operator-d3e8bc5a-bc8d-4dc6-aae3-aa192650b5da": {
            "x": 370.0,
            "y": 120.0
        },
        "Dummy-operator-6d78257b-ef0b-470e-89d5-69994540ad46": {
            "x": 804.0,
            "y": 217.0
        }
    },
    "links": [
        {
            "linkID": "link-f106b4c8-9c85-40db-b191-aac7d024214f",
            "source": {
                "operatorID": "Dummy-operator-21116752-56a0-4ba9-9682-388df4892a65",
                "portID": "output-1"
            },
            "target": {
                "operatorID": "Dummy-operator-d4825153-6b82-4d61-a95a-a8e2c2afcac4",
                "portID": "input-1"
            }
        },
        {
            "linkID": "link-0c496213-5d2c-477a-aa51-0156ddab329f",
            "source": {
                "operatorID": "Dummy-operator-0036ca6c-03fe-4082-820e-ccaf2d5d5db5",
                "portID": "output-1"
            },
            "target": {
                "operatorID": "Dummy-operator-6ec1a7f5-082c-4d0c-b629-623eb85304ef",
                "portID": "input-1"
            }
        },
        {
            "linkID": "link-f48a39e8-dd4a-4bd4-876e-f6ace83fa643",
            "source": {
                "operatorID": "Dummy-operator-6ec1a7f5-082c-4d0c-b629-623eb85304ef",
                "portID": "output-1"
            },
            "target": {
                "operatorID": "Dummy-operator-21116752-56a0-4ba9-9682-388df4892a65",
                "portID": "input-1"
            }
        },
        {
            "linkID": "link-54f50b08-f642-4273-889c-d07b9d45c725",
            "source": {
                "operatorID": "Dummy-operator-ac0f3803-38ff-4096-a5a2-2112f9a6f0f8",
                "portID": "output-1"
            },
            "target": {
                "operatorID": "Dummy-operator-0a6c7698-faa2-44bb-8e34-fb4eda5aad38",
                "portID": "input-1"
            }
        },
        {
            "linkID": "link-08ae3361-709c-4868-a0fc-1ca1f3537386",
            "source": {
                "operatorID": "Dummy-operator-890a2aa2-7623-426f-827b-6af3bd0886e9",
                "portID": "output-1"
            },
            "target": {
                "operatorID": "Dummy-operator-ac0f3803-38ff-4096-a5a2-2112f9a6f0f8",
                "portID": "input-1"
            }
        },
        {
            "linkID": "link-209a6b8a-6907-4afd-814d-2249320c304f",
            "source": {
                "operatorID": "Dummy-operator-76a5d1c8-144a-4984-950b-a7313a6bd6bf",
                "portID": "output-1"
            },
            "target": {
                "operatorID": "Dummy-operator-fe53691a-deb4-4923-8959-e9897bd09cf1",
                "portID": "input-1"
            }
        },
        {
            "linkID": "link-0cc357f6-531d-4e02-bb91-900e337b72c8",
            "source": {
                "operatorID": "Dummy-operator-fe53691a-deb4-4923-8959-e9897bd09cf1",
                "portID": "output-1"
            },
            "target": {
                "operatorID": "Dummy-operator-7447d02d-e103-44a9-acde-c9848bdb98d2",
                "portID": "input-1"
            }
        },
        {
            "linkID": "link-f73b41b8-d850-4fcf-8fa8-d45f5550b40b",
            "source": {
                "operatorID": "Dummy-operator-7447d02d-e103-44a9-acde-c9848bdb98d2",
                "portID": "output-1"
            },
            "target": {
                "operatorID": "Dummy-operator-09c4053c-4202-4c82-b977-8679f221b8ea",
                "portID": "input-1"
            }
        },
        {
            "linkID": "link-2eec233e-46b6-4dc7-839d-21238f0d70bd",
            "source": {
                "operatorID": "Dummy-operator-7447d02d-e103-44a9-acde-c9848bdb98d2",
                "portID": "output-2"
            },
            "target": {
                "operatorID": "Dummy-operator-74986c82-0776-46c7-a2f3-373faf9f2c39",
                "portID": "input-1"
            }
        },
        {
            "linkID": "link-3299ecf5-a04b-4c28-a25d-9c3efe287b8f",
            "source": {
                "operatorID": "Dummy-operator-09c4053c-4202-4c82-b977-8679f221b8ea",
                "portID": "output-1"
            },
            "target": {
                "operatorID": "Dummy-operator-5dbd1fad-633e-4744-a833-fb75d56d6aa6",
                "portID": "input-1"
            }
        },
        {
            "linkID": "link-89e00bef-60ff-451c-9efd-8340c763aa5f",
            "source": {
                "operatorID": "Dummy-operator-74986c82-0776-46c7-a2f3-373faf9f2c39",
                "portID": "output-1"
            },
            "target": {
                "operatorID": "Dummy-operator-14a77881-59de-4059-8d23-1e8aecf5a21a",
                "portID": "input-1"
            }
        },
        {
            "linkID": "link-3809ffbf-65db-4384-bf00-5de86a00b400",
            "source": {
                "operatorID": "Dummy-operator-393f7f28-6578-459c-82eb-b39d15a09857",
                "portID": "output-1"
            },
            "target": {
                "operatorID": "Dummy-operator-5dbd1fad-633e-4744-a833-fb75d56d6aa6",
                "portID": "input-2"
            }
        },
        {
            "linkID": "link-b6123a45-81a2-4a9e-a571-6dcc32375265",
            "source": {
                "operatorID": "Dummy-operator-14a77881-59de-4059-8d23-1e8aecf5a21a",
                "portID": "output-1"
            },
            "target": {
                "operatorID": "Dummy-operator-09c4053c-4202-4c82-b977-8679f221b8ea",
                "portID": "input-2"
            }
        },
        {
            "linkID": "link-f4158d4b-0d93-4021-9b4f-e5d701e85178",
            "source": {
                "operatorID": "Dummy-operator-29d892b2-e6d3-4acf-a3c3-817003cb5734",
                "portID": "output-1"
            },
            "target": {
                "operatorID": "Dummy-operator-46823aba-20df-416d-bde2-796978fc4212",
                "portID": "input-1"
            }
        },
        {
            "linkID": "link-0da75a69-c096-4e34-8d42-f71f994a39f4",
            "source": {
                "operatorID": "Dummy-operator-46823aba-20df-416d-bde2-796978fc4212",
                "portID": "output-1"
            },
            "target": {
                "operatorID": "Dummy-operator-d3e8bc5a-bc8d-4dc6-aae3-aa192650b5da",
                "portID": "input-1"
            }
        },
        {
            "linkID": "link-0dc8d6b6-eb04-4280-a8a9-fd590eeee4e3",
            "source": {
                "operatorID": "Dummy-operator-126c96a6-2ef0-400a-aa7b-9651753df1b5",
                "portID": "output-1"
            },
            "target": {
                "operatorID": "Dummy-operator-b86e2d30-9d9c-4acd-a1d7-d651f7323b1f",
                "portID": "input-1"
            }
        },
        {
            "linkID": "link-fc825444-225b-4be4-8092-3c0a7233f755",
            "source": {
                "operatorID": "Dummy-operator-b86e2d30-9d9c-4acd-a1d7-d651f7323b1f",
                "portID": "output-1"
            },
            "target": {
                "operatorID": "Dummy-operator-5859ce80-508b-4fd7-b91f-2c0bebcd9c59",
                "portID": "input-1"
            }
        },
        {
            "linkID": "link-4331b2e3-0256-41c8-b55b-1ab45ce9c5f2",
            "source": {
                "operatorID": "Dummy-operator-d3e8bc5a-bc8d-4dc6-aae3-aa192650b5da",
                "portID": "output-1"
            },
            "target": {
                "operatorID": "Dummy-operator-126c96a6-2ef0-400a-aa7b-9651753df1b5",
                "portID": "input-1"
            }
        },
        {
            "linkID": "link-8b454256-bf6c-40b5-b440-c5f17c882807",
            "source": {
                "operatorID": "Dummy-operator-a1830c10-17f8-4916-b90b-a5c9e293b9ce",
                "portID": "output-1"
            },
            "target": {
                "operatorID": "Dummy-operator-e2a03469-8036-46ae-ba07-7fe71292a2a3",
                "portID": "input-1"
            }
        },
        {
            "linkID": "link-69f47941-1e9b-4dda-84c6-d75d194ed03d",
            "source": {
                "operatorID": "Dummy-operator-e2a03469-8036-46ae-ba07-7fe71292a2a3",
                "portID": "output-1"
            },
            "target": {
                "operatorID": "Dummy-operator-84daf53f-cf6c-42de-a671-cb060be73df3",
                "portID": "input-1"
            }
        },
        {
            "linkID": "link-8c4e2fdc-55d4-4f4e-864f-96aff0b47d71",
            "source": {
                "operatorID": "Dummy-operator-84daf53f-cf6c-42de-a671-cb060be73df3",
                "portID": "output-1"
            },
            "target": {
                "operatorID": "Dummy-operator-818ee43e-668a-4eda-8e6c-2fda8aeab856",
                "portID": "input-1"
            }
        },
        {
            "linkID": "link-e34b9fb6-b463-43ae-abf0-5ca4fedccaa2",
            "source": {
                "operatorID": "Dummy-operator-818ee43e-668a-4eda-8e6c-2fda8aeab856",
                "portID": "output-1"
            },
            "target": {
                "operatorID": "Dummy-operator-890a2aa2-7623-426f-827b-6af3bd0886e9",
                "portID": "input-1"
            }
        },
        {
            "linkID": "link-518b0b60-1a6c-47eb-a013-8531b05da627",
            "source": {
                "operatorID": "Dummy-operator-b24986cf-fc59-452a-b37b-37f31d51e15d",
                "portID": "output-1"
            },
            "target": {
                "operatorID": "Dummy-operator-8f04973e-0249-4286-b29c-f97b668b1c89",
                "portID": "input-2"
            }
        },
        {
            "linkID": "link-9ce34d87-15d6-48b4-a80f-40c209fb54ba",
            "source": {
                "operatorID": "Dummy-operator-8f04973e-0249-4286-b29c-f97b668b1c89",
                "portID": "output-1"
            },
            "target": {
                "operatorID": "Dummy-operator-29d892b2-e6d3-4acf-a3c3-817003cb5734",
                "portID": "input-1"
            }
        },
        {
            "linkID": "link-feb656ec-50d4-4a64-a337-3ebea9326a0c",
            "source": {
                "operatorID": "Dummy-operator-8f04973e-0249-4286-b29c-f97b668b1c89",
                "portID": "output-1"
            },
            "target": {
                "operatorID": "Dummy-operator-76a5d1c8-144a-4984-950b-a7313a6bd6bf",
                "portID": "input-1"
            }
        },
        {
            "linkID": "link-7a188f62-7506-413e-9f54-03fe34d64cfe",
            "source": {
                "operatorID": "Dummy-operator-1ed29162-0893-4c31-88c6-3fc5c233b88c",
                "portID": "output-1"
            },
            "target": {
                "operatorID": "Dummy-operator-4e5a4a7c-507f-4fce-891f-5095d800b598",
                "portID": "input-1"
            }
        },
        {
            "linkID": "link-9f5b9929-a2e8-49c9-b6ca-2050fded4580",
            "source": {
                "operatorID": "Dummy-operator-4e5a4a7c-507f-4fce-891f-5095d800b598",
                "portID": "output-1"
            },
            "target": {
                "operatorID": "Dummy-operator-2d8c5e3a-8e58-4947-96e7-bd7273fc1eef",
                "portID": "input-1"
            }
        },
        {
            "linkID": "link-fc4ebf20-2bc0-426e-82ae-ef61bc37a8bc",
            "source": {
                "operatorID": "Dummy-operator-d4825153-6b82-4d61-a95a-a8e2c2afcac4",
                "portID": "output-1"
            },
            "target": {
                "operatorID": "Dummy-operator-b24986cf-fc59-452a-b37b-37f31d51e15d",
                "portID": "input-2"
            }
        },
        {
            "linkID": "link-24bb4c01-f40b-4a13-bac8-8b5676680aa0",
            "source": {
                "operatorID": "Dummy-operator-d4825153-6b82-4d61-a95a-a8e2c2afcac4",
                "portID": "output-1"
            },
            "target": {
                "operatorID": "Dummy-operator-8f04973e-0249-4286-b29c-f97b668b1c89",
                "portID": "input-1"
            }
        },
        {
            "linkID": "link-e66fe21e-4ba8-426e-b9ab-0e53170c5940",
            "source": {
                "operatorID": "Dummy-operator-0a6c7698-faa2-44bb-8e34-fb4eda5aad38",
                "portID": "output-1"
            },
            "target": {
                "operatorID": "Dummy-operator-b24986cf-fc59-452a-b37b-37f31d51e15d",
                "portID": "input-1"
            }
        },
        {
            "linkID": "link-a3541a9e-7c1b-4ef8-990d-f56af085f224",
            "source": {
                "operatorID": "Dummy-operator-5dbd1fad-633e-4744-a833-fb75d56d6aa6",
                "portID": "output-1"
            },
            "target": {
                "operatorID": "Dummy-operator-6d78257b-ef0b-470e-89d5-69994540ad46",
                "portID": "input-1"
            }
        },
        {
            "linkID": "link-d924cf10-a134-4197-ad4b-b07e36137fb0",
            "source": {
                "operatorID": "Dummy-operator-5dbd1fad-633e-4744-a833-fb75d56d6aa6",
                "portID": "output-1"
            },
            "target": {
                "operatorID": "Dummy-operator-768ab809-31f2-43ff-893b-16dcdfc3def3",
                "portID": "input-1"
            }
        },
        {
            "linkID": "link-90222bf1-d91d-4b0b-83ea-7c726f19316b",
            "source": {
                "operatorID": "Dummy-operator-5859ce80-508b-4fd7-b91f-2c0bebcd9c59",
                "portID": "output-1"
            },
            "target": {
                "operatorID": "Dummy-operator-787dd1ca-c8c5-4ec8-b170-590da94c88ca",
                "portID": "input-1"
            }
        },
        {
            "linkID": "link-7a06789d-8aaa-44ee-b9fc-734611f82987",
            "source": {
                "operatorID": "Dummy-operator-5859ce80-508b-4fd7-b91f-2c0bebcd9c59",
                "portID": "output-1"
            },
            "target": {
                "operatorID": "Dummy-operator-1ed29162-0893-4c31-88c6-3fc5c233b88c",
                "portID": "input-1"
            }
        },
        {
            "linkID": "link-96e7e29c-bb10-4540-844b-e5846f237bad",
            "source": {
                "operatorID": "Dummy-operator-5859ce80-508b-4fd7-b91f-2c0bebcd9c59",
                "portID": "output-1"
            },
            "target": {
                "operatorID": "Dummy-operator-60217824-6708-4a9d-9b58-6738f8400db7",
                "portID": "input-1"
            }
        }
    ],
    "groups": [],
    "breakpoints": {},
    "commentBoxes": [
        {
            "commentBoxID": "commentBox-13a4f79a-5d33-4e8e-8a60-65a793c4cb62",
            "comments": [
                {
                    "content": "https://hub.knime.com/knime/extensions/org.knime.features.base/latest/org.knime.base.node.io.filehandling.csv.reader.CSVTableReaderNodeFactory",
                    "creatorName": "Bot",
                    "createorID": 1,
                    "creationTime": "2024-03-08T10:36:49.883Z"
                }
            ],
            "commentBoxPosition": {
                "x": 104.0,
                "y": 447.0
            }
        },
        {
            "commentBoxID": "commentBox-6dab65b5-ff2f-4f15-ba72-950c510eed4c",
            "comments": [
                {
                    "content": "https://hub.knime.com/knime/extensions/org.knime.features.base/latest/org.knime.base.node.io.filehandling.csv.reader.CSVTableReaderNodeFactory",
                    "creatorName": "Bot",
                    "createorID": 1,
                    "creationTime": "2024-03-08T10:36:49.883Z"
                }
            ],
            "commentBoxPosition": {
                "x": 204.0,
                "y": 447.0
            }
        },
        {
            "commentBoxID": "commentBox-97fdf7f9-39e2-4102-bdd3-3b7b80b4c3ac",
            "comments": [
                {
                    "content": "https://hub.knime.com/knime/extensions/org.knime.features.base/latest/org.knime.base.node.io.filehandling.csv.reader.CSVTableReaderNodeFactory",
                    "creatorName": "Bot",
                    "createorID": 1,
                    "creationTime": "2024-03-08T10:36:49.883Z"
                }
            ],
            "commentBoxPosition": {
                "x": 304.0,
                "y": 447.0
            }
        },
        {
            "commentBoxID": "commentBox-6d3bf804-e5c8-4db8-a75d-ae40efacd914",
            "comments": [
                {
                    "content": "https://hub.knime.com/knime/extensions/org.knime.features.base/latest/org.knime.base.node.io.filehandling.csv.reader.CSVTableReaderNodeFactory",
                    "creatorName": "Bot",
                    "createorID": 1,
                    "creationTime": "2024-03-08T10:36:49.883Z"
                }
            ],
            "commentBoxPosition": {
                "x": 384.0,
                "y": 447.0
            }
        },
        {
            "commentBoxID": "commentBox-55a3a16b-5dc5-4944-8440-ad05cd8f4b31",
            "comments": [
                {
                    "content": "https://hub.knime.com/knime/extensions/org.knime.features.base/latest/org.knime.base.node.io.filehandling.csv.reader.CSVTableReaderNodeFactory",
                    "creatorName": "Bot",
                    "createorID": 1,
                    "creationTime": "2024-03-08T10:36:49.883Z"
                }
            ],
            "commentBoxPosition": {
                "x": 584.0,
                "y": 447.0
            }
        },
        {
            "commentBoxID": "commentBox-665cff70-6df7-40c2-b410-f27407952065",
            "comments": [
                {
                    "content": "https://hub.knime.com/knime/extensions/org.knime.features.base/latest/org.knime.base.node.io.filehandling.csv.reader.CSVTableReaderNodeFactory",
                    "creatorName": "Bot",
                    "createorID": 1,
                    "creationTime": "2024-03-08T10:36:49.883Z"
                }
            ],
            "commentBoxPosition": {
                "x": 684.0,
                "y": 447.0
            }
        },
        {
            "commentBoxID": "commentBox-27139544-1ba3-4bb9-bad8-eec38070f89d",
            "comments": [
                {
                    "content": "https://hub.knime.com/knime/extensions/org.knime.features.base/latest/org.knime.base.node.io.filehandling.csv.reader.CSVTableReaderNodeFactory",
                    "creatorName": "Bot",
                    "createorID": 1,
                    "creationTime": "2024-03-08T10:36:49.883Z"
                }
            ],
            "commentBoxPosition": {
                "x": 1064.0,
                "y": 327.0
            }
        },
        {
            "commentBoxID": "commentBox-7be6345f-3e30-48e6-8124-cedd95400918",
            "comments": [
                {
                    "content": "https://hub.knime.com/knime/extensions/org.knime.features.base/latest/org.knime.base.node.io.filehandling.csv.reader.CSVTableReaderNodeFactory",
                    "creatorName": "Bot",
                    "createorID": 1,
                    "creationTime": "2024-03-08T10:36:49.883Z"
                }
            ],
            "commentBoxPosition": {
                "x": 864.0,
                "y": 647.0
            }
        },
        {
            "commentBoxID": "commentBox-6de2d60f-567c-4f63-bfda-5908878492af",
            "comments": [
                {
                    "content": "https://hub.knime.com/knime/extensions/org.knime.features.base/latest/org.knime.base.node.io.filehandling.csv.reader.CSVTableReaderNodeFactory",
                    "creatorName": "Bot",
                    "createorID": 1,
                    "creationTime": "2024-03-08T10:36:49.883Z"
                }
            ],
            "commentBoxPosition": {
                "x": 864.0,
                "y": 447.0
            }
        },
        {
            "commentBoxID": "commentBox-73d5ca12-aa12-465a-9824-600522f1c586",
            "comments": [
                {
                    "content": "https://hub.knime.com/knime/extensions/org.knime.features.base/latest/org.knime.base.node.io.filehandling.csv.reader.CSVTableReaderNodeFactory",
                    "creatorName": "Bot",
                    "createorID": 1,
                    "creationTime": "2024-03-08T10:36:49.883Z"
                }
            ],
            "commentBoxPosition": {
                "x": 864.0,
                "y": 547.0
            }
        },
        {
            "commentBoxID": "commentBox-7b9b929e-c347-401f-bdb3-208d5973da0f",
            "comments": [
                {
                    "content": "https://hub.knime.com/knime/extensions/org.knime.features.base/latest/org.knime.base.node.io.filehandling.csv.reader.CSVTableReaderNodeFactory",
                    "creatorName": "Bot",
                    "createorID": 1,
                    "creationTime": "2024-03-08T10:36:49.883Z"
                }
            ],
            "commentBoxPosition": {
                "x": 964.0,
                "y": 447.0
            }
        },
        {
            "commentBoxID": "commentBox-f961566a-dc91-4888-a37a-07949016d875",
            "comments": [
                {
                    "content": "https://hub.knime.com/knime/extensions/org.knime.features.base/latest/org.knime.base.node.io.filehandling.csv.reader.CSVTableReaderNodeFactory",
                    "creatorName": "Bot",
                    "createorID": 1,
                    "creationTime": "2024-03-08T10:36:49.883Z"
                }
            ],
            "commentBoxPosition": {
                "x": 1064.0,
                "y": 447.0
            }
        },
        {
            "commentBoxID": "commentBox-51a7b07e-53bc-4c06-af3f-d25fa9b2847f",
            "comments": [
                {
                    "content": "https://hub.knime.com/knime/extensions/org.knime.features.base/latest/org.knime.base.node.io.filehandling.csv.reader.CSVTableReaderNodeFactory",
                    "creatorName": "Bot",
                    "createorID": 1,
                    "creationTime": "2024-03-08T10:36:49.883Z"
                }
            ],
            "commentBoxPosition": {
                "x": 344.0,
                "y": 227.0
            }
        },
        {
            "commentBoxID": "commentBox-624d35d0-8258-4f5b-90bf-052e7aee985e",
            "comments": [
                {
                    "content": "https://hub.knime.com/knime/extensions/org.knime.features.base/latest/org.knime.base.node.io.filehandling.csv.reader.CSVTableReaderNodeFactory",
                    "creatorName": "Bot",
                    "createorID": 1,
                    "creationTime": "2024-03-08T10:36:49.883Z"
                }
            ],
            "commentBoxPosition": {
                "x": 444.0,
                "y": 227.0
            }
        },
        {
            "commentBoxID": "commentBox-6e1e2e67-e66f-4849-b4ce-e4f26390aa84",
            "comments": [
                {
                    "content": "https://hub.knime.com/knime/extensions/org.knime.features.base/latest/org.knime.base.node.io.filehandling.csv.reader.CSVTableReaderNodeFactory",
                    "creatorName": "Bot",
                    "createorID": 1,
                    "creationTime": "2024-03-08T10:36:49.883Z"
                }
            ],
            "commentBoxPosition": {
                "x": 104.0,
                "y": 227.0
            }
        },
        {
            "commentBoxID": "commentBox-10ddfae7-b4a1-4d94-a1b4-50e177481b03",
            "comments": [
                {
                    "content": "https://hub.knime.com/knime/extensions/org.knime.features.base/latest/org.knime.base.node.io.filehandling.csv.reader.CSVTableReaderNodeFactory",
                    "creatorName": "Bot",
                    "createorID": 1,
                    "creationTime": "2024-03-08T10:36:49.883Z"
                }
            ],
            "commentBoxPosition": {
                "x": 224.0,
                "y": 227.0
            }
        },
        {
            "commentBoxID": "commentBox-05bf1113-14c6-4dad-9bbe-96d706422d99",
            "comments": [
                {
                    "content": "https://hub.knime.com/knime/extensions/org.knime.features.base/latest/org.knime.base.node.io.filehandling.csv.reader.CSVTableReaderNodeFactory",
                    "creatorName": "Bot",
                    "createorID": 1,
                    "creationTime": "2024-03-08T10:36:49.883Z"
                }
            ],
            "commentBoxPosition": {
                "x": 284.0,
                "y": 367.0
            }
        },
        {
            "commentBoxID": "commentBox-41c316e6-fb5f-4f11-b7b2-5db4c259a328",
            "comments": [
                {
                    "content": "https://hub.knime.com/knime/extensions/org.knime.features.base/latest/org.knime.base.node.io.filehandling.csv.reader.CSVTableReaderNodeFactory",
                    "creatorName": "Bot",
                    "createorID": 1,
                    "creationTime": "2024-03-08T10:36:49.883Z"
                }
            ],
            "commentBoxPosition": {
                "x": 384.0,
                "y": 367.0
            }
        },
        {
            "commentBoxID": "commentBox-dc54b0a3-3b5f-4206-8731-53ede17ff587",
            "comments": [
                {
                    "content": "https://hub.knime.com/knime/extensions/org.knime.features.base/latest/org.knime.base.node.io.filehandling.csv.reader.CSVTableReaderNodeFactory",
                    "creatorName": "Bot",
                    "createorID": 1,
                    "creationTime": "2024-03-08T10:36:49.883Z"
                }
            ],
            "commentBoxPosition": {
                "x": 204.0,
                "y": 367.0
            }
        },
        {
            "commentBoxID": "commentBox-b82bd376-53c7-4193-aa3c-029e1b48430c",
            "comments": [
                {
                    "content": "https://hub.knime.com/knime/extensions/org.knime.features.base/latest/org.knime.base.node.io.filehandling.csv.reader.CSVTableReaderNodeFactory",
                    "creatorName": "Bot",
                    "createorID": 1,
                    "creationTime": "2024-03-08T10:36:49.883Z"
                }
            ],
            "commentBoxPosition": {
                "x": 210.0,
                "y": 150.0
            }
        },
        {
            "commentBoxID": "commentBox-eed8a96c-57c4-4e11-8fe6-e61b6b1ff4ff",
            "comments": [
                {
                    "content": "https://hub.knime.com/knime/extensions/org.knime.features.base/latest/org.knime.base.node.io.filehandling.csv.reader.CSVTableReaderNodeFactory",
                    "creatorName": "Bot",
                    "createorID": 1,
                    "creationTime": "2024-03-08T10:36:49.883Z"
                }
            ],
            "commentBoxPosition": {
                "x": 310.0,
                "y": 150.0
            }
        },
        {
            "commentBoxID": "commentBox-3d300819-33b6-41de-a027-68842b1c7d9f",
            "comments": [
                {
                    "content": "https://hub.knime.com/knime/extensions/org.knime.features.base/latest/org.knime.base.node.io.filehandling.csv.reader.CSVTableReaderNodeFactory",
                    "creatorName": "Bot",
                    "createorID": 1,
                    "creationTime": "2024-03-08T10:36:49.883Z"
                }
            ],
            "commentBoxPosition": {
                "x": 410.0,
                "y": 150.0
            }
        },
        {
            "commentBoxID": "commentBox-f35c4ee9-c786-4264-aa48-a3afd798001a",
            "comments": [
                {
                    "content": "https://hub.knime.com/knime/extensions/org.knime.features.base/latest/org.knime.base.node.io.filehandling.csv.reader.CSVTableReaderNodeFactory",
                    "creatorName": "Bot",
                    "createorID": 1,
                    "creationTime": "2024-03-08T10:36:49.883Z"
                }
            ],
            "commentBoxPosition": {
                "x": 690.0,
                "y": 150.0
            }
        },
        {
            "commentBoxID": "commentBox-23f89b8a-e2da-4d12-a033-7e4e6733720c",
            "comments": [
                {
                    "content": "https://hub.knime.com/knime/extensions/org.knime.features.base/latest/org.knime.base.node.io.filehandling.csv.reader.CSVTableReaderNodeFactory",
                    "creatorName": "Bot",
                    "createorID": 1,
                    "creationTime": "2024-03-08T10:36:49.883Z"
                }
            ],
            "commentBoxPosition": {
                "x": 810.0,
                "y": 170.0
            }
        },
        {
            "commentBoxID": "commentBox-51b33bb6-27c5-42b0-ae27-4e16ead89010",
            "comments": [
                {
                    "content": "https://hub.knime.com/knime/extensions/org.knime.features.base/latest/org.knime.base.node.io.filehandling.csv.reader.CSVTableReaderNodeFactory",
                    "creatorName": "Bot",
                    "createorID": 1,
                    "creationTime": "2024-03-08T10:36:49.883Z"
                }
            ],
            "commentBoxPosition": {
                "x": 510.0,
                "y": 210.0
            }
        },
        {
            "commentBoxID": "commentBox-6a9ab2ad-6f04-4939-bced-76c9843e2d62",
            "comments": [
                {
                    "content": "https://hub.knime.com/knime/extensions/org.knime.features.base/latest/org.knime.base.node.io.filehandling.csv.reader.CSVTableReaderNodeFactory",
                    "creatorName": "Bot",
                    "createorID": 1,
                    "creationTime": "2024-03-08T10:36:49.883Z"
                }
            ],
            "commentBoxPosition": {
                "x": 730.0,
                "y": 250.0
            }
        },
        {
            "commentBoxID": "commentBox-5c350988-0024-4550-94bf-f1a9837583b6",
            "comments": [
                {
                    "content": "https://hub.knime.com/knime/extensions/org.knime.features.base/latest/org.knime.base.node.io.filehandling.csv.reader.CSVTableReaderNodeFactory",
                    "creatorName": "Bot",
                    "createorID": 1,
                    "creationTime": "2024-03-08T10:36:49.883Z"
                }
            ],
            "commentBoxPosition": {
                "x": 610.0,
                "y": 210.0
            }
        },
        {
            "commentBoxID": "commentBox-8d0d899c-14b3-4b3b-863e-fdb1af731792",
            "comments": [
                {
                    "content": "https://hub.knime.com/knime/extensions/org.knime.features.base/latest/org.knime.base.node.io.filehandling.csv.reader.CSVTableReaderNodeFactory",
                    "creatorName": "Bot",
                    "createorID": 1,
                    "creationTime": "2024-03-08T10:36:49.883Z"
                }
            ],
            "commentBoxPosition": {
                "x": 210.0,
                "y": 150.0
            }
        },
        {
            "commentBoxID": "commentBox-a9839494-a7b3-423b-a4ca-0cbe35e15c3d",
            "comments": [
                {
                    "content": "https://hub.knime.com/knime/extensions/org.knime.features.base/latest/org.knime.base.node.io.filehandling.csv.reader.CSVTableReaderNodeFactory",
                    "creatorName": "Bot",
                    "createorID": 1,
                    "creationTime": "2024-03-08T10:36:49.883Z"
                }
            ],
            "commentBoxPosition": {
                "x": 330.0,
                "y": 150.0
            }
        },
        {
            "commentBoxID": "commentBox-2b8730ef-7e97-443c-9180-d6c74afae639",
            "comments": [
                {
                    "content": "https://hub.knime.com/knime/extensions/org.knime.features.base/latest/org.knime.base.node.io.filehandling.csv.reader.CSVTableReaderNodeFactory",
                    "creatorName": "Bot",
                    "createorID": 1,
                    "creationTime": "2024-03-08T10:36:49.883Z"
                }
            ],
            "commentBoxPosition": {
                "x": 530.0,
                "y": 150.0
            }
        },
        {
            "commentBoxID": "commentBox-a5811935-8e29-4a1c-be10-29a7edb3a433",
            "comments": [
                {
                    "content": "https://hub.knime.com/knime/extensions/org.knime.features.base/latest/org.knime.base.node.io.filehandling.csv.reader.CSVTableReaderNodeFactory",
                    "creatorName": "Bot",
                    "createorID": 1,
                    "creationTime": "2024-03-08T10:36:49.883Z"
                }
            ],
            "commentBoxPosition": {
                "x": 630.0,
                "y": 150.0
            }
        },
        {
            "commentBoxID": "commentBox-1f9b431c-faf2-4f18-b703-fa6452a7667d",
            "comments": [
                {
                    "content": "https://hub.knime.com/knime/extensions/org.knime.features.base/latest/org.knime.base.node.io.filehandling.csv.reader.CSVTableReaderNodeFactory",
                    "creatorName": "Bot",
                    "createorID": 1,
                    "creationTime": "2024-03-08T10:36:49.883Z"
                }
            ],
            "commentBoxPosition": {
                "x": 730.0,
                "y": 150.0
            }
        },
        {
            "commentBoxID": "commentBox-b98c9e31-ed5b-4c70-92c0-af313839efe7",
            "comments": [
                {
                    "content": "https://hub.knime.com/knime/extensions/org.knime.features.base/latest/org.knime.base.node.io.filehandling.csv.reader.CSVTableReaderNodeFactory",
                    "creatorName": "Bot",
                    "createorID": 1,
                    "creationTime": "2024-03-08T10:36:49.883Z"
                }
            ],
            "commentBoxPosition": {
                "x": 430.0,
                "y": 150.0
            }
        },
        {
            "commentBoxID": "commentBox-396e630e-1b0e-4cc6-a69f-930366a18af3",
            "comments": [
                {
                    "content": "https://hub.knime.com/knime/extensions/org.knime.features.base/latest/org.knime.base.node.io.filehandling.csv.reader.CSVTableReaderNodeFactory",
                    "creatorName": "Bot",
                    "createorID": 1,
                    "creationTime": "2024-03-08T10:36:49.883Z"
                }
            ],
            "commentBoxPosition": {
                "x": 864.0,
                "y": 247.0
            }
        }
    ]
}