{
    "operators": [
        {
            "operatorID": "Dummy-operator-28106ddb-49a0-4493-8dbb-8a2456235e25",
            "operatorType": "Dummy",
            "operatorVersion": "",
            "operatorProperties": {
                "dummyPropertyList": [
                    {
                        "dummyProperty": "Source XML",
                        "dummyValue": "Omitted for license reasons"
                    }
                ]
            },
            "inputPorts": [
                {
                    "portID": "input-0",
                    "displayName": "",
                    "allowMultiInputs": true,
                    "isDynamicPort": true
                }
            ],
            "outputPorts": [
                {
                    "portID": "output-0",
                    "displayName": "",
                    "isDynamicPort": true,
                    "isBlocking": false
                },
                {
                    "portID": "output-1",
                    "displayName": "",
                    "isDynamicPort": true,
                    "isBlocking": false
                }
            ],
            "showAdvanced": false,
            "isDisabled": false,
            "customDisplayName": "Network Reader",
            "dynamicInputPorts": true,
            "dynamicOutputPorts": true
        },
        {
            "operatorID": "Dummy-operator-1c43eef3-28f6-48dc-93e4-ec2e2eb8d853",
            "operatorType": "Dummy",
            "operatorVersion": "",
            "operatorProperties": {
                "dummyPropertyList": [
                    {
                        "dummyProperty": "Source XML",
                        "dummyValue": "Omitted for license reasons"
                    }
                ]
            },
            "inputPorts": [
                {
                    "portID": "input-0",
                    "displayName": "",
                    "allowMultiInputs": true,
                    "isDynamicPort": true
                },
                {
                    "portID": "input-1",
                    "displayName": "",
                    "allowMultiInputs": true,
                    "isDynamicPort": true
                }
            ],
            "outputPorts": [
                {
                    "portID": "output-0",
                    "displayName": "",
                    "isDynamicPort": true,
                    "isBlocking": false
                },
                {
                    "portID": "output-1",
                    "displayName": "",
                    "isDynamicPort": true,
                    "isBlocking": false
                }
            ],
            "showAdvanced": false,
            "isDisabled": false,
            "customDisplayName": "Feature Value Filter",
            "dynamicInputPorts": true,
            "dynamicOutputPorts": true
        },
        {
            "operatorID": "Dummy-operator-4b6dba45-a169-4de0-931e-cd14b1490945",
            "operatorType": "Dummy",
            "operatorVersion": "",
            "operatorProperties": {
                "dummyPropertyList": [
                    {
                        "dummyProperty": "Source XML",
                        "dummyValue": "Omitted for license reasons"
                    }
                ]
            },
            "inputPorts": [
                {
                    "portID": "input-0",
                    "displayName": "",
                    "allowMultiInputs": true,
                    "isDynamicPort": true
                },
                {
                    "portID": "input-1",
                    "displayName": "",
                    "allowMultiInputs": true,
                    "isDynamicPort": true
                }
            ],
            "outputPorts": [
                {
                    "portID": "output-0",
                    "displayName": "",
                    "isDynamicPort": true,
                    "isBlocking": false
                },
                {
                    "portID": "output-1",
                    "displayName": "",
                    "isDynamicPort": true,
                    "isBlocking": false
                }
            ],
            "showAdvanced": false,
            "isDisabled": false,
            "customDisplayName": "Feature Table",
            "dynamicInputPorts": true,
            "dynamicOutputPorts": true
        },
        {
            "operatorID": "Dummy-operator-5385e5c8-b5ef-491c-ae1e-270aa1561230",
            "operatorType": "Dummy",
            "operatorVersion": "",
            "operatorProperties": {
                "dummyPropertyList": [
                    {
                        "dummyProperty": "Source XML",
                        "dummyValue": "Omitted for license reasons"
                    }
                ]
            },
            "inputPorts": [
                {
                    "portID": "input-0",
                    "displayName": "",
                    "allowMultiInputs": true,
                    "isDynamicPort": true
                },
                {
                    "portID": "input-1",
                    "displayName": "",
                    "allowMultiInputs": true,
                    "isDynamicPort": true
                },
                {
                    "portID": "input-2",
                    "displayName": "",
                    "allowMultiInputs": true,
                    "isDynamicPort": true
                }
            ],
            "outputPorts": [
                {
                    "portID": "output-0",
                    "displayName": "",
                    "isDynamicPort": true,
                    "isBlocking": false
                },
                {
                    "portID": "output-1",
                    "displayName": "",
                    "isDynamicPort": true,
                    "isBlocking": false
                }
            ],
            "showAdvanced": false,
            "isDisabled": false,
            "customDisplayName": "Set Operator",
            "dynamicInputPorts": true,
            "dynamicOutputPorts": true
        },
        {
            "operatorID": "Dummy-operator-0d6c687e-e609-4b61-90eb-d98e325c326a",
            "operatorType": "Dummy",
            "operatorVersion": "",
            "operatorProperties": {
                "dummyPropertyList": [
                    {
                        "dummyProperty": "Source XML",
                        "dummyValue": "Omitted for license reasons"
                    }
                ]
            },
            "inputPorts": [
                {
                    "portID": "input-0",
                    "displayName": "",
                    "allowMultiInputs": true,
                    "isDynamicPort": true
                },
                {
                    "portID": "input-1",
                    "displayName": "",
                    "allowMultiInputs": true,
                    "isDynamicPort": true
                }
            ],
            "outputPorts": [
                {
                    "portID": "output-0",
                    "displayName": "",
                    "isDynamicPort": true,
                    "isBlocking": false
                },
                {
                    "portID": "output-1",
                    "displayName": "",
                    "isDynamicPort": true,
                    "isBlocking": false
                }
            ],
            "showAdvanced": false,
            "isDisabled": false,
            "customDisplayName": "Node Table",
            "dynamicInputPorts": true,
            "dynamicOutputPorts": true
        },
        {
            "operatorID": "Dummy-operator-01394bc2-ae8d-4e8d-87e7-073decc73fea",
            "operatorType": "Dummy",
            "operatorVersion": "",
            "operatorProperties": {
                "dummyPropertyList": [
                    {
                        "dummyProperty": "Source XML",
                        "dummyValue": "Omitted for license reasons"
                    }
                ]
            },
            "inputPorts": [
                {
                    "portID": "input-0",
                    "displayName": "",
                    "allowMultiInputs": true,
                    "isDynamicPort": true
                },
                {
                    "portID": "input-1",
                    "displayName": "",
                    "allowMultiInputs": true,
                    "isDynamicPort": true
                },
                {
                    "portID": "input-2",
                    "displayName": "",
                    "allowMultiInputs": true,
                    "isDynamicPort": true
                }
            ],
            "outputPorts": [
                {
                    "portID": "output-0",
                    "displayName": "",
                    "isDynamicPort": true,
                    "isBlocking": false
                },
                {
                    "portID": "output-1",
                    "displayName": "",
                    "isDynamicPort": true,
                    "isBlocking": false
                }
            ],
            "showAdvanced": false,
            "isDisabled": false,
            "customDisplayName": "Node Name Filter",
            "dynamicInputPorts": true,
            "dynamicOutputPorts": true
        },
        {
            "operatorID": "Dummy-operator-915a5ba0-e459-41a2-8ad4-1abe566ef0ea",
            "operatorType": "Dummy",
            "operatorVersion": "",
            "operatorProperties": {
                "dummyPropertyList": [
                    {
                        "dummyProperty": "Source XML",
                        "dummyValue": "Omitted for license reasons"
                    }
                ]
            },
            "inputPorts": [
                {
                    "portID": "input-0",
                    "displayName": "",
                    "allowMultiInputs": true,
                    "isDynamicPort": true
                },
                {
                    "portID": "input-1",
                    "displayName": "",
                    "allowMultiInputs": true,
                    "isDynamicPort": true
                }
            ],
            "outputPorts": [
                {
                    "portID": "output-0",
                    "displayName": "",
                    "isDynamicPort": true,
                    "isBlocking": false
                },
                {
                    "portID": "output-1",
                    "displayName": "",
                    "isDynamicPort": true,
                    "isBlocking": false
                }
            ],
            "showAdvanced": false,
            "isDisabled": false,
            "customDisplayName": "Edge Degree Filter",
            "dynamicInputPorts": true,
            "dynamicOutputPorts": true
        },
        {
            "operatorID": "Dummy-operator-ef044a15-676b-45b9-90a0-155b170e9555",
            "operatorType": "Dummy",
            "operatorVersion": "",
            "operatorProperties": {
                "dummyPropertyList": [
                    {
                        "dummyProperty": "Source XML",
                        "dummyValue": "Omitted for license reasons"
                    }
                ]
            },
            "inputPorts": [
                {
                    "portID": "input-0",
                    "displayName": "",
                    "allowMultiInputs": true,
                    "isDynamicPort": true
                },
                {
                    "portID": "input-1",
                    "displayName": "",
                    "allowMultiInputs": true,
                    "isDynamicPort": true
                }
            ],
            "outputPorts": [
                {
                    "portID": "output-0",
                    "displayName": "",
                    "isDynamicPort": true,
                    "isBlocking": false
                },
                {
                    "portID": "output-1",
                    "displayName": "",
                    "isDynamicPort": true,
                    "isBlocking": false
                }
            ],
            "showAdvanced": false,
            "isDisabled": false,
            "customDisplayName": "Network Viewer",
            "dynamicInputPorts": true,
            "dynamicOutputPorts": true
        },
        {
            "operatorID": "Dummy-operator-2880b38a-accc-4e5f-93df-ae8720692c7d",
            "operatorType": "Dummy",
            "operatorVersion": "",
            "operatorProperties": {
                "dummyPropertyList": [
                    {
                        "dummyProperty": "Source XML",
                        "dummyValue": "Omitted for license reasons"
                    }
                ]
            },
            "inputPorts": [
                {
                    "portID": "input-0",
                    "displayName": "",
                    "allowMultiInputs": true,
                    "isDynamicPort": true
                },
                {
                    "portID": "input-1",
                    "displayName": "",
                    "allowMultiInputs": true,
                    "isDynamicPort": true
                }
            ],
            "outputPorts": [
                {
                    "portID": "output-0",
                    "displayName": "",
                    "isDynamicPort": true,
                    "isBlocking": false
                },
                {
                    "portID": "output-1",
                    "displayName": "",
                    "isDynamicPort": true,
                    "isBlocking": false
                }
            ],
            "showAdvanced": false,
            "isDisabled": false,
            "customDisplayName": "Node Degree Filter",
            "dynamicInputPorts": true,
            "dynamicOutputPorts": true
        },
        {
            "operatorID": "Dummy-operator-c63437f4-8048-4d38-822e-1a5ea7864881",
            "operatorType": "Dummy",
            "operatorVersion": "",
            "operatorProperties": {
                "dummyPropertyList": [
                    {
                        "dummyProperty": "Source XML",
                        "dummyValue": "Omitted for license reasons"
                    }
                ]
            },
            "inputPorts": [
                {
                    "portID": "input-0",
                    "displayName": "",
                    "allowMultiInputs": true,
                    "isDynamicPort": true
                },
                {
                    "portID": "input-1",
                    "displayName": "",
                    "allowMultiInputs": true,
                    "isDynamicPort": true
                }
            ],
            "outputPorts": [
                {
                    "portID": "output-0",
                    "displayName": "",
                    "isDynamicPort": true,
                    "isBlocking": false
                },
                {
                    "portID": "output-1",
                    "displayName": "",
                    "isDynamicPort": true,
                    "isBlocking": false
                }
            ],
            "showAdvanced": false,
            "isDisabled": false,
            "customDisplayName": "Node Degree Filter",
            "dynamicInputPorts": true,
            "dynamicOutputPorts": true
        }
    ],
    "operatorPositions": {
        "Dummy-operator-28106ddb-49a0-4493-8dbb-8a2456235e25": {
            "x": 124.0,
            "y": 357.0
        },
        "Dummy-operator-1c43eef3-28f6-48dc-93e4-ec2e2eb8d853": {
            "x": 284.0,
            "y": 357.0
        },
        "Dummy-operator-4b6dba45-a169-4de0-931e-cd14b1490945": {
            "x": 264.0,
            "y": 597.0
        },
        "Dummy-operator-5385e5c8-b5ef-491c-ae1e-270aa1561230": {
            "x": 394.0,
            "y": 506.0
        },
        "Dummy-operator-0d6c687e-e609-4b61-90eb-d98e325c326a": {
            "x": 264.0,
            "y": 457.0
        },
        "Dummy-operator-01394bc2-ae8d-4e8d-87e7-073decc73fea": {
            "x": 504.0,
            "y": 497.0
        },
        "Dummy-operator-915a5ba0-e459-41a2-8ad4-1abe566ef0ea": {
            "x": 784.0,
            "y": 497.0
        },
        "Dummy-operator-ef044a15-676b-45b9-90a0-155b170e9555": {
            "x": 1044.0,
            "y": 497.0
        },
        "Dummy-operator-2880b38a-accc-4e5f-93df-ae8720692c7d": {
            "x": 644.0,
            "y": 497.0
        },
        "Dummy-operator-c63437f4-8048-4d38-822e-1a5ea7864881": {
            "x": 924.0,
            "y": 497.0
        }
    },
    "links": [
        {
            "linkID": "link-b3317235-21c7-4e95-9b38-359ad1f8bbec",
            "source": {
                "operatorID": "Dummy-operator-28106ddb-49a0-4493-8dbb-8a2456235e25",
                "portID": "output-1"
            },
            "target": {
                "operatorID": "Dummy-operator-1c43eef3-28f6-48dc-93e4-ec2e2eb8d853",
                "portID": "input-1"
            }
        },
        {
            "linkID": "link-61d2f16a-bbbe-423a-b3fa-204d74d310b2",
            "source": {
                "operatorID": "Dummy-operator-28106ddb-49a0-4493-8dbb-8a2456235e25",
                "portID": "output-1"
            },
            "target": {
                "operatorID": "Dummy-operator-4b6dba45-a169-4de0-931e-cd14b1490945",
                "portID": "input-1"
            }
        },
        {
            "linkID": "link-ba6ecea4-ff9d-4b4e-a983-7ebf6e7aa682",
            "source": {
                "operatorID": "Dummy-operator-28106ddb-49a0-4493-8dbb-8a2456235e25",
                "portID": "output-1"
            },
            "target": {
                "operatorID": "Dummy-operator-0d6c687e-e609-4b61-90eb-d98e325c326a",
                "portID": "input-1"
            }
        },
        {
            "linkID": "link-30d98998-3631-4888-9833-1ae171ef65b9",
            "source": {
                "operatorID": "Dummy-operator-1c43eef3-28f6-48dc-93e4-ec2e2eb8d853",
                "portID": "output-1"
            },
            "target": {
                "operatorID": "Dummy-operator-01394bc2-ae8d-4e8d-87e7-073decc73fea",
                "portID": "input-1"
            }
        },
        {
            "linkID": "link-74116b73-09a0-497e-b2cc-d8186a845846",
            "source": {
                "operatorID": "Dummy-operator-4b6dba45-a169-4de0-931e-cd14b1490945",
                "portID": "output-1"
            },
            "target": {
                "operatorID": "Dummy-operator-5385e5c8-b5ef-491c-ae1e-270aa1561230",
                "portID": "input-2"
            }
        },
        {
            "linkID": "link-9d2ad853-065b-41e5-b300-877dbe430efa",
            "source": {
                "operatorID": "Dummy-operator-5385e5c8-b5ef-491c-ae1e-270aa1561230",
                "portID": "output-1"
            },
            "target": {
                "operatorID": "Dummy-operator-01394bc2-ae8d-4e8d-87e7-073decc73fea",
                "portID": "input-2"
            }
        },
        {
            "linkID": "link-a66ba18a-f12c-4c25-98f2-faddc33e45bc",
            "source": {
                "operatorID": "Dummy-operator-0d6c687e-e609-4b61-90eb-d98e325c326a",
                "portID": "output-1"
            },
            "target": {
                "operatorID": "Dummy-operator-5385e5c8-b5ef-491c-ae1e-270aa1561230",
                "portID": "input-1"
            }
        },
        {
            "linkID": "link-d839c9ca-74b9-4ff3-bbeb-9d63529b103d",
            "source": {
                "operatorID": "Dummy-operator-01394bc2-ae8d-4e8d-87e7-073decc73fea",
                "portID": "output-1"
            },
            "target": {
                "operatorID": "Dummy-operator-2880b38a-accc-4e5f-93df-ae8720692c7d",
                "portID": "input-1"
            }
        },
        {
            "linkID": "link-cea5661b-12b1-474a-a271-13837d2be715",
            "source": {
                "operatorID": "Dummy-operator-915a5ba0-e459-41a2-8ad4-1abe566ef0ea",
                "portID": "output-1"
            },
            "target": {
                "operatorID": "Dummy-operator-c63437f4-8048-4d38-822e-1a5ea7864881",
                "portID": "input-1"
            }
        },
        {
            "linkID": "link-351ecbe7-1778-4200-b1e5-ded2494df93e",
            "source": {
                "operatorID": "Dummy-operator-2880b38a-accc-4e5f-93df-ae8720692c7d",
                "portID": "output-1"
            },
            "target": {
                "operatorID": "Dummy-operator-915a5ba0-e459-41a2-8ad4-1abe566ef0ea",
                "portID": "input-1"
            }
        },
        {
            "linkID": "link-f5e30bc7-0362-44cc-aecc-03215b69cc3d",
            "source": {
                "operatorID": "Dummy-operator-c63437f4-8048-4d38-822e-1a5ea7864881",
                "portID": "output-1"
            },
            "target": {
                "operatorID": "Dummy-operator-ef044a15-676b-45b9-90a0-155b170e9555",
                "portID": "input-1"
            }
        }
    ],
    "groups": [],
    "breakpoints": {},
    "commentBoxes": [
        {
            "commentBoxID": "commentBox-cb7049d7-2753-499d-b991-7bc388366924",
            "comments": [
                {
                    "content": "https://hub.knime.com/knime/extensions/org.knime.features.base/latest/org.knime.base.node.io.filehandling.csv.reader.CSVTableReaderNodeFactory",
                    "creatorName": "Bot",
                    "createorID": 1,
                    "creationTime": "2024-03-08T10:36:49.883Z"
                }
            ],
            "commentBoxPosition": {
                "x": 184.0,
                "y": 387.0
            }
        },
        {
            "commentBoxID": "commentBox-d1c41ef9-b76f-4bb4-9e6d-91fd779a8cc8",
            "comments": [
                {
                    "content": "https://hub.knime.com/knime/extensions/org.knime.features.base/latest/org.knime.base.node.io.filehandling.csv.reader.CSVTableReaderNodeFactory",
                    "creatorName": "Bot",
                    "createorID": 1,
                    "creationTime": "2024-03-08T10:36:49.883Z"
                }
            ],
            "commentBoxPosition": {
                "x": 344.0,
                "y": 387.0
            }
        },
        {
            "commentBoxID": "commentBox-1cbd2266-d0fc-4b2c-bcce-e2648d387ea2",
            "comments": [
                {
                    "content": "https://hub.knime.com/knime/extensions/org.knime.features.base/latest/org.knime.base.node.io.filehandling.csv.reader.CSVTableReaderNodeFactory",
                    "creatorName": "Bot",
                    "createorID": 1,
                    "creationTime": "2024-03-08T10:36:49.883Z"
                }
            ],
            "commentBoxPosition": {
                "x": 324.0,
                "y": 627.0
            }
        },
        {
            "commentBoxID": "commentBox-b27c157e-13eb-4c63-bbb4-a3c22abc25e6",
            "comments": [
                {
                    "content": "https://hub.knime.com/knime/extensions/org.knime.features.base/latest/org.knime.base.node.io.filehandling.csv.reader.CSVTableReaderNodeFactory",
                    "creatorName": "Bot",
                    "createorID": 1,
                    "creationTime": "2024-03-08T10:36:49.883Z"
                }
            ],
            "commentBoxPosition": {
                "x": 454.0,
                "y": 536.0
            }
        },
        {
            "commentBoxID": "commentBox-41400399-7954-4879-95ab-94f5c664c53b",
            "comments": [
                {
                    "content": "https://hub.knime.com/knime/extensions/org.knime.features.base/latest/org.knime.base.node.io.filehandling.csv.reader.CSVTableReaderNodeFactory",
                    "creatorName": "Bot",
                    "createorID": 1,
                    "creationTime": "2024-03-08T10:36:49.883Z"
                }
            ],
            "commentBoxPosition": {
                "x": 324.0,
                "y": 487.0
            }
        },
        {
            "commentBoxID": "commentBox-ea824eba-06f3-4893-9f19-b50b6500fc44",
            "comments": [
                {
                    "content": "https://hub.knime.com/knime/extensions/org.knime.features.base/latest/org.knime.base.node.io.filehandling.csv.reader.CSVTableReaderNodeFactory",
                    "creatorName": "Bot",
                    "createorID": 1,
                    "creationTime": "2024-03-08T10:36:49.883Z"
                }
            ],
            "commentBoxPosition": {
                "x": 564.0,
                "y": 527.0
            }
        },
        {
            "commentBoxID": "commentBox-50a55f97-79d4-40f3-94b2-2a0ae0f2bdc8",
            "comments": [
                {
                    "content": "https://hub.knime.com/knime/extensions/org.knime.features.base/latest/org.knime.base.node.io.filehandling.csv.reader.CSVTableReaderNodeFactory",
                    "creatorName": "Bot",
                    "createorID": 1,
                    "creationTime": "2024-03-08T10:36:49.883Z"
                }
            ],
            "commentBoxPosition": {
                "x": 844.0,
                "y": 527.0
            }
        },
        {
            "commentBoxID": "commentBox-300340d2-45ef-405d-a8ba-4d32f8fd906c",
            "comments": [
                {
                    "content": "https://hub.knime.com/knime/extensions/org.knime.features.base/latest/org.knime.base.node.io.filehandling.csv.reader.CSVTableReaderNodeFactory",
                    "creatorName": "Bot",
                    "createorID": 1,
                    "creationTime": "2024-03-08T10:36:49.883Z"
                }
            ],
            "commentBoxPosition": {
                "x": 1104.0,
                "y": 527.0
            }
        },
        {
            "commentBoxID": "commentBox-f618fa76-fd46-489a-ba4e-639aea4d67b6",
            "comments": [
                {
                    "content": "https://hub.knime.com/knime/extensions/org.knime.features.base/latest/org.knime.base.node.io.filehandling.csv.reader.CSVTableReaderNodeFactory",
                    "creatorName": "Bot",
                    "createorID": 1,
                    "creationTime": "2024-03-08T10:36:49.883Z"
                }
            ],
            "commentBoxPosition": {
                "x": 704.0,
                "y": 527.0
            }
        },
        {
            "commentBoxID": "commentBox-79f6e946-bde0-4b5a-9d6a-ba81dfb78d64",
            "comments": [
                {
                    "content": "https://hub.knime.com/knime/extensions/org.knime.features.base/latest/org.knime.base.node.io.filehandling.csv.reader.CSVTableReaderNodeFactory",
                    "creatorName": "Bot",
                    "createorID": 1,
                    "creationTime": "2024-03-08T10:36:49.883Z"
                }
            ],
            "commentBoxPosition": {
                "x": 984.0,
                "y": 527.0
            }
        }
    ]
}