{
    "operators": [
        {
            "operatorID": "Dummy-operator-6bef4571-947f-43ba-8715-41042f4775f6",
            "operatorType": "Dummy",
            "operatorVersion": "",
            "operatorProperties": {
                "dummyPropertyList": [
                    {
                        "dummyProperty": "Source XML",
                        "dummyValue": "Omitted for license reasons"
                    }
                ]
            },
            "inputPorts": [
                {
                    "portID": "input-0",
                    "displayName": "",
                    "allowMultiInputs": true,
                    "isDynamicPort": true
                },
                {
                    "portID": "input-1",
                    "displayName": "",
                    "allowMultiInputs": true,
                    "isDynamicPort": true
                }
            ],
            "outputPorts": [
                {
                    "portID": "output-0",
                    "displayName": "",
                    "isDynamicPort": true,
                    "isBlocking": false
                },
                {
                    "portID": "output-1",
                    "displayName": "",
                    "isDynamicPort": true,
                    "isBlocking": false
                }
            ],
            "showAdvanced": false,
            "isDisabled": false,
            "customDisplayName": "Inverter",
            "dynamicInputPorts": true,
            "dynamicOutputPorts": true
        },
        {
            "operatorID": "Dummy-operator-78f7d142-6650-4032-b4d5-2649bdede5e9",
            "operatorType": "Dummy",
            "operatorVersion": "",
            "operatorProperties": {
                "dummyPropertyList": [
                    {
                        "dummyProperty": "Source XML",
                        "dummyValue": "Omitted for license reasons"
                    }
                ]
            },
            "inputPorts": [
                {
                    "portID": "input-0",
                    "displayName": "",
                    "allowMultiInputs": true,
                    "isDynamicPort": true
                },
                {
                    "portID": "input-1",
                    "displayName": "",
                    "allowMultiInputs": true,
                    "isDynamicPort": true
                }
            ],
            "outputPorts": [
                {
                    "portID": "output-0",
                    "displayName": "",
                    "isDynamicPort": true,
                    "isBlocking": false
                },
                {
                    "portID": "output-1",
                    "displayName": "",
                    "isDynamicPort": true,
                    "isBlocking": false
                }
            ],
            "showAdvanced": false,
            "isDisabled": false,
            "customDisplayName": "Inverter",
            "dynamicInputPorts": true,
            "dynamicOutputPorts": true
        },
        {
            "operatorID": "Dummy-operator-09540d67-b301-4d72-af14-07b8769b1a84",
            "operatorType": "Dummy",
            "operatorVersion": "",
            "operatorProperties": {
                "dummyPropertyList": [
                    {
                        "dummyProperty": "Source XML",
                        "dummyValue": "Omitted for license reasons"
                    }
                ]
            },
            "inputPorts": [
                {
                    "portID": "input-0",
                    "displayName": "",
                    "allowMultiInputs": true,
                    "isDynamicPort": true
                },
                {
                    "portID": "input-1",
                    "displayName": "",
                    "allowMultiInputs": true,
                    "isDynamicPort": true
                }
            ],
            "outputPorts": [
                {
                    "portID": "output-0",
                    "displayName": "",
                    "isDynamicPort": true,
                    "isBlocking": false
                },
                {
                    "portID": "output-1",
                    "displayName": "",
                    "isDynamicPort": true,
                    "isBlocking": false
                }
            ],
            "showAdvanced": false,
            "isDisabled": false,
            "customDisplayName": "Inverter",
            "dynamicInputPorts": true,
            "dynamicOutputPorts": true
        },
        {
            "operatorID": "Dummy-operator-bd8b1ce0-4678-42b0-8283-5113242a1a14",
            "operatorType": "Dummy",
            "operatorVersion": "",
            "operatorProperties": {
                "dummyPropertyList": [
                    {
                        "dummyProperty": "Source XML",
                        "dummyValue": "Omitted for license reasons"
                    }
                ]
            },
            "inputPorts": [
                {
                    "portID": "input-0",
                    "displayName": "",
                    "allowMultiInputs": true,
                    "isDynamicPort": true
                },
                {
                    "portID": "input-1",
                    "displayName": "",
                    "allowMultiInputs": true,
                    "isDynamicPort": true
                }
            ],
            "outputPorts": [
                {
                    "portID": "output-0",
                    "displayName": "",
                    "isDynamicPort": true,
                    "isBlocking": false
                }
            ],
            "showAdvanced": false,
            "isDisabled": false,
            "customDisplayName": "Table Cell Viewer",
            "dynamicInputPorts": true,
            "dynamicOutputPorts": true
        },
        {
            "operatorID": "Dummy-operator-190fa8c2-3ab5-4c3f-bb95-d66ba97b5365",
            "operatorType": "Dummy",
            "operatorVersion": "",
            "operatorProperties": {
                "dummyPropertyList": [
                    {
                        "dummyProperty": "Source XML",
                        "dummyValue": "Omitted for license reasons"
                    }
                ]
            },
            "inputPorts": [
                {
                    "portID": "input-0",
                    "displayName": "",
                    "allowMultiInputs": true,
                    "isDynamicPort": true
                },
                {
                    "portID": "input-1",
                    "displayName": "",
                    "allowMultiInputs": true,
                    "isDynamicPort": true
                }
            ],
            "outputPorts": [
                {
                    "portID": "output-0",
                    "displayName": "",
                    "isDynamicPort": true,
                    "isBlocking": false
                }
            ],
            "showAdvanced": false,
            "isDisabled": false,
            "customDisplayName": "Table Cell Viewer",
            "dynamicInputPorts": true,
            "dynamicOutputPorts": true
        },
        {
            "operatorID": "Dummy-operator-e223f646-d3eb-49ee-969f-c073200e3118",
            "operatorType": "Dummy",
            "operatorVersion": "",
            "operatorProperties": {
                "dummyPropertyList": [
                    {
                        "dummyProperty": "Source XML",
                        "dummyValue": "Omitted for license reasons"
                    }
                ]
            },
            "inputPorts": [
                {
                    "portID": "input-0",
                    "displayName": "",
                    "allowMultiInputs": true,
                    "isDynamicPort": true
                },
                {
                    "portID": "input-1",
                    "displayName": "",
                    "allowMultiInputs": true,
                    "isDynamicPort": true
                }
            ],
            "outputPorts": [
                {
                    "portID": "output-0",
                    "displayName": "",
                    "isDynamicPort": true,
                    "isBlocking": false
                }
            ],
            "showAdvanced": false,
            "isDisabled": false,
            "customDisplayName": "Table Cell Viewer",
            "dynamicInputPorts": true,
            "dynamicOutputPorts": true
        },
        {
            "operatorID": "Dummy-operator-ee24108e-080d-40d1-9b73-66c8cef1f330",
            "operatorType": "Dummy",
            "operatorVersion": "",
            "operatorProperties": {
                "dummyPropertyList": [
                    {
                        "dummyProperty": "Source XML",
                        "dummyValue": "Omitted for license reasons"
                    }
                ]
            },
            "inputPorts": [
                {
                    "portID": "input-0",
                    "displayName": "",
                    "allowMultiInputs": true,
                    "isDynamicPort": true
                }
            ],
            "outputPorts": [
                {
                    "portID": "output-0",
                    "displayName": "",
                    "isDynamicPort": true,
                    "isBlocking": false
                },
                {
                    "portID": "output-1",
                    "displayName": "",
                    "isDynamicPort": true,
                    "isBlocking": false
                }
            ],
            "showAdvanced": false,
            "isDisabled": false,
            "customDisplayName": "Image Reader",
            "dynamicInputPorts": true,
            "dynamicOutputPorts": true
        }
    ],
    "operatorPositions": {
        "Dummy-operator-6bef4571-947f-43ba-8715-41042f4775f6": {
            "x": 283.0,
            "y": 925.0
        },
        "Dummy-operator-78f7d142-6650-4032-b4d5-2649bdede5e9": {
            "x": 283.0,
            "y": 1097.0
        },
        "Dummy-operator-09540d67-b301-4d72-af14-07b8769b1a84": {
            "x": 283.0,
            "y": 1254.0
        },
        "Dummy-operator-bd8b1ce0-4678-42b0-8283-5113242a1a14": {
            "x": 541.0,
            "y": 925.0
        },
        "Dummy-operator-190fa8c2-3ab5-4c3f-bb95-d66ba97b5365": {
            "x": 541.0,
            "y": 1097.0
        },
        "Dummy-operator-e223f646-d3eb-49ee-969f-c073200e3118": {
            "x": 541.0,
            "y": 1254.0
        },
        "Dummy-operator-ee24108e-080d-40d1-9b73-66c8cef1f330": {
            "x": 88.0,
            "y": 925.0
        }
    },
    "links": [
        {
            "linkID": "link-721ed1f7-cf5c-4ecb-8764-118a9bd99de3",
            "source": {
                "operatorID": "Dummy-operator-6bef4571-947f-43ba-8715-41042f4775f6",
                "portID": "output-1"
            },
            "target": {
                "operatorID": "Dummy-operator-bd8b1ce0-4678-42b0-8283-5113242a1a14",
                "portID": "input-1"
            }
        },
        {
            "linkID": "link-36d5a6e8-65d3-492e-a93d-2c18dddf5f45",
            "source": {
                "operatorID": "Dummy-operator-78f7d142-6650-4032-b4d5-2649bdede5e9",
                "portID": "output-1"
            },
            "target": {
                "operatorID": "Dummy-operator-190fa8c2-3ab5-4c3f-bb95-d66ba97b5365",
                "portID": "input-1"
            }
        },
        {
            "linkID": "link-75c1c401-718f-4260-8c5b-bd3baa008635",
            "source": {
                "operatorID": "Dummy-operator-09540d67-b301-4d72-af14-07b8769b1a84",
                "portID": "output-1"
            },
            "target": {
                "operatorID": "Dummy-operator-e223f646-d3eb-49ee-969f-c073200e3118",
                "portID": "input-1"
            }
        },
        {
            "linkID": "link-463028d9-cb3f-49be-9b96-7685d35581ed",
            "source": {
                "operatorID": "Dummy-operator-ee24108e-080d-40d1-9b73-66c8cef1f330",
                "portID": "output-1"
            },
            "target": {
                "operatorID": "Dummy-operator-6bef4571-947f-43ba-8715-41042f4775f6",
                "portID": "input-1"
            }
        },
        {
            "linkID": "link-6e4746a6-4ef0-458d-8b32-d14a155dc1ba",
            "source": {
                "operatorID": "Dummy-operator-ee24108e-080d-40d1-9b73-66c8cef1f330",
                "portID": "output-1"
            },
            "target": {
                "operatorID": "Dummy-operator-78f7d142-6650-4032-b4d5-2649bdede5e9",
                "portID": "input-1"
            }
        },
        {
            "linkID": "link-ccf8906d-57aa-4ee0-adca-b35ee480cd4e",
            "source": {
                "operatorID": "Dummy-operator-ee24108e-080d-40d1-9b73-66c8cef1f330",
                "portID": "output-1"
            },
            "target": {
                "operatorID": "Dummy-operator-09540d67-b301-4d72-af14-07b8769b1a84",
                "portID": "input-1"
            }
        }
    ],
    "groups": [],
    "breakpoints": {},
    "commentBoxes": [
        {
            "commentBoxID": "commentBox-d0c13480-3200-4720-807f-5bbd1328e9ef",
            "comments": [
                {
                    "content": "https://hub.knime.com/knime/extensions/org.knime.features.base/latest/org.knime.base.node.io.filehandling.csv.reader.CSVTableReaderNodeFactory",
                    "creatorName": "Bot",
                    "createorID": 1,
                    "creationTime": "2024-03-08T10:36:49.883Z"
                }
            ],
            "commentBoxPosition": {
                "x": 343.0,
                "y": 955.0
            }
        },
        {
            "commentBoxID": "commentBox-bcbd8ae5-4618-4601-9878-19a7b53af494",
            "comments": [
                {
                    "content": "https://hub.knime.com/knime/extensions/org.knime.features.base/latest/org.knime.base.node.io.filehandling.csv.reader.CSVTableReaderNodeFactory",
                    "creatorName": "Bot",
                    "createorID": 1,
                    "creationTime": "2024-03-08T10:36:49.883Z"
                }
            ],
            "commentBoxPosition": {
                "x": 343.0,
                "y": 1127.0
            }
        },
        {
            "commentBoxID": "commentBox-3a490c19-1210-4775-bb37-2cef46d44ae8",
            "comments": [
                {
                    "content": "https://hub.knime.com/knime/extensions/org.knime.features.base/latest/org.knime.base.node.io.filehandling.csv.reader.CSVTableReaderNodeFactory",
                    "creatorName": "Bot",
                    "createorID": 1,
                    "creationTime": "2024-03-08T10:36:49.883Z"
                }
            ],
            "commentBoxPosition": {
                "x": 343.0,
                "y": 1284.0
            }
        },
        {
            "commentBoxID": "commentBox-d819fce3-e9e6-4cec-9a7d-80f63aad128b",
            "comments": [
                {
                    "content": "https://hub.knime.com/knime/extensions/org.knime.features.base/latest/org.knime.base.node.io.filehandling.csv.reader.CSVTableReaderNodeFactory",
                    "creatorName": "Bot",
                    "createorID": 1,
                    "creationTime": "2024-03-08T10:36:49.883Z"
                }
            ],
            "commentBoxPosition": {
                "x": 601.0,
                "y": 955.0
            }
        },
        {
            "commentBoxID": "commentBox-02eb338a-9a2a-461b-b055-45f3ac8981a0",
            "comments": [
                {
                    "content": "https://hub.knime.com/knime/extensions/org.knime.features.base/latest/org.knime.base.node.io.filehandling.csv.reader.CSVTableReaderNodeFactory",
                    "creatorName": "Bot",
                    "createorID": 1,
                    "creationTime": "2024-03-08T10:36:49.883Z"
                }
            ],
            "commentBoxPosition": {
                "x": 601.0,
                "y": 1127.0
            }
        },
        {
            "commentBoxID": "commentBox-b1362f36-359e-4f8b-b5d8-cfd528d9c217",
            "comments": [
                {
                    "content": "https://hub.knime.com/knime/extensions/org.knime.features.base/latest/org.knime.base.node.io.filehandling.csv.reader.CSVTableReaderNodeFactory",
                    "creatorName": "Bot",
                    "createorID": 1,
                    "creationTime": "2024-03-08T10:36:49.883Z"
                }
            ],
            "commentBoxPosition": {
                "x": 601.0,
                "y": 1284.0
            }
        },
        {
            "commentBoxID": "commentBox-fcdcb963-4fbc-4160-8536-11270279d06d",
            "comments": [
                {
                    "content": "https://hub.knime.com/knime/extensions/org.knime.features.base/latest/org.knime.base.node.io.filehandling.csv.reader.CSVTableReaderNodeFactory",
                    "creatorName": "Bot",
                    "createorID": 1,
                    "creationTime": "2024-03-08T10:36:49.883Z"
                }
            ],
            "commentBoxPosition": {
                "x": 148.0,
                "y": 955.0
            }
        }
    ]
}