{
    "operators": [
        {
            "operatorID": "Dummy-operator-8bae36d9-06ae-45a1-a5a2-c9b22cb3ff97",
            "operatorType": "Dummy",
            "operatorVersion": "",
            "operatorProperties": {
                "dummyPropertyList": [
                    {
                        "dummyProperty": "Source XML",
                        "dummyValue": "Omitted for license reasons"
                    }
                ]
            },
            "inputPorts": [
                {
                    "portID": "input-0",
                    "displayName": "",
                    "allowMultiInputs": true,
                    "isDynamicPort": true
                },
                {
                    "portID": "input-1",
                    "displayName": "",
                    "allowMultiInputs": true,
                    "isDynamicPort": true
                }
            ],
            "outputPorts": [
                {
                    "portID": "output-0",
                    "displayName": "",
                    "isDynamicPort": true,
                    "isBlocking": false
                },
                {
                    "portID": "output-1",
                    "displayName": "",
                    "isDynamicPort": true,
                    "isBlocking": true,
                    "materializationSize": 9.4501953125
                }
            ],
            "showAdvanced": false,
            "isDisabled": false,
            "customDisplayName": "Python Script _Labs_",
            "dynamicInputPorts": true,
            "dynamicOutputPorts": true
        },
        {
            "operatorID": "Dummy-operator-63e7ea1d-e66b-47bf-a723-8e5f8c9983df",
            "operatorType": "Dummy",
            "operatorVersion": "",
            "operatorProperties": {
                "dummyPropertyList": [
                    {
                        "dummyProperty": "Source XML",
                        "dummyValue": "Omitted for license reasons"
                    }
                ]
            },
            "inputPorts": [
                {
                    "portID": "input-0",
                    "displayName": "",
                    "allowMultiInputs": true,
                    "isDynamicPort": true
                }
            ],
            "outputPorts": [
                {
                    "portID": "output-0",
                    "displayName": "",
                    "isDynamicPort": true,
                    "isBlocking": false
                },
                {
                    "portID": "output-1",
                    "displayName": "",
                    "isDynamicPort": true,
                    "isBlocking": true,
                    "materializationSize": 8.0556640625
                }
            ],
            "showAdvanced": false,
            "isDisabled": false,
            "customDisplayName": "Python Script _Labs_",
            "dynamicInputPorts": true,
            "dynamicOutputPorts": true
        },
        {
            "operatorID": "Dummy-operator-ab506cba-fb7a-41e0-8e62-9e3678a2cba5",
            "operatorType": "Dummy",
            "operatorVersion": "",
            "operatorProperties": {
                "dummyPropertyList": [
                    {
                        "dummyProperty": "Source XML",
                        "dummyValue": "Omitted for license reasons"
                    }
                ]
            },
            "inputPorts": [
                {
                    "portID": "input-0",
                    "displayName": "",
                    "allowMultiInputs": true,
                    "isDynamicPort": true
                },
                {
                    "portID": "input-1",
                    "displayName": "",
                    "allowMultiInputs": true,
                    "isDynamicPort": true
                }
            ],
            "outputPorts": [
                {
                    "portID": "output-0",
                    "displayName": "",
                    "isDynamicPort": true,
                    "isBlocking": false
                }
            ],
            "showAdvanced": false,
            "isDisabled": false,
            "customDisplayName": "Image Output Widget",
            "dynamicInputPorts": true,
            "dynamicOutputPorts": true
        },
        {
            "operatorID": "Dummy-operator-03dd47c4-ad27-4765-9657-29c7de1f68cb",
            "operatorType": "Dummy",
            "operatorVersion": "",
            "operatorProperties": {
                "dummyPropertyList": [
                    {
                        "dummyProperty": "Source XML",
                        "dummyValue": "Omitted for license reasons"
                    }
                ]
            },
            "inputPorts": [
                {
                    "portID": "input-0",
                    "displayName": "",
                    "allowMultiInputs": true,
                    "isDynamicPort": true
                },
                {
                    "portID": "input-1",
                    "displayName": "",
                    "allowMultiInputs": true,
                    "isDynamicPort": true
                }
            ],
            "outputPorts": [
                {
                    "portID": "output-0",
                    "displayName": "",
                    "isDynamicPort": true,
                    "isBlocking": false
                }
            ],
            "showAdvanced": false,
            "isDisabled": false,
            "customDisplayName": "Image Output Widget",
            "dynamicInputPorts": true,
            "dynamicOutputPorts": true
        },
        {
            "operatorID": "Dummy-operator-a4a75626-fd02-4cfd-928f-9065bb51e3cd",
            "operatorType": "Dummy",
            "operatorVersion": "",
            "operatorProperties": {
                "dummyPropertyList": [
                    {
                        "dummyProperty": "Source XML",
                        "dummyValue": "Omitted for license reasons"
                    }
                ]
            },
            "inputPorts": [
                {
                    "portID": "input-0",
                    "displayName": "",
                    "allowMultiInputs": true,
                    "isDynamicPort": true
                }
            ],
            "outputPorts": [
                {
                    "portID": "output-0",
                    "displayName": "",
                    "isDynamicPort": true,
                    "isBlocking": false
                },
                {
                    "portID": "output-1",
                    "displayName": "",
                    "isDynamicPort": true,
                    "isBlocking": false,
                    "materializationSize": 9.9560546875
                }
            ],
            "showAdvanced": false,
            "isDisabled": false,
            "customDisplayName": "CSV Reader",
            "dynamicInputPorts": true,
            "dynamicOutputPorts": true
        },
        {
            "operatorID": "Dummy-operator-78787108-3c0b-4d1f-a91f-c331e354bf3c",
            "operatorType": "Dummy",
            "operatorVersion": "",
            "operatorProperties": {
                "dummyPropertyList": [
                    {
                        "dummyProperty": "Source XML",
                        "dummyValue": "Omitted for license reasons"
                    }
                ]
            },
            "inputPorts": [
                {
                    "portID": "input-0",
                    "displayName": "",
                    "allowMultiInputs": true,
                    "isDynamicPort": true
                }
            ],
            "outputPorts": [
                {
                    "portID": "output-0",
                    "displayName": "",
                    "isDynamicPort": true,
                    "isBlocking": false
                },
                {
                    "portID": "output-1",
                    "displayName": "",
                    "isDynamicPort": true,
                    "isBlocking": true,
                    "materializationSize": 174.2958984375
                }
            ],
            "showAdvanced": false,
            "isDisabled": false,
            "customDisplayName": "Python Script _Labs_",
            "dynamicInputPorts": true,
            "dynamicOutputPorts": true
        },
        {
            "operatorID": "Dummy-operator-e215e270-dbff-4e37-af29-242a7dac16ce",
            "operatorType": "Dummy",
            "operatorVersion": "",
            "operatorProperties": {
                "dummyPropertyList": [
                    {
                        "dummyProperty": "Source XML",
                        "dummyValue": "Omitted for license reasons"
                    }
                ]
            },
            "inputPorts": [
                {
                    "portID": "input-0",
                    "displayName": "",
                    "allowMultiInputs": true,
                    "isDynamicPort": true
                },
                {
                    "portID": "input-1",
                    "displayName": "",
                    "allowMultiInputs": true,
                    "isDynamicPort": true
                }
            ],
            "outputPorts": [
                {
                    "portID": "output-0",
                    "displayName": "",
                    "isDynamicPort": true,
                    "isBlocking": false
                }
            ],
            "showAdvanced": false,
            "isDisabled": false,
            "customDisplayName": "Image Output Widget",
            "dynamicInputPorts": true,
            "dynamicOutputPorts": true
        }
    ],
    "operatorPositions": {
        "Dummy-operator-8bae36d9-06ae-45a1-a5a2-c9b22cb3ff97": {
            "x": 424.0,
            "y": 177.0
        },
        "Dummy-operator-63e7ea1d-e66b-47bf-a723-8e5f8c9983df": {
            "x": 204.0,
            "y": 377.0
        },
        "Dummy-operator-ab506cba-fb7a-41e0-8e62-9e3678a2cba5": {
            "x": 584.0,
            "y": 177.0
        },
        "Dummy-operator-03dd47c4-ad27-4765-9657-29c7de1f68cb": {
            "x": 344.0,
            "y": 377.0
        },
        "Dummy-operator-a4a75626-fd02-4cfd-928f-9065bb51e3cd": {
            "x": 264.0,
            "y": 177.0
        },
        "Dummy-operator-78787108-3c0b-4d1f-a91f-c331e354bf3c": {
            "x": 504.0,
            "y": 377.0
        },
        "Dummy-operator-e215e270-dbff-4e37-af29-242a7dac16ce": {
            "x": 664.0,
            "y": 377.0
        }
    },
    "links": [
        {
            "linkID": "link-74cedf5d-ca83-4b1b-ae77-05b4a60e2564",
            "source": {
                "operatorID": "Dummy-operator-8bae36d9-06ae-45a1-a5a2-c9b22cb3ff97",
                "portID": "output-1"
            },
            "target": {
                "operatorID": "Dummy-operator-ab506cba-fb7a-41e0-8e62-9e3678a2cba5",
                "portID": "input-1"
            }
        },
        {
            "linkID": "link-7e45a31d-3f92-470e-b642-036446624d8b",
            "source": {
                "operatorID": "Dummy-operator-63e7ea1d-e66b-47bf-a723-8e5f8c9983df",
                "portID": "output-1"
            },
            "target": {
                "operatorID": "Dummy-operator-03dd47c4-ad27-4765-9657-29c7de1f68cb",
                "portID": "input-1"
            }
        },
        {
            "linkID": "link-d420d4b9-e734-4010-872d-06b912b6c7c0",
            "source": {
                "operatorID": "Dummy-operator-a4a75626-fd02-4cfd-928f-9065bb51e3cd",
                "portID": "output-1"
            },
            "target": {
                "operatorID": "Dummy-operator-8bae36d9-06ae-45a1-a5a2-c9b22cb3ff97",
                "portID": "input-1"
            }
        },
        {
            "linkID": "link-9d5a0837-2b99-40c5-9bf4-ca09fd038b7e",
            "source": {
                "operatorID": "Dummy-operator-78787108-3c0b-4d1f-a91f-c331e354bf3c",
                "portID": "output-1"
            },
            "target": {
                "operatorID": "Dummy-operator-e215e270-dbff-4e37-af29-242a7dac16ce",
                "portID": "input-1"
            }
        }
    ],
    "groups": [],
    "breakpoints": {},
    "commentBoxes": [
        {
            "commentBoxID": "commentBox-38e2d79b-e8b5-4413-a890-42210e54b2a2",
            "comments": [
                {
                    "content": "https://hub.knime.com/knime/extensions/org.knime.features.base/latest/org.knime.base.node.io.filehandling.csv.reader.CSVTableReaderNodeFactory",
                    "creatorName": "Bot",
                    "createorID": 1,
                    "creationTime": "2024-03-08T10:36:49.883Z"
                }
            ],
            "commentBoxPosition": {
                "x": 484.0,
                "y": 207.0
            }
        },
        {
            "commentBoxID": "commentBox-f7e65886-5904-42bf-afb0-87e6345cd75e",
            "comments": [
                {
                    "content": "https://hub.knime.com/knime/extensions/org.knime.features.base/latest/org.knime.base.node.io.filehandling.csv.reader.CSVTableReaderNodeFactory",
                    "creatorName": "Bot",
                    "createorID": 1,
                    "creationTime": "2024-03-08T10:36:49.883Z"
                }
            ],
            "commentBoxPosition": {
                "x": 264.0,
                "y": 407.0
            }
        },
        {
            "commentBoxID": "commentBox-8cf95049-5dc7-4d6d-8e62-b34f6148f323",
            "comments": [
                {
                    "content": "https://hub.knime.com/knime/extensions/org.knime.features.base/latest/org.knime.base.node.io.filehandling.csv.reader.CSVTableReaderNodeFactory",
                    "creatorName": "Bot",
                    "createorID": 1,
                    "creationTime": "2024-03-08T10:36:49.883Z"
                }
            ],
            "commentBoxPosition": {
                "x": 644.0,
                "y": 207.0
            }
        },
        {
            "commentBoxID": "commentBox-98e78f0f-a911-4668-8bc1-5896e81f8f92",
            "comments": [
                {
                    "content": "https://hub.knime.com/knime/extensions/org.knime.features.base/latest/org.knime.base.node.io.filehandling.csv.reader.CSVTableReaderNodeFactory",
                    "creatorName": "Bot",
                    "createorID": 1,
                    "creationTime": "2024-03-08T10:36:49.883Z"
                }
            ],
            "commentBoxPosition": {
                "x": 404.0,
                "y": 407.0
            }
        },
        {
            "commentBoxID": "commentBox-97ce8366-52b1-4f09-8076-3c8eab1d0350",
            "comments": [
                {
                    "content": "https://hub.knime.com/knime/extensions/org.knime.features.base/latest/org.knime.base.node.io.filehandling.csv.reader.CSVTableReaderNodeFactory",
                    "creatorName": "Bot",
                    "createorID": 1,
                    "creationTime": "2024-03-08T10:36:49.883Z"
                }
            ],
            "commentBoxPosition": {
                "x": 324.0,
                "y": 207.0
            }
        },
        {
            "commentBoxID": "commentBox-f2254d94-3ad2-41aa-bfa9-124c4540d6c7",
            "comments": [
                {
                    "content": "https://hub.knime.com/knime/extensions/org.knime.features.base/latest/org.knime.base.node.io.filehandling.csv.reader.CSVTableReaderNodeFactory",
                    "creatorName": "Bot",
                    "createorID": 1,
                    "creationTime": "2024-03-08T10:36:49.883Z"
                }
            ],
            "commentBoxPosition": {
                "x": 564.0,
                "y": 407.0
            }
        },
        {
            "commentBoxID": "commentBox-c9807ea9-90f1-4193-9ca6-01f1292bc7fa",
            "comments": [
                {
                    "content": "https://hub.knime.com/knime/extensions/org.knime.features.base/latest/org.knime.base.node.io.filehandling.csv.reader.CSVTableReaderNodeFactory",
                    "creatorName": "Bot",
                    "createorID": 1,
                    "creationTime": "2024-03-08T10:36:49.883Z"
                }
            ],
            "commentBoxPosition": {
                "x": 724.0,
                "y": 407.0
            }
        }
    ]
}