{
    "operators": [
        {
            "operatorID": "Dummy-operator-a84b0048-6b3f-481b-86f7-6ef95232224d",
            "operatorType": "Dummy",
            "operatorVersion": "",
            "operatorProperties": {
                "dummyPropertyList": [
                    {
                        "dummyProperty": "Source XML",
                        "dummyValue": "Omitted for license reasons"
                    }
                ]
            },
            "inputPorts": [
                {
                    "portID": "input-0",
                    "displayName": "",
                    "allowMultiInputs": true,
                    "isDynamicPort": true
                },
                {
                    "portID": "input-1",
                    "displayName": "",
                    "allowMultiInputs": true,
                    "isDynamicPort": true
                }
            ],
            "outputPorts": [
                {
                    "portID": "output-0",
                    "displayName": "",
                    "isDynamicPort": true,
                    "isBlocking": false
                },
                {
                    "portID": "output-1",
                    "displayName": "",
                    "isDynamicPort": true,
                    "isBlocking": false
                }
            ],
            "showAdvanced": false,
            "isDisabled": false,
            "customDisplayName": "Bag Of Words Creator",
            "dynamicInputPorts": true,
            "dynamicOutputPorts": true
        },
        {
            "operatorID": "Dummy-operator-998a44be-332a-4063-beeb-3d8863964ffc",
            "operatorType": "Dummy",
            "operatorVersion": "",
            "operatorProperties": {
                "dummyPropertyList": [
                    {
                        "dummyProperty": "Source XML",
                        "dummyValue": "Omitted for license reasons"
                    }
                ]
            },
            "inputPorts": [
                {
                    "portID": "input-0",
                    "displayName": "",
                    "allowMultiInputs": true,
                    "isDynamicPort": true
                },
                {
                    "portID": "input-1",
                    "displayName": "",
                    "allowMultiInputs": true,
                    "isDynamicPort": true
                }
            ],
            "outputPorts": [
                {
                    "portID": "output-0",
                    "displayName": "",
                    "isDynamicPort": true,
                    "isBlocking": false
                },
                {
                    "portID": "output-1",
                    "displayName": "",
                    "isDynamicPort": true,
                    "isBlocking": false
                }
            ],
            "showAdvanced": false,
            "isDisabled": false,
            "customDisplayName": "TF",
            "dynamicInputPorts": true,
            "dynamicOutputPorts": true
        },
        {
            "operatorID": "Dummy-operator-95bb7605-1f02-4f45-a012-bace3b857342",
            "operatorType": "Dummy",
            "operatorVersion": "",
            "operatorProperties": {
                "dummyPropertyList": [
                    {
                        "dummyProperty": "Source XML",
                        "dummyValue": "Omitted for license reasons"
                    }
                ]
            },
            "inputPorts": [
                {
                    "portID": "input-0",
                    "displayName": "",
                    "allowMultiInputs": true,
                    "isDynamicPort": true
                },
                {
                    "portID": "input-1",
                    "displayName": "",
                    "allowMultiInputs": true,
                    "isDynamicPort": true
                },
                {
                    "portID": "input-2",
                    "displayName": "",
                    "allowMultiInputs": true,
                    "isDynamicPort": true
                }
            ],
            "outputPorts": [
                {
                    "portID": "output-0",
                    "displayName": "",
                    "isDynamicPort": true,
                    "isBlocking": false
                },
                {
                    "portID": "output-1",
                    "displayName": "",
                    "isDynamicPort": true,
                    "isBlocking": false
                }
            ],
            "showAdvanced": false,
            "isDisabled": false,
            "customDisplayName": "Concatenate",
            "dynamicInputPorts": true,
            "dynamicOutputPorts": true
        },
        {
            "operatorID": "Dummy-operator-a50dca6b-86c9-43f7-9208-145911118d10",
            "operatorType": "Dummy",
            "operatorVersion": "",
            "operatorProperties": {
                "dummyPropertyList": [
                    {
                        "dummyProperty": "Source XML",
                        "dummyValue": "Omitted for license reasons"
                    }
                ]
            },
            "inputPorts": [
                {
                    "portID": "input-0",
                    "displayName": "",
                    "allowMultiInputs": true,
                    "isDynamicPort": true
                },
                {
                    "portID": "input-1",
                    "displayName": "",
                    "allowMultiInputs": true,
                    "isDynamicPort": true
                }
            ],
            "outputPorts": [
                {
                    "portID": "output-0",
                    "displayName": "",
                    "isDynamicPort": true,
                    "isBlocking": false
                },
                {
                    "portID": "output-1",
                    "displayName": "",
                    "isDynamicPort": true,
                    "isBlocking": false
                }
            ],
            "showAdvanced": false,
            "isDisabled": false,
            "customDisplayName": "DF",
            "dynamicInputPorts": true,
            "dynamicOutputPorts": true
        },
        {
            "operatorID": "Dummy-operator-efc0f2e1-6bf4-49ee-ad5b-f1b9b9d422a9",
            "operatorType": "Dummy",
            "operatorVersion": "",
            "operatorProperties": {
                "dummyPropertyList": [
                    {
                        "dummyProperty": "Source XML",
                        "dummyValue": "Omitted for license reasons"
                    }
                ]
            },
            "inputPorts": [
                {
                    "portID": "input-0",
                    "displayName": "",
                    "allowMultiInputs": true,
                    "isDynamicPort": true
                },
                {
                    "portID": "input-1",
                    "displayName": "",
                    "allowMultiInputs": true,
                    "isDynamicPort": true
                }
            ],
            "outputPorts": [
                {
                    "portID": "output-0",
                    "displayName": "",
                    "isDynamicPort": true,
                    "isBlocking": false
                },
                {
                    "portID": "output-1",
                    "displayName": "",
                    "isDynamicPort": true,
                    "isBlocking": false
                }
            ],
            "showAdvanced": false,
            "isDisabled": false,
            "customDisplayName": "Bag Of Words Creator",
            "dynamicInputPorts": true,
            "dynamicOutputPorts": true
        },
        {
            "operatorID": "Dummy-operator-e65dcbef-58b3-4457-b23d-35022f7fc0c8",
            "operatorType": "Dummy",
            "operatorVersion": "",
            "operatorProperties": {
                "dummyPropertyList": [
                    {
                        "dummyProperty": "Source XML",
                        "dummyValue": "Omitted for license reasons"
                    }
                ]
            },
            "inputPorts": [
                {
                    "portID": "input-0",
                    "displayName": "",
                    "allowMultiInputs": true,
                    "isDynamicPort": true
                },
                {
                    "portID": "input-1",
                    "displayName": "",
                    "allowMultiInputs": true,
                    "isDynamicPort": true
                }
            ],
            "outputPorts": [
                {
                    "portID": "output-0",
                    "displayName": "",
                    "isDynamicPort": true,
                    "isBlocking": false
                },
                {
                    "portID": "output-1",
                    "displayName": "",
                    "isDynamicPort": true,
                    "isBlocking": false
                }
            ],
            "showAdvanced": false,
            "isDisabled": false,
            "customDisplayName": "IDF",
            "dynamicInputPorts": true,
            "dynamicOutputPorts": true
        },
        {
            "operatorID": "Dummy-operator-e62a68ca-cef7-4033-91b5-45c747d0c3d6",
            "operatorType": "Dummy",
            "operatorVersion": "",
            "operatorProperties": {
                "dummyPropertyList": [
                    {
                        "dummyProperty": "Source XML",
                        "dummyValue": "Omitted for license reasons"
                    }
                ]
            },
            "inputPorts": [
                {
                    "portID": "input-0",
                    "displayName": "",
                    "allowMultiInputs": true,
                    "isDynamicPort": true
                },
                {
                    "portID": "input-1",
                    "displayName": "",
                    "allowMultiInputs": true,
                    "isDynamicPort": true
                }
            ],
            "outputPorts": [
                {
                    "portID": "output-0",
                    "displayName": "",
                    "isDynamicPort": true,
                    "isBlocking": false
                },
                {
                    "portID": "output-1",
                    "displayName": "",
                    "isDynamicPort": true,
                    "isBlocking": false
                }
            ],
            "showAdvanced": false,
            "isDisabled": false,
            "customDisplayName": "TF",
            "dynamicInputPorts": true,
            "dynamicOutputPorts": true
        },
        {
            "operatorID": "Dummy-operator-2ff07b33-e159-409a-b2d1-8bca731e81f8",
            "operatorType": "Dummy",
            "operatorVersion": "",
            "operatorProperties": {
                "dummyPropertyList": [
                    {
                        "dummyProperty": "Source XML",
                        "dummyValue": "Omitted for license reasons"
                    }
                ]
            },
            "inputPorts": [
                {
                    "portID": "input-0",
                    "displayName": "",
                    "allowMultiInputs": true,
                    "isDynamicPort": true
                },
                {
                    "portID": "input-1",
                    "displayName": "",
                    "allowMultiInputs": true,
                    "isDynamicPort": true
                }
            ],
            "outputPorts": [
                {
                    "portID": "output-0",
                    "displayName": "",
                    "isDynamicPort": true,
                    "isBlocking": false
                },
                {
                    "portID": "output-1",
                    "displayName": "",
                    "isDynamicPort": true,
                    "isBlocking": false
                }
            ],
            "showAdvanced": false,
            "isDisabled": false,
            "customDisplayName": "Math Formula",
            "dynamicInputPorts": true,
            "dynamicOutputPorts": true
        },
        {
            "operatorID": "Dummy-operator-5e942cbd-3d3e-4b03-96d9-442d60fdcaa8",
            "operatorType": "Dummy",
            "operatorVersion": "",
            "operatorProperties": {
                "dummyPropertyList": [
                    {
                        "dummyProperty": "Source XML",
                        "dummyValue": "Omitted for license reasons"
                    }
                ]
            },
            "inputPorts": [
                {
                    "portID": "input-0",
                    "displayName": "",
                    "allowMultiInputs": true,
                    "isDynamicPort": true
                },
                {
                    "portID": "input-1",
                    "displayName": "",
                    "allowMultiInputs": true,
                    "isDynamicPort": true
                }
            ],
            "outputPorts": [
                {
                    "portID": "output-0",
                    "displayName": "",
                    "isDynamicPort": true,
                    "isBlocking": false
                },
                {
                    "portID": "output-1",
                    "displayName": "",
                    "isDynamicPort": true,
                    "isBlocking": false
                }
            ],
            "showAdvanced": false,
            "isDisabled": false,
            "customDisplayName": "Punctuation Erasure",
            "dynamicInputPorts": true,
            "dynamicOutputPorts": true
        },
        {
            "operatorID": "Dummy-operator-13c15fc2-5b48-4d22-b349-ed344e385def",
            "operatorType": "Dummy",
            "operatorVersion": "",
            "operatorProperties": {
                "dummyPropertyList": [
                    {
                        "dummyProperty": "Source XML",
                        "dummyValue": "Omitted for license reasons"
                    }
                ]
            },
            "inputPorts": [
                {
                    "portID": "input-0",
                    "displayName": "",
                    "allowMultiInputs": true,
                    "isDynamicPort": true
                },
                {
                    "portID": "input-1",
                    "displayName": "",
                    "allowMultiInputs": true,
                    "isDynamicPort": true
                },
                {
                    "portID": "input-2",
                    "displayName": "",
                    "allowMultiInputs": true,
                    "isDynamicPort": true
                }
            ],
            "outputPorts": [
                {
                    "portID": "output-0",
                    "displayName": "",
                    "isDynamicPort": true,
                    "isBlocking": false
                },
                {
                    "portID": "output-1",
                    "displayName": "",
                    "isDynamicPort": true,
                    "isBlocking": false
                }
            ],
            "showAdvanced": false,
            "isDisabled": false,
            "customDisplayName": "Stop Word Filter",
            "dynamicInputPorts": true,
            "dynamicOutputPorts": true
        },
        {
            "operatorID": "Dummy-operator-a7d0d08d-ee0a-4ab0-87b1-163c7da1ca0c",
            "operatorType": "Dummy",
            "operatorVersion": "",
            "operatorProperties": {
                "dummyPropertyList": [
                    {
                        "dummyProperty": "Source XML",
                        "dummyValue": "Omitted for license reasons"
                    }
                ]
            },
            "inputPorts": [
                {
                    "portID": "input-0",
                    "displayName": "",
                    "allowMultiInputs": true,
                    "isDynamicPort": true
                },
                {
                    "portID": "input-1",
                    "displayName": "",
                    "allowMultiInputs": true,
                    "isDynamicPort": true
                }
            ],
            "outputPorts": [
                {
                    "portID": "output-0",
                    "displayName": "",
                    "isDynamicPort": true,
                    "isBlocking": false
                },
                {
                    "portID": "output-1",
                    "displayName": "",
                    "isDynamicPort": true,
                    "isBlocking": false
                }
            ],
            "showAdvanced": false,
            "isDisabled": false,
            "customDisplayName": "Case Converter",
            "dynamicInputPorts": true,
            "dynamicOutputPorts": true
        },
        {
            "operatorID": "Dummy-operator-89148950-554c-4c57-8945-1593809789bd",
            "operatorType": "Dummy",
            "operatorVersion": "",
            "operatorProperties": {
                "dummyPropertyList": [
                    {
                        "dummyProperty": "Source XML",
                        "dummyValue": "Omitted for license reasons"
                    }
                ]
            },
            "inputPorts": [
                {
                    "portID": "input-0",
                    "displayName": "",
                    "allowMultiInputs": true,
                    "isDynamicPort": true
                },
                {
                    "portID": "input-1",
                    "displayName": "",
                    "allowMultiInputs": true,
                    "isDynamicPort": true
                }
            ],
            "outputPorts": [
                {
                    "portID": "output-0",
                    "displayName": "",
                    "isDynamicPort": true,
                    "isBlocking": false
                },
                {
                    "portID": "output-1",
                    "displayName": "",
                    "isDynamicPort": true,
                    "isBlocking": false
                }
            ],
            "showAdvanced": false,
            "isDisabled": false,
            "customDisplayName": "Tag Filter",
            "dynamicInputPorts": true,
            "dynamicOutputPorts": true
        },
        {
            "operatorID": "Dummy-operator-0804bc96-9183-4292-b768-f3b6813112aa",
            "operatorType": "Dummy",
            "operatorVersion": "",
            "operatorProperties": {
                "dummyPropertyList": [
                    {
                        "dummyProperty": "Source XML",
                        "dummyValue": "Omitted for license reasons"
                    }
                ]
            },
            "inputPorts": [
                {
                    "portID": "input-0",
                    "displayName": "",
                    "allowMultiInputs": true,
                    "isDynamicPort": true
                }
            ],
            "outputPorts": [
                {
                    "portID": "output-0",
                    "displayName": "",
                    "isDynamicPort": true,
                    "isBlocking": true
                },
                {
                    "portID": "output-1",
                    "displayName": "",
                    "isDynamicPort": true,
                    "isBlocking": true
                }
            ],
            "showAdvanced": false,
            "isDisabled": false,
            "customDisplayName": "Table Creator",
            "dynamicInputPorts": true,
            "dynamicOutputPorts": true
        },
        {
            "operatorID": "Dummy-operator-40cd386d-f07d-402b-9dcf-2e23447c76bf",
            "operatorType": "Dummy",
            "operatorVersion": "",
            "operatorProperties": {
                "dummyPropertyList": [
                    {
                        "dummyProperty": "Source XML",
                        "dummyValue": "Omitted for license reasons"
                    }
                ]
            },
            "inputPorts": [
                {
                    "portID": "input-0",
                    "displayName": "",
                    "allowMultiInputs": true,
                    "isDynamicPort": true
                },
                {
                    "portID": "input-1",
                    "displayName": "",
                    "allowMultiInputs": true,
                    "isDynamicPort": true
                }
            ],
            "outputPorts": [
                {
                    "portID": "output-0",
                    "displayName": "",
                    "isDynamicPort": true,
                    "isBlocking": false
                },
                {
                    "portID": "output-1",
                    "displayName": "",
                    "isDynamicPort": true,
                    "isBlocking": false
                }
            ],
            "showAdvanced": false,
            "isDisabled": false,
            "customDisplayName": "Tag Filter",
            "dynamicInputPorts": true,
            "dynamicOutputPorts": true
        },
        {
            "operatorID": "Dummy-operator-a3255dcd-c933-4d82-abbb-0432c672cd63",
            "operatorType": "Dummy",
            "operatorVersion": "",
            "operatorProperties": {
                "dummyPropertyList": [
                    {
                        "dummyProperty": "Source XML",
                        "dummyValue": "Omitted for license reasons"
                    }
                ]
            },
            "inputPorts": [
                {
                    "portID": "input-0",
                    "displayName": "",
                    "allowMultiInputs": true,
                    "isDynamicPort": true
                }
            ],
            "outputPorts": [
                {
                    "portID": "output-0",
                    "displayName": "",
                    "isDynamicPort": true,
                    "isBlocking": false
                },
                {
                    "portID": "output-1",
                    "displayName": "",
                    "isDynamicPort": true,
                    "isBlocking": false
                },
                {
                    "portID": "output-2",
                    "displayName": "",
                    "isDynamicPort": true,
                    "isBlocking": false
                }
            ],
            "showAdvanced": false,
            "isDisabled": false,
            "customDisplayName": "Tika Parser",
            "dynamicInputPorts": true,
            "dynamicOutputPorts": true
        },
        {
            "operatorID": "Dummy-operator-8a4dc1d6-7747-4bfc-8b28-01c7a2828f6b",
            "operatorType": "Dummy",
            "operatorVersion": "",
            "operatorProperties": {
                "dummyPropertyList": [
                    {
                        "dummyProperty": "Source XML",
                        "dummyValue": "Omitted for license reasons"
                    }
                ]
            },
            "inputPorts": [
                {
                    "portID": "input-0",
                    "displayName": "",
                    "allowMultiInputs": true,
                    "isDynamicPort": true
                },
                {
                    "portID": "input-1",
                    "displayName": "",
                    "allowMultiInputs": true,
                    "isDynamicPort": true
                }
            ],
            "outputPorts": [
                {
                    "portID": "output-0",
                    "displayName": "",
                    "isDynamicPort": true,
                    "isBlocking": false
                },
                {
                    "portID": "output-1",
                    "displayName": "",
                    "isDynamicPort": true,
                    "isBlocking": false
                }
            ],
            "showAdvanced": false,
            "isDisabled": false,
            "customDisplayName": "Strings To Document",
            "dynamicInputPorts": true,
            "dynamicOutputPorts": true
        },
        {
            "operatorID": "Dummy-operator-68556885-b319-4110-98d1-d5fc7d17f744",
            "operatorType": "Dummy",
            "operatorVersion": "",
            "operatorProperties": {
                "dummyPropertyList": [
                    {
                        "dummyProperty": "Source XML",
                        "dummyValue": "Omitted for license reasons"
                    }
                ]
            },
            "inputPorts": [
                {
                    "portID": "input-0",
                    "displayName": "",
                    "allowMultiInputs": true,
                    "isDynamicPort": true
                },
                {
                    "portID": "input-1",
                    "displayName": "",
                    "allowMultiInputs": true,
                    "isDynamicPort": true
                }
            ],
            "outputPorts": [
                {
                    "portID": "output-0",
                    "displayName": "",
                    "isDynamicPort": true,
                    "isBlocking": false
                },
                {
                    "portID": "output-1",
                    "displayName": "",
                    "isDynamicPort": true,
                    "isBlocking": false
                }
            ],
            "showAdvanced": false,
            "isDisabled": false,
            "customDisplayName": "POS Tagger",
            "dynamicInputPorts": true,
            "dynamicOutputPorts": true
        },
        {
            "operatorID": "Dummy-operator-962fc89b-b1cd-4fd7-8519-cdc6d57351ba",
            "operatorType": "Dummy",
            "operatorVersion": "",
            "operatorProperties": {
                "dummyPropertyList": [
                    {
                        "dummyProperty": "Source XML",
                        "dummyValue": "Omitted for license reasons"
                    }
                ]
            },
            "inputPorts": [
                {
                    "portID": "input-0",
                    "displayName": "",
                    "allowMultiInputs": true,
                    "isDynamicPort": true
                },
                {
                    "portID": "input-1",
                    "displayName": "",
                    "allowMultiInputs": true,
                    "isDynamicPort": true
                }
            ],
            "outputPorts": [
                {
                    "portID": "output-0",
                    "displayName": "",
                    "isDynamicPort": true,
                    "isBlocking": false
                },
                {
                    "portID": "output-1",
                    "displayName": "",
                    "isDynamicPort": true,
                    "isBlocking": false
                }
            ],
            "showAdvanced": false,
            "isDisabled": false,
            "customDisplayName": "StanfordNLP NE Tagger",
            "dynamicInputPorts": true,
            "dynamicOutputPorts": true
        },
        {
            "operatorID": "Dummy-operator-6a8ae97e-9c88-44de-927c-866ce6880016",
            "operatorType": "Dummy",
            "operatorVersion": "",
            "operatorProperties": {
                "dummyPropertyList": [
                    {
                        "dummyProperty": "Source XML",
                        "dummyValue": "Omitted for license reasons"
                    }
                ]
            },
            "inputPorts": [
                {
                    "portID": "input-0",
                    "displayName": "",
                    "allowMultiInputs": true,
                    "isDynamicPort": true
                },
                {
                    "portID": "input-1",
                    "displayName": "",
                    "allowMultiInputs": true,
                    "isDynamicPort": true
                },
                {
                    "portID": "input-2",
                    "displayName": "",
                    "allowMultiInputs": true,
                    "isDynamicPort": true
                }
            ],
            "outputPorts": [
                {
                    "portID": "output-0",
                    "displayName": "",
                    "isDynamicPort": true,
                    "isBlocking": false
                },
                {
                    "portID": "output-1",
                    "displayName": "",
                    "isDynamicPort": true,
                    "isBlocking": false
                }
            ],
            "showAdvanced": false,
            "isDisabled": false,
            "customDisplayName": "Wildcard Tagger",
            "dynamicInputPorts": true,
            "dynamicOutputPorts": true
        },
        {
            "operatorID": "Dummy-operator-d16998cc-b858-444a-8286-fa442cb0e744",
            "operatorType": "Dummy",
            "operatorVersion": "",
            "operatorProperties": {
                "dummyPropertyList": [
                    {
                        "dummyProperty": "Source XML",
                        "dummyValue": "Omitted for license reasons"
                    }
                ]
            },
            "inputPorts": [
                {
                    "portID": "input-0",
                    "displayName": "",
                    "allowMultiInputs": true,
                    "isDynamicPort": true
                }
            ],
            "outputPorts": [
                {
                    "portID": "output-0",
                    "displayName": "",
                    "isDynamicPort": true,
                    "isBlocking": true
                },
                {
                    "portID": "output-1",
                    "displayName": "",
                    "isDynamicPort": true,
                    "isBlocking": true
                }
            ],
            "showAdvanced": false,
            "isDisabled": false,
            "customDisplayName": "Table Creator",
            "dynamicInputPorts": true,
            "dynamicOutputPorts": true
        },
        {
            "operatorID": "Dummy-operator-a5095a80-08bf-4f82-bd8d-06bdee3eb718",
            "operatorType": "Dummy",
            "operatorVersion": "",
            "operatorProperties": {
                "dummyPropertyList": [
                    {
                        "dummyProperty": "Source XML",
                        "dummyValue": "Omitted for license reasons"
                    }
                ]
            },
            "inputPorts": [
                {
                    "portID": "input-0",
                    "displayName": "",
                    "allowMultiInputs": true,
                    "isDynamicPort": true
                },
                {
                    "portID": "input-1",
                    "displayName": "",
                    "allowMultiInputs": true,
                    "isDynamicPort": true
                }
            ],
            "outputPorts": [
                {
                    "portID": "output-0",
                    "displayName": "",
                    "isDynamicPort": true,
                    "isBlocking": false
                },
                {
                    "portID": "output-1",
                    "displayName": "",
                    "isDynamicPort": true,
                    "isBlocking": false
                }
            ],
            "showAdvanced": false,
            "isDisabled": false,
            "customDisplayName": "Constant Value Column",
            "dynamicInputPorts": true,
            "dynamicOutputPorts": true
        },
        {
            "operatorID": "Dummy-operator-5676e26e-d04d-4ed6-a244-bc619b0c5c01",
            "operatorType": "Dummy",
            "operatorVersion": "",
            "operatorProperties": {
                "dummyPropertyList": [
                    {
                        "dummyProperty": "Source XML",
                        "dummyValue": "Omitted for license reasons"
                    }
                ]
            },
            "inputPorts": [
                {
                    "portID": "input-0",
                    "displayName": "",
                    "allowMultiInputs": true,
                    "isDynamicPort": true
                },
                {
                    "portID": "input-1",
                    "displayName": "",
                    "allowMultiInputs": true,
                    "isDynamicPort": true
                }
            ],
            "outputPorts": [
                {
                    "portID": "output-0",
                    "displayName": "",
                    "isDynamicPort": true,
                    "isBlocking": false
                },
                {
                    "portID": "output-1",
                    "displayName": "",
                    "isDynamicPort": true,
                    "isBlocking": false
                }
            ],
            "showAdvanced": false,
            "isDisabled": false,
            "customDisplayName": "Column Filter",
            "dynamicInputPorts": true,
            "dynamicOutputPorts": true
        },
        {
            "operatorID": "Dummy-operator-5590be83-5f63-4f1a-9619-46e2320a847d",
            "operatorType": "Dummy",
            "operatorVersion": "",
            "operatorProperties": {
                "dummyPropertyList": [
                    {
                        "dummyProperty": "Source XML",
                        "dummyValue": "Omitted for license reasons"
                    }
                ]
            },
            "inputPorts": [
                {
                    "portID": "input-0",
                    "displayName": "",
                    "allowMultiInputs": true,
                    "isDynamicPort": true
                },
                {
                    "portID": "input-1",
                    "displayName": "",
                    "allowMultiInputs": true,
                    "isDynamicPort": true
                }
            ],
            "outputPorts": [
                {
                    "portID": "output-0",
                    "displayName": "",
                    "isDynamicPort": true,
                    "isBlocking": false
                },
                {
                    "portID": "output-1",
                    "displayName": "",
                    "isDynamicPort": true,
                    "isBlocking": false
                }
            ],
            "showAdvanced": false,
            "isDisabled": false,
            "customDisplayName": "Constant Value Column",
            "dynamicInputPorts": true,
            "dynamicOutputPorts": true
        },
        {
            "operatorID": "Dummy-operator-252a96cb-1778-4455-8f86-e02b02a471af",
            "operatorType": "Dummy",
            "operatorVersion": "",
            "operatorProperties": {
                "dummyPropertyList": [
                    {
                        "dummyProperty": "Source XML",
                        "dummyValue": "Omitted for license reasons"
                    }
                ]
            },
            "inputPorts": [
                {
                    "portID": "input-0",
                    "displayName": "",
                    "allowMultiInputs": true,
                    "isDynamicPort": true
                }
            ],
            "outputPorts": [
                {
                    "portID": "output-0",
                    "displayName": "",
                    "isDynamicPort": true,
                    "isBlocking": true
                },
                {
                    "portID": "output-1",
                    "displayName": "",
                    "isDynamicPort": true,
                    "isBlocking": true
                }
            ],
            "showAdvanced": false,
            "isDisabled": false,
            "customDisplayName": "Table Creator",
            "dynamicInputPorts": true,
            "dynamicOutputPorts": true
        },
        {
            "operatorID": "Dummy-operator-7c37a0df-7153-4d73-a92d-392972b81d30",
            "operatorType": "Dummy",
            "operatorVersion": "",
            "operatorProperties": {
                "dummyPropertyList": [
                    {
                        "dummyProperty": "Source XML",
                        "dummyValue": "Omitted for license reasons"
                    }
                ]
            },
            "inputPorts": [
                {
                    "portID": "input-0",
                    "displayName": "",
                    "allowMultiInputs": true,
                    "isDynamicPort": true
                },
                {
                    "portID": "input-1",
                    "displayName": "",
                    "allowMultiInputs": true,
                    "isDynamicPort": true
                }
            ],
            "outputPorts": [
                {
                    "portID": "output-0",
                    "displayName": "",
                    "isDynamicPort": true,
                    "isBlocking": false
                },
                {
                    "portID": "output-1",
                    "displayName": "",
                    "isDynamicPort": true,
                    "isBlocking": false
                }
            ],
            "showAdvanced": false,
            "isDisabled": false,
            "customDisplayName": "Tag Filter",
            "dynamicInputPorts": true,
            "dynamicOutputPorts": true
        },
        {
            "operatorID": "Dummy-operator-3a0cbe12-220a-4ebc-9c59-eb0bd2b81567",
            "operatorType": "Dummy",
            "operatorVersion": "",
            "operatorProperties": {
                "dummyPropertyList": [
                    {
                        "dummyProperty": "Source XML",
                        "dummyValue": "Omitted for license reasons"
                    }
                ]
            },
            "inputPorts": [
                {
                    "portID": "input-0",
                    "displayName": "",
                    "allowMultiInputs": true,
                    "isDynamicPort": true
                },
                {
                    "portID": "input-1",
                    "displayName": "",
                    "allowMultiInputs": true,
                    "isDynamicPort": true
                }
            ],
            "outputPorts": [
                {
                    "portID": "output-0",
                    "displayName": "",
                    "isDynamicPort": true,
                    "isBlocking": false
                },
                {
                    "portID": "output-1",
                    "displayName": "",
                    "isDynamicPort": true,
                    "isBlocking": false
                }
            ],
            "showAdvanced": false,
            "isDisabled": false,
            "customDisplayName": "Punctuation Erasure",
            "dynamicInputPorts": true,
            "dynamicOutputPorts": true
        },
        {
            "operatorID": "Dummy-operator-49e65578-3b4d-4c4d-b134-b63435ebaec9",
            "operatorType": "Dummy",
            "operatorVersion": "",
            "operatorProperties": {
                "dummyPropertyList": [
                    {
                        "dummyProperty": "Source XML",
                        "dummyValue": "Omitted for license reasons"
                    }
                ]
            },
            "inputPorts": [
                {
                    "portID": "input-0",
                    "displayName": "",
                    "allowMultiInputs": true,
                    "isDynamicPort": true
                },
                {
                    "portID": "input-1",
                    "displayName": "",
                    "allowMultiInputs": true,
                    "isDynamicPort": true
                },
                {
                    "portID": "input-2",
                    "displayName": "",
                    "allowMultiInputs": true,
                    "isDynamicPort": true
                }
            ],
            "outputPorts": [
                {
                    "portID": "output-0",
                    "displayName": "",
                    "isDynamicPort": true,
                    "isBlocking": false
                },
                {
                    "portID": "output-1",
                    "displayName": "",
                    "isDynamicPort": true,
                    "isBlocking": false
                }
            ],
            "showAdvanced": false,
            "isDisabled": false,
            "customDisplayName": "Stop Word Filter",
            "dynamicInputPorts": true,
            "dynamicOutputPorts": true
        },
        {
            "operatorID": "Dummy-operator-86a4d5e2-1a2d-42b4-964e-4212c8e05ea1",
            "operatorType": "Dummy",
            "operatorVersion": "",
            "operatorProperties": {
                "dummyPropertyList": [
                    {
                        "dummyProperty": "Source XML",
                        "dummyValue": "Omitted for license reasons"
                    }
                ]
            },
            "inputPorts": [
                {
                    "portID": "input-0",
                    "displayName": "",
                    "allowMultiInputs": true,
                    "isDynamicPort": true
                },
                {
                    "portID": "input-1",
                    "displayName": "",
                    "allowMultiInputs": true,
                    "isDynamicPort": true
                }
            ],
            "outputPorts": [
                {
                    "portID": "output-0",
                    "displayName": "",
                    "isDynamicPort": true,
                    "isBlocking": false
                },
                {
                    "portID": "output-1",
                    "displayName": "",
                    "isDynamicPort": true,
                    "isBlocking": false
                }
            ],
            "showAdvanced": false,
            "isDisabled": false,
            "customDisplayName": "Case Converter",
            "dynamicInputPorts": true,
            "dynamicOutputPorts": true
        },
        {
            "operatorID": "Dummy-operator-827a3430-2849-41ab-89d2-52c7338503b0",
            "operatorType": "Dummy",
            "operatorVersion": "",
            "operatorProperties": {
                "dummyPropertyList": [
                    {
                        "dummyProperty": "Source XML",
                        "dummyValue": "Omitted for license reasons"
                    }
                ]
            },
            "inputPorts": [
                {
                    "portID": "input-0",
                    "displayName": "",
                    "allowMultiInputs": true,
                    "isDynamicPort": true
                }
            ],
            "outputPorts": [
                {
                    "portID": "output-0",
                    "displayName": "",
                    "isDynamicPort": true,
                    "isBlocking": false
                },
                {
                    "portID": "output-1",
                    "displayName": "",
                    "isDynamicPort": true,
                    "isBlocking": false
                },
                {
                    "portID": "output-2",
                    "displayName": "",
                    "isDynamicPort": true,
                    "isBlocking": false
                }
            ],
            "showAdvanced": false,
            "isDisabled": false,
            "customDisplayName": "Tika Parser",
            "dynamicInputPorts": true,
            "dynamicOutputPorts": true
        },
        {
            "operatorID": "Dummy-operator-fb1a2691-3d30-4868-9a18-c3e98be46c5c",
            "operatorType": "Dummy",
            "operatorVersion": "",
            "operatorProperties": {
                "dummyPropertyList": [
                    {
                        "dummyProperty": "Source XML",
                        "dummyValue": "Omitted for license reasons"
                    }
                ]
            },
            "inputPorts": [
                {
                    "portID": "input-0",
                    "displayName": "",
                    "allowMultiInputs": true,
                    "isDynamicPort": true
                },
                {
                    "portID": "input-1",
                    "displayName": "",
                    "allowMultiInputs": true,
                    "isDynamicPort": true
                }
            ],
            "outputPorts": [
                {
                    "portID": "output-0",
                    "displayName": "",
                    "isDynamicPort": true,
                    "isBlocking": false
                },
                {
                    "portID": "output-1",
                    "displayName": "",
                    "isDynamicPort": true,
                    "isBlocking": false
                }
            ],
            "showAdvanced": false,
            "isDisabled": false,
            "customDisplayName": "Strings To Document",
            "dynamicInputPorts": true,
            "dynamicOutputPorts": true
        },
        {
            "operatorID": "Dummy-operator-5872bdd4-d925-45c8-b8d2-15d115abf5d1",
            "operatorType": "Dummy",
            "operatorVersion": "",
            "operatorProperties": {
                "dummyPropertyList": [
                    {
                        "dummyProperty": "Source XML",
                        "dummyValue": "Omitted for license reasons"
                    }
                ]
            },
            "inputPorts": [
                {
                    "portID": "input-0",
                    "displayName": "",
                    "allowMultiInputs": true,
                    "isDynamicPort": true
                },
                {
                    "portID": "input-1",
                    "displayName": "",
                    "allowMultiInputs": true,
                    "isDynamicPort": true
                }
            ],
            "outputPorts": [
                {
                    "portID": "output-0",
                    "displayName": "",
                    "isDynamicPort": true,
                    "isBlocking": false
                },
                {
                    "portID": "output-1",
                    "displayName": "",
                    "isDynamicPort": true,
                    "isBlocking": false
                }
            ],
            "showAdvanced": false,
            "isDisabled": false,
            "customDisplayName": "POS Tagger",
            "dynamicInputPorts": true,
            "dynamicOutputPorts": true
        },
        {
            "operatorID": "Dummy-operator-e8aeb2fe-72cf-480f-8870-c47d50ec1d3f",
            "operatorType": "Dummy",
            "operatorVersion": "",
            "operatorProperties": {
                "dummyPropertyList": [
                    {
                        "dummyProperty": "Source XML",
                        "dummyValue": "Omitted for license reasons"
                    }
                ]
            },
            "inputPorts": [
                {
                    "portID": "input-0",
                    "displayName": "",
                    "allowMultiInputs": true,
                    "isDynamicPort": true
                },
                {
                    "portID": "input-1",
                    "displayName": "",
                    "allowMultiInputs": true,
                    "isDynamicPort": true
                }
            ],
            "outputPorts": [
                {
                    "portID": "output-0",
                    "displayName": "",
                    "isDynamicPort": true,
                    "isBlocking": false
                },
                {
                    "portID": "output-1",
                    "displayName": "",
                    "isDynamicPort": true,
                    "isBlocking": false
                }
            ],
            "showAdvanced": false,
            "isDisabled": false,
            "customDisplayName": "StanfordNLP NE Tagger",
            "dynamicInputPorts": true,
            "dynamicOutputPorts": true
        },
        {
            "operatorID": "Dummy-operator-6e5ccd46-15fb-4b27-8812-39eff5ea69fc",
            "operatorType": "Dummy",
            "operatorVersion": "",
            "operatorProperties": {
                "dummyPropertyList": [
                    {
                        "dummyProperty": "Source XML",
                        "dummyValue": "Omitted for license reasons"
                    }
                ]
            },
            "inputPorts": [
                {
                    "portID": "input-0",
                    "displayName": "",
                    "allowMultiInputs": true,
                    "isDynamicPort": true
                },
                {
                    "portID": "input-1",
                    "displayName": "",
                    "allowMultiInputs": true,
                    "isDynamicPort": true
                },
                {
                    "portID": "input-2",
                    "displayName": "",
                    "allowMultiInputs": true,
                    "isDynamicPort": true
                }
            ],
            "outputPorts": [
                {
                    "portID": "output-0",
                    "displayName": "",
                    "isDynamicPort": true,
                    "isBlocking": false
                },
                {
                    "portID": "output-1",
                    "displayName": "",
                    "isDynamicPort": true,
                    "isBlocking": false
                }
            ],
            "showAdvanced": false,
            "isDisabled": false,
            "customDisplayName": "Wildcard Tagger",
            "dynamicInputPorts": true,
            "dynamicOutputPorts": true
        },
        {
            "operatorID": "Dummy-operator-2653aab5-ec34-4a23-a03d-3f1ba3a99957",
            "operatorType": "Dummy",
            "operatorVersion": "",
            "operatorProperties": {
                "dummyPropertyList": [
                    {
                        "dummyProperty": "Source XML",
                        "dummyValue": "Omitted for license reasons"
                    }
                ]
            },
            "inputPorts": [
                {
                    "portID": "input-0",
                    "displayName": "",
                    "allowMultiInputs": true,
                    "isDynamicPort": true
                }
            ],
            "outputPorts": [
                {
                    "portID": "output-0",
                    "displayName": "",
                    "isDynamicPort": true,
                    "isBlocking": true
                },
                {
                    "portID": "output-1",
                    "displayName": "",
                    "isDynamicPort": true,
                    "isBlocking": true
                }
            ],
            "showAdvanced": false,
            "isDisabled": false,
            "customDisplayName": "Table Creator",
            "dynamicInputPorts": true,
            "dynamicOutputPorts": true
        },
        {
            "operatorID": "Dummy-operator-96c340ef-a9dc-420a-af0f-6fe7a0e5bfc0",
            "operatorType": "Dummy",
            "operatorVersion": "",
            "operatorProperties": {
                "dummyPropertyList": [
                    {
                        "dummyProperty": "Source XML",
                        "dummyValue": "Omitted for license reasons"
                    }
                ]
            },
            "inputPorts": [
                {
                    "portID": "input-0",
                    "displayName": "",
                    "allowMultiInputs": true,
                    "isDynamicPort": true
                },
                {
                    "portID": "input-1",
                    "displayName": "",
                    "allowMultiInputs": true,
                    "isDynamicPort": true
                }
            ],
            "outputPorts": [
                {
                    "portID": "output-0",
                    "displayName": "",
                    "isDynamicPort": true,
                    "isBlocking": false
                },
                {
                    "portID": "output-1",
                    "displayName": "",
                    "isDynamicPort": true,
                    "isBlocking": false
                }
            ],
            "showAdvanced": false,
            "isDisabled": false,
            "customDisplayName": "Tag Filter",
            "dynamicInputPorts": true,
            "dynamicOutputPorts": true
        },
        {
            "operatorID": "Dummy-operator-2a2d9e2a-83c8-4285-8940-7f9d4b11ae50",
            "operatorType": "Dummy",
            "operatorVersion": "",
            "operatorProperties": {
                "dummyPropertyList": [
                    {
                        "dummyProperty": "Source XML",
                        "dummyValue": "Omitted for license reasons"
                    }
                ]
            },
            "inputPorts": [
                {
                    "portID": "input-0",
                    "displayName": "",
                    "allowMultiInputs": true,
                    "isDynamicPort": true
                },
                {
                    "portID": "input-1",
                    "displayName": "",
                    "allowMultiInputs": true,
                    "isDynamicPort": true
                }
            ],
            "outputPorts": [
                {
                    "portID": "output-0",
                    "displayName": "",
                    "isDynamicPort": true,
                    "isBlocking": false
                },
                {
                    "portID": "output-1",
                    "displayName": "",
                    "isDynamicPort": true,
                    "isBlocking": false
                }
            ],
            "showAdvanced": false,
            "isDisabled": false,
            "customDisplayName": "Column Filter",
            "dynamicInputPorts": true,
            "dynamicOutputPorts": true
        }
    ],
    "operatorPositions": {
        "Dummy-operator-a84b0048-6b3f-481b-86f7-6ef95232224d": {
            "x": 264.0,
            "y": 417.0
        },
        "Dummy-operator-998a44be-332a-4063-beeb-3d8863964ffc": {
            "x": 444.0,
            "y": 417.0
        },
        "Dummy-operator-95bb7605-1f02-4f45-a012-bace3b857342": {
            "x": 444.0,
            "y": 577.0
        },
        "Dummy-operator-a50dca6b-86c9-43f7-9208-145911118d10": {
            "x": 744.0,
            "y": 577.0
        },
        "Dummy-operator-efc0f2e1-6bf4-49ee-ad5b-f1b9b9d422a9": {
            "x": 584.0,
            "y": 577.0
        },
        "Dummy-operator-e65dcbef-58b3-4457-b23d-35022f7fc0c8": {
            "x": 844.0,
            "y": 717.0
        },
        "Dummy-operator-e62a68ca-cef7-4033-91b5-45c747d0c3d6": {
            "x": 744.0,
            "y": 717.0
        },
        "Dummy-operator-2ff07b33-e159-409a-b2d1-8bca731e81f8": {
            "x": 964.0,
            "y": 717.0
        },
        "Dummy-operator-5e942cbd-3d3e-4b03-96d9-442d60fdcaa8": {
            "x": 290.0,
            "y": 120.0
        },
        "Dummy-operator-13c15fc2-5b48-4d22-b349-ed344e385def": {
            "x": 610.0,
            "y": 120.0
        },
        "Dummy-operator-a7d0d08d-ee0a-4ab0-87b1-163c7da1ca0c": {
            "x": 450.0,
            "y": 120.0
        },
        "Dummy-operator-89148950-554c-4c57-8945-1593809789bd": {
            "x": 730.0,
            "y": 120.0
        },
        "Dummy-operator-0804bc96-9183-4292-b768-f3b6813112aa": {
            "x": 450.0,
            "y": 240.0
        },
        "Dummy-operator-40cd386d-f07d-402b-9dcf-2e23447c76bf": {
            "x": 870.0,
            "y": 120.0
        },
        "Dummy-operator-a3255dcd-c933-4d82-abbb-0432c672cd63": {
            "x": 304.0,
            "y": 117.0
        },
        "Dummy-operator-8a4dc1d6-7747-4bfc-8b28-01c7a2828f6b": {
            "x": 504.0,
            "y": 117.0
        },
        "Dummy-operator-68556885-b319-4110-98d1-d5fc7d17f744": {
            "x": 644.0,
            "y": 117.0
        },
        "Dummy-operator-962fc89b-b1cd-4fd7-8519-cdc6d57351ba": {
            "x": 804.0,
            "y": 117.0
        },
        "Dummy-operator-6a8ae97e-9c88-44de-927c-866ce6880016": {
            "x": 964.0,
            "y": 117.0
        },
        "Dummy-operator-d16998cc-b858-444a-8286-fa442cb0e744": {
            "x": 804.0,
            "y": 237.0
        },
        "Dummy-operator-a5095a80-08bf-4f82-bd8d-06bdee3eb718": {
            "x": 1044.0,
            "y": 117.0
        },
        "Dummy-operator-5676e26e-d04d-4ed6-a244-bc619b0c5c01": {
            "x": 1184.0,
            "y": 117.0
        },
        "Dummy-operator-5590be83-5f63-4f1a-9619-46e2320a847d": {
            "x": 1064.0,
            "y": 117.0
        },
        "Dummy-operator-252a96cb-1778-4455-8f86-e02b02a471af": {
            "x": 450.0,
            "y": 240.0
        },
        "Dummy-operator-7c37a0df-7153-4d73-a92d-392972b81d30": {
            "x": 730.0,
            "y": 120.0
        },
        "Dummy-operator-3a0cbe12-220a-4ebc-9c59-eb0bd2b81567": {
            "x": 290.0,
            "y": 120.0
        },
        "Dummy-operator-49e65578-3b4d-4c4d-b134-b63435ebaec9": {
            "x": 610.0,
            "y": 120.0
        },
        "Dummy-operator-86a4d5e2-1a2d-42b4-964e-4212c8e05ea1": {
            "x": 450.0,
            "y": 120.0
        },
        "Dummy-operator-827a3430-2849-41ab-89d2-52c7338503b0": {
            "x": 150.0,
            "y": 120.0
        },
        "Dummy-operator-fb1a2691-3d30-4868-9a18-c3e98be46c5c": {
            "x": 444.0,
            "y": 117.0
        },
        "Dummy-operator-5872bdd4-d925-45c8-b8d2-15d115abf5d1": {
            "x": 584.0,
            "y": 117.0
        },
        "Dummy-operator-e8aeb2fe-72cf-480f-8870-c47d50ec1d3f": {
            "x": 744.0,
            "y": 117.0
        },
        "Dummy-operator-6e5ccd46-15fb-4b27-8812-39eff5ea69fc": {
            "x": 904.0,
            "y": 117.0
        },
        "Dummy-operator-2653aab5-ec34-4a23-a03d-3f1ba3a99957": {
            "x": 744.0,
            "y": 237.0
        },
        "Dummy-operator-96c340ef-a9dc-420a-af0f-6fe7a0e5bfc0": {
            "x": 870.0,
            "y": 120.0
        },
        "Dummy-operator-2a2d9e2a-83c8-4285-8940-7f9d4b11ae50": {
            "x": 1224.0,
            "y": 117.0
        }
    },
    "links": [
        {
            "linkID": "link-e4301f3d-312c-4f62-bccd-c3bf3e54339a",
            "source": {
                "operatorID": "Dummy-operator-a3255dcd-c933-4d82-abbb-0432c672cd63",
                "portID": "output-1"
            },
            "target": {
                "operatorID": "Dummy-operator-8a4dc1d6-7747-4bfc-8b28-01c7a2828f6b",
                "portID": "input-1"
            }
        },
        {
            "linkID": "link-cce4a605-cd8a-4f24-a920-a2c91d64ee09",
            "source": {
                "operatorID": "Dummy-operator-8a4dc1d6-7747-4bfc-8b28-01c7a2828f6b",
                "portID": "output-1"
            },
            "target": {
                "operatorID": "Dummy-operator-68556885-b319-4110-98d1-d5fc7d17f744",
                "portID": "input-1"
            }
        },
        {
            "linkID": "link-0366de9d-e0a8-43ae-b3aa-b9aa2c3f3526",
            "source": {
                "operatorID": "Dummy-operator-68556885-b319-4110-98d1-d5fc7d17f744",
                "portID": "output-1"
            },
            "target": {
                "operatorID": "Dummy-operator-962fc89b-b1cd-4fd7-8519-cdc6d57351ba",
                "portID": "input-1"
            }
        },
        {
            "linkID": "link-951bf2d4-9e7a-4373-8fbd-7c4bd7f2629e",
            "source": {
                "operatorID": "Dummy-operator-962fc89b-b1cd-4fd7-8519-cdc6d57351ba",
                "portID": "output-1"
            },
            "target": {
                "operatorID": "Dummy-operator-6a8ae97e-9c88-44de-927c-866ce6880016",
                "portID": "input-1"
            }
        },
        {
            "linkID": "link-2c08e857-bdb1-4ce8-89a0-47c557dce274",
            "source": {
                "operatorID": "Dummy-operator-d16998cc-b858-444a-8286-fa442cb0e744",
                "portID": "output-1"
            },
            "target": {
                "operatorID": "Dummy-operator-6a8ae97e-9c88-44de-927c-866ce6880016",
                "portID": "input-2"
            }
        },
        {
            "linkID": "link-dd687069-9d68-48d1-a620-c723c1ad271b",
            "source": {
                "operatorID": "Dummy-operator-5e942cbd-3d3e-4b03-96d9-442d60fdcaa8",
                "portID": "output-1"
            },
            "target": {
                "operatorID": "Dummy-operator-a7d0d08d-ee0a-4ab0-87b1-163c7da1ca0c",
                "portID": "input-1"
            }
        },
        {
            "linkID": "link-db99826e-3f96-41b6-b632-92810025644d",
            "source": {
                "operatorID": "Dummy-operator-13c15fc2-5b48-4d22-b349-ed344e385def",
                "portID": "output-1"
            },
            "target": {
                "operatorID": "Dummy-operator-89148950-554c-4c57-8945-1593809789bd",
                "portID": "input-1"
            }
        },
        {
            "linkID": "link-c950d037-a393-4aa3-95e6-cfc368d89421",
            "source": {
                "operatorID": "Dummy-operator-a7d0d08d-ee0a-4ab0-87b1-163c7da1ca0c",
                "portID": "output-1"
            },
            "target": {
                "operatorID": "Dummy-operator-13c15fc2-5b48-4d22-b349-ed344e385def",
                "portID": "input-1"
            }
        },
        {
            "linkID": "link-df993140-5cad-4b2f-9764-c5b936d9b1e7",
            "source": {
                "operatorID": "Dummy-operator-89148950-554c-4c57-8945-1593809789bd",
                "portID": "output-1"
            },
            "target": {
                "operatorID": "Dummy-operator-40cd386d-f07d-402b-9dcf-2e23447c76bf",
                "portID": "input-1"
            }
        },
        {
            "linkID": "link-23d95d52-414e-4715-ba31-2dfd7d879492",
            "source": {
                "operatorID": "Dummy-operator-0804bc96-9183-4292-b768-f3b6813112aa",
                "portID": "output-1"
            },
            "target": {
                "operatorID": "Dummy-operator-13c15fc2-5b48-4d22-b349-ed344e385def",
                "portID": "input-2"
            }
        },
        {
            "linkID": "link-256607e7-050f-4519-addd-a317451820d4",
            "source": {
                "operatorID": "Dummy-operator-40cd386d-f07d-402b-9dcf-2e23447c76bf",
                "portID": "output-1"
            },
            "target": {
                "operatorID": "Dummy-operator-a5095a80-08bf-4f82-bd8d-06bdee3eb718",
                "portID": "input-1"
            }
        },
        {
            "linkID": "link-d75da72a-5762-47e2-afbe-cb56cba8675c",
            "source": {
                "operatorID": "Dummy-operator-6a8ae97e-9c88-44de-927c-866ce6880016",
                "portID": "output-1"
            },
            "target": {
                "operatorID": "Dummy-operator-5e942cbd-3d3e-4b03-96d9-442d60fdcaa8",
                "portID": "input-1"
            }
        },
        {
            "linkID": "link-52445d8f-751e-4b63-93ea-5fc9054c9cde",
            "source": {
                "operatorID": "Dummy-operator-a5095a80-08bf-4f82-bd8d-06bdee3eb718",
                "portID": "output-1"
            },
            "target": {
                "operatorID": "Dummy-operator-5676e26e-d04d-4ed6-a244-bc619b0c5c01",
                "portID": "input-1"
            }
        },
        {
            "linkID": "link-206ae8f7-678f-4740-9b72-8012d46db324",
            "source": {
                "operatorID": "Dummy-operator-827a3430-2849-41ab-89d2-52c7338503b0",
                "portID": "output-1"
            },
            "target": {
                "operatorID": "Dummy-operator-fb1a2691-3d30-4868-9a18-c3e98be46c5c",
                "portID": "input-1"
            }
        },
        {
            "linkID": "link-a6827435-7351-437b-9930-ad1ea5f092e4",
            "source": {
                "operatorID": "Dummy-operator-fb1a2691-3d30-4868-9a18-c3e98be46c5c",
                "portID": "output-1"
            },
            "target": {
                "operatorID": "Dummy-operator-5872bdd4-d925-45c8-b8d2-15d115abf5d1",
                "portID": "input-1"
            }
        },
        {
            "linkID": "link-7f1b4b6c-7ea4-41e7-9f38-8755d1f7982f",
            "source": {
                "operatorID": "Dummy-operator-5872bdd4-d925-45c8-b8d2-15d115abf5d1",
                "portID": "output-1"
            },
            "target": {
                "operatorID": "Dummy-operator-e8aeb2fe-72cf-480f-8870-c47d50ec1d3f",
                "portID": "input-1"
            }
        },
        {
            "linkID": "link-a78b93aa-176e-4d6d-b744-fa2bd4b229a2",
            "source": {
                "operatorID": "Dummy-operator-e8aeb2fe-72cf-480f-8870-c47d50ec1d3f",
                "portID": "output-1"
            },
            "target": {
                "operatorID": "Dummy-operator-6e5ccd46-15fb-4b27-8812-39eff5ea69fc",
                "portID": "input-1"
            }
        },
        {
            "linkID": "link-0516868e-f022-41e1-8b28-ccc93094190e",
            "source": {
                "operatorID": "Dummy-operator-2653aab5-ec34-4a23-a03d-3f1ba3a99957",
                "portID": "output-1"
            },
            "target": {
                "operatorID": "Dummy-operator-6e5ccd46-15fb-4b27-8812-39eff5ea69fc",
                "portID": "input-2"
            }
        },
        {
            "linkID": "link-c196e681-7694-40c6-ab26-d1616cb4e004",
            "source": {
                "operatorID": "Dummy-operator-5590be83-5f63-4f1a-9619-46e2320a847d",
                "portID": "output-1"
            },
            "target": {
                "operatorID": "Dummy-operator-2a2d9e2a-83c8-4285-8940-7f9d4b11ae50",
                "portID": "input-1"
            }
        },
        {
            "linkID": "link-284c948a-3be6-4678-83b6-74adaebe322c",
            "source": {
                "operatorID": "Dummy-operator-252a96cb-1778-4455-8f86-e02b02a471af",
                "portID": "output-1"
            },
            "target": {
                "operatorID": "Dummy-operator-49e65578-3b4d-4c4d-b134-b63435ebaec9",
                "portID": "input-2"
            }
        },
        {
            "linkID": "link-c3ac36bf-c546-48d4-a159-f09552a8197a",
            "source": {
                "operatorID": "Dummy-operator-7c37a0df-7153-4d73-a92d-392972b81d30",
                "portID": "output-1"
            },
            "target": {
                "operatorID": "Dummy-operator-96c340ef-a9dc-420a-af0f-6fe7a0e5bfc0",
                "portID": "input-1"
            }
        },
        {
            "linkID": "link-5d085144-d8d9-4abf-902d-0d55876d2154",
            "source": {
                "operatorID": "Dummy-operator-3a0cbe12-220a-4ebc-9c59-eb0bd2b81567",
                "portID": "output-1"
            },
            "target": {
                "operatorID": "Dummy-operator-86a4d5e2-1a2d-42b4-964e-4212c8e05ea1",
                "portID": "input-1"
            }
        },
        {
            "linkID": "link-acf839f4-edae-407a-b14f-773209fc31e1",
            "source": {
                "operatorID": "Dummy-operator-49e65578-3b4d-4c4d-b134-b63435ebaec9",
                "portID": "output-1"
            },
            "target": {
                "operatorID": "Dummy-operator-7c37a0df-7153-4d73-a92d-392972b81d30",
                "portID": "input-1"
            }
        },
        {
            "linkID": "link-65b5d57d-1188-472a-9086-311ba68ae609",
            "source": {
                "operatorID": "Dummy-operator-86a4d5e2-1a2d-42b4-964e-4212c8e05ea1",
                "portID": "output-1"
            },
            "target": {
                "operatorID": "Dummy-operator-49e65578-3b4d-4c4d-b134-b63435ebaec9",
                "portID": "input-1"
            }
        },
        {
            "linkID": "link-f4421552-e977-4d4f-bb32-af0b48fa6f20",
            "source": {
                "operatorID": "Dummy-operator-6e5ccd46-15fb-4b27-8812-39eff5ea69fc",
                "portID": "output-1"
            },
            "target": {
                "operatorID": "Dummy-operator-3a0cbe12-220a-4ebc-9c59-eb0bd2b81567",
                "portID": "input-1"
            }
        },
        {
            "linkID": "link-2c68b736-5294-4700-bf81-e2e70c87b7fe",
            "source": {
                "operatorID": "Dummy-operator-96c340ef-a9dc-420a-af0f-6fe7a0e5bfc0",
                "portID": "output-1"
            },
            "target": {
                "operatorID": "Dummy-operator-5590be83-5f63-4f1a-9619-46e2320a847d",
                "portID": "input-1"
            }
        },
        {
            "linkID": "link-53edc262-fc34-4f41-858e-c97c680b9f2a",
            "source": {
                "operatorID": "Dummy-operator-a84b0048-6b3f-481b-86f7-6ef95232224d",
                "portID": "output-1"
            },
            "target": {
                "operatorID": "Dummy-operator-998a44be-332a-4063-beeb-3d8863964ffc",
                "portID": "input-1"
            }
        },
        {
            "linkID": "link-da9e3e21-c346-4c7c-9f44-95f9e90af938",
            "source": {
                "operatorID": "Dummy-operator-95bb7605-1f02-4f45-a012-bace3b857342",
                "portID": "output-1"
            },
            "target": {
                "operatorID": "Dummy-operator-efc0f2e1-6bf4-49ee-ad5b-f1b9b9d422a9",
                "portID": "input-1"
            }
        },
        {
            "linkID": "link-fdd3261f-9c71-4254-8c46-fc0c00aed47b",
            "source": {
                "operatorID": "Dummy-operator-efc0f2e1-6bf4-49ee-ad5b-f1b9b9d422a9",
                "portID": "output-1"
            },
            "target": {
                "operatorID": "Dummy-operator-a50dca6b-86c9-43f7-9208-145911118d10",
                "portID": "input-1"
            }
        },
        {
            "linkID": "link-5dd4536f-d6aa-45b9-abdf-28332f2527eb",
            "source": {
                "operatorID": "Dummy-operator-efc0f2e1-6bf4-49ee-ad5b-f1b9b9d422a9",
                "portID": "output-1"
            },
            "target": {
                "operatorID": "Dummy-operator-e62a68ca-cef7-4033-91b5-45c747d0c3d6",
                "portID": "input-1"
            }
        },
        {
            "linkID": "link-47a1b8dd-57cf-4e63-b100-60fec9da9338",
            "source": {
                "operatorID": "Dummy-operator-e65dcbef-58b3-4457-b23d-35022f7fc0c8",
                "portID": "output-1"
            },
            "target": {
                "operatorID": "Dummy-operator-2ff07b33-e159-409a-b2d1-8bca731e81f8",
                "portID": "input-1"
            }
        },
        {
            "linkID": "link-84344239-736d-49b4-9bea-9b4a3ef4554c",
            "source": {
                "operatorID": "Dummy-operator-e62a68ca-cef7-4033-91b5-45c747d0c3d6",
                "portID": "output-1"
            },
            "target": {
                "operatorID": "Dummy-operator-e65dcbef-58b3-4457-b23d-35022f7fc0c8",
                "portID": "input-1"
            }
        },
        {
            "linkID": "link-0c31c154-9e35-4ea3-954c-12b25ea38a72",
            "source": {
                "operatorID": "Dummy-operator-5676e26e-d04d-4ed6-a244-bc619b0c5c01",
                "portID": "output-1"
            },
            "target": {
                "operatorID": "Dummy-operator-a84b0048-6b3f-481b-86f7-6ef95232224d",
                "portID": "input-1"
            }
        },
        {
            "linkID": "link-0c3e6845-2653-409a-b664-09a138a01db3",
            "source": {
                "operatorID": "Dummy-operator-5676e26e-d04d-4ed6-a244-bc619b0c5c01",
                "portID": "output-1"
            },
            "target": {
                "operatorID": "Dummy-operator-95bb7605-1f02-4f45-a012-bace3b857342",
                "portID": "input-1"
            }
        },
        {
            "linkID": "link-36dcb9cd-012e-4de0-9d1c-5496d6ed02c7",
            "source": {
                "operatorID": "Dummy-operator-2a2d9e2a-83c8-4285-8940-7f9d4b11ae50",
                "portID": "output-1"
            },
            "target": {
                "operatorID": "Dummy-operator-95bb7605-1f02-4f45-a012-bace3b857342",
                "portID": "input-2"
            }
        }
    ],
    "groups": [],
    "breakpoints": {},
    "commentBoxes": [
        {
            "commentBoxID": "commentBox-cb790ce0-2916-4c81-8654-474ba0f7944d",
            "comments": [
                {
                    "content": "https://hub.knime.com/knime/extensions/org.knime.features.base/latest/org.knime.base.node.io.filehandling.csv.reader.CSVTableReaderNodeFactory",
                    "creatorName": "Bot",
                    "createorID": 1,
                    "creationTime": "2024-03-08T10:36:49.883Z"
                }
            ],
            "commentBoxPosition": {
                "x": 324.0,
                "y": 447.0
            }
        },
        {
            "commentBoxID": "commentBox-55b53d10-40ec-4671-84fa-3c68ac471f9c",
            "comments": [
                {
                    "content": "https://hub.knime.com/knime/extensions/org.knime.features.base/latest/org.knime.base.node.io.filehandling.csv.reader.CSVTableReaderNodeFactory",
                    "creatorName": "Bot",
                    "createorID": 1,
                    "creationTime": "2024-03-08T10:36:49.883Z"
                }
            ],
            "commentBoxPosition": {
                "x": 504.0,
                "y": 447.0
            }
        },
        {
            "commentBoxID": "commentBox-c6355d77-e3ee-448d-bdb8-768be292530c",
            "comments": [
                {
                    "content": "https://hub.knime.com/knime/extensions/org.knime.features.base/latest/org.knime.base.node.io.filehandling.csv.reader.CSVTableReaderNodeFactory",
                    "creatorName": "Bot",
                    "createorID": 1,
                    "creationTime": "2024-03-08T10:36:49.883Z"
                }
            ],
            "commentBoxPosition": {
                "x": 504.0,
                "y": 607.0
            }
        },
        {
            "commentBoxID": "commentBox-85115ccd-6bd0-4981-9949-fc047615f707",
            "comments": [
                {
                    "content": "https://hub.knime.com/knime/extensions/org.knime.features.base/latest/org.knime.base.node.io.filehandling.csv.reader.CSVTableReaderNodeFactory",
                    "creatorName": "Bot",
                    "createorID": 1,
                    "creationTime": "2024-03-08T10:36:49.883Z"
                }
            ],
            "commentBoxPosition": {
                "x": 804.0,
                "y": 607.0
            }
        },
        {
            "commentBoxID": "commentBox-f0badd7d-eb00-42a7-8cfe-1fe000812c84",
            "comments": [
                {
                    "content": "https://hub.knime.com/knime/extensions/org.knime.features.base/latest/org.knime.base.node.io.filehandling.csv.reader.CSVTableReaderNodeFactory",
                    "creatorName": "Bot",
                    "createorID": 1,
                    "creationTime": "2024-03-08T10:36:49.883Z"
                }
            ],
            "commentBoxPosition": {
                "x": 644.0,
                "y": 607.0
            }
        },
        {
            "commentBoxID": "commentBox-203c4550-911f-488d-a5b2-1dccf7177e89",
            "comments": [
                {
                    "content": "https://hub.knime.com/knime/extensions/org.knime.features.base/latest/org.knime.base.node.io.filehandling.csv.reader.CSVTableReaderNodeFactory",
                    "creatorName": "Bot",
                    "createorID": 1,
                    "creationTime": "2024-03-08T10:36:49.883Z"
                }
            ],
            "commentBoxPosition": {
                "x": 904.0,
                "y": 747.0
            }
        },
        {
            "commentBoxID": "commentBox-be210fa0-bd32-43b2-8717-bb7647e8e553",
            "comments": [
                {
                    "content": "https://hub.knime.com/knime/extensions/org.knime.features.base/latest/org.knime.base.node.io.filehandling.csv.reader.CSVTableReaderNodeFactory",
                    "creatorName": "Bot",
                    "createorID": 1,
                    "creationTime": "2024-03-08T10:36:49.883Z"
                }
            ],
            "commentBoxPosition": {
                "x": 804.0,
                "y": 747.0
            }
        },
        {
            "commentBoxID": "commentBox-c4b3e045-38c4-459e-bdaf-d233037d4d75",
            "comments": [
                {
                    "content": "https://hub.knime.com/knime/extensions/org.knime.features.base/latest/org.knime.base.node.io.filehandling.csv.reader.CSVTableReaderNodeFactory",
                    "creatorName": "Bot",
                    "createorID": 1,
                    "creationTime": "2024-03-08T10:36:49.883Z"
                }
            ],
            "commentBoxPosition": {
                "x": 1024.0,
                "y": 747.0
            }
        },
        {
            "commentBoxID": "commentBox-d89281f8-1e86-41f8-871a-b8d650da08b0",
            "comments": [
                {
                    "content": "https://hub.knime.com/knime/extensions/org.knime.features.base/latest/org.knime.base.node.io.filehandling.csv.reader.CSVTableReaderNodeFactory",
                    "creatorName": "Bot",
                    "createorID": 1,
                    "creationTime": "2024-03-08T10:36:49.883Z"
                }
            ],
            "commentBoxPosition": {
                "x": 350.0,
                "y": 150.0
            }
        },
        {
            "commentBoxID": "commentBox-5aa00521-85e3-41a4-b190-6bb7432112f6",
            "comments": [
                {
                    "content": "https://hub.knime.com/knime/extensions/org.knime.features.base/latest/org.knime.base.node.io.filehandling.csv.reader.CSVTableReaderNodeFactory",
                    "creatorName": "Bot",
                    "createorID": 1,
                    "creationTime": "2024-03-08T10:36:49.883Z"
                }
            ],
            "commentBoxPosition": {
                "x": 670.0,
                "y": 150.0
            }
        },
        {
            "commentBoxID": "commentBox-b981c38c-8653-410c-885e-086430b5ee9a",
            "comments": [
                {
                    "content": "https://hub.knime.com/knime/extensions/org.knime.features.base/latest/org.knime.base.node.io.filehandling.csv.reader.CSVTableReaderNodeFactory",
                    "creatorName": "Bot",
                    "createorID": 1,
                    "creationTime": "2024-03-08T10:36:49.883Z"
                }
            ],
            "commentBoxPosition": {
                "x": 510.0,
                "y": 150.0
            }
        },
        {
            "commentBoxID": "commentBox-f0d3dfc5-135e-46f7-877a-102a443908a7",
            "comments": [
                {
                    "content": "https://hub.knime.com/knime/extensions/org.knime.features.base/latest/org.knime.base.node.io.filehandling.csv.reader.CSVTableReaderNodeFactory",
                    "creatorName": "Bot",
                    "createorID": 1,
                    "creationTime": "2024-03-08T10:36:49.883Z"
                }
            ],
            "commentBoxPosition": {
                "x": 790.0,
                "y": 150.0
            }
        },
        {
            "commentBoxID": "commentBox-bdd42b4f-8392-4d0a-ad2d-fa3b9ace5cb6",
            "comments": [
                {
                    "content": "https://hub.knime.com/knime/extensions/org.knime.features.base/latest/org.knime.base.node.io.filehandling.csv.reader.CSVTableReaderNodeFactory",
                    "creatorName": "Bot",
                    "createorID": 1,
                    "creationTime": "2024-03-08T10:36:49.883Z"
                }
            ],
            "commentBoxPosition": {
                "x": 510.0,
                "y": 270.0
            }
        },
        {
            "commentBoxID": "commentBox-f53abbc4-db0c-484a-99e7-14ce9390ec0e",
            "comments": [
                {
                    "content": "https://hub.knime.com/knime/extensions/org.knime.features.base/latest/org.knime.base.node.io.filehandling.csv.reader.CSVTableReaderNodeFactory",
                    "creatorName": "Bot",
                    "createorID": 1,
                    "creationTime": "2024-03-08T10:36:49.883Z"
                }
            ],
            "commentBoxPosition": {
                "x": 930.0,
                "y": 150.0
            }
        },
        {
            "commentBoxID": "commentBox-61ca1648-f233-4850-8a0e-6a509dde6556",
            "comments": [
                {
                    "content": "https://hub.knime.com/knime/extensions/org.knime.features.base/latest/org.knime.base.node.io.filehandling.csv.reader.CSVTableReaderNodeFactory",
                    "creatorName": "Bot",
                    "createorID": 1,
                    "creationTime": "2024-03-08T10:36:49.883Z"
                }
            ],
            "commentBoxPosition": {
                "x": 364.0,
                "y": 147.0
            }
        },
        {
            "commentBoxID": "commentBox-cdd39b47-4677-44f9-8020-6f8de1698f1d",
            "comments": [
                {
                    "content": "https://hub.knime.com/knime/extensions/org.knime.features.base/latest/org.knime.base.node.io.filehandling.csv.reader.CSVTableReaderNodeFactory",
                    "creatorName": "Bot",
                    "createorID": 1,
                    "creationTime": "2024-03-08T10:36:49.883Z"
                }
            ],
            "commentBoxPosition": {
                "x": 564.0,
                "y": 147.0
            }
        },
        {
            "commentBoxID": "commentBox-174d8102-a2b0-4241-835c-9bff3e84fd86",
            "comments": [
                {
                    "content": "https://hub.knime.com/knime/extensions/org.knime.features.base/latest/org.knime.base.node.io.filehandling.csv.reader.CSVTableReaderNodeFactory",
                    "creatorName": "Bot",
                    "createorID": 1,
                    "creationTime": "2024-03-08T10:36:49.883Z"
                }
            ],
            "commentBoxPosition": {
                "x": 704.0,
                "y": 147.0
            }
        },
        {
            "commentBoxID": "commentBox-234d1ad7-887a-4dbe-aa10-1b05b7dfa2f7",
            "comments": [
                {
                    "content": "https://hub.knime.com/knime/extensions/org.knime.features.base/latest/org.knime.base.node.io.filehandling.csv.reader.CSVTableReaderNodeFactory",
                    "creatorName": "Bot",
                    "createorID": 1,
                    "creationTime": "2024-03-08T10:36:49.883Z"
                }
            ],
            "commentBoxPosition": {
                "x": 864.0,
                "y": 147.0
            }
        },
        {
            "commentBoxID": "commentBox-a725239b-7196-40fc-96ac-a444ae46c5e8",
            "comments": [
                {
                    "content": "https://hub.knime.com/knime/extensions/org.knime.features.base/latest/org.knime.base.node.io.filehandling.csv.reader.CSVTableReaderNodeFactory",
                    "creatorName": "Bot",
                    "createorID": 1,
                    "creationTime": "2024-03-08T10:36:49.883Z"
                }
            ],
            "commentBoxPosition": {
                "x": 1024.0,
                "y": 147.0
            }
        },
        {
            "commentBoxID": "commentBox-dffdd9bc-641a-4329-b9d6-a0d30bc54aea",
            "comments": [
                {
                    "content": "https://hub.knime.com/knime/extensions/org.knime.features.base/latest/org.knime.base.node.io.filehandling.csv.reader.CSVTableReaderNodeFactory",
                    "creatorName": "Bot",
                    "createorID": 1,
                    "creationTime": "2024-03-08T10:36:49.883Z"
                }
            ],
            "commentBoxPosition": {
                "x": 864.0,
                "y": 267.0
            }
        },
        {
            "commentBoxID": "commentBox-6a903ef7-5733-40bc-a337-8d181df62f34",
            "comments": [
                {
                    "content": "https://hub.knime.com/knime/extensions/org.knime.features.base/latest/org.knime.base.node.io.filehandling.csv.reader.CSVTableReaderNodeFactory",
                    "creatorName": "Bot",
                    "createorID": 1,
                    "creationTime": "2024-03-08T10:36:49.883Z"
                }
            ],
            "commentBoxPosition": {
                "x": 1104.0,
                "y": 147.0
            }
        },
        {
            "commentBoxID": "commentBox-9700015b-138e-46fb-a094-209eaeea8239",
            "comments": [
                {
                    "content": "https://hub.knime.com/knime/extensions/org.knime.features.base/latest/org.knime.base.node.io.filehandling.csv.reader.CSVTableReaderNodeFactory",
                    "creatorName": "Bot",
                    "createorID": 1,
                    "creationTime": "2024-03-08T10:36:49.883Z"
                }
            ],
            "commentBoxPosition": {
                "x": 1244.0,
                "y": 147.0
            }
        },
        {
            "commentBoxID": "commentBox-ef2e5ac5-bbad-44fd-a78a-a6d54c1d6c76",
            "comments": [
                {
                    "content": "https://hub.knime.com/knime/extensions/org.knime.features.base/latest/org.knime.base.node.io.filehandling.csv.reader.CSVTableReaderNodeFactory",
                    "creatorName": "Bot",
                    "createorID": 1,
                    "creationTime": "2024-03-08T10:36:49.883Z"
                }
            ],
            "commentBoxPosition": {
                "x": 1124.0,
                "y": 147.0
            }
        },
        {
            "commentBoxID": "commentBox-cb4a0536-b629-4e2f-943b-668a3528cb46",
            "comments": [
                {
                    "content": "https://hub.knime.com/knime/extensions/org.knime.features.base/latest/org.knime.base.node.io.filehandling.csv.reader.CSVTableReaderNodeFactory",
                    "creatorName": "Bot",
                    "createorID": 1,
                    "creationTime": "2024-03-08T10:36:49.883Z"
                }
            ],
            "commentBoxPosition": {
                "x": 510.0,
                "y": 270.0
            }
        },
        {
            "commentBoxID": "commentBox-0d7a75a3-f09f-4940-82c8-ce5dc0a3326f",
            "comments": [
                {
                    "content": "https://hub.knime.com/knime/extensions/org.knime.features.base/latest/org.knime.base.node.io.filehandling.csv.reader.CSVTableReaderNodeFactory",
                    "creatorName": "Bot",
                    "createorID": 1,
                    "creationTime": "2024-03-08T10:36:49.883Z"
                }
            ],
            "commentBoxPosition": {
                "x": 790.0,
                "y": 150.0
            }
        },
        {
            "commentBoxID": "commentBox-2152a334-2230-4fd2-a54d-4a0b6e7f71a2",
            "comments": [
                {
                    "content": "https://hub.knime.com/knime/extensions/org.knime.features.base/latest/org.knime.base.node.io.filehandling.csv.reader.CSVTableReaderNodeFactory",
                    "creatorName": "Bot",
                    "createorID": 1,
                    "creationTime": "2024-03-08T10:36:49.883Z"
                }
            ],
            "commentBoxPosition": {
                "x": 350.0,
                "y": 150.0
            }
        },
        {
            "commentBoxID": "commentBox-8a715659-29a7-46de-8696-482655d2c4e8",
            "comments": [
                {
                    "content": "https://hub.knime.com/knime/extensions/org.knime.features.base/latest/org.knime.base.node.io.filehandling.csv.reader.CSVTableReaderNodeFactory",
                    "creatorName": "Bot",
                    "createorID": 1,
                    "creationTime": "2024-03-08T10:36:49.883Z"
                }
            ],
            "commentBoxPosition": {
                "x": 670.0,
                "y": 150.0
            }
        },
        {
            "commentBoxID": "commentBox-a0819406-bc09-4bcc-811b-798957608725",
            "comments": [
                {
                    "content": "https://hub.knime.com/knime/extensions/org.knime.features.base/latest/org.knime.base.node.io.filehandling.csv.reader.CSVTableReaderNodeFactory",
                    "creatorName": "Bot",
                    "createorID": 1,
                    "creationTime": "2024-03-08T10:36:49.883Z"
                }
            ],
            "commentBoxPosition": {
                "x": 510.0,
                "y": 150.0
            }
        },
        {
            "commentBoxID": "commentBox-66773a61-54c0-4314-9adf-b28ea2852a87",
            "comments": [
                {
                    "content": "https://hub.knime.com/knime/extensions/org.knime.features.base/latest/org.knime.base.node.io.filehandling.csv.reader.CSVTableReaderNodeFactory",
                    "creatorName": "Bot",
                    "createorID": 1,
                    "creationTime": "2024-03-08T10:36:49.883Z"
                }
            ],
            "commentBoxPosition": {
                "x": 210.0,
                "y": 150.0
            }
        },
        {
            "commentBoxID": "commentBox-5bd6123c-e047-4ae5-8f93-2a7d9d4ef58d",
            "comments": [
                {
                    "content": "https://hub.knime.com/knime/extensions/org.knime.features.base/latest/org.knime.base.node.io.filehandling.csv.reader.CSVTableReaderNodeFactory",
                    "creatorName": "Bot",
                    "createorID": 1,
                    "creationTime": "2024-03-08T10:36:49.883Z"
                }
            ],
            "commentBoxPosition": {
                "x": 504.0,
                "y": 147.0
            }
        },
        {
            "commentBoxID": "commentBox-64f91659-66a2-4674-aaae-cd0966845a51",
            "comments": [
                {
                    "content": "https://hub.knime.com/knime/extensions/org.knime.features.base/latest/org.knime.base.node.io.filehandling.csv.reader.CSVTableReaderNodeFactory",
                    "creatorName": "Bot",
                    "createorID": 1,
                    "creationTime": "2024-03-08T10:36:49.883Z"
                }
            ],
            "commentBoxPosition": {
                "x": 644.0,
                "y": 147.0
            }
        },
        {
            "commentBoxID": "commentBox-0c0e05b1-2128-40e4-a697-0bb55613c597",
            "comments": [
                {
                    "content": "https://hub.knime.com/knime/extensions/org.knime.features.base/latest/org.knime.base.node.io.filehandling.csv.reader.CSVTableReaderNodeFactory",
                    "creatorName": "Bot",
                    "createorID": 1,
                    "creationTime": "2024-03-08T10:36:49.883Z"
                }
            ],
            "commentBoxPosition": {
                "x": 804.0,
                "y": 147.0
            }
        },
        {
            "commentBoxID": "commentBox-1882f909-2e6b-4bd1-bfcb-b0312235de71",
            "comments": [
                {
                    "content": "https://hub.knime.com/knime/extensions/org.knime.features.base/latest/org.knime.base.node.io.filehandling.csv.reader.CSVTableReaderNodeFactory",
                    "creatorName": "Bot",
                    "createorID": 1,
                    "creationTime": "2024-03-08T10:36:49.883Z"
                }
            ],
            "commentBoxPosition": {
                "x": 964.0,
                "y": 147.0
            }
        },
        {
            "commentBoxID": "commentBox-c652ea92-d515-4a37-8c3f-3d4b92134add",
            "comments": [
                {
                    "content": "https://hub.knime.com/knime/extensions/org.knime.features.base/latest/org.knime.base.node.io.filehandling.csv.reader.CSVTableReaderNodeFactory",
                    "creatorName": "Bot",
                    "createorID": 1,
                    "creationTime": "2024-03-08T10:36:49.883Z"
                }
            ],
            "commentBoxPosition": {
                "x": 804.0,
                "y": 267.0
            }
        },
        {
            "commentBoxID": "commentBox-45c3aa00-9d03-4740-a984-05d082b9265a",
            "comments": [
                {
                    "content": "https://hub.knime.com/knime/extensions/org.knime.features.base/latest/org.knime.base.node.io.filehandling.csv.reader.CSVTableReaderNodeFactory",
                    "creatorName": "Bot",
                    "createorID": 1,
                    "creationTime": "2024-03-08T10:36:49.883Z"
                }
            ],
            "commentBoxPosition": {
                "x": 930.0,
                "y": 150.0
            }
        },
        {
            "commentBoxID": "commentBox-39def893-debe-45c2-8400-1fa06d585717",
            "comments": [
                {
                    "content": "https://hub.knime.com/knime/extensions/org.knime.features.base/latest/org.knime.base.node.io.filehandling.csv.reader.CSVTableReaderNodeFactory",
                    "creatorName": "Bot",
                    "createorID": 1,
                    "creationTime": "2024-03-08T10:36:49.883Z"
                }
            ],
            "commentBoxPosition": {
                "x": 1284.0,
                "y": 147.0
            }
        }
    ]
}