{
    "operators": [
        {
            "operatorID": "Dummy-operator-9a8aba01-e092-4182-a29d-f4dafc49aa02",
            "operatorType": "Dummy",
            "operatorVersion": "",
            "operatorProperties": {
                "dummyPropertyList": [
                    {
                        "dummyProperty": "Source XML",
                        "dummyValue": "Omitted for license reasons"
                    }
                ]
            },
            "inputPorts": [
                {
                    "portID": "input-0",
                    "displayName": "",
                    "allowMultiInputs": true,
                    "isDynamicPort": true
                }
            ],
            "outputPorts": [
                {
                    "portID": "output-0",
                    "displayName": "",
                    "isDynamicPort": true,
                    "isBlocking": false
                },
                {
                    "portID": "output-1",
                    "displayName": "",
                    "isDynamicPort": true,
                    "isBlocking": false,
                    "materializationSize": 120.748046875
                }
            ],
            "showAdvanced": false,
            "isDisabled": false,
            "customDisplayName": "Python Script",
            "dynamicInputPorts": true,
            "dynamicOutputPorts": true
        },
        {
            "operatorID": "Dummy-operator-b3531244-fe75-44a2-897d-0a73fa962b0f",
            "operatorType": "Dummy",
            "operatorVersion": "",
            "operatorProperties": {
                "dummyPropertyList": [
                    {
                        "dummyProperty": "Source XML",
                        "dummyValue": "Omitted for license reasons"
                    }
                ]
            },
            "inputPorts": [
                {
                    "portID": "input-0",
                    "displayName": "",
                    "allowMultiInputs": true,
                    "isDynamicPort": true
                },
                {
                    "portID": "input-1",
                    "displayName": "",
                    "allowMultiInputs": true,
                    "isDynamicPort": true
                }
            ],
            "outputPorts": [
                {
                    "portID": "output-0",
                    "displayName": "",
                    "isDynamicPort": true,
                    "isBlocking": false
                }
            ],
            "showAdvanced": false,
            "isDisabled": false,
            "customDisplayName": "Python View",
            "dynamicInputPorts": true,
            "dynamicOutputPorts": true
        },
        {
            "operatorID": "Dummy-operator-5323cc12-384f-41c8-ac22-a9f67fc913b0",
            "operatorType": "Dummy",
            "operatorVersion": "",
            "operatorProperties": {
                "dummyPropertyList": [
                    {
                        "dummyProperty": "Source XML",
                        "dummyValue": "Omitted for license reasons"
                    }
                ]
            },
            "inputPorts": [
                {
                    "portID": "input-0",
                    "displayName": "",
                    "allowMultiInputs": true,
                    "isDynamicPort": true
                },
                {
                    "portID": "input-1",
                    "displayName": "",
                    "allowMultiInputs": true,
                    "isDynamicPort": true
                }
            ],
            "outputPorts": [
                {
                    "portID": "output-0",
                    "displayName": "",
                    "isDynamicPort": true,
                    "isBlocking": false
                },
                {
                    "portID": "output-1",
                    "displayName": "",
                    "isDynamicPort": true,
                    "isBlocking": false,
                    "materializationSize": 41.5
                }
            ],
            "showAdvanced": false,
            "isDisabled": false,
            "customDisplayName": "Rule_based Row Filter",
            "dynamicInputPorts": true,
            "dynamicOutputPorts": true
        },
        {
            "operatorID": "Dummy-operator-76b8c094-39eb-4ed7-a368-b3a5d559dc60",
            "operatorType": "Dummy",
            "operatorVersion": "",
            "operatorProperties": {
                "dummyPropertyList": [
                    {
                        "dummyProperty": "Source XML",
                        "dummyValue": "Omitted for license reasons"
                    }
                ]
            },
            "inputPorts": [
                {
                    "portID": "input-0",
                    "displayName": "",
                    "allowMultiInputs": true,
                    "isDynamicPort": true
                },
                {
                    "portID": "input-1",
                    "displayName": "",
                    "allowMultiInputs": true,
                    "isDynamicPort": true
                }
            ],
            "outputPorts": [
                {
                    "portID": "output-0",
                    "displayName": "",
                    "isDynamicPort": true,
                    "isBlocking": false
                }
            ],
            "showAdvanced": false,
            "isDisabled": false,
            "customDisplayName": "Python View",
            "dynamicInputPorts": true,
            "dynamicOutputPorts": true
        },
        {
            "operatorID": "Dummy-operator-884baa8a-4be4-4bed-a449-62b609e05843",
            "operatorType": "Dummy",
            "operatorVersion": "",
            "operatorProperties": {
                "dummyPropertyList": [
                    {
                        "dummyProperty": "Source XML",
                        "dummyValue": "Omitted for license reasons"
                    }
                ]
            },
            "inputPorts": [
                {
                    "portID": "input-0",
                    "displayName": "",
                    "allowMultiInputs": true,
                    "isDynamicPort": true
                },
                {
                    "portID": "input-1",
                    "displayName": "",
                    "allowMultiInputs": true,
                    "isDynamicPort": true
                }
            ],
            "outputPorts": [
                {
                    "portID": "output-0",
                    "displayName": "",
                    "isDynamicPort": true,
                    "isBlocking": false
                },
                {
                    "portID": "output-1",
                    "displayName": "",
                    "isDynamicPort": true,
                    "isBlocking": false,
                    "materializationSize": 51.4404296875
                }
            ],
            "showAdvanced": false,
            "isDisabled": false,
            "customDisplayName": "Rule_based Row Filter",
            "dynamicInputPorts": true,
            "dynamicOutputPorts": true
        }
    ],
    "operatorPositions": {
        "Dummy-operator-9a8aba01-e092-4182-a29d-f4dafc49aa02": {
            "x": 84.0,
            "y": 297.0
        },
        "Dummy-operator-b3531244-fe75-44a2-897d-0a73fa962b0f": {
            "x": 444.0,
            "y": 197.0
        },
        "Dummy-operator-5323cc12-384f-41c8-ac22-a9f67fc913b0": {
            "x": 284.0,
            "y": 197.0
        },
        "Dummy-operator-76b8c094-39eb-4ed7-a368-b3a5d559dc60": {
            "x": 444.0,
            "y": 437.0
        },
        "Dummy-operator-884baa8a-4be4-4bed-a449-62b609e05843": {
            "x": 284.0,
            "y": 437.0
        }
    },
    "links": [
        {
            "linkID": "link-66550fed-d4c6-44c9-bca3-c445b99ad16a",
            "source": {
                "operatorID": "Dummy-operator-9a8aba01-e092-4182-a29d-f4dafc49aa02",
                "portID": "output-1"
            },
            "target": {
                "operatorID": "Dummy-operator-884baa8a-4be4-4bed-a449-62b609e05843",
                "portID": "input-1"
            }
        },
        {
            "linkID": "link-e6aab7e8-413b-4cda-8570-2eafba95c1dd",
            "source": {
                "operatorID": "Dummy-operator-9a8aba01-e092-4182-a29d-f4dafc49aa02",
                "portID": "output-1"
            },
            "target": {
                "operatorID": "Dummy-operator-5323cc12-384f-41c8-ac22-a9f67fc913b0",
                "portID": "input-1"
            }
        },
        {
            "linkID": "link-ffd6c8fb-bf73-4b77-a1b7-c4482cb510d0",
            "source": {
                "operatorID": "Dummy-operator-5323cc12-384f-41c8-ac22-a9f67fc913b0",
                "portID": "output-1"
            },
            "target": {
                "operatorID": "Dummy-operator-b3531244-fe75-44a2-897d-0a73fa962b0f",
                "portID": "input-1"
            }
        },
        {
            "linkID": "link-9ff69500-488c-465b-b2bb-d36271f0f2e9",
            "source": {
                "operatorID": "Dummy-operator-884baa8a-4be4-4bed-a449-62b609e05843",
                "portID": "output-1"
            },
            "target": {
                "operatorID": "Dummy-operator-76b8c094-39eb-4ed7-a368-b3a5d559dc60",
                "portID": "input-1"
            }
        }
    ],
    "groups": [],
    "breakpoints": {},
    "commentBoxes": [
        {
            "commentBoxID": "commentBox-5d46716d-6345-47c2-a34f-a3fae7b3ef5f",
            "comments": [
                {
                    "content": "https://hub.knime.com/knime/extensions/org.knime.features.base/latest/org.knime.base.node.io.filehandling.csv.reader.CSVTableReaderNodeFactory",
                    "creatorName": "Bot",
                    "createorID": 1,
                    "creationTime": "2024-03-08T10:36:49.883Z"
                }
            ],
            "commentBoxPosition": {
                "x": 144.0,
                "y": 327.0
            }
        },
        {
            "commentBoxID": "commentBox-035210b5-698c-4bb8-9a4a-d96df615b6c1",
            "comments": [
                {
                    "content": "https://hub.knime.com/knime/extensions/org.knime.features.base/latest/org.knime.base.node.io.filehandling.csv.reader.CSVTableReaderNodeFactory",
                    "creatorName": "Bot",
                    "createorID": 1,
                    "creationTime": "2024-03-08T10:36:49.883Z"
                }
            ],
            "commentBoxPosition": {
                "x": 504.0,
                "y": 227.0
            }
        },
        {
            "commentBoxID": "commentBox-dbe7499f-14bb-4ea1-811b-29dbbb95599a",
            "comments": [
                {
                    "content": "https://hub.knime.com/knime/extensions/org.knime.features.base/latest/org.knime.base.node.io.filehandling.csv.reader.CSVTableReaderNodeFactory",
                    "creatorName": "Bot",
                    "createorID": 1,
                    "creationTime": "2024-03-08T10:36:49.883Z"
                }
            ],
            "commentBoxPosition": {
                "x": 344.0,
                "y": 227.0
            }
        },
        {
            "commentBoxID": "commentBox-293a9e76-4b87-4fe0-8a15-6b7aff315fec",
            "comments": [
                {
                    "content": "https://hub.knime.com/knime/extensions/org.knime.features.base/latest/org.knime.base.node.io.filehandling.csv.reader.CSVTableReaderNodeFactory",
                    "creatorName": "Bot",
                    "createorID": 1,
                    "creationTime": "2024-03-08T10:36:49.883Z"
                }
            ],
            "commentBoxPosition": {
                "x": 504.0,
                "y": 467.0
            }
        },
        {
            "commentBoxID": "commentBox-9df65d42-7b45-4de5-9295-7f9ea57c0d27",
            "comments": [
                {
                    "content": "https://hub.knime.com/knime/extensions/org.knime.features.base/latest/org.knime.base.node.io.filehandling.csv.reader.CSVTableReaderNodeFactory",
                    "creatorName": "Bot",
                    "createorID": 1,
                    "creationTime": "2024-03-08T10:36:49.883Z"
                }
            ],
            "commentBoxPosition": {
                "x": 344.0,
                "y": 467.0
            }
        }
    ]
}