{
    "operators": [
        {
            "operatorID": "Dummy-operator-8bc0c1e7-b5c5-451c-8318-6c86dc9b8244",
            "operatorType": "Dummy",
            "operatorVersion": "",
            "operatorProperties": {
                "dummyPropertyList": [
                    {
                        "dummyProperty": "Source XML",
                        "dummyValue": "Omitted for license reasons"
                    }
                ]
            },
            "inputPorts": [
                {
                    "portID": "input-0",
                    "displayName": "",
                    "allowMultiInputs": true,
                    "isDynamicPort": true
                }
            ],
            "outputPorts": [
                {
                    "portID": "output-0",
                    "displayName": "",
                    "isDynamicPort": true,
                    "isBlocking": false
                },
                {
                    "portID": "output-1",
                    "displayName": "",
                    "isDynamicPort": true,
                    "isBlocking": false
                },
                {
                    "portID": "output-2",
                    "displayName": "",
                    "isDynamicPort": true,
                    "isBlocking": false
                },
                {
                    "portID": "output-3",
                    "displayName": "",
                    "isDynamicPort": true,
                    "isBlocking": false
                }
            ],
            "showAdvanced": false,
            "isDisabled": false,
            "customDisplayName": "Create Databricks Environment",
            "dynamicInputPorts": true,
            "dynamicOutputPorts": true
        },
        {
            "operatorID": "Dummy-operator-78adc38a-a079-46eb-9545-860c8352e2ae",
            "operatorType": "Dummy",
            "operatorVersion": "",
            "operatorProperties": {
                "dummyPropertyList": [
                    {
                        "dummyProperty": "Source XML",
                        "dummyValue": "Omitted for license reasons"
                    }
                ]
            },
            "inputPorts": [
                {
                    "portID": "input-0",
                    "displayName": "",
                    "allowMultiInputs": true,
                    "isDynamicPort": true
                },
                {
                    "portID": "input-1",
                    "displayName": "",
                    "allowMultiInputs": true,
                    "isDynamicPort": true
                },
                {
                    "portID": "input-2",
                    "displayName": "",
                    "allowMultiInputs": true,
                    "isDynamicPort": true
                },
                {
                    "portID": "input-3",
                    "displayName": "",
                    "allowMultiInputs": true,
                    "isDynamicPort": true
                }
            ],
            "outputPorts": [
                {
                    "portID": "output-0",
                    "displayName": "",
                    "isDynamicPort": true,
                    "isBlocking": false
                },
                {
                    "portID": "output-1",
                    "displayName": "",
                    "isDynamicPort": true,
                    "isBlocking": false
                }
            ],
            "showAdvanced": false,
            "isDisabled": false,
            "customDisplayName": "DB Loader",
            "dynamicInputPorts": true,
            "dynamicOutputPorts": true
        },
        {
            "operatorID": "Dummy-operator-be77f570-c6f0-4568-a59c-f063047fd60b",
            "operatorType": "Dummy",
            "operatorVersion": "",
            "operatorProperties": {
                "dummyPropertyList": [
                    {
                        "dummyProperty": "Source XML",
                        "dummyValue": "Omitted for license reasons"
                    }
                ]
            },
            "inputPorts": [
                {
                    "portID": "input-0",
                    "displayName": "",
                    "allowMultiInputs": true,
                    "isDynamicPort": true
                }
            ],
            "outputPorts": [
                {
                    "portID": "output-0",
                    "displayName": "",
                    "isDynamicPort": true,
                    "isBlocking": false
                },
                {
                    "portID": "output-1",
                    "displayName": "",
                    "isDynamicPort": true,
                    "isBlocking": false
                }
            ],
            "showAdvanced": false,
            "isDisabled": false,
            "customDisplayName": "Databricks File System Connection",
            "dynamicInputPorts": true,
            "dynamicOutputPorts": true
        },
        {
            "operatorID": "Dummy-operator-86a07a40-a15f-4158-ae59-33ec206f5e63",
            "operatorType": "Dummy",
            "operatorVersion": "",
            "operatorProperties": {
                "dummyPropertyList": [
                    {
                        "dummyProperty": "Source XML",
                        "dummyValue": "Omitted for license reasons"
                    }
                ]
            },
            "inputPorts": [
                {
                    "portID": "input-0",
                    "displayName": "",
                    "allowMultiInputs": true,
                    "isDynamicPort": true
                },
                {
                    "portID": "input-1",
                    "displayName": "",
                    "allowMultiInputs": true,
                    "isDynamicPort": true
                }
            ],
            "outputPorts": [
                {
                    "portID": "output-0",
                    "displayName": "",
                    "isDynamicPort": true,
                    "isBlocking": false
                },
                {
                    "portID": "output-1",
                    "displayName": "",
                    "isDynamicPort": true,
                    "isBlocking": false
                }
            ],
            "showAdvanced": false,
            "isDisabled": false,
            "customDisplayName": "DB Table Selector",
            "dynamicInputPorts": true,
            "dynamicOutputPorts": true
        },
        {
            "operatorID": "Dummy-operator-be7689ab-c767-411b-b99e-967e7b2a5c7c",
            "operatorType": "Dummy",
            "operatorVersion": "",
            "operatorProperties": {
                "dummyPropertyList": [
                    {
                        "dummyProperty": "Source XML",
                        "dummyValue": "Omitted for license reasons"
                    }
                ]
            },
            "inputPorts": [
                {
                    "portID": "input-0",
                    "displayName": "",
                    "allowMultiInputs": true,
                    "isDynamicPort": true
                },
                {
                    "portID": "input-1",
                    "displayName": "",
                    "allowMultiInputs": true,
                    "isDynamicPort": true
                }
            ],
            "outputPorts": [
                {
                    "portID": "output-0",
                    "displayName": "",
                    "isDynamicPort": true,
                    "isBlocking": false
                },
                {
                    "portID": "output-1",
                    "displayName": "",
                    "isDynamicPort": true,
                    "isBlocking": false
                }
            ],
            "showAdvanced": false,
            "isDisabled": false,
            "customDisplayName": "List Remote Files",
            "dynamicInputPorts": true,
            "dynamicOutputPorts": true
        },
        {
            "operatorID": "Dummy-operator-73a79a53-cae4-4f7d-94cb-8195d3cd7aa7",
            "operatorType": "Dummy",
            "operatorVersion": "",
            "operatorProperties": {
                "dummyPropertyList": [
                    {
                        "dummyProperty": "Source XML",
                        "dummyValue": "Omitted for license reasons"
                    }
                ]
            },
            "inputPorts": [
                {
                    "portID": "input-0",
                    "displayName": "",
                    "allowMultiInputs": true,
                    "isDynamicPort": true
                },
                {
                    "portID": "input-1",
                    "displayName": "",
                    "allowMultiInputs": true,
                    "isDynamicPort": true
                }
            ],
            "outputPorts": [
                {
                    "portID": "output-0",
                    "displayName": "",
                    "isDynamicPort": true,
                    "isBlocking": false
                },
                {
                    "portID": "output-1",
                    "displayName": "",
                    "isDynamicPort": true,
                    "isBlocking": false
                }
            ],
            "showAdvanced": false,
            "isDisabled": false,
            "customDisplayName": "Parquet Reader",
            "dynamicInputPorts": true,
            "dynamicOutputPorts": true
        },
        {
            "operatorID": "Dummy-operator-3d90fd1b-08cd-4f64-b9b2-ab877a57dcd0",
            "operatorType": "Dummy",
            "operatorVersion": "",
            "operatorProperties": {
                "dummyPropertyList": [
                    {
                        "dummyProperty": "Source XML",
                        "dummyValue": "Omitted for license reasons"
                    }
                ]
            },
            "inputPorts": [
                {
                    "portID": "input-0",
                    "displayName": "",
                    "allowMultiInputs": true,
                    "isDynamicPort": true
                },
                {
                    "portID": "input-1",
                    "displayName": "",
                    "allowMultiInputs": true,
                    "isDynamicPort": true
                },
                {
                    "portID": "input-2",
                    "displayName": "",
                    "allowMultiInputs": true,
                    "isDynamicPort": true
                }
            ],
            "outputPorts": [
                {
                    "portID": "output-0",
                    "displayName": "",
                    "isDynamicPort": true,
                    "isBlocking": false
                }
            ],
            "showAdvanced": false,
            "isDisabled": false,
            "customDisplayName": "Spark to Parquet",
            "dynamicInputPorts": true,
            "dynamicOutputPorts": true
        },
        {
            "operatorID": "Dummy-operator-a6cae969-ff64-4abb-b396-d467d9a623a9",
            "operatorType": "Dummy",
            "operatorVersion": "",
            "operatorProperties": {
                "dummyPropertyList": [
                    {
                        "dummyProperty": "Source XML",
                        "dummyValue": "Omitted for license reasons"
                    }
                ]
            },
            "inputPorts": [
                {
                    "portID": "input-0",
                    "displayName": "",
                    "allowMultiInputs": true,
                    "isDynamicPort": true
                },
                {
                    "portID": "input-1",
                    "displayName": "",
                    "allowMultiInputs": true,
                    "isDynamicPort": true
                },
                {
                    "portID": "input-2",
                    "displayName": "",
                    "allowMultiInputs": true,
                    "isDynamicPort": true
                }
            ],
            "outputPorts": [
                {
                    "portID": "output-0",
                    "displayName": "",
                    "isDynamicPort": true,
                    "isBlocking": false
                }
            ],
            "showAdvanced": false,
            "isDisabled": false,
            "customDisplayName": "Parquet Writer",
            "dynamicInputPorts": true,
            "dynamicOutputPorts": true
        },
        {
            "operatorID": "Dummy-operator-563592ce-15f1-4cf3-8c5f-9c274eaf91fc",
            "operatorType": "Dummy",
            "operatorVersion": "",
            "operatorProperties": {
                "dummyPropertyList": [
                    {
                        "dummyProperty": "Source XML",
                        "dummyValue": "Omitted for license reasons"
                    }
                ]
            },
            "inputPorts": [
                {
                    "portID": "input-0",
                    "displayName": "",
                    "allowMultiInputs": true,
                    "isDynamicPort": true
                },
                {
                    "portID": "input-1",
                    "displayName": "",
                    "allowMultiInputs": true,
                    "isDynamicPort": true
                },
                {
                    "portID": "input-2",
                    "displayName": "",
                    "allowMultiInputs": true,
                    "isDynamicPort": true
                }
            ],
            "outputPorts": [
                {
                    "portID": "output-0",
                    "displayName": "",
                    "isDynamicPort": true,
                    "isBlocking": false
                },
                {
                    "portID": "output-1",
                    "displayName": "",
                    "isDynamicPort": true,
                    "isBlocking": false
                }
            ],
            "showAdvanced": false,
            "isDisabled": false,
            "customDisplayName": "CSV to Spark",
            "dynamicInputPorts": true,
            "dynamicOutputPorts": true
        },
        {
            "operatorID": "Dummy-operator-d881a9ff-9274-4e73-8c3b-7f295ce18030",
            "operatorType": "Dummy",
            "operatorVersion": "",
            "operatorProperties": {
                "dummyPropertyList": [
                    {
                        "dummyProperty": "Source XML",
                        "dummyValue": "Omitted for license reasons"
                    }
                ]
            },
            "inputPorts": [
                {
                    "portID": "input-0",
                    "displayName": "",
                    "allowMultiInputs": true,
                    "isDynamicPort": true
                },
                {
                    "portID": "input-1",
                    "displayName": "",
                    "allowMultiInputs": true,
                    "isDynamicPort": true
                }
            ],
            "outputPorts": [
                {
                    "portID": "output-0",
                    "displayName": "",
                    "isDynamicPort": true,
                    "isBlocking": false
                },
                {
                    "portID": "output-1",
                    "displayName": "",
                    "isDynamicPort": true,
                    "isBlocking": false
                }
            ],
            "showAdvanced": false,
            "isDisabled": false,
            "customDisplayName": "Spark GroupBy",
            "dynamicInputPorts": true,
            "dynamicOutputPorts": true
        },
        {
            "operatorID": "Dummy-operator-d1ac21fe-2e10-4273-9971-b819b8ea59e0",
            "operatorType": "Dummy",
            "operatorVersion": "",
            "operatorProperties": {
                "dummyPropertyList": [
                    {
                        "dummyProperty": "Source XML",
                        "dummyValue": "Omitted for license reasons"
                    }
                ]
            },
            "inputPorts": [
                {
                    "portID": "input-0",
                    "displayName": "",
                    "allowMultiInputs": true,
                    "isDynamicPort": true
                },
                {
                    "portID": "input-1",
                    "displayName": "",
                    "allowMultiInputs": true,
                    "isDynamicPort": true
                }
            ],
            "outputPorts": [
                {
                    "portID": "output-0",
                    "displayName": "",
                    "isDynamicPort": true,
                    "isBlocking": false
                },
                {
                    "portID": "output-1",
                    "displayName": "",
                    "isDynamicPort": true,
                    "isBlocking": false
                }
            ],
            "showAdvanced": false,
            "isDisabled": false,
            "customDisplayName": "Bar Chart",
            "dynamicInputPorts": true,
            "dynamicOutputPorts": true
        },
        {
            "operatorID": "Dummy-operator-56c4b422-1ecf-4e28-bdeb-46874a51f6d9",
            "operatorType": "Dummy",
            "operatorVersion": "",
            "operatorProperties": {
                "dummyPropertyList": [
                    {
                        "dummyProperty": "Source XML",
                        "dummyValue": "Omitted for license reasons"
                    }
                ]
            },
            "inputPorts": [
                {
                    "portID": "input-0",
                    "displayName": "",
                    "allowMultiInputs": true,
                    "isDynamicPort": true
                },
                {
                    "portID": "input-1",
                    "displayName": "",
                    "allowMultiInputs": true,
                    "isDynamicPort": true
                }
            ],
            "outputPorts": [
                {
                    "portID": "output-0",
                    "displayName": "",
                    "isDynamicPort": true,
                    "isBlocking": true
                },
                {
                    "portID": "output-1",
                    "displayName": "",
                    "isDynamicPort": true,
                    "isBlocking": true
                }
            ],
            "showAdvanced": false,
            "isDisabled": false,
            "customDisplayName": "Sorter",
            "dynamicInputPorts": true,
            "dynamicOutputPorts": true
        },
        {
            "operatorID": "Dummy-operator-b6f686b7-ed0f-4bc1-a79f-bc190cafc5a3",
            "operatorType": "Dummy",
            "operatorVersion": "",
            "operatorProperties": {
                "dummyPropertyList": [
                    {
                        "dummyProperty": "Source XML",
                        "dummyValue": "Omitted for license reasons"
                    }
                ]
            },
            "inputPorts": [
                {
                    "portID": "input-0",
                    "displayName": "",
                    "allowMultiInputs": true,
                    "isDynamicPort": true
                },
                {
                    "portID": "input-1",
                    "displayName": "",
                    "allowMultiInputs": true,
                    "isDynamicPort": true
                }
            ],
            "outputPorts": [
                {
                    "portID": "output-0",
                    "displayName": "",
                    "isDynamicPort": true,
                    "isBlocking": false
                },
                {
                    "portID": "output-1",
                    "displayName": "",
                    "isDynamicPort": true,
                    "isBlocking": false
                }
            ],
            "showAdvanced": false,
            "isDisabled": false,
            "customDisplayName": "Row Filter",
            "dynamicInputPorts": true,
            "dynamicOutputPorts": true
        },
        {
            "operatorID": "Dummy-operator-4e10855d-0f94-483d-83f3-2028954ea295",
            "operatorType": "Dummy",
            "operatorVersion": "",
            "operatorProperties": {
                "dummyPropertyList": [
                    {
                        "dummyProperty": "Source XML",
                        "dummyValue": "Omitted for license reasons"
                    }
                ]
            },
            "inputPorts": [
                {
                    "portID": "input-0",
                    "displayName": "",
                    "allowMultiInputs": true,
                    "isDynamicPort": true
                },
                {
                    "portID": "input-1",
                    "displayName": "",
                    "allowMultiInputs": true,
                    "isDynamicPort": true
                },
                {
                    "portID": "input-2",
                    "displayName": "",
                    "allowMultiInputs": true,
                    "isDynamicPort": true
                }
            ],
            "outputPorts": [
                {
                    "portID": "output-0",
                    "displayName": "",
                    "isDynamicPort": true,
                    "isBlocking": false
                }
            ],
            "showAdvanced": false,
            "isDisabled": false,
            "customDisplayName": "Destroy Spark Context",
            "dynamicInputPorts": true,
            "dynamicOutputPorts": true
        },
        {
            "operatorID": "Dummy-operator-51a3c26a-f6e8-4c67-8ba8-4ba7fde24e6e",
            "operatorType": "Dummy",
            "operatorVersion": "",
            "operatorProperties": {
                "dummyPropertyList": [
                    {
                        "dummyProperty": "Source XML",
                        "dummyValue": "Omitted for license reasons"
                    }
                ]
            },
            "inputPorts": [
                {
                    "portID": "input-0",
                    "displayName": "",
                    "allowMultiInputs": true,
                    "isDynamicPort": true
                },
                {
                    "portID": "input-1",
                    "displayName": "",
                    "allowMultiInputs": true,
                    "isDynamicPort": true
                },
                {
                    "portID": "input-2",
                    "displayName": "",
                    "allowMultiInputs": true,
                    "isDynamicPort": true
                },
                {
                    "portID": "input-3",
                    "displayName": "",
                    "allowMultiInputs": true,
                    "isDynamicPort": true
                }
            ],
            "outputPorts": [
                {
                    "portID": "output-0",
                    "displayName": "",
                    "isDynamicPort": true,
                    "isBlocking": false
                },
                {
                    "portID": "output-1",
                    "displayName": "",
                    "isDynamicPort": true,
                    "isBlocking": false
                }
            ],
            "showAdvanced": false,
            "isDisabled": false,
            "customDisplayName": "Merge Variables",
            "dynamicInputPorts": true,
            "dynamicOutputPorts": true
        },
        {
            "operatorID": "Dummy-operator-52d5383f-4fbd-47de-af4a-8d2391686586",
            "operatorType": "Dummy",
            "operatorVersion": "",
            "operatorProperties": {
                "dummyPropertyList": [
                    {
                        "dummyProperty": "Source XML",
                        "dummyValue": "Omitted for license reasons"
                    }
                ]
            },
            "inputPorts": [
                {
                    "portID": "input-0",
                    "displayName": "",
                    "allowMultiInputs": true,
                    "isDynamicPort": true
                },
                {
                    "portID": "input-1",
                    "displayName": "",
                    "allowMultiInputs": true,
                    "isDynamicPort": true
                },
                {
                    "portID": "input-2",
                    "displayName": "",
                    "allowMultiInputs": true,
                    "isDynamicPort": true
                }
            ],
            "outputPorts": [
                {
                    "portID": "output-0",
                    "displayName": "",
                    "isDynamicPort": true,
                    "isBlocking": false
                },
                {
                    "portID": "output-1",
                    "displayName": "",
                    "isDynamicPort": true,
                    "isBlocking": false
                }
            ],
            "showAdvanced": false,
            "isDisabled": false,
            "customDisplayName": "DB Table Creator",
            "dynamicInputPorts": true,
            "dynamicOutputPorts": true
        },
        {
            "operatorID": "Dummy-operator-c1479ecb-1da3-49ac-8516-d5d24582a7ee",
            "operatorType": "Dummy",
            "operatorVersion": "",
            "operatorProperties": {
                "dummyPropertyList": [
                    {
                        "dummyProperty": "Source XML",
                        "dummyValue": "Omitted for license reasons"
                    }
                ]
            },
            "inputPorts": [
                {
                    "portID": "input-0",
                    "displayName": "",
                    "allowMultiInputs": true,
                    "isDynamicPort": true
                },
                {
                    "portID": "input-1",
                    "displayName": "",
                    "allowMultiInputs": true,
                    "isDynamicPort": true
                }
            ],
            "outputPorts": [
                {
                    "portID": "output-0",
                    "displayName": "",
                    "isDynamicPort": true,
                    "isBlocking": true
                },
                {
                    "portID": "output-1",
                    "displayName": "",
                    "isDynamicPort": true,
                    "isBlocking": true
                }
            ],
            "showAdvanced": false,
            "isDisabled": false,
            "customDisplayName": "Table Row to Variable",
            "dynamicInputPorts": true,
            "dynamicOutputPorts": true
        },
        {
            "operatorID": "Dummy-operator-98444705-e7cb-47a2-a5db-33db87dd2651",
            "operatorType": "Dummy",
            "operatorVersion": "",
            "operatorProperties": {
                "dummyPropertyList": [
                    {
                        "dummyProperty": "Source XML",
                        "dummyValue": "Omitted for license reasons"
                    }
                ]
            },
            "inputPorts": [
                {
                    "portID": "input-0",
                    "displayName": "",
                    "allowMultiInputs": true,
                    "isDynamicPort": true
                },
                {
                    "portID": "input-1",
                    "displayName": "",
                    "allowMultiInputs": true,
                    "isDynamicPort": true
                }
            ],
            "outputPorts": [
                {
                    "portID": "output-0",
                    "displayName": "",
                    "isDynamicPort": true,
                    "isBlocking": false
                },
                {
                    "portID": "output-1",
                    "displayName": "",
                    "isDynamicPort": true,
                    "isBlocking": false
                }
            ],
            "showAdvanced": false,
            "isDisabled": false,
            "customDisplayName": "Extract URI Info",
            "dynamicInputPorts": true,
            "dynamicOutputPorts": true
        },
        {
            "operatorID": "Dummy-operator-e09e61cc-59f9-4c9c-a0f3-3c1ca9d16b2f",
            "operatorType": "Dummy",
            "operatorVersion": "",
            "operatorProperties": {
                "dummyPropertyList": [
                    {
                        "dummyProperty": "Source XML",
                        "dummyValue": "Omitted for license reasons"
                    }
                ]
            },
            "inputPorts": [
                {
                    "portID": "input-0",
                    "displayName": "",
                    "allowMultiInputs": true,
                    "isDynamicPort": true
                },
                {
                    "portID": "input-1",
                    "displayName": "",
                    "allowMultiInputs": true,
                    "isDynamicPort": true
                },
                {
                    "portID": "input-2",
                    "displayName": "",
                    "allowMultiInputs": true,
                    "isDynamicPort": true
                }
            ],
            "outputPorts": [
                {
                    "portID": "output-0",
                    "displayName": "",
                    "isDynamicPort": true,
                    "isBlocking": false
                },
                {
                    "portID": "output-1",
                    "displayName": "",
                    "isDynamicPort": true,
                    "isBlocking": false
                }
            ],
            "showAdvanced": false,
            "isDisabled": false,
            "customDisplayName": "DB Table Creator",
            "dynamicInputPorts": true,
            "dynamicOutputPorts": true
        },
        {
            "operatorID": "Dummy-operator-637875b8-2a5f-4a03-8b57-43a92cb706b5",
            "operatorType": "Dummy",
            "operatorVersion": "",
            "operatorProperties": {
                "dummyPropertyList": [
                    {
                        "dummyProperty": "Source XML",
                        "dummyValue": "Omitted for license reasons"
                    }
                ]
            },
            "inputPorts": [
                {
                    "portID": "input-0",
                    "displayName": "",
                    "allowMultiInputs": true,
                    "isDynamicPort": true
                },
                {
                    "portID": "input-1",
                    "displayName": "",
                    "allowMultiInputs": true,
                    "isDynamicPort": true
                },
                {
                    "portID": "input-2",
                    "displayName": "",
                    "allowMultiInputs": true,
                    "isDynamicPort": true
                },
                {
                    "portID": "input-3",
                    "displayName": "",
                    "allowMultiInputs": true,
                    "isDynamicPort": true
                }
            ],
            "outputPorts": [
                {
                    "portID": "output-0",
                    "displayName": "",
                    "isDynamicPort": true,
                    "isBlocking": false
                },
                {
                    "portID": "output-1",
                    "displayName": "",
                    "isDynamicPort": true,
                    "isBlocking": false
                }
            ],
            "showAdvanced": false,
            "isDisabled": false,
            "customDisplayName": "DB Loader",
            "dynamicInputPorts": true,
            "dynamicOutputPorts": true
        },
        {
            "operatorID": "Dummy-operator-b448d0ae-fa9b-405c-af26-2c5bb7492b0b",
            "operatorType": "Dummy",
            "operatorVersion": "",
            "operatorProperties": {
                "dummyPropertyList": [
                    {
                        "dummyProperty": "Source XML",
                        "dummyValue": "Omitted for license reasons"
                    }
                ]
            },
            "inputPorts": [
                {
                    "portID": "input-0",
                    "displayName": "",
                    "allowMultiInputs": true,
                    "isDynamicPort": true
                },
                {
                    "portID": "input-1",
                    "displayName": "",
                    "allowMultiInputs": true,
                    "isDynamicPort": true
                }
            ],
            "outputPorts": [
                {
                    "portID": "output-0",
                    "displayName": "",
                    "isDynamicPort": true,
                    "isBlocking": false
                },
                {
                    "portID": "output-1",
                    "displayName": "",
                    "isDynamicPort": true,
                    "isBlocking": false
                }
            ],
            "showAdvanced": false,
            "isDisabled": false,
            "customDisplayName": "DB Table Selector",
            "dynamicInputPorts": true,
            "dynamicOutputPorts": true
        },
        {
            "operatorID": "Dummy-operator-84d779f3-9369-4527-a7cc-b148f1499038",
            "operatorType": "Dummy",
            "operatorVersion": "",
            "operatorProperties": {
                "dummyPropertyList": [
                    {
                        "dummyProperty": "Source XML",
                        "dummyValue": "Omitted for license reasons"
                    }
                ]
            },
            "inputPorts": [
                {
                    "portID": "input-0",
                    "displayName": "",
                    "allowMultiInputs": true,
                    "isDynamicPort": true
                },
                {
                    "portID": "input-1",
                    "displayName": "",
                    "allowMultiInputs": true,
                    "isDynamicPort": true
                },
                {
                    "portID": "input-2",
                    "displayName": "",
                    "allowMultiInputs": true,
                    "isDynamicPort": true
                },
                {
                    "portID": "input-3",
                    "displayName": "",
                    "allowMultiInputs": true,
                    "isDynamicPort": true
                }
            ],
            "outputPorts": [
                {
                    "portID": "output-0",
                    "displayName": "",
                    "isDynamicPort": true,
                    "isBlocking": false
                },
                {
                    "portID": "output-1",
                    "displayName": "",
                    "isDynamicPort": true,
                    "isBlocking": false
                }
            ],
            "showAdvanced": false,
            "isDisabled": false,
            "customDisplayName": "DB Loader",
            "dynamicInputPorts": true,
            "dynamicOutputPorts": true
        },
        {
            "operatorID": "Dummy-operator-82aa5bf8-bccd-4d6a-a131-62dc8e50388a",
            "operatorType": "Dummy",
            "operatorVersion": "",
            "operatorProperties": {
                "dummyPropertyList": [
                    {
                        "dummyProperty": "Source XML",
                        "dummyValue": "Omitted for license reasons"
                    }
                ]
            },
            "inputPorts": [
                {
                    "portID": "input-0",
                    "displayName": "",
                    "allowMultiInputs": true,
                    "isDynamicPort": true
                }
            ],
            "outputPorts": [
                {
                    "portID": "output-0",
                    "displayName": "",
                    "isDynamicPort": true,
                    "isBlocking": true
                },
                {
                    "portID": "output-1",
                    "displayName": "",
                    "isDynamicPort": true,
                    "isBlocking": true
                }
            ],
            "showAdvanced": false,
            "isDisabled": false,
            "customDisplayName": "Table Creator",
            "dynamicInputPorts": true,
            "dynamicOutputPorts": true
        }
    ],
    "operatorPositions": {
        "Dummy-operator-8bc0c1e7-b5c5-451c-8318-6c86dc9b8244": {
            "x": 104.0,
            "y": 297.0
        },
        "Dummy-operator-78adc38a-a079-46eb-9545-860c8352e2ae": {
            "x": 785.0,
            "y": 437.0
        },
        "Dummy-operator-be77f570-c6f0-4568-a59c-f063047fd60b": {
            "x": 104.0,
            "y": 657.0
        },
        "Dummy-operator-86a07a40-a15f-4158-ae59-33ec206f5e63": {
            "x": 304.0,
            "y": 437.0
        },
        "Dummy-operator-be7689ab-c767-411b-b99e-967e7b2a5c7c": {
            "x": 264.0,
            "y": 657.0
        },
        "Dummy-operator-73a79a53-cae4-4f7d-94cb-8195d3cd7aa7": {
            "x": 304.0,
            "y": 297.0
        },
        "Dummy-operator-3d90fd1b-08cd-4f64-b9b2-ab877a57dcd0": {
            "x": 784.0,
            "y": 157.0
        },
        "Dummy-operator-a6cae969-ff64-4abb-b396-d467d9a623a9": {
            "x": 784.0,
            "y": 297.0
        },
        "Dummy-operator-563592ce-15f1-4cf3-8c5f-9c274eaf91fc": {
            "x": 305.0,
            "y": 157.0
        },
        "Dummy-operator-d881a9ff-9274-4e73-8c3b-7f295ce18030": {
            "x": 524.0,
            "y": 157.0
        },
        "Dummy-operator-d1ac21fe-2e10-4273-9971-b819b8ea59e0": {
            "x": 644.0,
            "y": 257.0
        },
        "Dummy-operator-56c4b422-1ecf-4e28-bdeb-46874a51f6d9": {
            "x": 444.0,
            "y": 277.0
        },
        "Dummy-operator-b6f686b7-ed0f-4bc1-a79f-bc190cafc5a3": {
            "x": 544.0,
            "y": 277.0
        },
        "Dummy-operator-4e10855d-0f94-483d-83f3-2028954ea295": {
            "x": 1084.0,
            "y": 297.0
        },
        "Dummy-operator-51a3c26a-f6e8-4c67-8ba8-4ba7fde24e6e": {
            "x": 965.0,
            "y": 297.0
        },
        "Dummy-operator-52d5383f-4fbd-47de-af4a-8d2391686586": {
            "x": 604.0,
            "y": 437.0
        },
        "Dummy-operator-c1479ecb-1da3-49ac-8516-d5d24582a7ee": {
            "x": 250.0,
            "y": 120.0
        },
        "Dummy-operator-98444705-e7cb-47a2-a5db-33db87dd2651": {
            "x": 150.0,
            "y": 120.0
        },
        "Dummy-operator-e09e61cc-59f9-4c9c-a0f3-3c1ca9d16b2f": {
            "x": 644.0,
            "y": 637.0
        },
        "Dummy-operator-637875b8-2a5f-4a03-8b57-43a92cb706b5": {
            "x": 784.0,
            "y": 637.0
        },
        "Dummy-operator-b448d0ae-fa9b-405c-af26-2c5bb7492b0b": {
            "x": 644.0,
            "y": 797.0
        },
        "Dummy-operator-84d779f3-9369-4527-a7cc-b148f1499038": {
            "x": 1044.0,
            "y": 637.0
        },
        "Dummy-operator-82aa5bf8-bccd-4d6a-a131-62dc8e50388a": {
            "x": 924.0,
            "y": 717.0
        }
    },
    "links": [
        {
            "linkID": "link-e45ce640-c5b9-4371-97a8-fd67fdb19462",
            "source": {
                "operatorID": "Dummy-operator-98444705-e7cb-47a2-a5db-33db87dd2651",
                "portID": "output-1"
            },
            "target": {
                "operatorID": "Dummy-operator-c1479ecb-1da3-49ac-8516-d5d24582a7ee",
                "portID": "input-1"
            }
        },
        {
            "linkID": "link-94293c69-52cd-4d95-b16f-15500026b1ef",
            "source": {
                "operatorID": "Dummy-operator-8bc0c1e7-b5c5-451c-8318-6c86dc9b8244",
                "portID": "output-2"
            },
            "target": {
                "operatorID": "Dummy-operator-78adc38a-a079-46eb-9545-860c8352e2ae",
                "portID": "input-3"
            }
        },
        {
            "linkID": "link-0c654889-bdc5-442d-8842-e0dee1738195",
            "source": {
                "operatorID": "Dummy-operator-8bc0c1e7-b5c5-451c-8318-6c86dc9b8244",
                "portID": "output-2"
            },
            "target": {
                "operatorID": "Dummy-operator-563592ce-15f1-4cf3-8c5f-9c274eaf91fc",
                "portID": "input-1"
            }
        },
        {
            "linkID": "link-4a6e3563-9a69-4a7e-9a62-3b061339782c",
            "source": {
                "operatorID": "Dummy-operator-8bc0c1e7-b5c5-451c-8318-6c86dc9b8244",
                "portID": "output-3"
            },
            "target": {
                "operatorID": "Dummy-operator-563592ce-15f1-4cf3-8c5f-9c274eaf91fc",
                "portID": "input-2"
            }
        },
        {
            "linkID": "link-d9689492-1f22-40ea-8d9d-86bce2684597",
            "source": {
                "operatorID": "Dummy-operator-8bc0c1e7-b5c5-451c-8318-6c86dc9b8244",
                "portID": "output-3"
            },
            "target": {
                "operatorID": "Dummy-operator-4e10855d-0f94-483d-83f3-2028954ea295",
                "portID": "input-1"
            }
        },
        {
            "linkID": "link-f7ce243b-2638-440f-b2b8-31ad1a88724f",
            "source": {
                "operatorID": "Dummy-operator-8bc0c1e7-b5c5-451c-8318-6c86dc9b8244",
                "portID": "output-2"
            },
            "target": {
                "operatorID": "Dummy-operator-637875b8-2a5f-4a03-8b57-43a92cb706b5",
                "portID": "input-3"
            }
        },
        {
            "linkID": "link-5651a5f2-06f2-4bb8-b25e-6855bf90d551",
            "source": {
                "operatorID": "Dummy-operator-8bc0c1e7-b5c5-451c-8318-6c86dc9b8244",
                "portID": "output-1"
            },
            "target": {
                "operatorID": "Dummy-operator-b448d0ae-fa9b-405c-af26-2c5bb7492b0b",
                "portID": "input-1"
            }
        },
        {
            "linkID": "link-f61ca233-a873-4fa4-95ce-22947f52e85e",
            "source": {
                "operatorID": "Dummy-operator-8bc0c1e7-b5c5-451c-8318-6c86dc9b8244",
                "portID": "output-1"
            },
            "target": {
                "operatorID": "Dummy-operator-52d5383f-4fbd-47de-af4a-8d2391686586",
                "portID": "input-1"
            }
        },
        {
            "linkID": "link-2c5a198a-732c-4886-8754-f0899542217a",
            "source": {
                "operatorID": "Dummy-operator-8bc0c1e7-b5c5-451c-8318-6c86dc9b8244",
                "portID": "output-1"
            },
            "target": {
                "operatorID": "Dummy-operator-e09e61cc-59f9-4c9c-a0f3-3c1ca9d16b2f",
                "portID": "input-1"
            }
        },
        {
            "linkID": "link-42c990c5-6054-472b-9641-48a78a024926",
            "source": {
                "operatorID": "Dummy-operator-8bc0c1e7-b5c5-451c-8318-6c86dc9b8244",
                "portID": "output-2"
            },
            "target": {
                "operatorID": "Dummy-operator-84d779f3-9369-4527-a7cc-b148f1499038",
                "portID": "input-3"
            }
        },
        {
            "linkID": "link-4472a2fb-7e9e-47ad-b83a-b82d3e0e10db",
            "source": {
                "operatorID": "Dummy-operator-8bc0c1e7-b5c5-451c-8318-6c86dc9b8244",
                "portID": "output-1"
            },
            "target": {
                "operatorID": "Dummy-operator-84d779f3-9369-4527-a7cc-b148f1499038",
                "portID": "input-2"
            }
        },
        {
            "linkID": "link-2428e366-bf35-4330-a9bd-7630a2b6b213",
            "source": {
                "operatorID": "Dummy-operator-8bc0c1e7-b5c5-451c-8318-6c86dc9b8244",
                "portID": "output-2"
            },
            "target": {
                "operatorID": "Dummy-operator-73a79a53-cae4-4f7d-94cb-8195d3cd7aa7",
                "portID": "input-1"
            }
        },
        {
            "linkID": "link-1ae02a99-c4f8-41a0-aa44-a621fdc6b0fd",
            "source": {
                "operatorID": "Dummy-operator-8bc0c1e7-b5c5-451c-8318-6c86dc9b8244",
                "portID": "output-1"
            },
            "target": {
                "operatorID": "Dummy-operator-86a07a40-a15f-4158-ae59-33ec206f5e63",
                "portID": "input-1"
            }
        },
        {
            "linkID": "link-1df6a6b8-4227-4dba-a93a-199e12f44816",
            "source": {
                "operatorID": "Dummy-operator-8bc0c1e7-b5c5-451c-8318-6c86dc9b8244",
                "portID": "output-2"
            },
            "target": {
                "operatorID": "Dummy-operator-3d90fd1b-08cd-4f64-b9b2-ab877a57dcd0",
                "portID": "input-1"
            }
        },
        {
            "linkID": "link-f6640c59-d12a-45fb-bc6b-e3e66e8f57ac",
            "source": {
                "operatorID": "Dummy-operator-8bc0c1e7-b5c5-451c-8318-6c86dc9b8244",
                "portID": "output-2"
            },
            "target": {
                "operatorID": "Dummy-operator-a6cae969-ff64-4abb-b396-d467d9a623a9",
                "portID": "input-1"
            }
        },
        {
            "linkID": "link-c8691763-3506-4f60-bf0c-950ddb029249",
            "source": {
                "operatorID": "Dummy-operator-78adc38a-a079-46eb-9545-860c8352e2ae",
                "portID": "output-0"
            },
            "target": {
                "operatorID": "Dummy-operator-51a3c26a-f6e8-4c67-8ba8-4ba7fde24e6e",
                "portID": "input-3"
            }
        },
        {
            "linkID": "link-8f047dc1-9735-4501-be81-d84bfc768b93",
            "source": {
                "operatorID": "Dummy-operator-be77f570-c6f0-4568-a59c-f063047fd60b",
                "portID": "output-1"
            },
            "target": {
                "operatorID": "Dummy-operator-be7689ab-c767-411b-b99e-967e7b2a5c7c",
                "portID": "input-1"
            }
        },
        {
            "linkID": "link-e62948f9-9836-42a4-bd42-f72c95348d84",
            "source": {
                "operatorID": "Dummy-operator-be7689ab-c767-411b-b99e-967e7b2a5c7c",
                "portID": "output-1"
            },
            "target": {
                "operatorID": "Dummy-operator-98444705-e7cb-47a2-a5db-33db87dd2651",
                "portID": "input-1"
            }
        },
        {
            "linkID": "link-37b83989-df6b-4886-8d4b-f87662624f76",
            "source": {
                "operatorID": "Dummy-operator-73a79a53-cae4-4f7d-94cb-8195d3cd7aa7",
                "portID": "output-1"
            },
            "target": {
                "operatorID": "Dummy-operator-56c4b422-1ecf-4e28-bdeb-46874a51f6d9",
                "portID": "input-1"
            }
        },
        {
            "linkID": "link-bc32562b-5468-4c04-8eb9-098607f82ecc",
            "source": {
                "operatorID": "Dummy-operator-3d90fd1b-08cd-4f64-b9b2-ab877a57dcd0",
                "portID": "output-0"
            },
            "target": {
                "operatorID": "Dummy-operator-51a3c26a-f6e8-4c67-8ba8-4ba7fde24e6e",
                "portID": "input-1"
            }
        },
        {
            "linkID": "link-212a2c1d-ca89-4c27-a031-6e4b2aa91a7b",
            "source": {
                "operatorID": "Dummy-operator-a6cae969-ff64-4abb-b396-d467d9a623a9",
                "portID": "output-0"
            },
            "target": {
                "operatorID": "Dummy-operator-51a3c26a-f6e8-4c67-8ba8-4ba7fde24e6e",
                "portID": "input-2"
            }
        },
        {
            "linkID": "link-7fc41b29-5ad5-4b66-b00a-1c59c9b95818",
            "source": {
                "operatorID": "Dummy-operator-563592ce-15f1-4cf3-8c5f-9c274eaf91fc",
                "portID": "output-1"
            },
            "target": {
                "operatorID": "Dummy-operator-d881a9ff-9274-4e73-8c3b-7f295ce18030",
                "portID": "input-1"
            }
        },
        {
            "linkID": "link-9f3a3dd7-5ceb-486e-9a2e-f1b78e74d77c",
            "source": {
                "operatorID": "Dummy-operator-d881a9ff-9274-4e73-8c3b-7f295ce18030",
                "portID": "output-1"
            },
            "target": {
                "operatorID": "Dummy-operator-3d90fd1b-08cd-4f64-b9b2-ab877a57dcd0",
                "portID": "input-2"
            }
        },
        {
            "linkID": "link-2d4da932-5463-4c38-8e3f-413bda5c47f3",
            "source": {
                "operatorID": "Dummy-operator-56c4b422-1ecf-4e28-bdeb-46874a51f6d9",
                "portID": "output-1"
            },
            "target": {
                "operatorID": "Dummy-operator-b6f686b7-ed0f-4bc1-a79f-bc190cafc5a3",
                "portID": "input-1"
            }
        },
        {
            "linkID": "link-3b092345-caf9-4059-8ea9-8f0aa6255830",
            "source": {
                "operatorID": "Dummy-operator-56c4b422-1ecf-4e28-bdeb-46874a51f6d9",
                "portID": "output-1"
            },
            "target": {
                "operatorID": "Dummy-operator-78adc38a-a079-46eb-9545-860c8352e2ae",
                "portID": "input-1"
            }
        },
        {
            "linkID": "link-be07339a-044e-4cac-9df5-7e23aaf343d5",
            "source": {
                "operatorID": "Dummy-operator-56c4b422-1ecf-4e28-bdeb-46874a51f6d9",
                "portID": "output-1"
            },
            "target": {
                "operatorID": "Dummy-operator-52d5383f-4fbd-47de-af4a-8d2391686586",
                "portID": "input-2"
            }
        },
        {
            "linkID": "link-3ed42a1b-1394-42f2-b64a-304bd13396fe",
            "source": {
                "operatorID": "Dummy-operator-b6f686b7-ed0f-4bc1-a79f-bc190cafc5a3",
                "portID": "output-1"
            },
            "target": {
                "operatorID": "Dummy-operator-d1ac21fe-2e10-4273-9971-b819b8ea59e0",
                "portID": "input-1"
            }
        },
        {
            "linkID": "link-47c871af-f81c-432e-b286-42cc62fa28ad",
            "source": {
                "operatorID": "Dummy-operator-b6f686b7-ed0f-4bc1-a79f-bc190cafc5a3",
                "portID": "output-1"
            },
            "target": {
                "operatorID": "Dummy-operator-637875b8-2a5f-4a03-8b57-43a92cb706b5",
                "portID": "input-1"
            }
        },
        {
            "linkID": "link-d32813fb-afc8-4ebd-9f1c-c21e546fc495",
            "source": {
                "operatorID": "Dummy-operator-b6f686b7-ed0f-4bc1-a79f-bc190cafc5a3",
                "portID": "output-1"
            },
            "target": {
                "operatorID": "Dummy-operator-e09e61cc-59f9-4c9c-a0f3-3c1ca9d16b2f",
                "portID": "input-2"
            }
        },
        {
            "linkID": "link-5d48af20-ad56-47e0-b496-1a6cd039bf0c",
            "source": {
                "operatorID": "Dummy-operator-b6f686b7-ed0f-4bc1-a79f-bc190cafc5a3",
                "portID": "output-1"
            },
            "target": {
                "operatorID": "Dummy-operator-a6cae969-ff64-4abb-b396-d467d9a623a9",
                "portID": "input-2"
            }
        },
        {
            "linkID": "link-f025b52c-c60f-4317-8d71-ffb659c6f5b6",
            "source": {
                "operatorID": "Dummy-operator-51a3c26a-f6e8-4c67-8ba8-4ba7fde24e6e",
                "portID": "output-1"
            },
            "target": {
                "operatorID": "Dummy-operator-4e10855d-0f94-483d-83f3-2028954ea295",
                "portID": "input-2"
            }
        },
        {
            "linkID": "link-592c3d18-2b2f-4dca-ba22-827995e89252",
            "source": {
                "operatorID": "Dummy-operator-52d5383f-4fbd-47de-af4a-8d2391686586",
                "portID": "output-1"
            },
            "target": {
                "operatorID": "Dummy-operator-78adc38a-a079-46eb-9545-860c8352e2ae",
                "portID": "input-2"
            }
        },
        {
            "linkID": "link-f486ea2d-35af-4b1c-8519-0ff17878e6d0",
            "source": {
                "operatorID": "Dummy-operator-c1479ecb-1da3-49ac-8516-d5d24582a7ee",
                "portID": "output-1"
            },
            "target": {
                "operatorID": "Dummy-operator-73a79a53-cae4-4f7d-94cb-8195d3cd7aa7",
                "portID": "input-0"
            }
        },
        {
            "linkID": "link-db300ca7-d072-45f7-8b89-9e097604288c",
            "source": {
                "operatorID": "Dummy-operator-e09e61cc-59f9-4c9c-a0f3-3c1ca9d16b2f",
                "portID": "output-1"
            },
            "target": {
                "operatorID": "Dummy-operator-637875b8-2a5f-4a03-8b57-43a92cb706b5",
                "portID": "input-2"
            }
        },
        {
            "linkID": "link-a1501d6e-27ab-4ea7-bf64-cfcd984af7ad",
            "source": {
                "operatorID": "Dummy-operator-82aa5bf8-bccd-4d6a-a131-62dc8e50388a",
                "portID": "output-1"
            },
            "target": {
                "operatorID": "Dummy-operator-84d779f3-9369-4527-a7cc-b148f1499038",
                "portID": "input-1"
            }
        }
    ],
    "groups": [],
    "breakpoints": {},
    "commentBoxes": [
        {
            "commentBoxID": "commentBox-56abeef7-78c4-4c76-b00a-0a49745b4876",
            "comments": [
                {
                    "content": "https://hub.knime.com/knime/extensions/org.knime.features.base/latest/org.knime.base.node.io.filehandling.csv.reader.CSVTableReaderNodeFactory",
                    "creatorName": "Bot",
                    "createorID": 1,
                    "creationTime": "2024-03-08T10:36:49.883Z"
                }
            ],
            "commentBoxPosition": {
                "x": 164.0,
                "y": 327.0
            }
        },
        {
            "commentBoxID": "commentBox-8c818c21-034b-47cc-9776-e76268703cae",
            "comments": [
                {
                    "content": "https://hub.knime.com/knime/extensions/org.knime.features.base/latest/org.knime.base.node.io.filehandling.csv.reader.CSVTableReaderNodeFactory",
                    "creatorName": "Bot",
                    "createorID": 1,
                    "creationTime": "2024-03-08T10:36:49.883Z"
                }
            ],
            "commentBoxPosition": {
                "x": 845.0,
                "y": 467.0
            }
        },
        {
            "commentBoxID": "commentBox-a0b245ab-dbaf-461f-bda6-4eb48e3bd5ba",
            "comments": [
                {
                    "content": "https://hub.knime.com/knime/extensions/org.knime.features.base/latest/org.knime.base.node.io.filehandling.csv.reader.CSVTableReaderNodeFactory",
                    "creatorName": "Bot",
                    "createorID": 1,
                    "creationTime": "2024-03-08T10:36:49.883Z"
                }
            ],
            "commentBoxPosition": {
                "x": 164.0,
                "y": 687.0
            }
        },
        {
            "commentBoxID": "commentBox-99e7e9ad-c013-49fc-983e-4fb256bd8900",
            "comments": [
                {
                    "content": "https://hub.knime.com/knime/extensions/org.knime.features.base/latest/org.knime.base.node.io.filehandling.csv.reader.CSVTableReaderNodeFactory",
                    "creatorName": "Bot",
                    "createorID": 1,
                    "creationTime": "2024-03-08T10:36:49.883Z"
                }
            ],
            "commentBoxPosition": {
                "x": 364.0,
                "y": 467.0
            }
        },
        {
            "commentBoxID": "commentBox-49376aa4-7f07-4d90-b048-f61fb7b5e036",
            "comments": [
                {
                    "content": "https://hub.knime.com/knime/extensions/org.knime.features.base/latest/org.knime.base.node.io.filehandling.csv.reader.CSVTableReaderNodeFactory",
                    "creatorName": "Bot",
                    "createorID": 1,
                    "creationTime": "2024-03-08T10:36:49.883Z"
                }
            ],
            "commentBoxPosition": {
                "x": 324.0,
                "y": 687.0
            }
        },
        {
            "commentBoxID": "commentBox-7698c0dc-031e-4bed-9e01-263aacd7da2c",
            "comments": [
                {
                    "content": "https://hub.knime.com/knime/extensions/org.knime.features.base/latest/org.knime.base.node.io.filehandling.csv.reader.CSVTableReaderNodeFactory",
                    "creatorName": "Bot",
                    "createorID": 1,
                    "creationTime": "2024-03-08T10:36:49.883Z"
                }
            ],
            "commentBoxPosition": {
                "x": 364.0,
                "y": 327.0
            }
        },
        {
            "commentBoxID": "commentBox-5f96d64f-f3e7-4328-a365-035512446baf",
            "comments": [
                {
                    "content": "https://hub.knime.com/knime/extensions/org.knime.features.base/latest/org.knime.base.node.io.filehandling.csv.reader.CSVTableReaderNodeFactory",
                    "creatorName": "Bot",
                    "createorID": 1,
                    "creationTime": "2024-03-08T10:36:49.883Z"
                }
            ],
            "commentBoxPosition": {
                "x": 844.0,
                "y": 187.0
            }
        },
        {
            "commentBoxID": "commentBox-7eba3ac6-d60f-4a6a-8a33-8f40b80a6296",
            "comments": [
                {
                    "content": "https://hub.knime.com/knime/extensions/org.knime.features.base/latest/org.knime.base.node.io.filehandling.csv.reader.CSVTableReaderNodeFactory",
                    "creatorName": "Bot",
                    "createorID": 1,
                    "creationTime": "2024-03-08T10:36:49.883Z"
                }
            ],
            "commentBoxPosition": {
                "x": 844.0,
                "y": 327.0
            }
        },
        {
            "commentBoxID": "commentBox-9619e297-6afe-49b3-8c66-d144e28f123f",
            "comments": [
                {
                    "content": "https://hub.knime.com/knime/extensions/org.knime.features.base/latest/org.knime.base.node.io.filehandling.csv.reader.CSVTableReaderNodeFactory",
                    "creatorName": "Bot",
                    "createorID": 1,
                    "creationTime": "2024-03-08T10:36:49.883Z"
                }
            ],
            "commentBoxPosition": {
                "x": 365.0,
                "y": 187.0
            }
        },
        {
            "commentBoxID": "commentBox-e1163b40-586a-4581-a022-a1a45b94bed4",
            "comments": [
                {
                    "content": "https://hub.knime.com/knime/extensions/org.knime.features.base/latest/org.knime.base.node.io.filehandling.csv.reader.CSVTableReaderNodeFactory",
                    "creatorName": "Bot",
                    "createorID": 1,
                    "creationTime": "2024-03-08T10:36:49.883Z"
                }
            ],
            "commentBoxPosition": {
                "x": 584.0,
                "y": 187.0
            }
        },
        {
            "commentBoxID": "commentBox-df505859-6d0a-4e6f-9bc2-79d3c9d86ea7",
            "comments": [
                {
                    "content": "https://hub.knime.com/knime/extensions/org.knime.features.base/latest/org.knime.base.node.io.filehandling.csv.reader.CSVTableReaderNodeFactory",
                    "creatorName": "Bot",
                    "createorID": 1,
                    "creationTime": "2024-03-08T10:36:49.883Z"
                }
            ],
            "commentBoxPosition": {
                "x": 704.0,
                "y": 287.0
            }
        },
        {
            "commentBoxID": "commentBox-56a2ccf6-7995-4fcb-b61b-a7f79a057cd1",
            "comments": [
                {
                    "content": "https://hub.knime.com/knime/extensions/org.knime.features.base/latest/org.knime.base.node.io.filehandling.csv.reader.CSVTableReaderNodeFactory",
                    "creatorName": "Bot",
                    "createorID": 1,
                    "creationTime": "2024-03-08T10:36:49.883Z"
                }
            ],
            "commentBoxPosition": {
                "x": 504.0,
                "y": 307.0
            }
        },
        {
            "commentBoxID": "commentBox-45ff9627-42f5-4878-b01f-7bb1bddf2b9b",
            "comments": [
                {
                    "content": "https://hub.knime.com/knime/extensions/org.knime.features.base/latest/org.knime.base.node.io.filehandling.csv.reader.CSVTableReaderNodeFactory",
                    "creatorName": "Bot",
                    "createorID": 1,
                    "creationTime": "2024-03-08T10:36:49.883Z"
                }
            ],
            "commentBoxPosition": {
                "x": 604.0,
                "y": 307.0
            }
        },
        {
            "commentBoxID": "commentBox-9626cde5-7b72-4f99-99cd-8124a2b09da4",
            "comments": [
                {
                    "content": "https://hub.knime.com/knime/extensions/org.knime.features.base/latest/org.knime.base.node.io.filehandling.csv.reader.CSVTableReaderNodeFactory",
                    "creatorName": "Bot",
                    "createorID": 1,
                    "creationTime": "2024-03-08T10:36:49.883Z"
                }
            ],
            "commentBoxPosition": {
                "x": 1144.0,
                "y": 327.0
            }
        },
        {
            "commentBoxID": "commentBox-e5d463d2-9fc0-4e5d-841f-79f4a68a5fdb",
            "comments": [
                {
                    "content": "https://hub.knime.com/knime/extensions/org.knime.features.base/latest/org.knime.base.node.io.filehandling.csv.reader.CSVTableReaderNodeFactory",
                    "creatorName": "Bot",
                    "createorID": 1,
                    "creationTime": "2024-03-08T10:36:49.883Z"
                }
            ],
            "commentBoxPosition": {
                "x": 1025.0,
                "y": 327.0
            }
        },
        {
            "commentBoxID": "commentBox-ebcb98e5-9f54-415a-aef0-4fe43486dc1b",
            "comments": [
                {
                    "content": "https://hub.knime.com/knime/extensions/org.knime.features.base/latest/org.knime.base.node.io.filehandling.csv.reader.CSVTableReaderNodeFactory",
                    "creatorName": "Bot",
                    "createorID": 1,
                    "creationTime": "2024-03-08T10:36:49.883Z"
                }
            ],
            "commentBoxPosition": {
                "x": 664.0,
                "y": 467.0
            }
        },
        {
            "commentBoxID": "commentBox-bed1cb69-8617-43c8-b5b4-53974c9c02ec",
            "comments": [
                {
                    "content": "https://hub.knime.com/knime/extensions/org.knime.features.base/latest/org.knime.base.node.io.filehandling.csv.reader.CSVTableReaderNodeFactory",
                    "creatorName": "Bot",
                    "createorID": 1,
                    "creationTime": "2024-03-08T10:36:49.883Z"
                }
            ],
            "commentBoxPosition": {
                "x": 310.0,
                "y": 150.0
            }
        },
        {
            "commentBoxID": "commentBox-839196e5-2e55-40e4-ac85-e9954f6acb08",
            "comments": [
                {
                    "content": "https://hub.knime.com/knime/extensions/org.knime.features.base/latest/org.knime.base.node.io.filehandling.csv.reader.CSVTableReaderNodeFactory",
                    "creatorName": "Bot",
                    "createorID": 1,
                    "creationTime": "2024-03-08T10:36:49.883Z"
                }
            ],
            "commentBoxPosition": {
                "x": 210.0,
                "y": 150.0
            }
        },
        {
            "commentBoxID": "commentBox-9fd52cba-72e5-4215-bf80-6ab8e7839a83",
            "comments": [
                {
                    "content": "https://hub.knime.com/knime/extensions/org.knime.features.base/latest/org.knime.base.node.io.filehandling.csv.reader.CSVTableReaderNodeFactory",
                    "creatorName": "Bot",
                    "createorID": 1,
                    "creationTime": "2024-03-08T10:36:49.883Z"
                }
            ],
            "commentBoxPosition": {
                "x": 704.0,
                "y": 667.0
            }
        },
        {
            "commentBoxID": "commentBox-cd6d8a7e-070d-4bf4-87ea-33dd5c87a226",
            "comments": [
                {
                    "content": "https://hub.knime.com/knime/extensions/org.knime.features.base/latest/org.knime.base.node.io.filehandling.csv.reader.CSVTableReaderNodeFactory",
                    "creatorName": "Bot",
                    "createorID": 1,
                    "creationTime": "2024-03-08T10:36:49.883Z"
                }
            ],
            "commentBoxPosition": {
                "x": 844.0,
                "y": 667.0
            }
        },
        {
            "commentBoxID": "commentBox-c9890dfb-b70b-45d2-bfef-071b25519c3a",
            "comments": [
                {
                    "content": "https://hub.knime.com/knime/extensions/org.knime.features.base/latest/org.knime.base.node.io.filehandling.csv.reader.CSVTableReaderNodeFactory",
                    "creatorName": "Bot",
                    "createorID": 1,
                    "creationTime": "2024-03-08T10:36:49.883Z"
                }
            ],
            "commentBoxPosition": {
                "x": 704.0,
                "y": 827.0
            }
        },
        {
            "commentBoxID": "commentBox-862afd17-1562-410d-adf2-2e28bb869662",
            "comments": [
                {
                    "content": "https://hub.knime.com/knime/extensions/org.knime.features.base/latest/org.knime.base.node.io.filehandling.csv.reader.CSVTableReaderNodeFactory",
                    "creatorName": "Bot",
                    "createorID": 1,
                    "creationTime": "2024-03-08T10:36:49.883Z"
                }
            ],
            "commentBoxPosition": {
                "x": 1104.0,
                "y": 667.0
            }
        },
        {
            "commentBoxID": "commentBox-2ce7d9fb-ebe7-4b2f-9985-2bab3776ab07",
            "comments": [
                {
                    "content": "https://hub.knime.com/knime/extensions/org.knime.features.base/latest/org.knime.base.node.io.filehandling.csv.reader.CSVTableReaderNodeFactory",
                    "creatorName": "Bot",
                    "createorID": 1,
                    "creationTime": "2024-03-08T10:36:49.883Z"
                }
            ],
            "commentBoxPosition": {
                "x": 984.0,
                "y": 747.0
            }
        }
    ]
}