{
    "operators": [
        {
            "operatorID": "Dummy-operator-21be292d-1e12-4796-8b09-4f4c5e021c68",
            "operatorType": "Dummy",
            "operatorVersion": "",
            "operatorProperties": {
                "dummyPropertyList": [
                    {
                        "dummyProperty": "Source XML",
                        "dummyValue": "Omitted for license reasons"
                    }
                ]
            },
            "inputPorts": [
                {
                    "portID": "input-0",
                    "displayName": "",
                    "allowMultiInputs": true,
                    "isDynamicPort": true
                }
            ],
            "outputPorts": [
                {
                    "portID": "output-0",
                    "displayName": "",
                    "isDynamicPort": true,
                    "isBlocking": false
                },
                {
                    "portID": "output-1",
                    "displayName": "",
                    "isDynamicPort": true,
                    "isBlocking": false,
                    "materializationSize": 38.4248046875
                }
            ],
            "showAdvanced": false,
            "isDisabled": false,
            "customDisplayName": "Excel Reader",
            "dynamicInputPorts": true,
            "dynamicOutputPorts": true
        },
        {
            "operatorID": "Dummy-operator-76aa0a9a-ff39-4fd0-a533-10898176ab34",
            "operatorType": "Dummy",
            "operatorVersion": "",
            "operatorProperties": {
                "dummyPropertyList": [
                    {
                        "dummyProperty": "Source XML",
                        "dummyValue": "Omitted for license reasons"
                    }
                ]
            },
            "inputPorts": [
                {
                    "portID": "input-0",
                    "displayName": "",
                    "allowMultiInputs": true,
                    "isDynamicPort": true
                },
                {
                    "portID": "input-1",
                    "displayName": "",
                    "allowMultiInputs": true,
                    "isDynamicPort": true
                }
            ],
            "outputPorts": [
                {
                    "portID": "output-0",
                    "displayName": "",
                    "isDynamicPort": true,
                    "isBlocking": false
                },
                {
                    "portID": "output-1",
                    "displayName": "",
                    "isDynamicPort": true,
                    "isBlocking": false,
                    "materializationSize": 112.498046875
                }
            ],
            "showAdvanced": false,
            "isDisabled": false,
            "customDisplayName": "XLS Control Table Generator",
            "dynamicInputPorts": true,
            "dynamicOutputPorts": true
        },
        {
            "operatorID": "Dummy-operator-470f90bb-cb35-442c-8174-8a28aa6c082c",
            "operatorType": "Dummy",
            "operatorVersion": "",
            "operatorProperties": {
                "dummyPropertyList": [
                    {
                        "dummyProperty": "Source XML",
                        "dummyValue": "Omitted for license reasons"
                    }
                ]
            },
            "inputPorts": [
                {
                    "portID": "input-0",
                    "displayName": "",
                    "allowMultiInputs": true,
                    "isDynamicPort": true
                },
                {
                    "portID": "input-1",
                    "displayName": "",
                    "allowMultiInputs": true,
                    "isDynamicPort": true
                }
            ],
            "outputPorts": [
                {
                    "portID": "output-0",
                    "displayName": "",
                    "isDynamicPort": true,
                    "isBlocking": false
                },
                {
                    "portID": "output-1",
                    "displayName": "",
                    "isDynamicPort": true,
                    "isBlocking": false,
                    "materializationSize": 16.8046875
                }
            ],
            "showAdvanced": false,
            "isDisabled": false,
            "customDisplayName": "Rule Engine",
            "dynamicInputPorts": true,
            "dynamicOutputPorts": true
        },
        {
            "operatorID": "Dummy-operator-16a20678-93a5-41c2-a59e-03516e079ae2",
            "operatorType": "Dummy",
            "operatorVersion": "",
            "operatorProperties": {
                "dummyPropertyList": [
                    {
                        "dummyProperty": "Source XML",
                        "dummyValue": "Omitted for license reasons"
                    }
                ]
            },
            "inputPorts": [
                {
                    "portID": "input-0",
                    "displayName": "",
                    "allowMultiInputs": true,
                    "isDynamicPort": true
                },
                {
                    "portID": "input-1",
                    "displayName": "",
                    "allowMultiInputs": true,
                    "isDynamicPort": true
                }
            ],
            "outputPorts": [
                {
                    "portID": "output-0",
                    "displayName": "",
                    "isDynamicPort": true,
                    "isBlocking": false
                },
                {
                    "portID": "output-1",
                    "displayName": "",
                    "isDynamicPort": true,
                    "isBlocking": false,
                    "materializationSize": 12.365234375
                }
            ],
            "showAdvanced": false,
            "isDisabled": false,
            "customDisplayName": "XLS Control Table Generator",
            "dynamicInputPorts": true,
            "dynamicOutputPorts": true
        },
        {
            "operatorID": "Dummy-operator-5ec9d5f4-eb2e-4437-b98b-0b707f176fc3",
            "operatorType": "Dummy",
            "operatorVersion": "",
            "operatorProperties": {
                "dummyPropertyList": [
                    {
                        "dummyProperty": "Source XML",
                        "dummyValue": "Omitted for license reasons"
                    }
                ]
            },
            "inputPorts": [
                {
                    "portID": "input-0",
                    "displayName": "",
                    "allowMultiInputs": true,
                    "isDynamicPort": true
                },
                {
                    "portID": "input-1",
                    "displayName": "",
                    "allowMultiInputs": true,
                    "isDynamicPort": true
                }
            ],
            "outputPorts": [
                {
                    "portID": "output-0",
                    "displayName": "",
                    "isDynamicPort": true,
                    "isBlocking": false
                },
                {
                    "portID": "output-1",
                    "displayName": "",
                    "isDynamicPort": true,
                    "isBlocking": true,
                    "materializationSize": 0.46484375
                }
            ],
            "showAdvanced": false,
            "isDisabled": false,
            "customDisplayName": "XLS Font Formatter",
            "dynamicInputPorts": true,
            "dynamicOutputPorts": true
        },
        {
            "operatorID": "Dummy-operator-2bd0f061-e841-4da9-b9cb-a63b7183e62a",
            "operatorType": "Dummy",
            "operatorVersion": "",
            "operatorProperties": {
                "dummyPropertyList": [
                    {
                        "dummyProperty": "Source XML",
                        "dummyValue": "Omitted for license reasons"
                    }
                ]
            },
            "inputPorts": [
                {
                    "portID": "input-0",
                    "displayName": "",
                    "allowMultiInputs": true,
                    "isDynamicPort": true
                },
                {
                    "portID": "input-1",
                    "displayName": "",
                    "allowMultiInputs": true,
                    "isDynamicPort": true
                },
                {
                    "portID": "input-2",
                    "displayName": "",
                    "allowMultiInputs": true,
                    "isDynamicPort": true
                }
            ],
            "outputPorts": [
                {
                    "portID": "output-0",
                    "displayName": "",
                    "isDynamicPort": true,
                    "isBlocking": false
                },
                {
                    "portID": "output-1",
                    "displayName": "",
                    "isDynamicPort": true,
                    "isBlocking": true,
                    "materializationSize": 0.47265625
                }
            ],
            "showAdvanced": false,
            "isDisabled": false,
            "customDisplayName": "XLS Background Colorizer",
            "dynamicInputPorts": true,
            "dynamicOutputPorts": true
        },
        {
            "operatorID": "Dummy-operator-c37d6fd3-2d46-4616-ae5d-a77449f38bd1",
            "operatorType": "Dummy",
            "operatorVersion": "",
            "operatorProperties": {
                "dummyPropertyList": [
                    {
                        "dummyProperty": "Source XML",
                        "dummyValue": "Omitted for license reasons"
                    }
                ]
            },
            "inputPorts": [
                {
                    "portID": "input-0",
                    "displayName": "",
                    "allowMultiInputs": true,
                    "isDynamicPort": true
                },
                {
                    "portID": "input-1",
                    "displayName": "",
                    "allowMultiInputs": true,
                    "isDynamicPort": true
                },
                {
                    "portID": "input-2",
                    "displayName": "",
                    "allowMultiInputs": true,
                    "isDynamicPort": true
                }
            ],
            "outputPorts": [
                {
                    "portID": "output-0",
                    "displayName": "",
                    "isDynamicPort": true,
                    "isBlocking": false
                },
                {
                    "portID": "output-1",
                    "displayName": "",
                    "isDynamicPort": true,
                    "isBlocking": true,
                    "materializationSize": 3.2412109375
                }
            ],
            "showAdvanced": false,
            "isDisabled": false,
            "customDisplayName": "XLS Cell Formatter",
            "dynamicInputPorts": true,
            "dynamicOutputPorts": true
        },
        {
            "operatorID": "Dummy-operator-5816a320-092d-40e2-a22a-47441a626147",
            "operatorType": "Dummy",
            "operatorVersion": "",
            "operatorProperties": {
                "dummyPropertyList": [
                    {
                        "dummyProperty": "Source XML",
                        "dummyValue": "Omitted for license reasons"
                    }
                ]
            },
            "inputPorts": [
                {
                    "portID": "input-0",
                    "displayName": "",
                    "allowMultiInputs": true,
                    "isDynamicPort": true
                },
                {
                    "portID": "input-1",
                    "displayName": "",
                    "allowMultiInputs": true,
                    "isDynamicPort": true
                },
                {
                    "portID": "input-2",
                    "displayName": "",
                    "allowMultiInputs": true,
                    "isDynamicPort": true
                }
            ],
            "outputPorts": [
                {
                    "portID": "output-0",
                    "displayName": "",
                    "isDynamicPort": true,
                    "isBlocking": false
                },
                {
                    "portID": "output-1",
                    "displayName": "",
                    "isDynamicPort": true,
                    "isBlocking": true,
                    "materializationSize": 3.244140625
                }
            ],
            "showAdvanced": false,
            "isDisabled": false,
            "customDisplayName": "XLS Sheet Properties",
            "dynamicInputPorts": true,
            "dynamicOutputPorts": true
        },
        {
            "operatorID": "Dummy-operator-8092e70a-cd65-4386-9e3e-d42cc8621a9b",
            "operatorType": "Dummy",
            "operatorVersion": "",
            "operatorProperties": {
                "dummyPropertyList": [
                    {
                        "dummyProperty": "Source XML",
                        "dummyValue": "Omitted for license reasons"
                    }
                ]
            },
            "inputPorts": [
                {
                    "portID": "input-0",
                    "displayName": "",
                    "allowMultiInputs": true,
                    "isDynamicPort": true
                },
                {
                    "portID": "input-1",
                    "displayName": "",
                    "allowMultiInputs": true,
                    "isDynamicPort": true
                },
                {
                    "portID": "input-2",
                    "displayName": "",
                    "allowMultiInputs": true,
                    "isDynamicPort": true
                }
            ],
            "outputPorts": [
                {
                    "portID": "output-0",
                    "displayName": "",
                    "isDynamicPort": true,
                    "isBlocking": false
                },
                {
                    "portID": "output-1",
                    "displayName": "",
                    "isDynamicPort": true,
                    "isBlocking": false
                }
            ],
            "showAdvanced": false,
            "isDisabled": false,
            "customDisplayName": "XLS Row and Column Sizer",
            "dynamicInputPorts": true,
            "dynamicOutputPorts": true
        }
    ],
    "operatorPositions": {
        "Dummy-operator-21be292d-1e12-4796-8b09-4f4c5e021c68": {
            "x": 144.0,
            "y": 237.0
        },
        "Dummy-operator-76aa0a9a-ff39-4fd0-a533-10898176ab34": {
            "x": 284.0,
            "y": 237.0
        },
        "Dummy-operator-470f90bb-cb35-442c-8174-8a28aa6c082c": {
            "x": 404.0,
            "y": 237.0
        },
        "Dummy-operator-16a20678-93a5-41c2-a59e-03516e079ae2": {
            "x": 544.0,
            "y": 237.0
        },
        "Dummy-operator-5ec9d5f4-eb2e-4437-b98b-0b707f176fc3": {
            "x": 664.0,
            "y": 417.0
        },
        "Dummy-operator-2bd0f061-e841-4da9-b9cb-a63b7183e62a": {
            "x": 804.0,
            "y": 417.0
        },
        "Dummy-operator-c37d6fd3-2d46-4616-ae5d-a77449f38bd1": {
            "x": 944.0,
            "y": 417.0
        },
        "Dummy-operator-5816a320-092d-40e2-a22a-47441a626147": {
            "x": 1084.0,
            "y": 417.0
        },
        "Dummy-operator-8092e70a-cd65-4386-9e3e-d42cc8621a9b": {
            "x": 1224.0,
            "y": 417.0
        }
    },
    "links": [
        {
            "linkID": "link-4bdf233d-eff0-4f46-9720-3c0f82f29eef",
            "source": {
                "operatorID": "Dummy-operator-21be292d-1e12-4796-8b09-4f4c5e021c68",
                "portID": "output-1"
            },
            "target": {
                "operatorID": "Dummy-operator-76aa0a9a-ff39-4fd0-a533-10898176ab34",
                "portID": "input-1"
            }
        },
        {
            "linkID": "link-331e172c-9134-466b-a8c4-9f47fdf929d9",
            "source": {
                "operatorID": "Dummy-operator-76aa0a9a-ff39-4fd0-a533-10898176ab34",
                "portID": "output-1"
            },
            "target": {
                "operatorID": "Dummy-operator-470f90bb-cb35-442c-8174-8a28aa6c082c",
                "portID": "input-1"
            }
        },
        {
            "linkID": "link-fe6bad87-e72e-458e-86f7-6fe65e0a01d9",
            "source": {
                "operatorID": "Dummy-operator-470f90bb-cb35-442c-8174-8a28aa6c082c",
                "portID": "output-1"
            },
            "target": {
                "operatorID": "Dummy-operator-16a20678-93a5-41c2-a59e-03516e079ae2",
                "portID": "input-1"
            }
        },
        {
            "linkID": "link-f0e7a782-0169-4df1-a4dc-f9219cd00963",
            "source": {
                "operatorID": "Dummy-operator-16a20678-93a5-41c2-a59e-03516e079ae2",
                "portID": "output-1"
            },
            "target": {
                "operatorID": "Dummy-operator-5ec9d5f4-eb2e-4437-b98b-0b707f176fc3",
                "portID": "input-1"
            }
        },
        {
            "linkID": "link-f02a3040-e766-4d06-806e-98cdcca631f1",
            "source": {
                "operatorID": "Dummy-operator-16a20678-93a5-41c2-a59e-03516e079ae2",
                "portID": "output-1"
            },
            "target": {
                "operatorID": "Dummy-operator-2bd0f061-e841-4da9-b9cb-a63b7183e62a",
                "portID": "input-1"
            }
        },
        {
            "linkID": "link-bd62290d-4d71-4ac9-aea9-76753370f494",
            "source": {
                "operatorID": "Dummy-operator-16a20678-93a5-41c2-a59e-03516e079ae2",
                "portID": "output-1"
            },
            "target": {
                "operatorID": "Dummy-operator-c37d6fd3-2d46-4616-ae5d-a77449f38bd1",
                "portID": "input-1"
            }
        },
        {
            "linkID": "link-bbfebb45-fbac-47d8-bab9-8d0017a6e907",
            "source": {
                "operatorID": "Dummy-operator-16a20678-93a5-41c2-a59e-03516e079ae2",
                "portID": "output-1"
            },
            "target": {
                "operatorID": "Dummy-operator-5816a320-092d-40e2-a22a-47441a626147",
                "portID": "input-1"
            }
        },
        {
            "linkID": "link-87e5bd6c-5b3b-4cad-bd1a-c2275f098541",
            "source": {
                "operatorID": "Dummy-operator-16a20678-93a5-41c2-a59e-03516e079ae2",
                "portID": "output-1"
            },
            "target": {
                "operatorID": "Dummy-operator-8092e70a-cd65-4386-9e3e-d42cc8621a9b",
                "portID": "input-1"
            }
        },
        {
            "linkID": "link-4b042b2f-83a2-4cc2-a0b3-ea628b4f7545",
            "source": {
                "operatorID": "Dummy-operator-5ec9d5f4-eb2e-4437-b98b-0b707f176fc3",
                "portID": "output-1"
            },
            "target": {
                "operatorID": "Dummy-operator-2bd0f061-e841-4da9-b9cb-a63b7183e62a",
                "portID": "input-2"
            }
        },
        {
            "linkID": "link-d22746ac-ec94-47ca-b34c-bd854b9b6beb",
            "source": {
                "operatorID": "Dummy-operator-2bd0f061-e841-4da9-b9cb-a63b7183e62a",
                "portID": "output-1"
            },
            "target": {
                "operatorID": "Dummy-operator-c37d6fd3-2d46-4616-ae5d-a77449f38bd1",
                "portID": "input-2"
            }
        },
        {
            "linkID": "link-5b3e19e4-dcd4-4698-a272-41b51bf1533e",
            "source": {
                "operatorID": "Dummy-operator-c37d6fd3-2d46-4616-ae5d-a77449f38bd1",
                "portID": "output-1"
            },
            "target": {
                "operatorID": "Dummy-operator-5816a320-092d-40e2-a22a-47441a626147",
                "portID": "input-2"
            }
        },
        {
            "linkID": "link-52538e7f-54e5-4bda-be16-826bddba1787",
            "source": {
                "operatorID": "Dummy-operator-5816a320-092d-40e2-a22a-47441a626147",
                "portID": "output-1"
            },
            "target": {
                "operatorID": "Dummy-operator-8092e70a-cd65-4386-9e3e-d42cc8621a9b",
                "portID": "input-2"
            }
        }
    ],
    "groups": [],
    "breakpoints": {},
    "commentBoxes": [
        {
            "commentBoxID": "commentBox-1fcb995b-b932-476e-875c-2e13420f40ed",
            "comments": [
                {
                    "content": "https://hub.knime.com/knime/extensions/org.knime.features.base/latest/org.knime.base.node.io.filehandling.csv.reader.CSVTableReaderNodeFactory",
                    "creatorName": "Bot",
                    "createorID": 1,
                    "creationTime": "2024-03-08T10:36:49.883Z"
                }
            ],
            "commentBoxPosition": {
                "x": 204.0,
                "y": 267.0
            }
        },
        {
            "commentBoxID": "commentBox-988a416d-6291-42eb-b728-37483443ea0b",
            "comments": [
                {
                    "content": "https://hub.knime.com/knime/extensions/org.knime.features.base/latest/org.knime.base.node.io.filehandling.csv.reader.CSVTableReaderNodeFactory",
                    "creatorName": "Bot",
                    "createorID": 1,
                    "creationTime": "2024-03-08T10:36:49.883Z"
                }
            ],
            "commentBoxPosition": {
                "x": 344.0,
                "y": 267.0
            }
        },
        {
            "commentBoxID": "commentBox-cbf43bc2-6c2e-4e15-8881-11c52e5aafe9",
            "comments": [
                {
                    "content": "https://hub.knime.com/knime/extensions/org.knime.features.base/latest/org.knime.base.node.io.filehandling.csv.reader.CSVTableReaderNodeFactory",
                    "creatorName": "Bot",
                    "createorID": 1,
                    "creationTime": "2024-03-08T10:36:49.883Z"
                }
            ],
            "commentBoxPosition": {
                "x": 464.0,
                "y": 267.0
            }
        },
        {
            "commentBoxID": "commentBox-2ee551d0-4463-4ff7-bae0-39a10cce724b",
            "comments": [
                {
                    "content": "https://hub.knime.com/knime/extensions/org.knime.features.base/latest/org.knime.base.node.io.filehandling.csv.reader.CSVTableReaderNodeFactory",
                    "creatorName": "Bot",
                    "createorID": 1,
                    "creationTime": "2024-03-08T10:36:49.883Z"
                }
            ],
            "commentBoxPosition": {
                "x": 604.0,
                "y": 267.0
            }
        },
        {
            "commentBoxID": "commentBox-186e8531-1c19-41df-8830-c06a2ce55f12",
            "comments": [
                {
                    "content": "https://hub.knime.com/knime/extensions/org.knime.features.base/latest/org.knime.base.node.io.filehandling.csv.reader.CSVTableReaderNodeFactory",
                    "creatorName": "Bot",
                    "createorID": 1,
                    "creationTime": "2024-03-08T10:36:49.883Z"
                }
            ],
            "commentBoxPosition": {
                "x": 724.0,
                "y": 447.0
            }
        },
        {
            "commentBoxID": "commentBox-967df4d4-6690-4c79-b51d-085d848eda83",
            "comments": [
                {
                    "content": "https://hub.knime.com/knime/extensions/org.knime.features.base/latest/org.knime.base.node.io.filehandling.csv.reader.CSVTableReaderNodeFactory",
                    "creatorName": "Bot",
                    "createorID": 1,
                    "creationTime": "2024-03-08T10:36:49.883Z"
                }
            ],
            "commentBoxPosition": {
                "x": 864.0,
                "y": 447.0
            }
        },
        {
            "commentBoxID": "commentBox-af74acde-9c80-4985-9ae5-825ab9b35472",
            "comments": [
                {
                    "content": "https://hub.knime.com/knime/extensions/org.knime.features.base/latest/org.knime.base.node.io.filehandling.csv.reader.CSVTableReaderNodeFactory",
                    "creatorName": "Bot",
                    "createorID": 1,
                    "creationTime": "2024-03-08T10:36:49.883Z"
                }
            ],
            "commentBoxPosition": {
                "x": 1004.0,
                "y": 447.0
            }
        },
        {
            "commentBoxID": "commentBox-6dd0585c-99a3-4cd0-9844-f8f83507b2b9",
            "comments": [
                {
                    "content": "https://hub.knime.com/knime/extensions/org.knime.features.base/latest/org.knime.base.node.io.filehandling.csv.reader.CSVTableReaderNodeFactory",
                    "creatorName": "Bot",
                    "createorID": 1,
                    "creationTime": "2024-03-08T10:36:49.883Z"
                }
            ],
            "commentBoxPosition": {
                "x": 1144.0,
                "y": 447.0
            }
        },
        {
            "commentBoxID": "commentBox-a1b141d4-b58a-423d-9d4c-f4c5a4911609",
            "comments": [
                {
                    "content": "https://hub.knime.com/knime/extensions/org.knime.features.base/latest/org.knime.base.node.io.filehandling.csv.reader.CSVTableReaderNodeFactory",
                    "creatorName": "Bot",
                    "createorID": 1,
                    "creationTime": "2024-03-08T10:36:49.883Z"
                }
            ],
            "commentBoxPosition": {
                "x": 1284.0,
                "y": 447.0
            }
        }
    ]
}