{
    "operators": [
        {
            "operatorID": "Dummy-operator-87e9858c-876a-415f-8cc1-290bf9346856",
            "operatorType": "Dummy",
            "operatorVersion": "",
            "operatorProperties": {
                "dummyPropertyList": [
                    {
                        "dummyProperty": "Source XML",
                        "dummyValue": "Omitted for license reasons"
                    }
                ]
            },
            "inputPorts": [
                {
                    "portID": "input-0",
                    "displayName": "",
                    "allowMultiInputs": true,
                    "isDynamicPort": true
                },
                {
                    "portID": "input-1",
                    "displayName": "",
                    "allowMultiInputs": true,
                    "isDynamicPort": true
                }
            ],
            "outputPorts": [
                {
                    "portID": "output-0",
                    "displayName": "",
                    "isDynamicPort": true,
                    "isBlocking": false
                },
                {
                    "portID": "output-1",
                    "displayName": "",
                    "isDynamicPort": true,
                    "isBlocking": false
                }
            ],
            "showAdvanced": false,
            "isDisabled": false,
            "customDisplayName": "TF",
            "dynamicInputPorts": true,
            "dynamicOutputPorts": true
        },
        {
            "operatorID": "Dummy-operator-45aab506-923e-4bbe-8b05-c530a6e40a99",
            "operatorType": "Dummy",
            "operatorVersion": "",
            "operatorProperties": {
                "dummyPropertyList": [
                    {
                        "dummyProperty": "Source XML",
                        "dummyValue": "Omitted for license reasons"
                    }
                ]
            },
            "inputPorts": [
                {
                    "portID": "input-0",
                    "displayName": "",
                    "allowMultiInputs": true,
                    "isDynamicPort": true
                },
                {
                    "portID": "input-1",
                    "displayName": "",
                    "allowMultiInputs": true,
                    "isDynamicPort": true
                }
            ],
            "outputPorts": [
                {
                    "portID": "output-0",
                    "displayName": "",
                    "isDynamicPort": true,
                    "isBlocking": false
                },
                {
                    "portID": "output-1",
                    "displayName": "",
                    "isDynamicPort": true,
                    "isBlocking": false
                }
            ],
            "showAdvanced": false,
            "isDisabled": false,
            "customDisplayName": "Frequency Filter",
            "dynamicInputPorts": true,
            "dynamicOutputPorts": true
        },
        {
            "operatorID": "Dummy-operator-113320fa-9ca1-4225-a57d-fca688e63b3e",
            "operatorType": "Dummy",
            "operatorVersion": "",
            "operatorProperties": {
                "dummyPropertyList": [
                    {
                        "dummyProperty": "Source XML",
                        "dummyValue": "Omitted for license reasons"
                    }
                ]
            },
            "inputPorts": [
                {
                    "portID": "input-0",
                    "displayName": "",
                    "allowMultiInputs": true,
                    "isDynamicPort": true
                },
                {
                    "portID": "input-1",
                    "displayName": "",
                    "allowMultiInputs": true,
                    "isDynamicPort": true
                }
            ],
            "outputPorts": [
                {
                    "portID": "output-0",
                    "displayName": "",
                    "isDynamicPort": true,
                    "isBlocking": false
                },
                {
                    "portID": "output-1",
                    "displayName": "",
                    "isDynamicPort": true,
                    "isBlocking": false
                }
            ],
            "showAdvanced": false,
            "isDisabled": false,
            "customDisplayName": "Tag Filter",
            "dynamicInputPorts": true,
            "dynamicOutputPorts": true
        },
        {
            "operatorID": "Dummy-operator-c87ae092-7392-4864-9602-1627b7032390",
            "operatorType": "Dummy",
            "operatorVersion": "",
            "operatorProperties": {
                "dummyPropertyList": [
                    {
                        "dummyProperty": "Source XML",
                        "dummyValue": "Omitted for license reasons"
                    }
                ]
            },
            "inputPorts": [
                {
                    "portID": "input-0",
                    "displayName": "",
                    "allowMultiInputs": true,
                    "isDynamicPort": true
                },
                {
                    "portID": "input-1",
                    "displayName": "",
                    "allowMultiInputs": true,
                    "isDynamicPort": true
                }
            ],
            "outputPorts": [
                {
                    "portID": "output-0",
                    "displayName": "",
                    "isDynamicPort": true,
                    "isBlocking": false
                },
                {
                    "portID": "output-1",
                    "displayName": "",
                    "isDynamicPort": true,
                    "isBlocking": false
                },
                {
                    "portID": "output-2",
                    "displayName": "",
                    "isDynamicPort": true,
                    "isBlocking": false
                }
            ],
            "showAdvanced": false,
            "isDisabled": false,
            "customDisplayName": "JavaScript Tag Cloud",
            "dynamicInputPorts": true,
            "dynamicOutputPorts": true
        },
        {
            "operatorID": "Dummy-operator-c9d9c322-4605-47f7-9a05-bbca4c463872",
            "operatorType": "Dummy",
            "operatorVersion": "",
            "operatorProperties": {
                "dummyPropertyList": [
                    {
                        "dummyProperty": "Source XML",
                        "dummyValue": "Omitted for license reasons"
                    }
                ]
            },
            "inputPorts": [
                {
                    "portID": "input-0",
                    "displayName": "",
                    "allowMultiInputs": true,
                    "isDynamicPort": true
                },
                {
                    "portID": "input-1",
                    "displayName": "",
                    "allowMultiInputs": true,
                    "isDynamicPort": true
                }
            ],
            "outputPorts": [
                {
                    "portID": "output-0",
                    "displayName": "",
                    "isDynamicPort": true,
                    "isBlocking": false
                },
                {
                    "portID": "output-1",
                    "displayName": "",
                    "isDynamicPort": true,
                    "isBlocking": false
                }
            ],
            "showAdvanced": false,
            "isDisabled": false,
            "customDisplayName": "Stanford tagger",
            "dynamicInputPorts": true,
            "dynamicOutputPorts": true
        },
        {
            "operatorID": "Dummy-operator-80c1a067-2547-4960-90bf-9c576e46b46a",
            "operatorType": "Dummy",
            "operatorVersion": "",
            "operatorProperties": {
                "dummyPropertyList": [
                    {
                        "dummyProperty": "Source XML",
                        "dummyValue": "Omitted for license reasons"
                    }
                ]
            },
            "inputPorts": [
                {
                    "portID": "input-0",
                    "displayName": "",
                    "allowMultiInputs": true,
                    "isDynamicPort": true
                },
                {
                    "portID": "input-1",
                    "displayName": "",
                    "allowMultiInputs": true,
                    "isDynamicPort": true
                }
            ],
            "outputPorts": [
                {
                    "portID": "output-0",
                    "displayName": "",
                    "isDynamicPort": true,
                    "isBlocking": false
                },
                {
                    "portID": "output-1",
                    "displayName": "",
                    "isDynamicPort": true,
                    "isBlocking": false
                }
            ],
            "showAdvanced": false,
            "isDisabled": false,
            "customDisplayName": "JavaScript Stacked Area Chart",
            "dynamicInputPorts": true,
            "dynamicOutputPorts": true
        },
        {
            "operatorID": "Dummy-operator-e6a18a3d-b679-4858-ba26-57e08cc2bd1f",
            "operatorType": "Dummy",
            "operatorVersion": "",
            "operatorProperties": {
                "dummyPropertyList": [
                    {
                        "dummyProperty": "Source XML",
                        "dummyValue": "Omitted for license reasons"
                    }
                ]
            },
            "inputPorts": [
                {
                    "portID": "input-0",
                    "displayName": "",
                    "allowMultiInputs": true,
                    "isDynamicPort": true
                },
                {
                    "portID": "input-1",
                    "displayName": "",
                    "allowMultiInputs": true,
                    "isDynamicPort": true
                }
            ],
            "outputPorts": [
                {
                    "portID": "output-0",
                    "displayName": "",
                    "isDynamicPort": true,
                    "isBlocking": false
                },
                {
                    "portID": "output-1",
                    "displayName": "",
                    "isDynamicPort": true,
                    "isBlocking": false
                }
            ],
            "showAdvanced": false,
            "isDisabled": false,
            "customDisplayName": "Bag of Words Creator",
            "dynamicInputPorts": true,
            "dynamicOutputPorts": true
        },
        {
            "operatorID": "Dummy-operator-92aecd2d-f21d-4cef-92d1-eafe72803d7f",
            "operatorType": "Dummy",
            "operatorVersion": "",
            "operatorProperties": {
                "dummyPropertyList": [
                    {
                        "dummyProperty": "Source XML",
                        "dummyValue": "Omitted for license reasons"
                    }
                ]
            },
            "inputPorts": [
                {
                    "portID": "input-0",
                    "displayName": "",
                    "allowMultiInputs": true,
                    "isDynamicPort": true
                },
                {
                    "portID": "input-1",
                    "displayName": "",
                    "allowMultiInputs": true,
                    "isDynamicPort": true
                }
            ],
            "outputPorts": [
                {
                    "portID": "output-0",
                    "displayName": "",
                    "isDynamicPort": true,
                    "isBlocking": false
                },
                {
                    "portID": "output-1",
                    "displayName": "",
                    "isDynamicPort": true,
                    "isBlocking": false
                }
            ],
            "showAdvanced": false,
            "isDisabled": false,
            "customDisplayName": "String Manipulation",
            "dynamicInputPorts": true,
            "dynamicOutputPorts": true
        },
        {
            "operatorID": "Dummy-operator-c58871b0-62c9-4b93-a564-94b316c404e5",
            "operatorType": "Dummy",
            "operatorVersion": "",
            "operatorProperties": {
                "dummyPropertyList": [
                    {
                        "dummyProperty": "Source XML",
                        "dummyValue": "Omitted for license reasons"
                    }
                ]
            },
            "inputPorts": [
                {
                    "portID": "input-0",
                    "displayName": "",
                    "allowMultiInputs": true,
                    "isDynamicPort": true
                },
                {
                    "portID": "input-1",
                    "displayName": "",
                    "allowMultiInputs": true,
                    "isDynamicPort": true
                },
                {
                    "portID": "input-2",
                    "displayName": "",
                    "allowMultiInputs": true,
                    "isDynamicPort": true
                }
            ],
            "outputPorts": [
                {
                    "portID": "output-0",
                    "displayName": "",
                    "isDynamicPort": true,
                    "isBlocking": false
                },
                {
                    "portID": "output-1",
                    "displayName": "",
                    "isDynamicPort": true,
                    "isBlocking": false
                }
            ],
            "showAdvanced": false,
            "isDisabled": false,
            "customDisplayName": "Reference Row Filter",
            "dynamicInputPorts": true,
            "dynamicOutputPorts": true
        },
        {
            "operatorID": "Dummy-operator-0956beff-7bba-4daa-af91-381de61905c9",
            "operatorType": "Dummy",
            "operatorVersion": "",
            "operatorProperties": {
                "dummyPropertyList": [
                    {
                        "dummyProperty": "Source XML",
                        "dummyValue": "Omitted for license reasons"
                    }
                ]
            },
            "inputPorts": [
                {
                    "portID": "input-0",
                    "displayName": "",
                    "allowMultiInputs": true,
                    "isDynamicPort": true
                },
                {
                    "portID": "input-1",
                    "displayName": "",
                    "allowMultiInputs": true,
                    "isDynamicPort": true
                }
            ],
            "outputPorts": [
                {
                    "portID": "output-0",
                    "displayName": "",
                    "isDynamicPort": true,
                    "isBlocking": true
                },
                {
                    "portID": "output-1",
                    "displayName": "",
                    "isDynamicPort": true,
                    "isBlocking": true
                }
            ],
            "showAdvanced": false,
            "isDisabled": false,
            "customDisplayName": "GroupBy",
            "dynamicInputPorts": true,
            "dynamicOutputPorts": true
        },
        {
            "operatorID": "Dummy-operator-e13bf98e-1c28-44f2-bba4-430ea71146f5",
            "operatorType": "Dummy",
            "operatorVersion": "",
            "operatorProperties": {
                "dummyPropertyList": [
                    {
                        "dummyProperty": "Source XML",
                        "dummyValue": "Omitted for license reasons"
                    }
                ]
            },
            "inputPorts": [
                {
                    "portID": "input-0",
                    "displayName": "",
                    "allowMultiInputs": true,
                    "isDynamicPort": true
                },
                {
                    "portID": "input-1",
                    "displayName": "",
                    "allowMultiInputs": true,
                    "isDynamicPort": true
                }
            ],
            "outputPorts": [
                {
                    "portID": "output-0",
                    "displayName": "",
                    "isDynamicPort": true,
                    "isBlocking": true
                },
                {
                    "portID": "output-1",
                    "displayName": "",
                    "isDynamicPort": true,
                    "isBlocking": true
                },
                {
                    "portID": "output-2",
                    "displayName": "",
                    "isDynamicPort": true,
                    "isBlocking": true
                },
                {
                    "portID": "output-3",
                    "displayName": "",
                    "isDynamicPort": true,
                    "isBlocking": true
                }
            ],
            "showAdvanced": false,
            "isDisabled": false,
            "customDisplayName": "Pivoting",
            "dynamicInputPorts": true,
            "dynamicOutputPorts": true
        },
        {
            "operatorID": "Dummy-operator-2777b56d-96cc-49ff-b535-8cffae4ab60d",
            "operatorType": "Dummy",
            "operatorVersion": "",
            "operatorProperties": {
                "dummyPropertyList": [
                    {
                        "dummyProperty": "Source XML",
                        "dummyValue": "Omitted for license reasons"
                    }
                ]
            },
            "inputPorts": [
                {
                    "portID": "input-0",
                    "displayName": "",
                    "allowMultiInputs": true,
                    "isDynamicPort": true
                },
                {
                    "portID": "input-1",
                    "displayName": "",
                    "allowMultiInputs": true,
                    "isDynamicPort": true
                }
            ],
            "outputPorts": [
                {
                    "portID": "output-0",
                    "displayName": "",
                    "isDynamicPort": true,
                    "isBlocking": true
                },
                {
                    "portID": "output-1",
                    "displayName": "",
                    "isDynamicPort": true,
                    "isBlocking": true
                },
                {
                    "portID": "output-2",
                    "displayName": "",
                    "isDynamicPort": true,
                    "isBlocking": true
                }
            ],
            "showAdvanced": false,
            "isDisabled": false,
            "customDisplayName": "Missing Value",
            "dynamicInputPorts": true,
            "dynamicOutputPorts": true
        },
        {
            "operatorID": "Dummy-operator-32fb3c4d-4d79-4321-a8f1-99cff406a319",
            "operatorType": "Dummy",
            "operatorVersion": "",
            "operatorProperties": {
                "dummyPropertyList": [
                    {
                        "dummyProperty": "Source XML",
                        "dummyValue": "Omitted for license reasons"
                    }
                ]
            },
            "inputPorts": [
                {
                    "portID": "input-0",
                    "displayName": "",
                    "allowMultiInputs": true,
                    "isDynamicPort": true
                },
                {
                    "portID": "input-1",
                    "displayName": "",
                    "allowMultiInputs": true,
                    "isDynamicPort": true
                }
            ],
            "outputPorts": [
                {
                    "portID": "output-0",
                    "displayName": "",
                    "isDynamicPort": true,
                    "isBlocking": false
                },
                {
                    "portID": "output-1",
                    "displayName": "",
                    "isDynamicPort": true,
                    "isBlocking": false
                }
            ],
            "showAdvanced": false,
            "isDisabled": false,
            "customDisplayName": "Column Rename _Regex_",
            "dynamicInputPorts": true,
            "dynamicOutputPorts": true
        },
        {
            "operatorID": "Dummy-operator-5fe1f1a7-da4d-48ec-865a-7dc8fe413c00",
            "operatorType": "Dummy",
            "operatorVersion": "",
            "operatorProperties": {
                "dummyPropertyList": [
                    {
                        "dummyProperty": "Source XML",
                        "dummyValue": "Omitted for license reasons"
                    }
                ]
            },
            "inputPorts": [
                {
                    "portID": "input-0",
                    "displayName": "",
                    "allowMultiInputs": true,
                    "isDynamicPort": true
                },
                {
                    "portID": "input-1",
                    "displayName": "",
                    "allowMultiInputs": true,
                    "isDynamicPort": true
                }
            ],
            "outputPorts": [
                {
                    "portID": "output-0",
                    "displayName": "",
                    "isDynamicPort": true,
                    "isBlocking": false
                },
                {
                    "portID": "output-1",
                    "displayName": "",
                    "isDynamicPort": true,
                    "isBlocking": false
                }
            ],
            "showAdvanced": false,
            "isDisabled": false,
            "customDisplayName": "String to Date_Time",
            "dynamicInputPorts": true,
            "dynamicOutputPorts": true
        },
        {
            "operatorID": "Dummy-operator-a5ed041e-a81c-43d0-a3ef-bc731b380e53",
            "operatorType": "Dummy",
            "operatorVersion": "",
            "operatorProperties": {
                "dummyPropertyList": [
                    {
                        "dummyProperty": "Source XML",
                        "dummyValue": "Omitted for license reasons"
                    }
                ]
            },
            "inputPorts": [
                {
                    "portID": "input-0",
                    "displayName": "",
                    "allowMultiInputs": true,
                    "isDynamicPort": true
                }
            ],
            "outputPorts": [
                {
                    "portID": "output-0",
                    "displayName": "",
                    "isDynamicPort": true,
                    "isBlocking": false
                },
                {
                    "portID": "output-1",
                    "displayName": "",
                    "isDynamicPort": true,
                    "isBlocking": false
                }
            ],
            "showAdvanced": false,
            "isDisabled": false,
            "customDisplayName": "Table Reader",
            "dynamicInputPorts": true,
            "dynamicOutputPorts": true
        },
        {
            "operatorID": "Dummy-operator-818acd88-2bb3-4f72-9f1c-02b63f0a477e",
            "operatorType": "Dummy",
            "operatorVersion": "",
            "operatorProperties": {
                "dummyPropertyList": [
                    {
                        "dummyProperty": "Source XML",
                        "dummyValue": "Omitted for license reasons"
                    }
                ]
            },
            "inputPorts": [
                {
                    "portID": "input-0",
                    "displayName": "",
                    "allowMultiInputs": true,
                    "isDynamicPort": true
                },
                {
                    "portID": "input-1",
                    "displayName": "",
                    "allowMultiInputs": true,
                    "isDynamicPort": true
                }
            ],
            "outputPorts": [
                {
                    "portID": "output-0",
                    "displayName": "",
                    "isDynamicPort": true,
                    "isBlocking": true
                },
                {
                    "portID": "output-1",
                    "displayName": "",
                    "isDynamicPort": true,
                    "isBlocking": true
                }
            ],
            "showAdvanced": false,
            "isDisabled": false,
            "customDisplayName": "GroupBy",
            "dynamicInputPorts": true,
            "dynamicOutputPorts": true
        },
        {
            "operatorID": "Dummy-operator-75356b1a-535b-4562-a4d4-6a0320bd9a33",
            "operatorType": "Dummy",
            "operatorVersion": "",
            "operatorProperties": {
                "dummyPropertyList": [
                    {
                        "dummyProperty": "Source XML",
                        "dummyValue": "Omitted for license reasons"
                    }
                ]
            },
            "inputPorts": [
                {
                    "portID": "input-0",
                    "displayName": "",
                    "allowMultiInputs": true,
                    "isDynamicPort": true
                },
                {
                    "portID": "input-1",
                    "displayName": "",
                    "allowMultiInputs": true,
                    "isDynamicPort": true
                }
            ],
            "outputPorts": [
                {
                    "portID": "output-0",
                    "displayName": "",
                    "isDynamicPort": true,
                    "isBlocking": true
                },
                {
                    "portID": "output-1",
                    "displayName": "",
                    "isDynamicPort": true,
                    "isBlocking": true
                }
            ],
            "showAdvanced": false,
            "isDisabled": false,
            "customDisplayName": "Sorter",
            "dynamicInputPorts": true,
            "dynamicOutputPorts": true
        },
        {
            "operatorID": "Dummy-operator-ff166fbe-eaef-42f8-a8f8-8c6db5207ec5",
            "operatorType": "Dummy",
            "operatorVersion": "",
            "operatorProperties": {
                "dummyPropertyList": [
                    {
                        "dummyProperty": "Source XML",
                        "dummyValue": "Omitted for license reasons"
                    }
                ]
            },
            "inputPorts": [
                {
                    "portID": "input-0",
                    "displayName": "",
                    "allowMultiInputs": true,
                    "isDynamicPort": true
                },
                {
                    "portID": "input-1",
                    "displayName": "",
                    "allowMultiInputs": true,
                    "isDynamicPort": true
                }
            ],
            "outputPorts": [
                {
                    "portID": "output-0",
                    "displayName": "",
                    "isDynamicPort": true,
                    "isBlocking": false
                },
                {
                    "portID": "output-1",
                    "displayName": "",
                    "isDynamicPort": true,
                    "isBlocking": false
                }
            ],
            "showAdvanced": false,
            "isDisabled": false,
            "customDisplayName": "Row Filter",
            "dynamicInputPorts": true,
            "dynamicOutputPorts": true
        },
        {
            "operatorID": "Dummy-operator-ca43c0d7-62f1-4592-8035-571acc092619",
            "operatorType": "Dummy",
            "operatorVersion": "",
            "operatorProperties": {
                "dummyPropertyList": [
                    {
                        "dummyProperty": "Source XML",
                        "dummyValue": "Omitted for license reasons"
                    }
                ]
            },
            "inputPorts": [
                {
                    "portID": "input-0",
                    "displayName": "",
                    "allowMultiInputs": true,
                    "isDynamicPort": true
                },
                {
                    "portID": "input-1",
                    "displayName": "",
                    "allowMultiInputs": true,
                    "isDynamicPort": true
                }
            ],
            "outputPorts": [
                {
                    "portID": "output-0",
                    "displayName": "",
                    "isDynamicPort": true,
                    "isBlocking": false
                },
                {
                    "portID": "output-1",
                    "displayName": "",
                    "isDynamicPort": true,
                    "isBlocking": false
                }
            ],
            "showAdvanced": false,
            "isDisabled": false,
            "customDisplayName": "Strings To Document",
            "dynamicInputPorts": true,
            "dynamicOutputPorts": true
        },
        {
            "operatorID": "Dummy-operator-7224c2f3-b1c0-4601-a4ad-b1ecfffef5a3",
            "operatorType": "Dummy",
            "operatorVersion": "",
            "operatorProperties": {
                "dummyPropertyList": [
                    {
                        "dummyProperty": "Source XML",
                        "dummyValue": "Omitted for license reasons"
                    }
                ]
            },
            "inputPorts": [
                {
                    "portID": "input-0",
                    "displayName": "",
                    "allowMultiInputs": true,
                    "isDynamicPort": true
                },
                {
                    "portID": "input-1",
                    "displayName": "",
                    "allowMultiInputs": true,
                    "isDynamicPort": true
                }
            ],
            "outputPorts": [
                {
                    "portID": "output-0",
                    "displayName": "",
                    "isDynamicPort": true,
                    "isBlocking": false
                },
                {
                    "portID": "output-1",
                    "displayName": "",
                    "isDynamicPort": true,
                    "isBlocking": false
                }
            ],
            "showAdvanced": false,
            "isDisabled": false,
            "customDisplayName": "Punctuation Erasure",
            "dynamicInputPorts": true,
            "dynamicOutputPorts": true
        },
        {
            "operatorID": "Dummy-operator-957303d3-f99b-4748-bd2e-8de257042b38",
            "operatorType": "Dummy",
            "operatorVersion": "",
            "operatorProperties": {
                "dummyPropertyList": [
                    {
                        "dummyProperty": "Source XML",
                        "dummyValue": "Omitted for license reasons"
                    }
                ]
            },
            "inputPorts": [
                {
                    "portID": "input-0",
                    "displayName": "",
                    "allowMultiInputs": true,
                    "isDynamicPort": true
                },
                {
                    "portID": "input-1",
                    "displayName": "",
                    "allowMultiInputs": true,
                    "isDynamicPort": true
                }
            ],
            "outputPorts": [
                {
                    "portID": "output-0",
                    "displayName": "",
                    "isDynamicPort": true,
                    "isBlocking": false
                },
                {
                    "portID": "output-1",
                    "displayName": "",
                    "isDynamicPort": true,
                    "isBlocking": false
                }
            ],
            "showAdvanced": false,
            "isDisabled": false,
            "customDisplayName": "Number Filter",
            "dynamicInputPorts": true,
            "dynamicOutputPorts": true
        },
        {
            "operatorID": "Dummy-operator-b4359a20-30cc-4a7e-b336-b4d43fb05eb7",
            "operatorType": "Dummy",
            "operatorVersion": "",
            "operatorProperties": {
                "dummyPropertyList": [
                    {
                        "dummyProperty": "Source XML",
                        "dummyValue": "Omitted for license reasons"
                    }
                ]
            },
            "inputPorts": [
                {
                    "portID": "input-0",
                    "displayName": "",
                    "allowMultiInputs": true,
                    "isDynamicPort": true
                },
                {
                    "portID": "input-1",
                    "displayName": "",
                    "allowMultiInputs": true,
                    "isDynamicPort": true
                }
            ],
            "outputPorts": [
                {
                    "portID": "output-0",
                    "displayName": "",
                    "isDynamicPort": true,
                    "isBlocking": false
                },
                {
                    "portID": "output-1",
                    "displayName": "",
                    "isDynamicPort": true,
                    "isBlocking": false
                }
            ],
            "showAdvanced": false,
            "isDisabled": false,
            "customDisplayName": "Stanford Lemmatizer",
            "dynamicInputPorts": true,
            "dynamicOutputPorts": true
        },
        {
            "operatorID": "Dummy-operator-7a4b058d-29f9-483c-af1d-b98fe0f76b64",
            "operatorType": "Dummy",
            "operatorVersion": "",
            "operatorProperties": {
                "dummyPropertyList": [
                    {
                        "dummyProperty": "Source XML",
                        "dummyValue": "Omitted for license reasons"
                    }
                ]
            },
            "inputPorts": [
                {
                    "portID": "input-0",
                    "displayName": "",
                    "allowMultiInputs": true,
                    "isDynamicPort": true
                },
                {
                    "portID": "input-1",
                    "displayName": "",
                    "allowMultiInputs": true,
                    "isDynamicPort": true
                }
            ],
            "outputPorts": [
                {
                    "portID": "output-0",
                    "displayName": "",
                    "isDynamicPort": true,
                    "isBlocking": false
                },
                {
                    "portID": "output-1",
                    "displayName": "",
                    "isDynamicPort": true,
                    "isBlocking": false
                }
            ],
            "showAdvanced": false,
            "isDisabled": false,
            "customDisplayName": "Column Filter",
            "dynamicInputPorts": true,
            "dynamicOutputPorts": true
        },
        {
            "operatorID": "Dummy-operator-eaf44c41-3d09-4d06-8bee-5296eba905b0",
            "operatorType": "Dummy",
            "operatorVersion": "",
            "operatorProperties": {
                "dummyPropertyList": [
                    {
                        "dummyProperty": "Source XML",
                        "dummyValue": "Omitted for license reasons"
                    }
                ]
            },
            "inputPorts": [
                {
                    "portID": "input-0",
                    "displayName": "",
                    "allowMultiInputs": true,
                    "isDynamicPort": true
                },
                {
                    "portID": "input-1",
                    "displayName": "",
                    "allowMultiInputs": true,
                    "isDynamicPort": true
                }
            ],
            "outputPorts": [
                {
                    "portID": "output-0",
                    "displayName": "",
                    "isDynamicPort": true,
                    "isBlocking": false
                },
                {
                    "portID": "output-1",
                    "displayName": "",
                    "isDynamicPort": true,
                    "isBlocking": false
                }
            ],
            "showAdvanced": false,
            "isDisabled": false,
            "customDisplayName": "Stop Word Filter",
            "dynamicInputPorts": true,
            "dynamicOutputPorts": true
        }
    ],
    "operatorPositions": {
        "Dummy-operator-87e9858c-876a-415f-8cc1-290bf9346856": {
            "x": 845.0,
            "y": 157.0
        },
        "Dummy-operator-45aab506-923e-4bbe-8b05-c530a6e40a99": {
            "x": 945.0,
            "y": 157.0
        },
        "Dummy-operator-113320fa-9ca1-4225-a57d-fca688e63b3e": {
            "x": 645.0,
            "y": 157.0
        },
        "Dummy-operator-c87ae092-7392-4864-9602-1627b7032390": {
            "x": 1147.0,
            "y": 157.0
        },
        "Dummy-operator-c9d9c322-4605-47f7-9a05-bbca4c463872": {
            "x": 365.0,
            "y": 157.0
        },
        "Dummy-operator-80c1a067-2547-4960-90bf-9c576e46b46a": {
            "x": 1145.0,
            "y": 357.0
        },
        "Dummy-operator-e6a18a3d-b679-4858-ba26-57e08cc2bd1f": {
            "x": 745.0,
            "y": 157.0
        },
        "Dummy-operator-92aecd2d-f21d-4cef-92d1-eafe72803d7f": {
            "x": 865.0,
            "y": 357.0
        },
        "Dummy-operator-c58871b0-62c9-4b93-a564-94b316c404e5": {
            "x": 325.0,
            "y": 357.0
        },
        "Dummy-operator-0956beff-7bba-4daa-af91-381de61905c9": {
            "x": 465.0,
            "y": 357.0
        },
        "Dummy-operator-e13bf98e-1c28-44f2-bba4-430ea71146f5": {
            "x": 565.0,
            "y": 357.0
        },
        "Dummy-operator-2777b56d-96cc-49ff-b535-8cffae4ab60d": {
            "x": 765.0,
            "y": 357.0
        },
        "Dummy-operator-32fb3c4d-4d79-4321-a8f1-99cff406a319": {
            "x": 665.0,
            "y": 357.0
        },
        "Dummy-operator-5fe1f1a7-da4d-48ec-865a-7dc8fe413c00": {
            "x": 985.0,
            "y": 357.0
        },
        "Dummy-operator-a5ed041e-a81c-43d0-a3ef-bc731b380e53": {
            "x": 65.0,
            "y": 257.0
        },
        "Dummy-operator-818acd88-2bb3-4f72-9f1c-02b63f0a477e": {
            "x": 150.0,
            "y": 120.0
        },
        "Dummy-operator-75356b1a-535b-4562-a4d4-6a0320bd9a33": {
            "x": 250.0,
            "y": 120.0
        },
        "Dummy-operator-ff166fbe-eaef-42f8-a8f8-8c6db5207ec5": {
            "x": 350.0,
            "y": 120.0
        },
        "Dummy-operator-ca43c0d7-62f1-4592-8035-571acc092619": {
            "x": 245.0,
            "y": 157.0
        },
        "Dummy-operator-7224c2f3-b1c0-4601-a4ad-b1ecfffef5a3": {
            "x": 150.0,
            "y": 120.0
        },
        "Dummy-operator-957303d3-f99b-4748-bd2e-8de257042b38": {
            "x": 250.0,
            "y": 120.0
        },
        "Dummy-operator-b4359a20-30cc-4a7e-b336-b4d43fb05eb7": {
            "x": 470.0,
            "y": 120.0
        },
        "Dummy-operator-7a4b058d-29f9-483c-af1d-b98fe0f76b64": {
            "x": 590.0,
            "y": 120.0
        },
        "Dummy-operator-eaf44c41-3d09-4d06-8bee-5296eba905b0": {
            "x": 350.0,
            "y": 120.0
        }
    },
    "links": [
        {
            "linkID": "link-e7ec9294-5202-4fd0-911b-4e0a3575869e",
            "source": {
                "operatorID": "Dummy-operator-818acd88-2bb3-4f72-9f1c-02b63f0a477e",
                "portID": "output-1"
            },
            "target": {
                "operatorID": "Dummy-operator-75356b1a-535b-4562-a4d4-6a0320bd9a33",
                "portID": "input-1"
            }
        },
        {
            "linkID": "link-c46d763c-0232-46e0-b068-20ee7e5756f9",
            "source": {
                "operatorID": "Dummy-operator-75356b1a-535b-4562-a4d4-6a0320bd9a33",
                "portID": "output-1"
            },
            "target": {
                "operatorID": "Dummy-operator-ff166fbe-eaef-42f8-a8f8-8c6db5207ec5",
                "portID": "input-1"
            }
        },
        {
            "linkID": "link-0467fce9-faf4-407d-af40-87650a52cb3a",
            "source": {
                "operatorID": "Dummy-operator-7224c2f3-b1c0-4601-a4ad-b1ecfffef5a3",
                "portID": "output-1"
            },
            "target": {
                "operatorID": "Dummy-operator-957303d3-f99b-4748-bd2e-8de257042b38",
                "portID": "input-1"
            }
        },
        {
            "linkID": "link-deb152d6-3fb7-49be-9bf3-9d2d2fd96db1",
            "source": {
                "operatorID": "Dummy-operator-957303d3-f99b-4748-bd2e-8de257042b38",
                "portID": "output-1"
            },
            "target": {
                "operatorID": "Dummy-operator-eaf44c41-3d09-4d06-8bee-5296eba905b0",
                "portID": "input-1"
            }
        },
        {
            "linkID": "link-6fe4f1c6-ebbd-407c-9e02-e7bfa3c7f56a",
            "source": {
                "operatorID": "Dummy-operator-b4359a20-30cc-4a7e-b336-b4d43fb05eb7",
                "portID": "output-1"
            },
            "target": {
                "operatorID": "Dummy-operator-7a4b058d-29f9-483c-af1d-b98fe0f76b64",
                "portID": "input-1"
            }
        },
        {
            "linkID": "link-28a72787-263d-44bb-86e3-41b6f08b77e1",
            "source": {
                "operatorID": "Dummy-operator-eaf44c41-3d09-4d06-8bee-5296eba905b0",
                "portID": "output-1"
            },
            "target": {
                "operatorID": "Dummy-operator-b4359a20-30cc-4a7e-b336-b4d43fb05eb7",
                "portID": "input-1"
            }
        },
        {
            "linkID": "link-348d2207-59ed-4a84-b7b8-206b62b2d65d",
            "source": {
                "operatorID": "Dummy-operator-87e9858c-876a-415f-8cc1-290bf9346856",
                "portID": "output-1"
            },
            "target": {
                "operatorID": "Dummy-operator-45aab506-923e-4bbe-8b05-c530a6e40a99",
                "portID": "input-1"
            }
        },
        {
            "linkID": "link-6cdea553-2351-47eb-b469-7a017bcd623c",
            "source": {
                "operatorID": "Dummy-operator-45aab506-923e-4bbe-8b05-c530a6e40a99",
                "portID": "output-1"
            },
            "target": {
                "operatorID": "Dummy-operator-c87ae092-7392-4864-9602-1627b7032390",
                "portID": "input-1"
            }
        },
        {
            "linkID": "link-f1555cec-83b1-47f5-8a8d-462e17b2d298",
            "source": {
                "operatorID": "Dummy-operator-113320fa-9ca1-4225-a57d-fca688e63b3e",
                "portID": "output-1"
            },
            "target": {
                "operatorID": "Dummy-operator-e6a18a3d-b679-4858-ba26-57e08cc2bd1f",
                "portID": "input-1"
            }
        },
        {
            "linkID": "link-fa10d85f-0ec9-473b-b6c2-e26fa300fe25",
            "source": {
                "operatorID": "Dummy-operator-c9d9c322-4605-47f7-9a05-bbca4c463872",
                "portID": "output-1"
            },
            "target": {
                "operatorID": "Dummy-operator-7224c2f3-b1c0-4601-a4ad-b1ecfffef5a3",
                "portID": "input-1"
            }
        },
        {
            "linkID": "link-fd22c7ad-91e2-467a-bde4-ba784db1af3e",
            "source": {
                "operatorID": "Dummy-operator-e6a18a3d-b679-4858-ba26-57e08cc2bd1f",
                "portID": "output-1"
            },
            "target": {
                "operatorID": "Dummy-operator-87e9858c-876a-415f-8cc1-290bf9346856",
                "portID": "input-1"
            }
        },
        {
            "linkID": "link-e1fd090b-fc75-4854-92cc-4fdffd802cd0",
            "source": {
                "operatorID": "Dummy-operator-92aecd2d-f21d-4cef-92d1-eafe72803d7f",
                "portID": "output-1"
            },
            "target": {
                "operatorID": "Dummy-operator-5fe1f1a7-da4d-48ec-865a-7dc8fe413c00",
                "portID": "input-1"
            }
        },
        {
            "linkID": "link-da9c53f1-7534-4422-90e0-c328ec1b2565",
            "source": {
                "operatorID": "Dummy-operator-c58871b0-62c9-4b93-a564-94b316c404e5",
                "portID": "output-1"
            },
            "target": {
                "operatorID": "Dummy-operator-0956beff-7bba-4daa-af91-381de61905c9",
                "portID": "input-1"
            }
        },
        {
            "linkID": "link-7da92a64-3efc-4084-9ab8-943067f6d8d0",
            "source": {
                "operatorID": "Dummy-operator-0956beff-7bba-4daa-af91-381de61905c9",
                "portID": "output-1"
            },
            "target": {
                "operatorID": "Dummy-operator-e13bf98e-1c28-44f2-bba4-430ea71146f5",
                "portID": "input-1"
            }
        },
        {
            "linkID": "link-de134f29-cc40-4f02-9e6b-2f92fbcb2d44",
            "source": {
                "operatorID": "Dummy-operator-e13bf98e-1c28-44f2-bba4-430ea71146f5",
                "portID": "output-1"
            },
            "target": {
                "operatorID": "Dummy-operator-32fb3c4d-4d79-4321-a8f1-99cff406a319",
                "portID": "input-1"
            }
        },
        {
            "linkID": "link-ee7d2bbb-d906-4c6b-a5c3-85eaa682d0bd",
            "source": {
                "operatorID": "Dummy-operator-2777b56d-96cc-49ff-b535-8cffae4ab60d",
                "portID": "output-1"
            },
            "target": {
                "operatorID": "Dummy-operator-92aecd2d-f21d-4cef-92d1-eafe72803d7f",
                "portID": "input-1"
            }
        },
        {
            "linkID": "link-0cf9d336-ee18-40c6-a33e-9cbd6d0798c3",
            "source": {
                "operatorID": "Dummy-operator-32fb3c4d-4d79-4321-a8f1-99cff406a319",
                "portID": "output-1"
            },
            "target": {
                "operatorID": "Dummy-operator-2777b56d-96cc-49ff-b535-8cffae4ab60d",
                "portID": "input-1"
            }
        },
        {
            "linkID": "link-19968762-1d05-45f0-80b3-2b6391ac6086",
            "source": {
                "operatorID": "Dummy-operator-5fe1f1a7-da4d-48ec-865a-7dc8fe413c00",
                "portID": "output-1"
            },
            "target": {
                "operatorID": "Dummy-operator-80c1a067-2547-4960-90bf-9c576e46b46a",
                "portID": "input-1"
            }
        },
        {
            "linkID": "link-243946ec-783c-457b-b8bd-51f1989c0c90",
            "source": {
                "operatorID": "Dummy-operator-a5ed041e-a81c-43d0-a3ef-bc731b380e53",
                "portID": "output-1"
            },
            "target": {
                "operatorID": "Dummy-operator-818acd88-2bb3-4f72-9f1c-02b63f0a477e",
                "portID": "input-1"
            }
        },
        {
            "linkID": "link-609e67eb-0f49-46fb-bced-7b62a98c9b9b",
            "source": {
                "operatorID": "Dummy-operator-a5ed041e-a81c-43d0-a3ef-bc731b380e53",
                "portID": "output-1"
            },
            "target": {
                "operatorID": "Dummy-operator-ca43c0d7-62f1-4592-8035-571acc092619",
                "portID": "input-1"
            }
        },
        {
            "linkID": "link-ec94b863-823c-4111-8388-bad96188dee3",
            "source": {
                "operatorID": "Dummy-operator-a5ed041e-a81c-43d0-a3ef-bc731b380e53",
                "portID": "output-1"
            },
            "target": {
                "operatorID": "Dummy-operator-c58871b0-62c9-4b93-a564-94b316c404e5",
                "portID": "input-1"
            }
        },
        {
            "linkID": "link-f59a2f72-33e3-400a-bf57-fa99e3ea3bbb",
            "source": {
                "operatorID": "Dummy-operator-ff166fbe-eaef-42f8-a8f8-8c6db5207ec5",
                "portID": "output-1"
            },
            "target": {
                "operatorID": "Dummy-operator-c58871b0-62c9-4b93-a564-94b316c404e5",
                "portID": "input-2"
            }
        },
        {
            "linkID": "link-d09fa7cd-fa50-46bf-a6d9-d2d478d86a97",
            "source": {
                "operatorID": "Dummy-operator-ca43c0d7-62f1-4592-8035-571acc092619",
                "portID": "output-1"
            },
            "target": {
                "operatorID": "Dummy-operator-c9d9c322-4605-47f7-9a05-bbca4c463872",
                "portID": "input-1"
            }
        },
        {
            "linkID": "link-f52c7ee2-c139-49c8-b607-45bf15811b47",
            "source": {
                "operatorID": "Dummy-operator-7a4b058d-29f9-483c-af1d-b98fe0f76b64",
                "portID": "output-1"
            },
            "target": {
                "operatorID": "Dummy-operator-113320fa-9ca1-4225-a57d-fca688e63b3e",
                "portID": "input-1"
            }
        }
    ],
    "groups": [],
    "breakpoints": {},
    "commentBoxes": [
        {
            "commentBoxID": "commentBox-bc414cfa-addc-4710-959f-f30f45d46f85",
            "comments": [
                {
                    "content": "https://hub.knime.com/knime/extensions/org.knime.features.base/latest/org.knime.base.node.io.filehandling.csv.reader.CSVTableReaderNodeFactory",
                    "creatorName": "Bot",
                    "createorID": 1,
                    "creationTime": "2024-03-08T10:36:49.883Z"
                }
            ],
            "commentBoxPosition": {
                "x": 905.0,
                "y": 187.0
            }
        },
        {
            "commentBoxID": "commentBox-2b0ccdc7-99db-47ba-8a93-770619e3cd8f",
            "comments": [
                {
                    "content": "https://hub.knime.com/knime/extensions/org.knime.features.base/latest/org.knime.base.node.io.filehandling.csv.reader.CSVTableReaderNodeFactory",
                    "creatorName": "Bot",
                    "createorID": 1,
                    "creationTime": "2024-03-08T10:36:49.883Z"
                }
            ],
            "commentBoxPosition": {
                "x": 1005.0,
                "y": 187.0
            }
        },
        {
            "commentBoxID": "commentBox-162fed3c-393c-4f76-99a3-85ee010e502a",
            "comments": [
                {
                    "content": "https://hub.knime.com/knime/extensions/org.knime.features.base/latest/org.knime.base.node.io.filehandling.csv.reader.CSVTableReaderNodeFactory",
                    "creatorName": "Bot",
                    "createorID": 1,
                    "creationTime": "2024-03-08T10:36:49.883Z"
                }
            ],
            "commentBoxPosition": {
                "x": 705.0,
                "y": 187.0
            }
        },
        {
            "commentBoxID": "commentBox-dd0f9bcb-5b52-4134-9afc-5c244f2c1e34",
            "comments": [
                {
                    "content": "https://hub.knime.com/knime/extensions/org.knime.features.base/latest/org.knime.base.node.io.filehandling.csv.reader.CSVTableReaderNodeFactory",
                    "creatorName": "Bot",
                    "createorID": 1,
                    "creationTime": "2024-03-08T10:36:49.883Z"
                }
            ],
            "commentBoxPosition": {
                "x": 1207.0,
                "y": 187.0
            }
        },
        {
            "commentBoxID": "commentBox-d74391bf-ea0f-48ca-8f8b-c69848ce3991",
            "comments": [
                {
                    "content": "https://hub.knime.com/knime/extensions/org.knime.features.base/latest/org.knime.base.node.io.filehandling.csv.reader.CSVTableReaderNodeFactory",
                    "creatorName": "Bot",
                    "createorID": 1,
                    "creationTime": "2024-03-08T10:36:49.883Z"
                }
            ],
            "commentBoxPosition": {
                "x": 425.0,
                "y": 187.0
            }
        },
        {
            "commentBoxID": "commentBox-98de1369-9620-4cb9-a110-906245b74536",
            "comments": [
                {
                    "content": "https://hub.knime.com/knime/extensions/org.knime.features.base/latest/org.knime.base.node.io.filehandling.csv.reader.CSVTableReaderNodeFactory",
                    "creatorName": "Bot",
                    "createorID": 1,
                    "creationTime": "2024-03-08T10:36:49.883Z"
                }
            ],
            "commentBoxPosition": {
                "x": 1205.0,
                "y": 387.0
            }
        },
        {
            "commentBoxID": "commentBox-19fedfb2-d1fa-4dac-9a53-76636b4b1934",
            "comments": [
                {
                    "content": "https://hub.knime.com/knime/extensions/org.knime.features.base/latest/org.knime.base.node.io.filehandling.csv.reader.CSVTableReaderNodeFactory",
                    "creatorName": "Bot",
                    "createorID": 1,
                    "creationTime": "2024-03-08T10:36:49.883Z"
                }
            ],
            "commentBoxPosition": {
                "x": 805.0,
                "y": 187.0
            }
        },
        {
            "commentBoxID": "commentBox-cabc0c8e-d4d6-474f-bf65-87113d217750",
            "comments": [
                {
                    "content": "https://hub.knime.com/knime/extensions/org.knime.features.base/latest/org.knime.base.node.io.filehandling.csv.reader.CSVTableReaderNodeFactory",
                    "creatorName": "Bot",
                    "createorID": 1,
                    "creationTime": "2024-03-08T10:36:49.883Z"
                }
            ],
            "commentBoxPosition": {
                "x": 925.0,
                "y": 387.0
            }
        },
        {
            "commentBoxID": "commentBox-e172258d-7521-4e01-a27c-faa1d0cd52bb",
            "comments": [
                {
                    "content": "https://hub.knime.com/knime/extensions/org.knime.features.base/latest/org.knime.base.node.io.filehandling.csv.reader.CSVTableReaderNodeFactory",
                    "creatorName": "Bot",
                    "createorID": 1,
                    "creationTime": "2024-03-08T10:36:49.883Z"
                }
            ],
            "commentBoxPosition": {
                "x": 385.0,
                "y": 387.0
            }
        },
        {
            "commentBoxID": "commentBox-73174a2a-e3cf-4470-bb62-a550f98970d1",
            "comments": [
                {
                    "content": "https://hub.knime.com/knime/extensions/org.knime.features.base/latest/org.knime.base.node.io.filehandling.csv.reader.CSVTableReaderNodeFactory",
                    "creatorName": "Bot",
                    "createorID": 1,
                    "creationTime": "2024-03-08T10:36:49.883Z"
                }
            ],
            "commentBoxPosition": {
                "x": 525.0,
                "y": 387.0
            }
        },
        {
            "commentBoxID": "commentBox-3fe33dfe-bb64-4a60-80dd-85dda3ac4d94",
            "comments": [
                {
                    "content": "https://hub.knime.com/knime/extensions/org.knime.features.base/latest/org.knime.base.node.io.filehandling.csv.reader.CSVTableReaderNodeFactory",
                    "creatorName": "Bot",
                    "createorID": 1,
                    "creationTime": "2024-03-08T10:36:49.883Z"
                }
            ],
            "commentBoxPosition": {
                "x": 625.0,
                "y": 387.0
            }
        },
        {
            "commentBoxID": "commentBox-1e694ce4-8bbf-45ba-af5a-c213d11b4566",
            "comments": [
                {
                    "content": "https://hub.knime.com/knime/extensions/org.knime.features.base/latest/org.knime.base.node.io.filehandling.csv.reader.CSVTableReaderNodeFactory",
                    "creatorName": "Bot",
                    "createorID": 1,
                    "creationTime": "2024-03-08T10:36:49.883Z"
                }
            ],
            "commentBoxPosition": {
                "x": 825.0,
                "y": 387.0
            }
        },
        {
            "commentBoxID": "commentBox-1803b8ec-36fc-45c8-8165-c19155347a5a",
            "comments": [
                {
                    "content": "https://hub.knime.com/knime/extensions/org.knime.features.base/latest/org.knime.base.node.io.filehandling.csv.reader.CSVTableReaderNodeFactory",
                    "creatorName": "Bot",
                    "createorID": 1,
                    "creationTime": "2024-03-08T10:36:49.883Z"
                }
            ],
            "commentBoxPosition": {
                "x": 725.0,
                "y": 387.0
            }
        },
        {
            "commentBoxID": "commentBox-1a760b81-a1fa-4e4b-bf26-8c6c19629936",
            "comments": [
                {
                    "content": "https://hub.knime.com/knime/extensions/org.knime.features.base/latest/org.knime.base.node.io.filehandling.csv.reader.CSVTableReaderNodeFactory",
                    "creatorName": "Bot",
                    "createorID": 1,
                    "creationTime": "2024-03-08T10:36:49.883Z"
                }
            ],
            "commentBoxPosition": {
                "x": 1045.0,
                "y": 387.0
            }
        },
        {
            "commentBoxID": "commentBox-0c1b1b5d-2fa4-41e5-a875-7d9096cfca16",
            "comments": [
                {
                    "content": "https://hub.knime.com/knime/extensions/org.knime.features.base/latest/org.knime.base.node.io.filehandling.csv.reader.CSVTableReaderNodeFactory",
                    "creatorName": "Bot",
                    "createorID": 1,
                    "creationTime": "2024-03-08T10:36:49.883Z"
                }
            ],
            "commentBoxPosition": {
                "x": 125.0,
                "y": 287.0
            }
        },
        {
            "commentBoxID": "commentBox-66e8ad78-4301-45be-95fa-55694ce7dafc",
            "comments": [
                {
                    "content": "https://hub.knime.com/knime/extensions/org.knime.features.base/latest/org.knime.base.node.io.filehandling.csv.reader.CSVTableReaderNodeFactory",
                    "creatorName": "Bot",
                    "createorID": 1,
                    "creationTime": "2024-03-08T10:36:49.883Z"
                }
            ],
            "commentBoxPosition": {
                "x": 210.0,
                "y": 150.0
            }
        },
        {
            "commentBoxID": "commentBox-e16734d5-a2f0-424f-b156-e0f71c0aa9bf",
            "comments": [
                {
                    "content": "https://hub.knime.com/knime/extensions/org.knime.features.base/latest/org.knime.base.node.io.filehandling.csv.reader.CSVTableReaderNodeFactory",
                    "creatorName": "Bot",
                    "createorID": 1,
                    "creationTime": "2024-03-08T10:36:49.883Z"
                }
            ],
            "commentBoxPosition": {
                "x": 310.0,
                "y": 150.0
            }
        },
        {
            "commentBoxID": "commentBox-a6396729-143c-445d-8097-50bcae67f0ae",
            "comments": [
                {
                    "content": "https://hub.knime.com/knime/extensions/org.knime.features.base/latest/org.knime.base.node.io.filehandling.csv.reader.CSVTableReaderNodeFactory",
                    "creatorName": "Bot",
                    "createorID": 1,
                    "creationTime": "2024-03-08T10:36:49.883Z"
                }
            ],
            "commentBoxPosition": {
                "x": 410.0,
                "y": 150.0
            }
        },
        {
            "commentBoxID": "commentBox-0e3819d4-3169-46c4-bcf0-2f345f9b9ca7",
            "comments": [
                {
                    "content": "https://hub.knime.com/knime/extensions/org.knime.features.base/latest/org.knime.base.node.io.filehandling.csv.reader.CSVTableReaderNodeFactory",
                    "creatorName": "Bot",
                    "createorID": 1,
                    "creationTime": "2024-03-08T10:36:49.883Z"
                }
            ],
            "commentBoxPosition": {
                "x": 305.0,
                "y": 187.0
            }
        },
        {
            "commentBoxID": "commentBox-739b20de-16a0-4d9f-bc07-a8ec3ccd1dfc",
            "comments": [
                {
                    "content": "https://hub.knime.com/knime/extensions/org.knime.features.base/latest/org.knime.base.node.io.filehandling.csv.reader.CSVTableReaderNodeFactory",
                    "creatorName": "Bot",
                    "createorID": 1,
                    "creationTime": "2024-03-08T10:36:49.883Z"
                }
            ],
            "commentBoxPosition": {
                "x": 210.0,
                "y": 150.0
            }
        },
        {
            "commentBoxID": "commentBox-e800cecf-df97-4ad8-b757-4db7553b18a0",
            "comments": [
                {
                    "content": "https://hub.knime.com/knime/extensions/org.knime.features.base/latest/org.knime.base.node.io.filehandling.csv.reader.CSVTableReaderNodeFactory",
                    "creatorName": "Bot",
                    "createorID": 1,
                    "creationTime": "2024-03-08T10:36:49.883Z"
                }
            ],
            "commentBoxPosition": {
                "x": 310.0,
                "y": 150.0
            }
        },
        {
            "commentBoxID": "commentBox-416dee7f-7db9-460b-8e54-7551b0a2dffc",
            "comments": [
                {
                    "content": "https://hub.knime.com/knime/extensions/org.knime.features.base/latest/org.knime.base.node.io.filehandling.csv.reader.CSVTableReaderNodeFactory",
                    "creatorName": "Bot",
                    "createorID": 1,
                    "creationTime": "2024-03-08T10:36:49.883Z"
                }
            ],
            "commentBoxPosition": {
                "x": 530.0,
                "y": 150.0
            }
        },
        {
            "commentBoxID": "commentBox-64472548-e064-411d-8166-082885547709",
            "comments": [
                {
                    "content": "https://hub.knime.com/knime/extensions/org.knime.features.base/latest/org.knime.base.node.io.filehandling.csv.reader.CSVTableReaderNodeFactory",
                    "creatorName": "Bot",
                    "createorID": 1,
                    "creationTime": "2024-03-08T10:36:49.883Z"
                }
            ],
            "commentBoxPosition": {
                "x": 650.0,
                "y": 150.0
            }
        },
        {
            "commentBoxID": "commentBox-20e74b93-e487-4d8c-b185-e953eda68480",
            "comments": [
                {
                    "content": "https://hub.knime.com/knime/extensions/org.knime.features.base/latest/org.knime.base.node.io.filehandling.csv.reader.CSVTableReaderNodeFactory",
                    "creatorName": "Bot",
                    "createorID": 1,
                    "creationTime": "2024-03-08T10:36:49.883Z"
                }
            ],
            "commentBoxPosition": {
                "x": 410.0,
                "y": 150.0
            }
        }
    ]
}