{
    "operators": [
        {
            "operatorID": "Dummy-operator-404c7970-ed87-4186-beac-7b662e23aabb",
            "operatorType": "Dummy",
            "operatorVersion": "",
            "operatorProperties": {
                "dummyPropertyList": [
                    {
                        "dummyProperty": "Source XML",
                        "dummyValue": "Omitted for license reasons"
                    }
                ]
            },
            "inputPorts": [
                {
                    "portID": "input-0",
                    "displayName": "",
                    "allowMultiInputs": true,
                    "isDynamicPort": true
                }
            ],
            "outputPorts": [
                {
                    "portID": "output-0",
                    "displayName": "",
                    "isDynamicPort": true,
                    "isBlocking": false
                },
                {
                    "portID": "output-1",
                    "displayName": "",
                    "isDynamicPort": true,
                    "isBlocking": false,
                    "materializationSize": 15.408203125
                }
            ],
            "showAdvanced": false,
            "isDisabled": false,
            "customDisplayName": "Excel Reader",
            "dynamicInputPorts": true,
            "dynamicOutputPorts": true
        },
        {
            "operatorID": "Dummy-operator-107cc2fd-43ee-48b5-b9b5-01929d4a7596",
            "operatorType": "Dummy",
            "operatorVersion": "",
            "operatorProperties": {
                "dummyPropertyList": [
                    {
                        "dummyProperty": "Source XML",
                        "dummyValue": "Omitted for license reasons"
                    }
                ]
            },
            "inputPorts": [
                {
                    "portID": "input-0",
                    "displayName": "",
                    "allowMultiInputs": true,
                    "isDynamicPort": true
                },
                {
                    "portID": "input-1",
                    "displayName": "",
                    "allowMultiInputs": true,
                    "isDynamicPort": true
                }
            ],
            "outputPorts": [
                {
                    "portID": "output-0",
                    "displayName": "",
                    "isDynamicPort": true,
                    "isBlocking": false
                }
            ],
            "showAdvanced": false,
            "isDisabled": false,
            "customDisplayName": "Excel Writer",
            "dynamicInputPorts": true,
            "dynamicOutputPorts": true
        },
        {
            "operatorID": "Dummy-operator-af0b343a-9596-4538-9655-77bcb5ec998a",
            "operatorType": "Dummy",
            "operatorVersion": "",
            "operatorProperties": {
                "dummyPropertyList": [
                    {
                        "dummyProperty": "Source XML",
                        "dummyValue": "Omitted for license reasons"
                    }
                ]
            },
            "inputPorts": [
                {
                    "portID": "input-0",
                    "displayName": "",
                    "allowMultiInputs": true,
                    "isDynamicPort": true
                }
            ],
            "outputPorts": [
                {
                    "portID": "output-0",
                    "displayName": "",
                    "isDynamicPort": true,
                    "isBlocking": false
                },
                {
                    "portID": "output-1",
                    "displayName": "",
                    "isDynamicPort": true,
                    "isBlocking": false,
                    "materializationSize": 15.4091796875
                }
            ],
            "showAdvanced": false,
            "isDisabled": false,
            "customDisplayName": "Excel Reader",
            "dynamicInputPorts": true,
            "dynamicOutputPorts": true
        },
        {
            "operatorID": "Dummy-operator-29c89086-dc09-4903-8680-4d6cfadb3db6",
            "operatorType": "Dummy",
            "operatorVersion": "",
            "operatorProperties": {
                "dummyPropertyList": [
                    {
                        "dummyProperty": "Source XML",
                        "dummyValue": "Omitted for license reasons"
                    }
                ]
            },
            "inputPorts": [
                {
                    "portID": "input-0",
                    "displayName": "",
                    "allowMultiInputs": true,
                    "isDynamicPort": true
                },
                {
                    "portID": "input-1",
                    "displayName": "",
                    "allowMultiInputs": true,
                    "isDynamicPort": true
                }
            ],
            "outputPorts": [
                {
                    "portID": "output-0",
                    "displayName": "",
                    "isDynamicPort": true,
                    "isBlocking": false
                },
                {
                    "portID": "output-1",
                    "displayName": "",
                    "isDynamicPort": true,
                    "isBlocking": false,
                    "materializationSize": 18.509765625
                }
            ],
            "showAdvanced": false,
            "isDisabled": false,
            "customDisplayName": "Number To String",
            "dynamicInputPorts": true,
            "dynamicOutputPorts": true
        },
        {
            "operatorID": "Dummy-operator-04062538-1875-462d-8dcc-2012361e962c",
            "operatorType": "Dummy",
            "operatorVersion": "",
            "operatorProperties": {
                "dummyPropertyList": [
                    {
                        "dummyProperty": "Source XML",
                        "dummyValue": "Omitted for license reasons"
                    }
                ]
            },
            "inputPorts": [
                {
                    "portID": "input-0",
                    "displayName": "",
                    "allowMultiInputs": true,
                    "isDynamicPort": true
                },
                {
                    "portID": "input-1",
                    "displayName": "",
                    "allowMultiInputs": true,
                    "isDynamicPort": true
                }
            ],
            "outputPorts": [
                {
                    "portID": "output-0",
                    "displayName": "",
                    "isDynamicPort": true,
                    "isBlocking": false
                },
                {
                    "portID": "output-1",
                    "displayName": "",
                    "isDynamicPort": true,
                    "isBlocking": false,
                    "materializationSize": 17.8310546875
                }
            ],
            "showAdvanced": false,
            "isDisabled": false,
            "customDisplayName": "String to Date_Time",
            "dynamicInputPorts": true,
            "dynamicOutputPorts": true
        },
        {
            "operatorID": "Dummy-operator-5f080f5b-dba2-42bb-8c2f-9d51266c93c1",
            "operatorType": "Dummy",
            "operatorVersion": "",
            "operatorProperties": {
                "dummyPropertyList": [
                    {
                        "dummyProperty": "Source XML",
                        "dummyValue": "Omitted for license reasons"
                    }
                ]
            },
            "inputPorts": [
                {
                    "portID": "input-0",
                    "displayName": "",
                    "allowMultiInputs": true,
                    "isDynamicPort": true
                }
            ],
            "outputPorts": [
                {
                    "portID": "output-0",
                    "displayName": "",
                    "isDynamicPort": true,
                    "isBlocking": false
                },
                {
                    "portID": "output-1",
                    "displayName": "",
                    "isDynamicPort": true,
                    "isBlocking": false,
                    "materializationSize": 6.1455078125
                }
            ],
            "showAdvanced": false,
            "isDisabled": false,
            "customDisplayName": "Excel Reader",
            "dynamicInputPorts": true,
            "dynamicOutputPorts": true
        },
        {
            "operatorID": "Dummy-operator-9334543c-8852-47ba-a55b-e60cc6e8f77d",
            "operatorType": "Dummy",
            "operatorVersion": "",
            "operatorProperties": {
                "dummyPropertyList": [
                    {
                        "dummyProperty": "Source XML",
                        "dummyValue": "Omitted for license reasons"
                    }
                ]
            },
            "inputPorts": [
                {
                    "portID": "input-0",
                    "displayName": "",
                    "allowMultiInputs": true,
                    "isDynamicPort": true
                },
                {
                    "portID": "input-1",
                    "displayName": "",
                    "allowMultiInputs": true,
                    "isDynamicPort": true
                }
            ],
            "outputPorts": [
                {
                    "portID": "output-0",
                    "displayName": "",
                    "isDynamicPort": true,
                    "isBlocking": false
                },
                {
                    "portID": "output-1",
                    "displayName": "",
                    "isDynamicPort": true,
                    "isBlocking": false,
                    "materializationSize": 5.953125
                }
            ],
            "showAdvanced": false,
            "isDisabled": false,
            "customDisplayName": "Modify Time",
            "dynamicInputPorts": true,
            "dynamicOutputPorts": true
        },
        {
            "operatorID": "Dummy-operator-d4c0c274-ad7c-41d0-b2cc-5586dcf97ff7",
            "operatorType": "Dummy",
            "operatorVersion": "",
            "operatorProperties": {
                "dummyPropertyList": [
                    {
                        "dummyProperty": "Source XML",
                        "dummyValue": "Omitted for license reasons"
                    }
                ]
            },
            "inputPorts": [
                {
                    "portID": "input-0",
                    "displayName": "",
                    "allowMultiInputs": true,
                    "isDynamicPort": true
                }
            ],
            "outputPorts": [
                {
                    "portID": "output-0",
                    "displayName": "",
                    "isDynamicPort": true,
                    "isBlocking": false
                },
                {
                    "portID": "output-1",
                    "displayName": "",
                    "isDynamicPort": true,
                    "isBlocking": false,
                    "materializationSize": 15.41015625
                }
            ],
            "showAdvanced": false,
            "isDisabled": false,
            "customDisplayName": "Excel Reader",
            "dynamicInputPorts": true,
            "dynamicOutputPorts": true
        },
        {
            "operatorID": "Dummy-operator-90717b8b-f8b1-4138-89f5-16a0c739bedd",
            "operatorType": "Dummy",
            "operatorVersion": "",
            "operatorProperties": {
                "dummyPropertyList": [
                    {
                        "dummyProperty": "Source XML",
                        "dummyValue": "Omitted for license reasons"
                    }
                ]
            },
            "inputPorts": [
                {
                    "portID": "input-0",
                    "displayName": "",
                    "allowMultiInputs": true,
                    "isDynamicPort": true
                },
                {
                    "portID": "input-1",
                    "displayName": "",
                    "allowMultiInputs": true,
                    "isDynamicPort": true
                }
            ],
            "outputPorts": [
                {
                    "portID": "output-0",
                    "displayName": "",
                    "isDynamicPort": true,
                    "isBlocking": false
                },
                {
                    "portID": "output-1",
                    "displayName": "",
                    "isDynamicPort": true,
                    "isBlocking": false,
                    "materializationSize": 18.51171875
                }
            ],
            "showAdvanced": false,
            "isDisabled": false,
            "customDisplayName": "Number To String",
            "dynamicInputPorts": true,
            "dynamicOutputPorts": true
        },
        {
            "operatorID": "Dummy-operator-e44c2e82-6edd-4c05-b699-3a2236583e6b",
            "operatorType": "Dummy",
            "operatorVersion": "",
            "operatorProperties": {
                "dummyPropertyList": [
                    {
                        "dummyProperty": "Source XML",
                        "dummyValue": "Omitted for license reasons"
                    }
                ]
            },
            "inputPorts": [
                {
                    "portID": "input-0",
                    "displayName": "",
                    "allowMultiInputs": true,
                    "isDynamicPort": true
                },
                {
                    "portID": "input-1",
                    "displayName": "",
                    "allowMultiInputs": true,
                    "isDynamicPort": true
                }
            ],
            "outputPorts": [
                {
                    "portID": "output-0",
                    "displayName": "",
                    "isDynamicPort": true,
                    "isBlocking": false
                },
                {
                    "portID": "output-1",
                    "displayName": "",
                    "isDynamicPort": true,
                    "isBlocking": false,
                    "materializationSize": 17.83203125
                }
            ],
            "showAdvanced": false,
            "isDisabled": false,
            "customDisplayName": "String to Date_Time",
            "dynamicInputPorts": true,
            "dynamicOutputPorts": true
        },
        {
            "operatorID": "Dummy-operator-54ed0ff5-8d22-48ef-a84a-49db39aec99c",
            "operatorType": "Dummy",
            "operatorVersion": "",
            "operatorProperties": {
                "dummyPropertyList": [
                    {
                        "dummyProperty": "Source XML",
                        "dummyValue": "Omitted for license reasons"
                    }
                ]
            },
            "inputPorts": [
                {
                    "portID": "input-0",
                    "displayName": "",
                    "allowMultiInputs": true,
                    "isDynamicPort": true
                },
                {
                    "portID": "input-1",
                    "displayName": "",
                    "allowMultiInputs": true,
                    "isDynamicPort": true
                },
                {
                    "portID": "input-2",
                    "displayName": "",
                    "allowMultiInputs": true,
                    "isDynamicPort": true
                }
            ],
            "outputPorts": [
                {
                    "portID": "output-0",
                    "displayName": "",
                    "isDynamicPort": true,
                    "isBlocking": true
                },
                {
                    "portID": "output-1",
                    "displayName": "",
                    "isDynamicPort": true,
                    "isBlocking": true,
                    "materializationSize": 10.2900390625
                },
                {
                    "portID": "output-2",
                    "displayName": "",
                    "isDynamicPort": true,
                    "isBlocking": true,
                    "materializationSize": 0.28125
                },
                {
                    "portID": "output-3",
                    "displayName": "",
                    "isDynamicPort": true,
                    "isBlocking": true,
                    "materializationSize": 0.28125
                }
            ],
            "showAdvanced": false,
            "isDisabled": false,
            "customDisplayName": "Joiner",
            "dynamicInputPorts": true,
            "dynamicOutputPorts": true
        },
        {
            "operatorID": "Dummy-operator-d209c9fd-b6a5-4f1b-9c3a-fd515a0c39a7",
            "operatorType": "Dummy",
            "operatorVersion": "",
            "operatorProperties": {
                "dummyPropertyList": [
                    {
                        "dummyProperty": "Source XML",
                        "dummyValue": "Omitted for license reasons"
                    }
                ]
            },
            "inputPorts": [
                {
                    "portID": "input-0",
                    "displayName": "",
                    "allowMultiInputs": true,
                    "isDynamicPort": true
                },
                {
                    "portID": "input-1",
                    "displayName": "",
                    "allowMultiInputs": true,
                    "isDynamicPort": true
                }
            ],
            "outputPorts": [
                {
                    "portID": "output-0",
                    "displayName": "",
                    "isDynamicPort": true,
                    "isBlocking": false
                },
                {
                    "portID": "output-1",
                    "displayName": "",
                    "isDynamicPort": true,
                    "isBlocking": false,
                    "materializationSize": 5.953125
                }
            ],
            "showAdvanced": false,
            "isDisabled": false,
            "customDisplayName": "Modify Time",
            "dynamicInputPorts": true,
            "dynamicOutputPorts": true
        },
        {
            "operatorID": "Dummy-operator-068fb3a7-2973-4359-912b-d98d474d7187",
            "operatorType": "Dummy",
            "operatorVersion": "",
            "operatorProperties": {
                "dummyPropertyList": [
                    {
                        "dummyProperty": "Source XML",
                        "dummyValue": "Omitted for license reasons"
                    }
                ]
            },
            "inputPorts": [
                {
                    "portID": "input-0",
                    "displayName": "",
                    "allowMultiInputs": true,
                    "isDynamicPort": true
                }
            ],
            "outputPorts": [
                {
                    "portID": "output-0",
                    "displayName": "",
                    "isDynamicPort": true,
                    "isBlocking": false
                },
                {
                    "portID": "output-1",
                    "displayName": "",
                    "isDynamicPort": true,
                    "isBlocking": false,
                    "materializationSize": 15.4091796875
                }
            ],
            "showAdvanced": false,
            "isDisabled": false,
            "customDisplayName": "Excel Reader",
            "dynamicInputPorts": true,
            "dynamicOutputPorts": true
        },
        {
            "operatorID": "Dummy-operator-dd9411f6-b15c-4213-9205-320bf3d7aa80",
            "operatorType": "Dummy",
            "operatorVersion": "",
            "operatorProperties": {
                "dummyPropertyList": [
                    {
                        "dummyProperty": "Source XML",
                        "dummyValue": "Omitted for license reasons"
                    }
                ]
            },
            "inputPorts": [
                {
                    "portID": "input-0",
                    "displayName": "",
                    "allowMultiInputs": true,
                    "isDynamicPort": true
                },
                {
                    "portID": "input-1",
                    "displayName": "",
                    "allowMultiInputs": true,
                    "isDynamicPort": true
                }
            ],
            "outputPorts": [
                {
                    "portID": "output-0",
                    "displayName": "",
                    "isDynamicPort": true,
                    "isBlocking": false
                },
                {
                    "portID": "output-1",
                    "displayName": "",
                    "isDynamicPort": true,
                    "isBlocking": false,
                    "materializationSize": 18.5107421875
                }
            ],
            "showAdvanced": false,
            "isDisabled": false,
            "customDisplayName": "Number To String",
            "dynamicInputPorts": true,
            "dynamicOutputPorts": true
        },
        {
            "operatorID": "Dummy-operator-22f25677-097b-48c8-a544-2c05cd3e92b3",
            "operatorType": "Dummy",
            "operatorVersion": "",
            "operatorProperties": {
                "dummyPropertyList": [
                    {
                        "dummyProperty": "Source XML",
                        "dummyValue": "Omitted for license reasons"
                    }
                ]
            },
            "inputPorts": [
                {
                    "portID": "input-0",
                    "displayName": "",
                    "allowMultiInputs": true,
                    "isDynamicPort": true
                },
                {
                    "portID": "input-1",
                    "displayName": "",
                    "allowMultiInputs": true,
                    "isDynamicPort": true
                }
            ],
            "outputPorts": [
                {
                    "portID": "output-0",
                    "displayName": "",
                    "isDynamicPort": true,
                    "isBlocking": false
                },
                {
                    "portID": "output-1",
                    "displayName": "",
                    "isDynamicPort": true,
                    "isBlocking": false,
                    "materializationSize": 17.83203125
                }
            ],
            "showAdvanced": false,
            "isDisabled": false,
            "customDisplayName": "String to Date_Time",
            "dynamicInputPorts": true,
            "dynamicOutputPorts": true
        },
        {
            "operatorID": "Dummy-operator-9c01f73f-4bc5-4b7e-9c00-60fcdeb83cf4",
            "operatorType": "Dummy",
            "operatorVersion": "",
            "operatorProperties": {
                "dummyPropertyList": [
                    {
                        "dummyProperty": "Source XML",
                        "dummyValue": "Omitted for license reasons"
                    }
                ]
            },
            "inputPorts": [
                {
                    "portID": "input-0",
                    "displayName": "",
                    "allowMultiInputs": true,
                    "isDynamicPort": true
                }
            ],
            "outputPorts": [
                {
                    "portID": "output-0",
                    "displayName": "",
                    "isDynamicPort": true,
                    "isBlocking": false
                },
                {
                    "portID": "output-1",
                    "displayName": "",
                    "isDynamicPort": true,
                    "isBlocking": false,
                    "materializationSize": 6.14453125
                }
            ],
            "showAdvanced": false,
            "isDisabled": false,
            "customDisplayName": "Excel Reader",
            "dynamicInputPorts": true,
            "dynamicOutputPorts": true
        },
        {
            "operatorID": "Dummy-operator-48a314d0-3b24-4a0f-be2c-7d0a5c6c895a",
            "operatorType": "Dummy",
            "operatorVersion": "",
            "operatorProperties": {
                "dummyPropertyList": [
                    {
                        "dummyProperty": "Source XML",
                        "dummyValue": "Omitted for license reasons"
                    }
                ]
            },
            "inputPorts": [
                {
                    "portID": "input-0",
                    "displayName": "",
                    "allowMultiInputs": true,
                    "isDynamicPort": true
                },
                {
                    "portID": "input-1",
                    "displayName": "",
                    "allowMultiInputs": true,
                    "isDynamicPort": true
                },
                {
                    "portID": "input-2",
                    "displayName": "",
                    "allowMultiInputs": true,
                    "isDynamicPort": true
                }
            ],
            "outputPorts": [
                {
                    "portID": "output-0",
                    "displayName": "",
                    "isDynamicPort": true,
                    "isBlocking": true
                },
                {
                    "portID": "output-1",
                    "displayName": "",
                    "isDynamicPort": true,
                    "isBlocking": true,
                    "materializationSize": 10.2919921875
                },
                {
                    "portID": "output-2",
                    "displayName": "",
                    "isDynamicPort": true,
                    "isBlocking": true,
                    "materializationSize": 0.28125
                },
                {
                    "portID": "output-3",
                    "displayName": "",
                    "isDynamicPort": true,
                    "isBlocking": true,
                    "materializationSize": 0.28125
                }
            ],
            "showAdvanced": false,
            "isDisabled": false,
            "customDisplayName": "Joiner",
            "dynamicInputPorts": true,
            "dynamicOutputPorts": true
        },
        {
            "operatorID": "Dummy-operator-11d121d8-977d-4171-a8bb-0ee3f3c6b067",
            "operatorType": "Dummy",
            "operatorVersion": "",
            "operatorProperties": {
                "dummyPropertyList": [
                    {
                        "dummyProperty": "Source XML",
                        "dummyValue": "Omitted for license reasons"
                    }
                ]
            },
            "inputPorts": [
                {
                    "portID": "input-0",
                    "displayName": "",
                    "allowMultiInputs": true,
                    "isDynamicPort": true
                },
                {
                    "portID": "input-1",
                    "displayName": "",
                    "allowMultiInputs": true,
                    "isDynamicPort": true
                }
            ],
            "outputPorts": [
                {
                    "portID": "output-0",
                    "displayName": "",
                    "isDynamicPort": true,
                    "isBlocking": true
                },
                {
                    "portID": "output-1",
                    "displayName": "",
                    "isDynamicPort": true,
                    "isBlocking": true,
                    "materializationSize": 6.904296875
                }
            ],
            "showAdvanced": false,
            "isDisabled": false,
            "customDisplayName": "GroupBy",
            "dynamicInputPorts": true,
            "dynamicOutputPorts": true
        }
    ],
    "operatorPositions": {
        "Dummy-operator-404c7970-ed87-4186-beac-7b662e23aabb": {
            "x": 164.0,
            "y": 117.0
        },
        "Dummy-operator-107cc2fd-43ee-48b5-b9b5-01929d4a7596": {
            "x": 344.0,
            "y": 117.0
        },
        "Dummy-operator-af0b343a-9596-4538-9655-77bcb5ec998a": {
            "x": 164.0,
            "y": 357.0
        },
        "Dummy-operator-29c89086-dc09-4903-8680-4d6cfadb3db6": {
            "x": 324.0,
            "y": 357.0
        },
        "Dummy-operator-04062538-1875-462d-8dcc-2012361e962c": {
            "x": 484.0,
            "y": 357.0
        },
        "Dummy-operator-5f080f5b-dba2-42bb-8c2f-9d51266c93c1": {
            "x": 164.0,
            "y": 557.0
        },
        "Dummy-operator-9334543c-8852-47ba-a55b-e60cc6e8f77d": {
            "x": 324.0,
            "y": 557.0
        },
        "Dummy-operator-d4c0c274-ad7c-41d0-b2cc-5586dcf97ff7": {
            "x": 146.0,
            "y": 697.0
        },
        "Dummy-operator-90717b8b-f8b1-4138-89f5-16a0c739bedd": {
            "x": 306.0,
            "y": 697.0
        },
        "Dummy-operator-e44c2e82-6edd-4c05-b699-3a2236583e6b": {
            "x": 466.0,
            "y": 697.0
        },
        "Dummy-operator-54ed0ff5-8d22-48ef-a84a-49db39aec99c": {
            "x": 644.0,
            "y": 597.0
        },
        "Dummy-operator-d209c9fd-b6a5-4f1b-9c3a-fd515a0c39a7": {
            "x": 329.0,
            "y": 957.0
        },
        "Dummy-operator-068fb3a7-2973-4359-912b-d98d474d7187": {
            "x": 151.0,
            "y": 1097.0
        },
        "Dummy-operator-dd9411f6-b15c-4213-9205-320bf3d7aa80": {
            "x": 311.0,
            "y": 1097.0
        },
        "Dummy-operator-22f25677-097b-48c8-a544-2c05cd3e92b3": {
            "x": 471.0,
            "y": 1097.0
        },
        "Dummy-operator-9c01f73f-4bc5-4b7e-9c00-60fcdeb83cf4": {
            "x": 169.0,
            "y": 957.0
        },
        "Dummy-operator-48a314d0-3b24-4a0f-be2c-7d0a5c6c895a": {
            "x": 649.0,
            "y": 997.0
        },
        "Dummy-operator-11d121d8-977d-4171-a8bb-0ee3f3c6b067": {
            "x": 804.0,
            "y": 997.0
        }
    },
    "links": [
        {
            "linkID": "link-1069cc43-6f92-4059-8553-435756811cd6",
            "source": {
                "operatorID": "Dummy-operator-404c7970-ed87-4186-beac-7b662e23aabb",
                "portID": "output-1"
            },
            "target": {
                "operatorID": "Dummy-operator-107cc2fd-43ee-48b5-b9b5-01929d4a7596",
                "portID": "input-1"
            }
        },
        {
            "linkID": "link-0b71dbe4-9fe4-4b7a-a113-6ad25d1e5087",
            "source": {
                "operatorID": "Dummy-operator-af0b343a-9596-4538-9655-77bcb5ec998a",
                "portID": "output-1"
            },
            "target": {
                "operatorID": "Dummy-operator-29c89086-dc09-4903-8680-4d6cfadb3db6",
                "portID": "input-1"
            }
        },
        {
            "linkID": "link-b824c912-9559-44c6-a824-5634fa880729",
            "source": {
                "operatorID": "Dummy-operator-29c89086-dc09-4903-8680-4d6cfadb3db6",
                "portID": "output-1"
            },
            "target": {
                "operatorID": "Dummy-operator-04062538-1875-462d-8dcc-2012361e962c",
                "portID": "input-1"
            }
        },
        {
            "linkID": "link-ef330311-7652-4682-94d4-22fdee0c4506",
            "source": {
                "operatorID": "Dummy-operator-5f080f5b-dba2-42bb-8c2f-9d51266c93c1",
                "portID": "output-1"
            },
            "target": {
                "operatorID": "Dummy-operator-9334543c-8852-47ba-a55b-e60cc6e8f77d",
                "portID": "input-1"
            }
        },
        {
            "linkID": "link-a68b256c-6776-4052-8673-443b78eeb9c4",
            "source": {
                "operatorID": "Dummy-operator-9334543c-8852-47ba-a55b-e60cc6e8f77d",
                "portID": "output-1"
            },
            "target": {
                "operatorID": "Dummy-operator-54ed0ff5-8d22-48ef-a84a-49db39aec99c",
                "portID": "input-1"
            }
        },
        {
            "linkID": "link-12722fc9-cf48-4088-9dd7-def5205a4eb7",
            "source": {
                "operatorID": "Dummy-operator-d4c0c274-ad7c-41d0-b2cc-5586dcf97ff7",
                "portID": "output-1"
            },
            "target": {
                "operatorID": "Dummy-operator-90717b8b-f8b1-4138-89f5-16a0c739bedd",
                "portID": "input-1"
            }
        },
        {
            "linkID": "link-d3a50e4a-ead4-4008-b721-922210289034",
            "source": {
                "operatorID": "Dummy-operator-90717b8b-f8b1-4138-89f5-16a0c739bedd",
                "portID": "output-1"
            },
            "target": {
                "operatorID": "Dummy-operator-e44c2e82-6edd-4c05-b699-3a2236583e6b",
                "portID": "input-1"
            }
        },
        {
            "linkID": "link-8ad6e824-0981-44af-9ba1-2d69380c82f5",
            "source": {
                "operatorID": "Dummy-operator-e44c2e82-6edd-4c05-b699-3a2236583e6b",
                "portID": "output-1"
            },
            "target": {
                "operatorID": "Dummy-operator-54ed0ff5-8d22-48ef-a84a-49db39aec99c",
                "portID": "input-2"
            }
        },
        {
            "linkID": "link-07085c7e-c031-4242-80e6-e14f51d02180",
            "source": {
                "operatorID": "Dummy-operator-d209c9fd-b6a5-4f1b-9c3a-fd515a0c39a7",
                "portID": "output-1"
            },
            "target": {
                "operatorID": "Dummy-operator-48a314d0-3b24-4a0f-be2c-7d0a5c6c895a",
                "portID": "input-1"
            }
        },
        {
            "linkID": "link-55f5b734-18a4-4b56-8bad-f11334ff1e80",
            "source": {
                "operatorID": "Dummy-operator-068fb3a7-2973-4359-912b-d98d474d7187",
                "portID": "output-1"
            },
            "target": {
                "operatorID": "Dummy-operator-dd9411f6-b15c-4213-9205-320bf3d7aa80",
                "portID": "input-1"
            }
        },
        {
            "linkID": "link-498754b9-6564-41b7-a1ff-a0ba705a7798",
            "source": {
                "operatorID": "Dummy-operator-dd9411f6-b15c-4213-9205-320bf3d7aa80",
                "portID": "output-1"
            },
            "target": {
                "operatorID": "Dummy-operator-22f25677-097b-48c8-a544-2c05cd3e92b3",
                "portID": "input-1"
            }
        },
        {
            "linkID": "link-33e0689d-6bfe-43f6-a4d3-4f6d3c778bf0",
            "source": {
                "operatorID": "Dummy-operator-22f25677-097b-48c8-a544-2c05cd3e92b3",
                "portID": "output-1"
            },
            "target": {
                "operatorID": "Dummy-operator-48a314d0-3b24-4a0f-be2c-7d0a5c6c895a",
                "portID": "input-2"
            }
        },
        {
            "linkID": "link-892ffae0-6bb9-49c7-844e-aa33c5609183",
            "source": {
                "operatorID": "Dummy-operator-9c01f73f-4bc5-4b7e-9c00-60fcdeb83cf4",
                "portID": "output-1"
            },
            "target": {
                "operatorID": "Dummy-operator-d209c9fd-b6a5-4f1b-9c3a-fd515a0c39a7",
                "portID": "input-1"
            }
        },
        {
            "linkID": "link-ac8d1873-48a7-4a17-88d9-8190757f76f8",
            "source": {
                "operatorID": "Dummy-operator-48a314d0-3b24-4a0f-be2c-7d0a5c6c895a",
                "portID": "output-1"
            },
            "target": {
                "operatorID": "Dummy-operator-11d121d8-977d-4171-a8bb-0ee3f3c6b067",
                "portID": "input-1"
            }
        }
    ],
    "groups": [],
    "breakpoints": {},
    "commentBoxes": [
        {
            "commentBoxID": "commentBox-d47e21ef-3191-4a18-a8fc-886e51fc98d0",
            "comments": [
                {
                    "content": "https://hub.knime.com/knime/extensions/org.knime.features.base/latest/org.knime.base.node.io.filehandling.csv.reader.CSVTableReaderNodeFactory",
                    "creatorName": "Bot",
                    "createorID": 1,
                    "creationTime": "2024-03-08T10:36:49.883Z"
                }
            ],
            "commentBoxPosition": {
                "x": 224.0,
                "y": 147.0
            }
        },
        {
            "commentBoxID": "commentBox-d182064f-1386-4efb-b519-a56be0313f9f",
            "comments": [
                {
                    "content": "https://hub.knime.com/knime/extensions/org.knime.features.base/latest/org.knime.base.node.io.filehandling.csv.reader.CSVTableReaderNodeFactory",
                    "creatorName": "Bot",
                    "createorID": 1,
                    "creationTime": "2024-03-08T10:36:49.883Z"
                }
            ],
            "commentBoxPosition": {
                "x": 404.0,
                "y": 147.0
            }
        },
        {
            "commentBoxID": "commentBox-71ffa2b4-9df4-447e-9cd1-c51d242626f7",
            "comments": [
                {
                    "content": "https://hub.knime.com/knime/extensions/org.knime.features.base/latest/org.knime.base.node.io.filehandling.csv.reader.CSVTableReaderNodeFactory",
                    "creatorName": "Bot",
                    "createorID": 1,
                    "creationTime": "2024-03-08T10:36:49.883Z"
                }
            ],
            "commentBoxPosition": {
                "x": 224.0,
                "y": 387.0
            }
        },
        {
            "commentBoxID": "commentBox-2090dd35-8f48-43f1-bc23-530b85eaabd5",
            "comments": [
                {
                    "content": "https://hub.knime.com/knime/extensions/org.knime.features.base/latest/org.knime.base.node.io.filehandling.csv.reader.CSVTableReaderNodeFactory",
                    "creatorName": "Bot",
                    "createorID": 1,
                    "creationTime": "2024-03-08T10:36:49.883Z"
                }
            ],
            "commentBoxPosition": {
                "x": 384.0,
                "y": 387.0
            }
        },
        {
            "commentBoxID": "commentBox-a9c0b11b-cbfe-46ba-bf07-37f48159c5b3",
            "comments": [
                {
                    "content": "https://hub.knime.com/knime/extensions/org.knime.features.base/latest/org.knime.base.node.io.filehandling.csv.reader.CSVTableReaderNodeFactory",
                    "creatorName": "Bot",
                    "createorID": 1,
                    "creationTime": "2024-03-08T10:36:49.883Z"
                }
            ],
            "commentBoxPosition": {
                "x": 544.0,
                "y": 387.0
            }
        },
        {
            "commentBoxID": "commentBox-b1868d40-bd15-4bd4-b7c3-f165bbecfe9c",
            "comments": [
                {
                    "content": "https://hub.knime.com/knime/extensions/org.knime.features.base/latest/org.knime.base.node.io.filehandling.csv.reader.CSVTableReaderNodeFactory",
                    "creatorName": "Bot",
                    "createorID": 1,
                    "creationTime": "2024-03-08T10:36:49.883Z"
                }
            ],
            "commentBoxPosition": {
                "x": 224.0,
                "y": 587.0
            }
        },
        {
            "commentBoxID": "commentBox-a163009c-5801-4987-8c7c-e8332b62d85e",
            "comments": [
                {
                    "content": "https://hub.knime.com/knime/extensions/org.knime.features.base/latest/org.knime.base.node.io.filehandling.csv.reader.CSVTableReaderNodeFactory",
                    "creatorName": "Bot",
                    "createorID": 1,
                    "creationTime": "2024-03-08T10:36:49.883Z"
                }
            ],
            "commentBoxPosition": {
                "x": 384.0,
                "y": 587.0
            }
        },
        {
            "commentBoxID": "commentBox-0e173e0a-3b30-4417-b201-2c09f5b729e0",
            "comments": [
                {
                    "content": "https://hub.knime.com/knime/extensions/org.knime.features.base/latest/org.knime.base.node.io.filehandling.csv.reader.CSVTableReaderNodeFactory",
                    "creatorName": "Bot",
                    "createorID": 1,
                    "creationTime": "2024-03-08T10:36:49.883Z"
                }
            ],
            "commentBoxPosition": {
                "x": 206.0,
                "y": 727.0
            }
        },
        {
            "commentBoxID": "commentBox-9b767132-069f-45fe-acf7-ef72219e6d7b",
            "comments": [
                {
                    "content": "https://hub.knime.com/knime/extensions/org.knime.features.base/latest/org.knime.base.node.io.filehandling.csv.reader.CSVTableReaderNodeFactory",
                    "creatorName": "Bot",
                    "createorID": 1,
                    "creationTime": "2024-03-08T10:36:49.883Z"
                }
            ],
            "commentBoxPosition": {
                "x": 366.0,
                "y": 727.0
            }
        },
        {
            "commentBoxID": "commentBox-65793445-d26f-4ab9-94df-5c2adb43840f",
            "comments": [
                {
                    "content": "https://hub.knime.com/knime/extensions/org.knime.features.base/latest/org.knime.base.node.io.filehandling.csv.reader.CSVTableReaderNodeFactory",
                    "creatorName": "Bot",
                    "createorID": 1,
                    "creationTime": "2024-03-08T10:36:49.883Z"
                }
            ],
            "commentBoxPosition": {
                "x": 526.0,
                "y": 727.0
            }
        },
        {
            "commentBoxID": "commentBox-723cb95b-5d84-4bd8-9cfe-36e15024fa48",
            "comments": [
                {
                    "content": "https://hub.knime.com/knime/extensions/org.knime.features.base/latest/org.knime.base.node.io.filehandling.csv.reader.CSVTableReaderNodeFactory",
                    "creatorName": "Bot",
                    "createorID": 1,
                    "creationTime": "2024-03-08T10:36:49.883Z"
                }
            ],
            "commentBoxPosition": {
                "x": 704.0,
                "y": 627.0
            }
        },
        {
            "commentBoxID": "commentBox-cf916004-0259-4b7a-925e-cd2704fab308",
            "comments": [
                {
                    "content": "https://hub.knime.com/knime/extensions/org.knime.features.base/latest/org.knime.base.node.io.filehandling.csv.reader.CSVTableReaderNodeFactory",
                    "creatorName": "Bot",
                    "createorID": 1,
                    "creationTime": "2024-03-08T10:36:49.883Z"
                }
            ],
            "commentBoxPosition": {
                "x": 389.0,
                "y": 987.0
            }
        },
        {
            "commentBoxID": "commentBox-34186b7d-5c33-4abd-8446-19537545cb4f",
            "comments": [
                {
                    "content": "https://hub.knime.com/knime/extensions/org.knime.features.base/latest/org.knime.base.node.io.filehandling.csv.reader.CSVTableReaderNodeFactory",
                    "creatorName": "Bot",
                    "createorID": 1,
                    "creationTime": "2024-03-08T10:36:49.883Z"
                }
            ],
            "commentBoxPosition": {
                "x": 211.0,
                "y": 1127.0
            }
        },
        {
            "commentBoxID": "commentBox-60c2b646-f809-47b2-9843-6c038b266269",
            "comments": [
                {
                    "content": "https://hub.knime.com/knime/extensions/org.knime.features.base/latest/org.knime.base.node.io.filehandling.csv.reader.CSVTableReaderNodeFactory",
                    "creatorName": "Bot",
                    "createorID": 1,
                    "creationTime": "2024-03-08T10:36:49.883Z"
                }
            ],
            "commentBoxPosition": {
                "x": 371.0,
                "y": 1127.0
            }
        },
        {
            "commentBoxID": "commentBox-da0209f7-da48-4626-90b6-6978ca337681",
            "comments": [
                {
                    "content": "https://hub.knime.com/knime/extensions/org.knime.features.base/latest/org.knime.base.node.io.filehandling.csv.reader.CSVTableReaderNodeFactory",
                    "creatorName": "Bot",
                    "createorID": 1,
                    "creationTime": "2024-03-08T10:36:49.883Z"
                }
            ],
            "commentBoxPosition": {
                "x": 531.0,
                "y": 1127.0
            }
        },
        {
            "commentBoxID": "commentBox-aeb16017-8195-435f-b3a4-e6d367f72a02",
            "comments": [
                {
                    "content": "https://hub.knime.com/knime/extensions/org.knime.features.base/latest/org.knime.base.node.io.filehandling.csv.reader.CSVTableReaderNodeFactory",
                    "creatorName": "Bot",
                    "createorID": 1,
                    "creationTime": "2024-03-08T10:36:49.883Z"
                }
            ],
            "commentBoxPosition": {
                "x": 229.0,
                "y": 987.0
            }
        },
        {
            "commentBoxID": "commentBox-619fcdbc-ebb3-4248-a0b0-6422e46cab71",
            "comments": [
                {
                    "content": "https://hub.knime.com/knime/extensions/org.knime.features.base/latest/org.knime.base.node.io.filehandling.csv.reader.CSVTableReaderNodeFactory",
                    "creatorName": "Bot",
                    "createorID": 1,
                    "creationTime": "2024-03-08T10:36:49.883Z"
                }
            ],
            "commentBoxPosition": {
                "x": 709.0,
                "y": 1027.0
            }
        },
        {
            "commentBoxID": "commentBox-dc3ed080-3a2d-4c58-9437-9accd44b3aef",
            "comments": [
                {
                    "content": "https://hub.knime.com/knime/extensions/org.knime.features.base/latest/org.knime.base.node.io.filehandling.csv.reader.CSVTableReaderNodeFactory",
                    "creatorName": "Bot",
                    "createorID": 1,
                    "creationTime": "2024-03-08T10:36:49.883Z"
                }
            ],
            "commentBoxPosition": {
                "x": 864.0,
                "y": 1027.0
            }
        }
    ]
}