{
    "operators": [
        {
            "operatorID": "Dummy-operator-d04e7162-080b-4f0b-90a4-3138dc1ea41a",
            "operatorType": "Dummy",
            "operatorVersion": "",
            "operatorProperties": {
                "dummyPropertyList": [
                    {
                        "dummyProperty": "Source XML",
                        "dummyValue": "Omitted for license reasons"
                    }
                ]
            },
            "inputPorts": [
                {
                    "portID": "input-0",
                    "displayName": "",
                    "allowMultiInputs": true,
                    "isDynamicPort": true
                }
            ],
            "outputPorts": [
                {
                    "portID": "output-0",
                    "displayName": "",
                    "isDynamicPort": true,
                    "isBlocking": false
                },
                {
                    "portID": "output-1",
                    "displayName": "",
                    "isDynamicPort": true,
                    "isBlocking": false
                }
            ],
            "showAdvanced": false,
            "isDisabled": false,
            "customDisplayName": "File Reader",
            "dynamicInputPorts": true,
            "dynamicOutputPorts": true
        },
        {
            "operatorID": "Dummy-operator-3f2c1b4a-94d3-44ba-906b-d18a5476d5ad",
            "operatorType": "Dummy",
            "operatorVersion": "",
            "operatorProperties": {
                "dummyPropertyList": [
                    {
                        "dummyProperty": "Source XML",
                        "dummyValue": "Omitted for license reasons"
                    }
                ]
            },
            "inputPorts": [
                {
                    "portID": "input-0",
                    "displayName": "",
                    "allowMultiInputs": true,
                    "isDynamicPort": true
                }
            ],
            "outputPorts": [
                {
                    "portID": "output-0",
                    "displayName": "",
                    "isDynamicPort": true,
                    "isBlocking": false
                },
                {
                    "portID": "output-1",
                    "displayName": "",
                    "isDynamicPort": true,
                    "isBlocking": false
                }
            ],
            "showAdvanced": false,
            "isDisabled": false,
            "customDisplayName": "File Reader",
            "dynamicInputPorts": true,
            "dynamicOutputPorts": true
        },
        {
            "operatorID": "Dummy-operator-0c49bfc5-b6f7-4a6d-8043-c418cb9522a8",
            "operatorType": "Dummy",
            "operatorVersion": "",
            "operatorProperties": {
                "dummyPropertyList": [
                    {
                        "dummyProperty": "Source XML",
                        "dummyValue": "Omitted for license reasons"
                    }
                ]
            },
            "inputPorts": [
                {
                    "portID": "input-0",
                    "displayName": "",
                    "allowMultiInputs": true,
                    "isDynamicPort": true
                },
                {
                    "portID": "input-1",
                    "displayName": "",
                    "allowMultiInputs": true,
                    "isDynamicPort": true
                }
            ],
            "outputPorts": [
                {
                    "portID": "output-0",
                    "displayName": "",
                    "isDynamicPort": true,
                    "isBlocking": false
                },
                {
                    "portID": "output-1",
                    "displayName": "",
                    "isDynamicPort": true,
                    "isBlocking": false
                }
            ],
            "showAdvanced": false,
            "isDisabled": false,
            "customDisplayName": "Constant Value Column",
            "dynamicInputPorts": true,
            "dynamicOutputPorts": true
        },
        {
            "operatorID": "Dummy-operator-34755f14-73ba-45b5-807b-d45252bf814a",
            "operatorType": "Dummy",
            "operatorVersion": "",
            "operatorProperties": {
                "dummyPropertyList": [
                    {
                        "dummyProperty": "Source XML",
                        "dummyValue": "Omitted for license reasons"
                    }
                ]
            },
            "inputPorts": [
                {
                    "portID": "input-0",
                    "displayName": "",
                    "allowMultiInputs": true,
                    "isDynamicPort": true
                },
                {
                    "portID": "input-1",
                    "displayName": "",
                    "allowMultiInputs": true,
                    "isDynamicPort": true
                }
            ],
            "outputPorts": [
                {
                    "portID": "output-0",
                    "displayName": "",
                    "isDynamicPort": true,
                    "isBlocking": false
                },
                {
                    "portID": "output-1",
                    "displayName": "",
                    "isDynamicPort": true,
                    "isBlocking": false
                }
            ],
            "showAdvanced": false,
            "isDisabled": false,
            "customDisplayName": "Constant Value Column",
            "dynamicInputPorts": true,
            "dynamicOutputPorts": true
        },
        {
            "operatorID": "Dummy-operator-28d39d7c-ef13-4a2a-882d-05a62b365509",
            "operatorType": "Dummy",
            "operatorVersion": "",
            "operatorProperties": {
                "dummyPropertyList": [
                    {
                        "dummyProperty": "Source XML",
                        "dummyValue": "Omitted for license reasons"
                    }
                ]
            },
            "inputPorts": [
                {
                    "portID": "input-0",
                    "displayName": "",
                    "allowMultiInputs": true,
                    "isDynamicPort": true
                },
                {
                    "portID": "input-1",
                    "displayName": "",
                    "allowMultiInputs": true,
                    "isDynamicPort": true
                },
                {
                    "portID": "input-2",
                    "displayName": "",
                    "allowMultiInputs": true,
                    "isDynamicPort": true
                }
            ],
            "outputPorts": [
                {
                    "portID": "output-0",
                    "displayName": "",
                    "isDynamicPort": true,
                    "isBlocking": false
                },
                {
                    "portID": "output-1",
                    "displayName": "",
                    "isDynamicPort": true,
                    "isBlocking": false
                }
            ],
            "showAdvanced": false,
            "isDisabled": false,
            "customDisplayName": "Concatenate",
            "dynamicInputPorts": true,
            "dynamicOutputPorts": true
        },
        {
            "operatorID": "Dummy-operator-b93812e6-5fe3-4179-819b-932cf536b8d9",
            "operatorType": "Dummy",
            "operatorVersion": "",
            "operatorProperties": {
                "dummyPropertyList": [
                    {
                        "dummyProperty": "Source XML",
                        "dummyValue": "Omitted for license reasons"
                    }
                ]
            },
            "inputPorts": [
                {
                    "portID": "input-0",
                    "displayName": "",
                    "allowMultiInputs": true,
                    "isDynamicPort": true
                },
                {
                    "portID": "input-1",
                    "displayName": "",
                    "allowMultiInputs": true,
                    "isDynamicPort": true
                }
            ],
            "outputPorts": [
                {
                    "portID": "output-0",
                    "displayName": "",
                    "isDynamicPort": true,
                    "isBlocking": false
                },
                {
                    "portID": "output-1",
                    "displayName": "",
                    "isDynamicPort": true,
                    "isBlocking": false
                }
            ],
            "showAdvanced": false,
            "isDisabled": false,
            "customDisplayName": "Strings To Document",
            "dynamicInputPorts": true,
            "dynamicOutputPorts": true
        },
        {
            "operatorID": "Dummy-operator-d902ff28-9f56-4f51-b1a2-ad486e9faef4",
            "operatorType": "Dummy",
            "operatorVersion": "",
            "operatorProperties": {
                "dummyPropertyList": [
                    {
                        "dummyProperty": "Source XML",
                        "dummyValue": "Omitted for license reasons"
                    }
                ]
            },
            "inputPorts": [
                {
                    "portID": "input-0",
                    "displayName": "",
                    "allowMultiInputs": true,
                    "isDynamicPort": true
                },
                {
                    "portID": "input-1",
                    "displayName": "",
                    "allowMultiInputs": true,
                    "isDynamicPort": true
                }
            ],
            "outputPorts": [
                {
                    "portID": "output-0",
                    "displayName": "",
                    "isDynamicPort": true,
                    "isBlocking": false
                }
            ],
            "showAdvanced": false,
            "isDisabled": false,
            "customDisplayName": "Document Viewer",
            "dynamicInputPorts": true,
            "dynamicOutputPorts": true
        },
        {
            "operatorID": "Dummy-operator-a37d185d-83c2-41ea-b73d-a8e49c17311b",
            "operatorType": "Dummy",
            "operatorVersion": "",
            "operatorProperties": {
                "dummyPropertyList": [
                    {
                        "dummyProperty": "Source XML",
                        "dummyValue": "Omitted for license reasons"
                    }
                ]
            },
            "inputPorts": [
                {
                    "portID": "input-0",
                    "displayName": "",
                    "allowMultiInputs": true,
                    "isDynamicPort": true
                },
                {
                    "portID": "input-1",
                    "displayName": "",
                    "allowMultiInputs": true,
                    "isDynamicPort": true
                }
            ],
            "outputPorts": [
                {
                    "portID": "output-0",
                    "displayName": "",
                    "isDynamicPort": true,
                    "isBlocking": false
                },
                {
                    "portID": "output-1",
                    "displayName": "",
                    "isDynamicPort": true,
                    "isBlocking": false
                }
            ],
            "showAdvanced": false,
            "isDisabled": false,
            "customDisplayName": "Case Converter",
            "dynamicInputPorts": true,
            "dynamicOutputPorts": true
        },
        {
            "operatorID": "Dummy-operator-ea29a020-6078-4842-8d99-a128a5d98f1c",
            "operatorType": "Dummy",
            "operatorVersion": "",
            "operatorProperties": {
                "dummyPropertyList": [
                    {
                        "dummyProperty": "Source XML",
                        "dummyValue": "Omitted for license reasons"
                    }
                ]
            },
            "inputPorts": [
                {
                    "portID": "input-0",
                    "displayName": "",
                    "allowMultiInputs": true,
                    "isDynamicPort": true
                },
                {
                    "portID": "input-1",
                    "displayName": "",
                    "allowMultiInputs": true,
                    "isDynamicPort": true
                }
            ],
            "outputPorts": [
                {
                    "portID": "output-0",
                    "displayName": "",
                    "isDynamicPort": true,
                    "isBlocking": false
                },
                {
                    "portID": "output-1",
                    "displayName": "",
                    "isDynamicPort": true,
                    "isBlocking": false
                }
            ],
            "showAdvanced": false,
            "isDisabled": false,
            "customDisplayName": "N Chars Filter",
            "dynamicInputPorts": true,
            "dynamicOutputPorts": true
        },
        {
            "operatorID": "Dummy-operator-56f01dc6-6bf4-452a-8958-809b5df25788",
            "operatorType": "Dummy",
            "operatorVersion": "",
            "operatorProperties": {
                "dummyPropertyList": [
                    {
                        "dummyProperty": "Source XML",
                        "dummyValue": "Omitted for license reasons"
                    }
                ]
            },
            "inputPorts": [
                {
                    "portID": "input-0",
                    "displayName": "",
                    "allowMultiInputs": true,
                    "isDynamicPort": true
                },
                {
                    "portID": "input-1",
                    "displayName": "",
                    "allowMultiInputs": true,
                    "isDynamicPort": true
                }
            ],
            "outputPorts": [
                {
                    "portID": "output-0",
                    "displayName": "",
                    "isDynamicPort": true,
                    "isBlocking": false
                },
                {
                    "portID": "output-1",
                    "displayName": "",
                    "isDynamicPort": true,
                    "isBlocking": false
                }
            ],
            "showAdvanced": false,
            "isDisabled": false,
            "customDisplayName": "Number Filter",
            "dynamicInputPorts": true,
            "dynamicOutputPorts": true
        },
        {
            "operatorID": "Dummy-operator-97ba7ec4-6b9c-4c41-afbb-d25434048995",
            "operatorType": "Dummy",
            "operatorVersion": "",
            "operatorProperties": {
                "dummyPropertyList": [
                    {
                        "dummyProperty": "Source XML",
                        "dummyValue": "Omitted for license reasons"
                    }
                ]
            },
            "inputPorts": [
                {
                    "portID": "input-0",
                    "displayName": "",
                    "allowMultiInputs": true,
                    "isDynamicPort": true
                },
                {
                    "portID": "input-1",
                    "displayName": "",
                    "allowMultiInputs": true,
                    "isDynamicPort": true
                }
            ],
            "outputPorts": [
                {
                    "portID": "output-0",
                    "displayName": "",
                    "isDynamicPort": true,
                    "isBlocking": false
                },
                {
                    "portID": "output-1",
                    "displayName": "",
                    "isDynamicPort": true,
                    "isBlocking": false
                }
            ],
            "showAdvanced": false,
            "isDisabled": false,
            "customDisplayName": "Punctuation Erasure",
            "dynamicInputPorts": true,
            "dynamicOutputPorts": true
        },
        {
            "operatorID": "Dummy-operator-303bf00d-2bd5-43c7-9aa5-57621ffab7e6",
            "operatorType": "Dummy",
            "operatorVersion": "",
            "operatorProperties": {
                "dummyPropertyList": [
                    {
                        "dummyProperty": "Source XML",
                        "dummyValue": "Omitted for license reasons"
                    }
                ]
            },
            "inputPorts": [
                {
                    "portID": "input-0",
                    "displayName": "",
                    "allowMultiInputs": true,
                    "isDynamicPort": true
                },
                {
                    "portID": "input-1",
                    "displayName": "",
                    "allowMultiInputs": true,
                    "isDynamicPort": true
                }
            ],
            "outputPorts": [
                {
                    "portID": "output-0",
                    "displayName": "",
                    "isDynamicPort": true,
                    "isBlocking": false
                },
                {
                    "portID": "output-1",
                    "displayName": "",
                    "isDynamicPort": true,
                    "isBlocking": false
                }
            ],
            "showAdvanced": false,
            "isDisabled": false,
            "customDisplayName": "POS Tagger",
            "dynamicInputPorts": true,
            "dynamicOutputPorts": true
        },
        {
            "operatorID": "Dummy-operator-38dbd2c7-17e4-44b8-bdd8-e31057a6e9f5",
            "operatorType": "Dummy",
            "operatorVersion": "",
            "operatorProperties": {
                "dummyPropertyList": [
                    {
                        "dummyProperty": "Source XML",
                        "dummyValue": "Omitted for license reasons"
                    }
                ]
            },
            "inputPorts": [
                {
                    "portID": "input-0",
                    "displayName": "",
                    "allowMultiInputs": true,
                    "isDynamicPort": true
                },
                {
                    "portID": "input-1",
                    "displayName": "",
                    "allowMultiInputs": true,
                    "isDynamicPort": true
                }
            ],
            "outputPorts": [
                {
                    "portID": "output-0",
                    "displayName": "",
                    "isDynamicPort": true,
                    "isBlocking": false
                },
                {
                    "portID": "output-1",
                    "displayName": "",
                    "isDynamicPort": true,
                    "isBlocking": false
                }
            ],
            "showAdvanced": false,
            "isDisabled": false,
            "customDisplayName": "Stop Word Filter",
            "dynamicInputPorts": true,
            "dynamicOutputPorts": true
        },
        {
            "operatorID": "Dummy-operator-f3dd52b0-e856-4b2b-8cd4-c348f345e4f1",
            "operatorType": "Dummy",
            "operatorVersion": "",
            "operatorProperties": {
                "dummyPropertyList": [
                    {
                        "dummyProperty": "Source XML",
                        "dummyValue": "Omitted for license reasons"
                    }
                ]
            },
            "inputPorts": [
                {
                    "portID": "input-0",
                    "displayName": "",
                    "allowMultiInputs": true,
                    "isDynamicPort": true
                },
                {
                    "portID": "input-1",
                    "displayName": "",
                    "allowMultiInputs": true,
                    "isDynamicPort": true
                }
            ],
            "outputPorts": [
                {
                    "portID": "output-0",
                    "displayName": "",
                    "isDynamicPort": true,
                    "isBlocking": false
                },
                {
                    "portID": "output-1",
                    "displayName": "",
                    "isDynamicPort": true,
                    "isBlocking": false
                }
            ],
            "showAdvanced": false,
            "isDisabled": false,
            "customDisplayName": "Porter Stemmer",
            "dynamicInputPorts": true,
            "dynamicOutputPorts": true
        },
        {
            "operatorID": "Dummy-operator-9353a880-1f52-43c2-87d6-b2983331defe",
            "operatorType": "Dummy",
            "operatorVersion": "",
            "operatorProperties": {
                "dummyPropertyList": [
                    {
                        "dummyProperty": "Source XML",
                        "dummyValue": "Omitted for license reasons"
                    }
                ]
            },
            "inputPorts": [
                {
                    "portID": "input-0",
                    "displayName": "",
                    "allowMultiInputs": true,
                    "isDynamicPort": true
                },
                {
                    "portID": "input-1",
                    "displayName": "",
                    "allowMultiInputs": true,
                    "isDynamicPort": true
                }
            ],
            "outputPorts": [
                {
                    "portID": "output-0",
                    "displayName": "",
                    "isDynamicPort": true,
                    "isBlocking": false
                },
                {
                    "portID": "output-1",
                    "displayName": "",
                    "isDynamicPort": true,
                    "isBlocking": false
                }
            ],
            "showAdvanced": false,
            "isDisabled": false,
            "customDisplayName": "Bag Of Words Creator",
            "dynamicInputPorts": true,
            "dynamicOutputPorts": true
        },
        {
            "operatorID": "Dummy-operator-420e9ecc-afe5-4dc9-8735-5fe40d34045f",
            "operatorType": "Dummy",
            "operatorVersion": "",
            "operatorProperties": {
                "dummyPropertyList": [
                    {
                        "dummyProperty": "Source XML",
                        "dummyValue": "Omitted for license reasons"
                    }
                ]
            },
            "inputPorts": [
                {
                    "portID": "input-0",
                    "displayName": "",
                    "allowMultiInputs": true,
                    "isDynamicPort": true
                },
                {
                    "portID": "input-1",
                    "displayName": "",
                    "allowMultiInputs": true,
                    "isDynamicPort": true
                }
            ],
            "outputPorts": [
                {
                    "portID": "output-0",
                    "displayName": "",
                    "isDynamicPort": true,
                    "isBlocking": false
                },
                {
                    "portID": "output-1",
                    "displayName": "",
                    "isDynamicPort": true,
                    "isBlocking": false
                }
            ],
            "showAdvanced": false,
            "isDisabled": false,
            "customDisplayName": "TF",
            "dynamicInputPorts": true,
            "dynamicOutputPorts": true
        },
        {
            "operatorID": "Dummy-operator-de8745ba-a10a-4687-8405-5d8586225e72",
            "operatorType": "Dummy",
            "operatorVersion": "",
            "operatorProperties": {
                "dummyPropertyList": [
                    {
                        "dummyProperty": "Source XML",
                        "dummyValue": "Omitted for license reasons"
                    }
                ]
            },
            "inputPorts": [
                {
                    "portID": "input-0",
                    "displayName": "",
                    "allowMultiInputs": true,
                    "isDynamicPort": true
                },
                {
                    "portID": "input-1",
                    "displayName": "",
                    "allowMultiInputs": true,
                    "isDynamicPort": true
                }
            ],
            "outputPorts": [
                {
                    "portID": "output-0",
                    "displayName": "",
                    "isDynamicPort": true,
                    "isBlocking": false
                },
                {
                    "portID": "output-1",
                    "displayName": "",
                    "isDynamicPort": true,
                    "isBlocking": false
                }
            ],
            "showAdvanced": false,
            "isDisabled": false,
            "customDisplayName": "IDF",
            "dynamicInputPorts": true,
            "dynamicOutputPorts": true
        },
        {
            "operatorID": "Dummy-operator-cf076e89-b5f7-4684-9ec1-4b5b6ea35acc",
            "operatorType": "Dummy",
            "operatorVersion": "",
            "operatorProperties": {
                "dummyPropertyList": [
                    {
                        "dummyProperty": "Source XML",
                        "dummyValue": "Omitted for license reasons"
                    }
                ]
            },
            "inputPorts": [
                {
                    "portID": "input-0",
                    "displayName": "",
                    "allowMultiInputs": true,
                    "isDynamicPort": true
                },
                {
                    "portID": "input-1",
                    "displayName": "",
                    "allowMultiInputs": true,
                    "isDynamicPort": true
                }
            ],
            "outputPorts": [
                {
                    "portID": "output-0",
                    "displayName": "",
                    "isDynamicPort": true,
                    "isBlocking": false
                },
                {
                    "portID": "output-1",
                    "displayName": "",
                    "isDynamicPort": true,
                    "isBlocking": false
                }
            ],
            "showAdvanced": false,
            "isDisabled": false,
            "customDisplayName": "Column Expressions",
            "dynamicInputPorts": true,
            "dynamicOutputPorts": true
        },
        {
            "operatorID": "Dummy-operator-33e201ee-841e-46bf-86d9-235636907690",
            "operatorType": "Dummy",
            "operatorVersion": "",
            "operatorProperties": {
                "dummyPropertyList": [
                    {
                        "dummyProperty": "Source XML",
                        "dummyValue": "Omitted for license reasons"
                    }
                ]
            },
            "inputPorts": [
                {
                    "portID": "input-0",
                    "displayName": "",
                    "allowMultiInputs": true,
                    "isDynamicPort": true
                },
                {
                    "portID": "input-1",
                    "displayName": "",
                    "allowMultiInputs": true,
                    "isDynamicPort": true
                }
            ],
            "outputPorts": [
                {
                    "portID": "output-0",
                    "displayName": "",
                    "isDynamicPort": true,
                    "isBlocking": false
                },
                {
                    "portID": "output-1",
                    "displayName": "",
                    "isDynamicPort": true,
                    "isBlocking": false
                },
                {
                    "portID": "output-2",
                    "displayName": "",
                    "isDynamicPort": true,
                    "isBlocking": false
                }
            ],
            "showAdvanced": false,
            "isDisabled": false,
            "customDisplayName": "Document Vector",
            "dynamicInputPorts": true,
            "dynamicOutputPorts": true
        },
        {
            "operatorID": "Dummy-operator-9095399c-d5e8-489f-82be-006c91747728",
            "operatorType": "Dummy",
            "operatorVersion": "",
            "operatorProperties": {
                "dummyPropertyList": [
                    {
                        "dummyProperty": "Source XML",
                        "dummyValue": "Omitted for license reasons"
                    }
                ]
            },
            "inputPorts": [
                {
                    "portID": "input-0",
                    "displayName": "",
                    "allowMultiInputs": true,
                    "isDynamicPort": true
                },
                {
                    "portID": "input-1",
                    "displayName": "",
                    "allowMultiInputs": true,
                    "isDynamicPort": true
                }
            ],
            "outputPorts": [
                {
                    "portID": "output-0",
                    "displayName": "",
                    "isDynamicPort": true,
                    "isBlocking": false
                },
                {
                    "portID": "output-1",
                    "displayName": "",
                    "isDynamicPort": true,
                    "isBlocking": false
                }
            ],
            "showAdvanced": false,
            "isDisabled": false,
            "customDisplayName": "Category To Class",
            "dynamicInputPorts": true,
            "dynamicOutputPorts": true
        },
        {
            "operatorID": "Dummy-operator-3ef1881b-6839-4705-8822-a788602c7a33",
            "operatorType": "Dummy",
            "operatorVersion": "",
            "operatorProperties": {
                "dummyPropertyList": [
                    {
                        "dummyProperty": "Source XML",
                        "dummyValue": "Omitted for license reasons"
                    }
                ]
            },
            "inputPorts": [
                {
                    "portID": "input-0",
                    "displayName": "",
                    "allowMultiInputs": true,
                    "isDynamicPort": true
                },
                {
                    "portID": "input-1",
                    "displayName": "",
                    "allowMultiInputs": true,
                    "isDynamicPort": true
                }
            ],
            "outputPorts": [
                {
                    "portID": "output-0",
                    "displayName": "",
                    "isDynamicPort": true,
                    "isBlocking": true
                },
                {
                    "portID": "output-1",
                    "displayName": "",
                    "isDynamicPort": true,
                    "isBlocking": true
                },
                {
                    "portID": "output-2",
                    "displayName": "",
                    "isDynamicPort": true,
                    "isBlocking": true
                }
            ],
            "showAdvanced": false,
            "isDisabled": false,
            "customDisplayName": "Partitioning",
            "dynamicInputPorts": true,
            "dynamicOutputPorts": true
        },
        {
            "operatorID": "Dummy-operator-a91a71c2-03ce-45ad-873c-3c4e43aba93a",
            "operatorType": "Dummy",
            "operatorVersion": "",
            "operatorProperties": {
                "dummyPropertyList": [
                    {
                        "dummyProperty": "Source XML",
                        "dummyValue": "Omitted for license reasons"
                    }
                ]
            },
            "inputPorts": [
                {
                    "portID": "input-0",
                    "displayName": "",
                    "allowMultiInputs": true,
                    "isDynamicPort": true
                },
                {
                    "portID": "input-1",
                    "displayName": "",
                    "allowMultiInputs": true,
                    "isDynamicPort": true
                }
            ],
            "outputPorts": [
                {
                    "portID": "output-0",
                    "displayName": "",
                    "isDynamicPort": true,
                    "isBlocking": true
                },
                {
                    "portID": "output-1",
                    "displayName": "",
                    "isDynamicPort": true,
                    "isBlocking": true
                },
                {
                    "portID": "output-2",
                    "displayName": "",
                    "isDynamicPort": true,
                    "isBlocking": true
                }
            ],
            "showAdvanced": false,
            "isDisabled": false,
            "customDisplayName": "Scorer",
            "dynamicInputPorts": true,
            "dynamicOutputPorts": true
        },
        {
            "operatorID": "Dummy-operator-15367bc9-138c-49e3-b71a-907ab0a5407f",
            "operatorType": "Dummy",
            "operatorVersion": "",
            "operatorProperties": {
                "dummyPropertyList": [
                    {
                        "dummyProperty": "Source XML",
                        "dummyValue": "Omitted for license reasons"
                    }
                ]
            },
            "inputPorts": [
                {
                    "portID": "input-0",
                    "displayName": "",
                    "allowMultiInputs": true,
                    "isDynamicPort": true
                },
                {
                    "portID": "input-1",
                    "displayName": "",
                    "allowMultiInputs": true,
                    "isDynamicPort": true
                }
            ],
            "outputPorts": [
                {
                    "portID": "output-0",
                    "displayName": "",
                    "isDynamicPort": true,
                    "isBlocking": false
                },
                {
                    "portID": "output-1",
                    "displayName": "",
                    "isDynamicPort": true,
                    "isBlocking": false
                },
                {
                    "portID": "output-2",
                    "displayName": "",
                    "isDynamicPort": true,
                    "isBlocking": false
                },
                {
                    "portID": "output-3",
                    "displayName": "",
                    "isDynamicPort": true,
                    "isBlocking": false
                }
            ],
            "showAdvanced": false,
            "isDisabled": false,
            "customDisplayName": "Tree Ensemble Learner",
            "dynamicInputPorts": true,
            "dynamicOutputPorts": true
        },
        {
            "operatorID": "Dummy-operator-2d174b96-2178-4b7a-8a4d-dd290721d5ef",
            "operatorType": "Dummy",
            "operatorVersion": "",
            "operatorProperties": {
                "dummyPropertyList": [
                    {
                        "dummyProperty": "Source XML",
                        "dummyValue": "Omitted for license reasons"
                    }
                ]
            },
            "inputPorts": [
                {
                    "portID": "input-0",
                    "displayName": "",
                    "allowMultiInputs": true,
                    "isDynamicPort": true
                },
                {
                    "portID": "input-1",
                    "displayName": "",
                    "allowMultiInputs": true,
                    "isDynamicPort": true
                },
                {
                    "portID": "input-2",
                    "displayName": "",
                    "allowMultiInputs": true,
                    "isDynamicPort": true
                }
            ],
            "outputPorts": [
                {
                    "portID": "output-0",
                    "displayName": "",
                    "isDynamicPort": true,
                    "isBlocking": false
                },
                {
                    "portID": "output-1",
                    "displayName": "",
                    "isDynamicPort": true,
                    "isBlocking": false
                }
            ],
            "showAdvanced": false,
            "isDisabled": false,
            "customDisplayName": "Tree Ensemble Predictor",
            "dynamicInputPorts": true,
            "dynamicOutputPorts": true
        },
        {
            "operatorID": "Dummy-operator-216bb24d-2daa-4e6f-88d9-4a76be3afe14",
            "operatorType": "Dummy",
            "operatorVersion": "",
            "operatorProperties": {
                "dummyPropertyList": [
                    {
                        "dummyProperty": "Source XML",
                        "dummyValue": "Omitted for license reasons"
                    }
                ]
            },
            "inputPorts": [
                {
                    "portID": "input-0",
                    "displayName": "",
                    "allowMultiInputs": true,
                    "isDynamicPort": true
                },
                {
                    "portID": "input-1",
                    "displayName": "",
                    "allowMultiInputs": true,
                    "isDynamicPort": true
                }
            ],
            "outputPorts": [
                {
                    "portID": "output-0",
                    "displayName": "",
                    "isDynamicPort": true,
                    "isBlocking": false
                }
            ],
            "showAdvanced": false,
            "isDisabled": false,
            "customDisplayName": "Document Viewer",
            "dynamicInputPorts": true,
            "dynamicOutputPorts": true
        },
        {
            "operatorID": "Dummy-operator-429a6b89-2959-4730-bd89-e5af26aab49a",
            "operatorType": "Dummy",
            "operatorVersion": "",
            "operatorProperties": {
                "dummyPropertyList": [
                    {
                        "dummyProperty": "Source XML",
                        "dummyValue": "Omitted for license reasons"
                    }
                ]
            },
            "inputPorts": [
                {
                    "portID": "input-0",
                    "displayName": "",
                    "allowMultiInputs": true,
                    "isDynamicPort": true
                },
                {
                    "portID": "input-1",
                    "displayName": "",
                    "allowMultiInputs": true,
                    "isDynamicPort": true
                }
            ],
            "outputPorts": [
                {
                    "portID": "output-0",
                    "displayName": "",
                    "isDynamicPort": true,
                    "isBlocking": false
                },
                {
                    "portID": "output-1",
                    "displayName": "",
                    "isDynamicPort": true,
                    "isBlocking": false
                }
            ],
            "showAdvanced": false,
            "isDisabled": false,
            "customDisplayName": "Row Sampling",
            "dynamicInputPorts": true,
            "dynamicOutputPorts": true
        }
    ],
    "operatorPositions": {
        "Dummy-operator-d04e7162-080b-4f0b-90a4-3138dc1ea41a": {
            "x": 204.0,
            "y": 37.0
        },
        "Dummy-operator-3f2c1b4a-94d3-44ba-906b-d18a5476d5ad": {
            "x": 204.0,
            "y": 197.0
        },
        "Dummy-operator-0c49bfc5-b6f7-4a6d-8043-c418cb9522a8": {
            "x": 324.0,
            "y": 37.0
        },
        "Dummy-operator-34755f14-73ba-45b5-807b-d45252bf814a": {
            "x": 324.0,
            "y": 197.0
        },
        "Dummy-operator-28d39d7c-ef13-4a2a-882d-05a62b365509": {
            "x": 424.0,
            "y": 117.0
        },
        "Dummy-operator-b93812e6-5fe3-4179-819b-932cf536b8d9": {
            "x": 624.0,
            "y": 117.0
        },
        "Dummy-operator-d902ff28-9f56-4f51-b1a2-ad486e9faef4": {
            "x": 764.0,
            "y": 117.0
        },
        "Dummy-operator-a37d185d-83c2-41ea-b73d-a8e49c17311b": {
            "x": 44.0,
            "y": 317.0
        },
        "Dummy-operator-ea29a020-6078-4842-8d99-a128a5d98f1c": {
            "x": 784.0,
            "y": 317.0
        },
        "Dummy-operator-56f01dc6-6bf4-452a-8958-809b5df25788": {
            "x": 164.0,
            "y": 317.0
        },
        "Dummy-operator-97ba7ec4-6b9c-4c41-afbb-d25434048995": {
            "x": 304.0,
            "y": 317.0
        },
        "Dummy-operator-303bf00d-2bd5-43c7-9aa5-57621ffab7e6": {
            "x": 424.0,
            "y": 317.0
        },
        "Dummy-operator-38dbd2c7-17e4-44b8-bdd8-e31057a6e9f5": {
            "x": 544.0,
            "y": 317.0
        },
        "Dummy-operator-f3dd52b0-e856-4b2b-8cd4-c348f345e4f1": {
            "x": 665.0,
            "y": 317.0
        },
        "Dummy-operator-9353a880-1f52-43c2-87d6-b2983331defe": {
            "x": 64.0,
            "y": 437.0
        },
        "Dummy-operator-420e9ecc-afe5-4dc9-8735-5fe40d34045f": {
            "x": 144.0,
            "y": 437.0
        },
        "Dummy-operator-de8745ba-a10a-4687-8405-5d8586225e72": {
            "x": 224.0,
            "y": 437.0
        },
        "Dummy-operator-cf076e89-b5f7-4684-9ec1-4b5b6ea35acc": {
            "x": 324.0,
            "y": 437.0
        },
        "Dummy-operator-33e201ee-841e-46bf-86d9-235636907690": {
            "x": 444.0,
            "y": 437.0
        },
        "Dummy-operator-9095399c-d5e8-489f-82be-006c91747728": {
            "x": 564.0,
            "y": 437.0
        },
        "Dummy-operator-3ef1881b-6839-4705-8822-a788602c7a33": {
            "x": 684.0,
            "y": 477.0
        },
        "Dummy-operator-a91a71c2-03ce-45ad-873c-3c4e43aba93a": {
            "x": 984.0,
            "y": 497.0
        },
        "Dummy-operator-15367bc9-138c-49e3-b71a-907ab0a5407f": {
            "x": 804.0,
            "y": 437.0
        },
        "Dummy-operator-2d174b96-2178-4b7a-8a4d-dd290721d5ef": {
            "x": 904.0,
            "y": 497.0
        },
        "Dummy-operator-216bb24d-2daa-4e6f-88d9-4a76be3afe14": {
            "x": 924.0,
            "y": 317.0
        },
        "Dummy-operator-429a6b89-2959-4730-bd89-e5af26aab49a": {
            "x": 504.0,
            "y": 117.0
        }
    },
    "links": [
        {
            "linkID": "link-16906063-0a5b-4874-b20d-5b6b973b14e7",
            "source": {
                "operatorID": "Dummy-operator-d04e7162-080b-4f0b-90a4-3138dc1ea41a",
                "portID": "output-1"
            },
            "target": {
                "operatorID": "Dummy-operator-0c49bfc5-b6f7-4a6d-8043-c418cb9522a8",
                "portID": "input-1"
            }
        },
        {
            "linkID": "link-8b14fcd5-72aa-4f61-840d-19ce627dd4f2",
            "source": {
                "operatorID": "Dummy-operator-3f2c1b4a-94d3-44ba-906b-d18a5476d5ad",
                "portID": "output-1"
            },
            "target": {
                "operatorID": "Dummy-operator-34755f14-73ba-45b5-807b-d45252bf814a",
                "portID": "input-1"
            }
        },
        {
            "linkID": "link-c1af19ec-1fc7-4893-8c67-f21988d660f1",
            "source": {
                "operatorID": "Dummy-operator-0c49bfc5-b6f7-4a6d-8043-c418cb9522a8",
                "portID": "output-1"
            },
            "target": {
                "operatorID": "Dummy-operator-28d39d7c-ef13-4a2a-882d-05a62b365509",
                "portID": "input-1"
            }
        },
        {
            "linkID": "link-489fbd92-bb1e-41fc-b7bf-6c63453abf0f",
            "source": {
                "operatorID": "Dummy-operator-34755f14-73ba-45b5-807b-d45252bf814a",
                "portID": "output-1"
            },
            "target": {
                "operatorID": "Dummy-operator-28d39d7c-ef13-4a2a-882d-05a62b365509",
                "portID": "input-2"
            }
        },
        {
            "linkID": "link-a5d4a7de-e2b9-4cd9-b144-84ac3be659c9",
            "source": {
                "operatorID": "Dummy-operator-28d39d7c-ef13-4a2a-882d-05a62b365509",
                "portID": "output-1"
            },
            "target": {
                "operatorID": "Dummy-operator-429a6b89-2959-4730-bd89-e5af26aab49a",
                "portID": "input-1"
            }
        },
        {
            "linkID": "link-e9a4d69e-9fe9-452a-ae66-e7aa1342ca78",
            "source": {
                "operatorID": "Dummy-operator-b93812e6-5fe3-4179-819b-932cf536b8d9",
                "portID": "output-1"
            },
            "target": {
                "operatorID": "Dummy-operator-a37d185d-83c2-41ea-b73d-a8e49c17311b",
                "portID": "input-1"
            }
        },
        {
            "linkID": "link-190dc67c-09a5-42d3-97ee-ad254fbf1f10",
            "source": {
                "operatorID": "Dummy-operator-b93812e6-5fe3-4179-819b-932cf536b8d9",
                "portID": "output-1"
            },
            "target": {
                "operatorID": "Dummy-operator-d902ff28-9f56-4f51-b1a2-ad486e9faef4",
                "portID": "input-1"
            }
        },
        {
            "linkID": "link-a8be3ec8-46db-4237-90a3-50f8cfcef641",
            "source": {
                "operatorID": "Dummy-operator-a37d185d-83c2-41ea-b73d-a8e49c17311b",
                "portID": "output-1"
            },
            "target": {
                "operatorID": "Dummy-operator-56f01dc6-6bf4-452a-8958-809b5df25788",
                "portID": "input-1"
            }
        },
        {
            "linkID": "link-8da18511-8a8a-4ed8-b4ec-3f7f408c8a0b",
            "source": {
                "operatorID": "Dummy-operator-ea29a020-6078-4842-8d99-a128a5d98f1c",
                "portID": "output-1"
            },
            "target": {
                "operatorID": "Dummy-operator-216bb24d-2daa-4e6f-88d9-4a76be3afe14",
                "portID": "input-1"
            }
        },
        {
            "linkID": "link-80a8cd81-6d4a-438f-9216-2afa7c0c7744",
            "source": {
                "operatorID": "Dummy-operator-ea29a020-6078-4842-8d99-a128a5d98f1c",
                "portID": "output-1"
            },
            "target": {
                "operatorID": "Dummy-operator-9353a880-1f52-43c2-87d6-b2983331defe",
                "portID": "input-1"
            }
        },
        {
            "linkID": "link-e9f628b2-d4f9-44ba-baaf-214878f4ae75",
            "source": {
                "operatorID": "Dummy-operator-56f01dc6-6bf4-452a-8958-809b5df25788",
                "portID": "output-1"
            },
            "target": {
                "operatorID": "Dummy-operator-97ba7ec4-6b9c-4c41-afbb-d25434048995",
                "portID": "input-1"
            }
        },
        {
            "linkID": "link-bda96c7c-3db4-44e9-a449-23e731478946",
            "source": {
                "operatorID": "Dummy-operator-97ba7ec4-6b9c-4c41-afbb-d25434048995",
                "portID": "output-1"
            },
            "target": {
                "operatorID": "Dummy-operator-303bf00d-2bd5-43c7-9aa5-57621ffab7e6",
                "portID": "input-1"
            }
        },
        {
            "linkID": "link-1288d661-6da9-40e3-8a96-4c2b078b7f5e",
            "source": {
                "operatorID": "Dummy-operator-303bf00d-2bd5-43c7-9aa5-57621ffab7e6",
                "portID": "output-1"
            },
            "target": {
                "operatorID": "Dummy-operator-38dbd2c7-17e4-44b8-bdd8-e31057a6e9f5",
                "portID": "input-1"
            }
        },
        {
            "linkID": "link-d6828c4d-4baf-4f60-b215-9b06de834b07",
            "source": {
                "operatorID": "Dummy-operator-38dbd2c7-17e4-44b8-bdd8-e31057a6e9f5",
                "portID": "output-1"
            },
            "target": {
                "operatorID": "Dummy-operator-f3dd52b0-e856-4b2b-8cd4-c348f345e4f1",
                "portID": "input-1"
            }
        },
        {
            "linkID": "link-81b885cc-bd3a-44cc-b62f-22999a8a1f0c",
            "source": {
                "operatorID": "Dummy-operator-f3dd52b0-e856-4b2b-8cd4-c348f345e4f1",
                "portID": "output-1"
            },
            "target": {
                "operatorID": "Dummy-operator-ea29a020-6078-4842-8d99-a128a5d98f1c",
                "portID": "input-1"
            }
        },
        {
            "linkID": "link-97fdc2dd-961a-4967-92d7-3ac15c2996fa",
            "source": {
                "operatorID": "Dummy-operator-9353a880-1f52-43c2-87d6-b2983331defe",
                "portID": "output-1"
            },
            "target": {
                "operatorID": "Dummy-operator-420e9ecc-afe5-4dc9-8735-5fe40d34045f",
                "portID": "input-1"
            }
        },
        {
            "linkID": "link-77554711-0ebc-47c5-b3f1-f65282bb6d53",
            "source": {
                "operatorID": "Dummy-operator-420e9ecc-afe5-4dc9-8735-5fe40d34045f",
                "portID": "output-1"
            },
            "target": {
                "operatorID": "Dummy-operator-de8745ba-a10a-4687-8405-5d8586225e72",
                "portID": "input-1"
            }
        },
        {
            "linkID": "link-5196db90-6816-402b-a6ba-5aed1ee62162",
            "source": {
                "operatorID": "Dummy-operator-de8745ba-a10a-4687-8405-5d8586225e72",
                "portID": "output-1"
            },
            "target": {
                "operatorID": "Dummy-operator-cf076e89-b5f7-4684-9ec1-4b5b6ea35acc",
                "portID": "input-1"
            }
        },
        {
            "linkID": "link-d28f4d40-7c10-4823-ac58-b778fac0c6bc",
            "source": {
                "operatorID": "Dummy-operator-cf076e89-b5f7-4684-9ec1-4b5b6ea35acc",
                "portID": "output-1"
            },
            "target": {
                "operatorID": "Dummy-operator-33e201ee-841e-46bf-86d9-235636907690",
                "portID": "input-1"
            }
        },
        {
            "linkID": "link-39f0020b-ffcc-48c1-8ec7-f8c572f9ff5e",
            "source": {
                "operatorID": "Dummy-operator-33e201ee-841e-46bf-86d9-235636907690",
                "portID": "output-1"
            },
            "target": {
                "operatorID": "Dummy-operator-9095399c-d5e8-489f-82be-006c91747728",
                "portID": "input-1"
            }
        },
        {
            "linkID": "link-bcb1988e-4cc4-439a-979f-229d37a756af",
            "source": {
                "operatorID": "Dummy-operator-9095399c-d5e8-489f-82be-006c91747728",
                "portID": "output-1"
            },
            "target": {
                "operatorID": "Dummy-operator-3ef1881b-6839-4705-8822-a788602c7a33",
                "portID": "input-1"
            }
        },
        {
            "linkID": "link-5f281bc9-a70e-4def-9b57-de0ab418c406",
            "source": {
                "operatorID": "Dummy-operator-3ef1881b-6839-4705-8822-a788602c7a33",
                "portID": "output-2"
            },
            "target": {
                "operatorID": "Dummy-operator-2d174b96-2178-4b7a-8a4d-dd290721d5ef",
                "portID": "input-2"
            }
        },
        {
            "linkID": "link-526d98a5-ee28-462a-9417-efc92cd86451",
            "source": {
                "operatorID": "Dummy-operator-3ef1881b-6839-4705-8822-a788602c7a33",
                "portID": "output-1"
            },
            "target": {
                "operatorID": "Dummy-operator-15367bc9-138c-49e3-b71a-907ab0a5407f",
                "portID": "input-1"
            }
        },
        {
            "linkID": "link-462c277d-a5da-410b-a630-00ba98ef1054",
            "source": {
                "operatorID": "Dummy-operator-15367bc9-138c-49e3-b71a-907ab0a5407f",
                "portID": "output-3"
            },
            "target": {
                "operatorID": "Dummy-operator-2d174b96-2178-4b7a-8a4d-dd290721d5ef",
                "portID": "input-1"
            }
        },
        {
            "linkID": "link-f330067b-6568-4857-a5ab-94548da4b366",
            "source": {
                "operatorID": "Dummy-operator-2d174b96-2178-4b7a-8a4d-dd290721d5ef",
                "portID": "output-1"
            },
            "target": {
                "operatorID": "Dummy-operator-a91a71c2-03ce-45ad-873c-3c4e43aba93a",
                "portID": "input-1"
            }
        },
        {
            "linkID": "link-a9370a83-ca12-478a-8591-30420588af5c",
            "source": {
                "operatorID": "Dummy-operator-429a6b89-2959-4730-bd89-e5af26aab49a",
                "portID": "output-1"
            },
            "target": {
                "operatorID": "Dummy-operator-b93812e6-5fe3-4179-819b-932cf536b8d9",
                "portID": "input-1"
            }
        }
    ],
    "groups": [],
    "breakpoints": {},
    "commentBoxes": [
        {
            "commentBoxID": "commentBox-adaf0cff-4b1d-48e7-a83c-3159e717f61b",
            "comments": [
                {
                    "content": "https://hub.knime.com/knime/extensions/org.knime.features.base/latest/org.knime.base.node.io.filehandling.csv.reader.CSVTableReaderNodeFactory",
                    "creatorName": "Bot",
                    "createorID": 1,
                    "creationTime": "2024-03-08T10:36:49.883Z"
                }
            ],
            "commentBoxPosition": {
                "x": 264.0,
                "y": 67.0
            }
        },
        {
            "commentBoxID": "commentBox-ed57fab2-c399-45d3-bf23-6cd16e787f68",
            "comments": [
                {
                    "content": "https://hub.knime.com/knime/extensions/org.knime.features.base/latest/org.knime.base.node.io.filehandling.csv.reader.CSVTableReaderNodeFactory",
                    "creatorName": "Bot",
                    "createorID": 1,
                    "creationTime": "2024-03-08T10:36:49.883Z"
                }
            ],
            "commentBoxPosition": {
                "x": 264.0,
                "y": 227.0
            }
        },
        {
            "commentBoxID": "commentBox-7136ea30-5e23-4801-b642-e4eb0795847b",
            "comments": [
                {
                    "content": "https://hub.knime.com/knime/extensions/org.knime.features.base/latest/org.knime.base.node.io.filehandling.csv.reader.CSVTableReaderNodeFactory",
                    "creatorName": "Bot",
                    "createorID": 1,
                    "creationTime": "2024-03-08T10:36:49.883Z"
                }
            ],
            "commentBoxPosition": {
                "x": 384.0,
                "y": 67.0
            }
        },
        {
            "commentBoxID": "commentBox-e4da2084-52df-417c-8416-d418540bae4c",
            "comments": [
                {
                    "content": "https://hub.knime.com/knime/extensions/org.knime.features.base/latest/org.knime.base.node.io.filehandling.csv.reader.CSVTableReaderNodeFactory",
                    "creatorName": "Bot",
                    "createorID": 1,
                    "creationTime": "2024-03-08T10:36:49.883Z"
                }
            ],
            "commentBoxPosition": {
                "x": 384.0,
                "y": 227.0
            }
        },
        {
            "commentBoxID": "commentBox-c4fb352b-45b6-4337-b18d-b3da7155d6f3",
            "comments": [
                {
                    "content": "https://hub.knime.com/knime/extensions/org.knime.features.base/latest/org.knime.base.node.io.filehandling.csv.reader.CSVTableReaderNodeFactory",
                    "creatorName": "Bot",
                    "createorID": 1,
                    "creationTime": "2024-03-08T10:36:49.883Z"
                }
            ],
            "commentBoxPosition": {
                "x": 484.0,
                "y": 147.0
            }
        },
        {
            "commentBoxID": "commentBox-70c2b333-1e1c-4b73-88c3-5137a00415c5",
            "comments": [
                {
                    "content": "https://hub.knime.com/knime/extensions/org.knime.features.base/latest/org.knime.base.node.io.filehandling.csv.reader.CSVTableReaderNodeFactory",
                    "creatorName": "Bot",
                    "createorID": 1,
                    "creationTime": "2024-03-08T10:36:49.883Z"
                }
            ],
            "commentBoxPosition": {
                "x": 684.0,
                "y": 147.0
            }
        },
        {
            "commentBoxID": "commentBox-78653ebf-9879-4431-b569-5bd7f09f48d0",
            "comments": [
                {
                    "content": "https://hub.knime.com/knime/extensions/org.knime.features.base/latest/org.knime.base.node.io.filehandling.csv.reader.CSVTableReaderNodeFactory",
                    "creatorName": "Bot",
                    "createorID": 1,
                    "creationTime": "2024-03-08T10:36:49.883Z"
                }
            ],
            "commentBoxPosition": {
                "x": 824.0,
                "y": 147.0
            }
        },
        {
            "commentBoxID": "commentBox-b5e55738-bc13-4b05-852f-0fb2df69039a",
            "comments": [
                {
                    "content": "https://hub.knime.com/knime/extensions/org.knime.features.base/latest/org.knime.base.node.io.filehandling.csv.reader.CSVTableReaderNodeFactory",
                    "creatorName": "Bot",
                    "createorID": 1,
                    "creationTime": "2024-03-08T10:36:49.883Z"
                }
            ],
            "commentBoxPosition": {
                "x": 104.0,
                "y": 347.0
            }
        },
        {
            "commentBoxID": "commentBox-a90460b3-7b3a-4edf-b5b6-ebac3c3fcb48",
            "comments": [
                {
                    "content": "https://hub.knime.com/knime/extensions/org.knime.features.base/latest/org.knime.base.node.io.filehandling.csv.reader.CSVTableReaderNodeFactory",
                    "creatorName": "Bot",
                    "createorID": 1,
                    "creationTime": "2024-03-08T10:36:49.883Z"
                }
            ],
            "commentBoxPosition": {
                "x": 844.0,
                "y": 347.0
            }
        },
        {
            "commentBoxID": "commentBox-e275f904-ad09-42bc-b460-417fb9a2fb72",
            "comments": [
                {
                    "content": "https://hub.knime.com/knime/extensions/org.knime.features.base/latest/org.knime.base.node.io.filehandling.csv.reader.CSVTableReaderNodeFactory",
                    "creatorName": "Bot",
                    "createorID": 1,
                    "creationTime": "2024-03-08T10:36:49.883Z"
                }
            ],
            "commentBoxPosition": {
                "x": 224.0,
                "y": 347.0
            }
        },
        {
            "commentBoxID": "commentBox-c3f14f87-1393-44cf-9e4d-b3d07ce55167",
            "comments": [
                {
                    "content": "https://hub.knime.com/knime/extensions/org.knime.features.base/latest/org.knime.base.node.io.filehandling.csv.reader.CSVTableReaderNodeFactory",
                    "creatorName": "Bot",
                    "createorID": 1,
                    "creationTime": "2024-03-08T10:36:49.883Z"
                }
            ],
            "commentBoxPosition": {
                "x": 364.0,
                "y": 347.0
            }
        },
        {
            "commentBoxID": "commentBox-51848048-2062-4ac4-a011-08a0f800e214",
            "comments": [
                {
                    "content": "https://hub.knime.com/knime/extensions/org.knime.features.base/latest/org.knime.base.node.io.filehandling.csv.reader.CSVTableReaderNodeFactory",
                    "creatorName": "Bot",
                    "createorID": 1,
                    "creationTime": "2024-03-08T10:36:49.883Z"
                }
            ],
            "commentBoxPosition": {
                "x": 484.0,
                "y": 347.0
            }
        },
        {
            "commentBoxID": "commentBox-320a4752-88c0-497f-aba6-799340d355ad",
            "comments": [
                {
                    "content": "https://hub.knime.com/knime/extensions/org.knime.features.base/latest/org.knime.base.node.io.filehandling.csv.reader.CSVTableReaderNodeFactory",
                    "creatorName": "Bot",
                    "createorID": 1,
                    "creationTime": "2024-03-08T10:36:49.883Z"
                }
            ],
            "commentBoxPosition": {
                "x": 604.0,
                "y": 347.0
            }
        },
        {
            "commentBoxID": "commentBox-1b837059-1047-4153-b50d-c78588852318",
            "comments": [
                {
                    "content": "https://hub.knime.com/knime/extensions/org.knime.features.base/latest/org.knime.base.node.io.filehandling.csv.reader.CSVTableReaderNodeFactory",
                    "creatorName": "Bot",
                    "createorID": 1,
                    "creationTime": "2024-03-08T10:36:49.883Z"
                }
            ],
            "commentBoxPosition": {
                "x": 725.0,
                "y": 347.0
            }
        },
        {
            "commentBoxID": "commentBox-0a7d422b-a460-46cf-8054-f8236bdc0d62",
            "comments": [
                {
                    "content": "https://hub.knime.com/knime/extensions/org.knime.features.base/latest/org.knime.base.node.io.filehandling.csv.reader.CSVTableReaderNodeFactory",
                    "creatorName": "Bot",
                    "createorID": 1,
                    "creationTime": "2024-03-08T10:36:49.883Z"
                }
            ],
            "commentBoxPosition": {
                "x": 124.0,
                "y": 467.0
            }
        },
        {
            "commentBoxID": "commentBox-41d5207e-c47f-423e-9634-179ca7218bf2",
            "comments": [
                {
                    "content": "https://hub.knime.com/knime/extensions/org.knime.features.base/latest/org.knime.base.node.io.filehandling.csv.reader.CSVTableReaderNodeFactory",
                    "creatorName": "Bot",
                    "createorID": 1,
                    "creationTime": "2024-03-08T10:36:49.883Z"
                }
            ],
            "commentBoxPosition": {
                "x": 204.0,
                "y": 467.0
            }
        },
        {
            "commentBoxID": "commentBox-94aa53c2-b0bc-4a55-b833-56ec37f3fb39",
            "comments": [
                {
                    "content": "https://hub.knime.com/knime/extensions/org.knime.features.base/latest/org.knime.base.node.io.filehandling.csv.reader.CSVTableReaderNodeFactory",
                    "creatorName": "Bot",
                    "createorID": 1,
                    "creationTime": "2024-03-08T10:36:49.883Z"
                }
            ],
            "commentBoxPosition": {
                "x": 284.0,
                "y": 467.0
            }
        },
        {
            "commentBoxID": "commentBox-c55e54b4-b16c-4503-a43b-b57246c9e918",
            "comments": [
                {
                    "content": "https://hub.knime.com/knime/extensions/org.knime.features.base/latest/org.knime.base.node.io.filehandling.csv.reader.CSVTableReaderNodeFactory",
                    "creatorName": "Bot",
                    "createorID": 1,
                    "creationTime": "2024-03-08T10:36:49.883Z"
                }
            ],
            "commentBoxPosition": {
                "x": 384.0,
                "y": 467.0
            }
        },
        {
            "commentBoxID": "commentBox-c0ed130a-6066-4e1d-8e8f-59fbd0fc1f1d",
            "comments": [
                {
                    "content": "https://hub.knime.com/knime/extensions/org.knime.features.base/latest/org.knime.base.node.io.filehandling.csv.reader.CSVTableReaderNodeFactory",
                    "creatorName": "Bot",
                    "createorID": 1,
                    "creationTime": "2024-03-08T10:36:49.883Z"
                }
            ],
            "commentBoxPosition": {
                "x": 504.0,
                "y": 467.0
            }
        },
        {
            "commentBoxID": "commentBox-812906bb-1d87-4979-8c49-3468bbee2cda",
            "comments": [
                {
                    "content": "https://hub.knime.com/knime/extensions/org.knime.features.base/latest/org.knime.base.node.io.filehandling.csv.reader.CSVTableReaderNodeFactory",
                    "creatorName": "Bot",
                    "createorID": 1,
                    "creationTime": "2024-03-08T10:36:49.883Z"
                }
            ],
            "commentBoxPosition": {
                "x": 624.0,
                "y": 467.0
            }
        },
        {
            "commentBoxID": "commentBox-19e6a11c-1fb2-4572-bde9-71f0382549e3",
            "comments": [
                {
                    "content": "https://hub.knime.com/knime/extensions/org.knime.features.base/latest/org.knime.base.node.io.filehandling.csv.reader.CSVTableReaderNodeFactory",
                    "creatorName": "Bot",
                    "createorID": 1,
                    "creationTime": "2024-03-08T10:36:49.883Z"
                }
            ],
            "commentBoxPosition": {
                "x": 744.0,
                "y": 507.0
            }
        },
        {
            "commentBoxID": "commentBox-013e5879-3ccc-4cbd-9e90-66904b572426",
            "comments": [
                {
                    "content": "https://hub.knime.com/knime/extensions/org.knime.features.base/latest/org.knime.base.node.io.filehandling.csv.reader.CSVTableReaderNodeFactory",
                    "creatorName": "Bot",
                    "createorID": 1,
                    "creationTime": "2024-03-08T10:36:49.883Z"
                }
            ],
            "commentBoxPosition": {
                "x": 1044.0,
                "y": 527.0
            }
        },
        {
            "commentBoxID": "commentBox-0bf73f3b-df5b-4228-bbd4-b6ff1555fa5c",
            "comments": [
                {
                    "content": "https://hub.knime.com/knime/extensions/org.knime.features.base/latest/org.knime.base.node.io.filehandling.csv.reader.CSVTableReaderNodeFactory",
                    "creatorName": "Bot",
                    "createorID": 1,
                    "creationTime": "2024-03-08T10:36:49.883Z"
                }
            ],
            "commentBoxPosition": {
                "x": 864.0,
                "y": 467.0
            }
        },
        {
            "commentBoxID": "commentBox-e6e19638-dbe8-4b2b-a24d-4e5e91ddd9da",
            "comments": [
                {
                    "content": "https://hub.knime.com/knime/extensions/org.knime.features.base/latest/org.knime.base.node.io.filehandling.csv.reader.CSVTableReaderNodeFactory",
                    "creatorName": "Bot",
                    "createorID": 1,
                    "creationTime": "2024-03-08T10:36:49.883Z"
                }
            ],
            "commentBoxPosition": {
                "x": 964.0,
                "y": 527.0
            }
        },
        {
            "commentBoxID": "commentBox-1dfcc7e4-0873-4a7f-9d96-ae8d231ee598",
            "comments": [
                {
                    "content": "https://hub.knime.com/knime/extensions/org.knime.features.base/latest/org.knime.base.node.io.filehandling.csv.reader.CSVTableReaderNodeFactory",
                    "creatorName": "Bot",
                    "createorID": 1,
                    "creationTime": "2024-03-08T10:36:49.883Z"
                }
            ],
            "commentBoxPosition": {
                "x": 984.0,
                "y": 347.0
            }
        },
        {
            "commentBoxID": "commentBox-b3a6037f-e718-4445-876f-3fd9464ea562",
            "comments": [
                {
                    "content": "https://hub.knime.com/knime/extensions/org.knime.features.base/latest/org.knime.base.node.io.filehandling.csv.reader.CSVTableReaderNodeFactory",
                    "creatorName": "Bot",
                    "createorID": 1,
                    "creationTime": "2024-03-08T10:36:49.883Z"
                }
            ],
            "commentBoxPosition": {
                "x": 564.0,
                "y": 147.0
            }
        }
    ]
}