{
    "operators": [
        {
            "operatorID": "Dummy-operator-48052f76-dfcd-42c8-b619-5ca383c077c7",
            "operatorType": "Dummy",
            "operatorVersion": "",
            "operatorProperties": {
                "dummyPropertyList": [
                    {
                        "dummyProperty": "Source XML",
                        "dummyValue": "Omitted for license reasons"
                    }
                ]
            },
            "inputPorts": [
                {
                    "portID": "input-0",
                    "displayName": "",
                    "allowMultiInputs": true,
                    "isDynamicPort": true
                }
            ],
            "outputPorts": [
                {
                    "portID": "output-0",
                    "displayName": "",
                    "isDynamicPort": true,
                    "isBlocking": false
                },
                {
                    "portID": "output-1",
                    "displayName": "",
                    "isDynamicPort": true,
                    "isBlocking": false,
                    "materializationSize": 80.1259765625
                }
            ],
            "showAdvanced": false,
            "isDisabled": false,
            "customDisplayName": "CSV Reader",
            "dynamicInputPorts": true,
            "dynamicOutputPorts": true
        },
        {
            "operatorID": "Dummy-operator-5dfbb658-6bac-4460-8541-5e959a686205",
            "operatorType": "Dummy",
            "operatorVersion": "",
            "operatorProperties": {
                "dummyPropertyList": [
                    {
                        "dummyProperty": "Source XML",
                        "dummyValue": "Omitted for license reasons"
                    }
                ]
            },
            "inputPorts": [
                {
                    "portID": "input-0",
                    "displayName": "",
                    "allowMultiInputs": true,
                    "isDynamicPort": true
                },
                {
                    "portID": "input-1",
                    "displayName": "",
                    "allowMultiInputs": true,
                    "isDynamicPort": true
                }
            ],
            "outputPorts": [
                {
                    "portID": "output-0",
                    "displayName": "",
                    "isDynamicPort": true,
                    "isBlocking": false
                },
                {
                    "portID": "output-1",
                    "displayName": "",
                    "isDynamicPort": true,
                    "isBlocking": false,
                    "materializationSize": 59.076171875
                }
            ],
            "showAdvanced": false,
            "isDisabled": false,
            "customDisplayName": "Row Filter",
            "dynamicInputPorts": true,
            "dynamicOutputPorts": true
        },
        {
            "operatorID": "Dummy-operator-147bd42b-0b23-43d1-8c5b-164d74a57d4b",
            "operatorType": "Dummy",
            "operatorVersion": "",
            "operatorProperties": {
                "dummyPropertyList": [
                    {
                        "dummyProperty": "Source XML",
                        "dummyValue": "Omitted for license reasons"
                    }
                ]
            },
            "inputPorts": [
                {
                    "portID": "input-0",
                    "displayName": "",
                    "allowMultiInputs": true,
                    "isDynamicPort": true
                },
                {
                    "portID": "input-1",
                    "displayName": "",
                    "allowMultiInputs": true,
                    "isDynamicPort": true
                }
            ],
            "outputPorts": [
                {
                    "portID": "output-0",
                    "displayName": "",
                    "isDynamicPort": true,
                    "isBlocking": false
                },
                {
                    "portID": "output-1",
                    "displayName": "",
                    "isDynamicPort": true,
                    "isBlocking": false,
                    "materializationSize": 50.994140625
                }
            ],
            "showAdvanced": false,
            "isDisabled": false,
            "customDisplayName": "Row Filter",
            "dynamicInputPorts": true,
            "dynamicOutputPorts": true
        },
        {
            "operatorID": "Dummy-operator-f2f0ed0f-7418-4753-9a3b-434beda55102",
            "operatorType": "Dummy",
            "operatorVersion": "",
            "operatorProperties": {
                "dummyPropertyList": [
                    {
                        "dummyProperty": "Source XML",
                        "dummyValue": "Omitted for license reasons"
                    }
                ]
            },
            "inputPorts": [
                {
                    "portID": "input-0",
                    "displayName": "",
                    "allowMultiInputs": true,
                    "isDynamicPort": true
                },
                {
                    "portID": "input-1",
                    "displayName": "",
                    "allowMultiInputs": true,
                    "isDynamicPort": true
                }
            ],
            "outputPorts": [
                {
                    "portID": "output-0",
                    "displayName": "",
                    "isDynamicPort": true,
                    "isBlocking": false
                },
                {
                    "portID": "output-1",
                    "displayName": "",
                    "isDynamicPort": true,
                    "isBlocking": true,
                    "materializationSize": 0.28125
                },
                {
                    "portID": "output-2",
                    "displayName": "",
                    "isDynamicPort": true,
                    "isBlocking": false,
                    "materializationSize": 14.9130859375
                }
            ],
            "showAdvanced": false,
            "isDisabled": false,
            "customDisplayName": "Scatter Plot _Plotly_",
            "dynamicInputPorts": true,
            "dynamicOutputPorts": true
        },
        {
            "operatorID": "Dummy-operator-ba335a56-644c-405b-8518-1b622f9ad2fd",
            "operatorType": "Dummy",
            "operatorVersion": "",
            "operatorProperties": {
                "dummyPropertyList": [
                    {
                        "dummyProperty": "Source XML",
                        "dummyValue": "Omitted for license reasons"
                    }
                ]
            },
            "inputPorts": [
                {
                    "portID": "input-0",
                    "displayName": "",
                    "allowMultiInputs": true,
                    "isDynamicPort": true
                },
                {
                    "portID": "input-1",
                    "displayName": "",
                    "allowMultiInputs": true,
                    "isDynamicPort": true
                }
            ],
            "outputPorts": [
                {
                    "portID": "output-0",
                    "displayName": "",
                    "isDynamicPort": true,
                    "isBlocking": false
                },
                {
                    "portID": "output-1",
                    "displayName": "",
                    "isDynamicPort": true,
                    "isBlocking": false,
                    "materializationSize": 20.0810546875
                }
            ],
            "showAdvanced": false,
            "isDisabled": false,
            "customDisplayName": "Column Filter",
            "dynamicInputPorts": true,
            "dynamicOutputPorts": true
        },
        {
            "operatorID": "Dummy-operator-33bb443f-4106-46b8-b785-1ce391615d1f",
            "operatorType": "Dummy",
            "operatorVersion": "",
            "operatorProperties": {
                "dummyPropertyList": [
                    {
                        "dummyProperty": "Source XML",
                        "dummyValue": "Omitted for license reasons"
                    }
                ]
            },
            "inputPorts": [
                {
                    "portID": "input-0",
                    "displayName": "",
                    "allowMultiInputs": true,
                    "isDynamicPort": true
                },
                {
                    "portID": "input-1",
                    "displayName": "",
                    "allowMultiInputs": true,
                    "isDynamicPort": true
                }
            ],
            "outputPorts": [
                {
                    "portID": "output-0",
                    "displayName": "",
                    "isDynamicPort": true,
                    "isBlocking": false
                },
                {
                    "portID": "output-1",
                    "displayName": "",
                    "isDynamicPort": true,
                    "isBlocking": false,
                    "materializationSize": 19.0654296875
                }
            ],
            "showAdvanced": false,
            "isDisabled": false,
            "customDisplayName": "Column Rename",
            "dynamicInputPorts": true,
            "dynamicOutputPorts": true
        },
        {
            "operatorID": "Dummy-operator-5ee33ae0-fe79-4717-8e6f-65df703ca74a",
            "operatorType": "Dummy",
            "operatorVersion": "",
            "operatorProperties": {
                "dummyPropertyList": [
                    {
                        "dummyProperty": "Source XML",
                        "dummyValue": "Omitted for license reasons"
                    }
                ]
            },
            "inputPorts": [
                {
                    "portID": "input-0",
                    "displayName": "",
                    "allowMultiInputs": true,
                    "isDynamicPort": true
                },
                {
                    "portID": "input-1",
                    "displayName": "",
                    "allowMultiInputs": true,
                    "isDynamicPort": true
                }
            ],
            "outputPorts": [
                {
                    "portID": "output-0",
                    "displayName": "",
                    "isDynamicPort": true,
                    "isBlocking": false
                },
                {
                    "portID": "output-1",
                    "displayName": "",
                    "isDynamicPort": true,
                    "isBlocking": false,
                    "materializationSize": 20.07421875
                }
            ],
            "showAdvanced": false,
            "isDisabled": false,
            "customDisplayName": "Column Filter",
            "dynamicInputPorts": true,
            "dynamicOutputPorts": true
        },
        {
            "operatorID": "Dummy-operator-cbe111e8-1306-4b86-a0bc-601cfab9e4d6",
            "operatorType": "Dummy",
            "operatorVersion": "",
            "operatorProperties": {
                "dummyPropertyList": [
                    {
                        "dummyProperty": "Source XML",
                        "dummyValue": "Omitted for license reasons"
                    }
                ]
            },
            "inputPorts": [
                {
                    "portID": "input-0",
                    "displayName": "",
                    "allowMultiInputs": true,
                    "isDynamicPort": true
                },
                {
                    "portID": "input-1",
                    "displayName": "",
                    "allowMultiInputs": true,
                    "isDynamicPort": true
                }
            ],
            "outputPorts": [
                {
                    "portID": "output-0",
                    "displayName": "",
                    "isDynamicPort": true,
                    "isBlocking": false
                },
                {
                    "portID": "output-1",
                    "displayName": "",
                    "isDynamicPort": true,
                    "isBlocking": false,
                    "materializationSize": 22.2939453125
                }
            ],
            "showAdvanced": false,
            "isDisabled": false,
            "customDisplayName": "Constant Value Column",
            "dynamicInputPorts": true,
            "dynamicOutputPorts": true
        },
        {
            "operatorID": "Dummy-operator-c91413b3-5424-48bf-b016-a7e4653c43a6",
            "operatorType": "Dummy",
            "operatorVersion": "",
            "operatorProperties": {
                "dummyPropertyList": [
                    {
                        "dummyProperty": "Source XML",
                        "dummyValue": "Omitted for license reasons"
                    }
                ]
            },
            "inputPorts": [
                {
                    "portID": "input-0",
                    "displayName": "",
                    "allowMultiInputs": true,
                    "isDynamicPort": true
                },
                {
                    "portID": "input-1",
                    "displayName": "",
                    "allowMultiInputs": true,
                    "isDynamicPort": true
                }
            ],
            "outputPorts": [
                {
                    "portID": "output-0",
                    "displayName": "",
                    "isDynamicPort": true,
                    "isBlocking": false
                },
                {
                    "portID": "output-1",
                    "displayName": "",
                    "isDynamicPort": true,
                    "isBlocking": false,
                    "materializationSize": 22.40625
                }
            ],
            "showAdvanced": false,
            "isDisabled": false,
            "customDisplayName": "Constant Value Column",
            "dynamicInputPorts": true,
            "dynamicOutputPorts": true
        },
        {
            "operatorID": "Dummy-operator-32301263-2538-479e-bb75-c1f6795cd2a6",
            "operatorType": "Dummy",
            "operatorVersion": "",
            "operatorProperties": {
                "dummyPropertyList": [
                    {
                        "dummyProperty": "Source XML",
                        "dummyValue": "Omitted for license reasons"
                    }
                ]
            },
            "inputPorts": [
                {
                    "portID": "input-0",
                    "displayName": "",
                    "allowMultiInputs": true,
                    "isDynamicPort": true
                },
                {
                    "portID": "input-1",
                    "displayName": "",
                    "allowMultiInputs": true,
                    "isDynamicPort": true
                },
                {
                    "portID": "input-2",
                    "displayName": "",
                    "allowMultiInputs": true,
                    "isDynamicPort": true
                }
            ],
            "outputPorts": [
                {
                    "portID": "output-0",
                    "displayName": "",
                    "isDynamicPort": true,
                    "isBlocking": true
                },
                {
                    "portID": "output-1",
                    "displayName": "",
                    "isDynamicPort": true,
                    "isBlocking": true,
                    "materializationSize": 50.904296875
                }
            ],
            "showAdvanced": false,
            "isDisabled": false,
            "customDisplayName": "Table Manipulator",
            "dynamicInputPorts": true,
            "dynamicOutputPorts": true
        },
        {
            "operatorID": "Dummy-operator-5a03fca3-bf7d-40dd-966a-75c4001d52d5",
            "operatorType": "Dummy",
            "operatorVersion": "",
            "operatorProperties": {
                "dummyPropertyList": [
                    {
                        "dummyProperty": "Source XML",
                        "dummyValue": "Omitted for license reasons"
                    }
                ]
            },
            "inputPorts": [
                {
                    "portID": "input-0",
                    "displayName": "",
                    "allowMultiInputs": true,
                    "isDynamicPort": true
                },
                {
                    "portID": "input-1",
                    "displayName": "",
                    "allowMultiInputs": true,
                    "isDynamicPort": true
                }
            ],
            "outputPorts": [
                {
                    "portID": "output-0",
                    "displayName": "",
                    "isDynamicPort": true,
                    "isBlocking": false
                },
                {
                    "portID": "output-1",
                    "displayName": "",
                    "isDynamicPort": true,
                    "isBlocking": false,
                    "materializationSize": 10.896484375
                },
                {
                    "portID": "output-2",
                    "displayName": "",
                    "isDynamicPort": true,
                    "isBlocking": true,
                    "materializationSize": 1.322265625
                }
            ],
            "showAdvanced": false,
            "isDisabled": false,
            "customDisplayName": "Color Manager",
            "dynamicInputPorts": true,
            "dynamicOutputPorts": true
        },
        {
            "operatorID": "Dummy-operator-d943057f-b0a5-41cc-a3f7-7b1664deb218",
            "operatorType": "Dummy",
            "operatorVersion": "",
            "operatorProperties": {
                "dummyPropertyList": [
                    {
                        "dummyProperty": "Source XML",
                        "dummyValue": "Omitted for license reasons"
                    }
                ]
            },
            "inputPorts": [
                {
                    "portID": "input-0",
                    "displayName": "",
                    "allowMultiInputs": true,
                    "isDynamicPort": true
                },
                {
                    "portID": "input-1",
                    "displayName": "",
                    "allowMultiInputs": true,
                    "isDynamicPort": true
                }
            ],
            "outputPorts": [
                {
                    "portID": "output-0",
                    "displayName": "",
                    "isDynamicPort": true,
                    "isBlocking": false
                },
                {
                    "portID": "output-1",
                    "displayName": "",
                    "isDynamicPort": true,
                    "isBlocking": false,
                    "materializationSize": 27.7900390625
                }
            ],
            "showAdvanced": false,
            "isDisabled": false,
            "customDisplayName": "Constant Value Column",
            "dynamicInputPorts": true,
            "dynamicOutputPorts": true
        },
        {
            "operatorID": "Dummy-operator-b3f98731-5bb7-485b-86b4-0cceba5cef16",
            "operatorType": "Dummy",
            "operatorVersion": "",
            "operatorProperties": {
                "dummyPropertyList": [
                    {
                        "dummyProperty": "Source XML",
                        "dummyValue": "Omitted for license reasons"
                    }
                ]
            },
            "inputPorts": [
                {
                    "portID": "input-0",
                    "displayName": "",
                    "allowMultiInputs": true,
                    "isDynamicPort": true
                },
                {
                    "portID": "input-1",
                    "displayName": "",
                    "allowMultiInputs": true,
                    "isDynamicPort": true
                }
            ],
            "outputPorts": [
                {
                    "portID": "output-0",
                    "displayName": "",
                    "isDynamicPort": true,
                    "isBlocking": false
                },
                {
                    "portID": "output-1",
                    "displayName": "",
                    "isDynamicPort": true,
                    "isBlocking": false,
                    "materializationSize": 28.7646484375
                }
            ],
            "showAdvanced": false,
            "isDisabled": false,
            "customDisplayName": "Constant Value Column",
            "dynamicInputPorts": true,
            "dynamicOutputPorts": true
        },
        {
            "operatorID": "Dummy-operator-58f4c761-0db3-4663-b266-1f9907c94038",
            "operatorType": "Dummy",
            "operatorVersion": "",
            "operatorProperties": {
                "dummyPropertyList": [
                    {
                        "dummyProperty": "Source XML",
                        "dummyValue": "Omitted for license reasons"
                    }
                ]
            },
            "inputPorts": [
                {
                    "portID": "input-0",
                    "displayName": "",
                    "allowMultiInputs": true,
                    "isDynamicPort": true
                },
                {
                    "portID": "input-1",
                    "displayName": "",
                    "allowMultiInputs": true,
                    "isDynamicPort": true
                }
            ],
            "outputPorts": [
                {
                    "portID": "output-0",
                    "displayName": "",
                    "isDynamicPort": true,
                    "isBlocking": false
                },
                {
                    "portID": "output-1",
                    "displayName": "",
                    "isDynamicPort": true,
                    "isBlocking": false,
                    "materializationSize": 33.73828125
                }
            ],
            "showAdvanced": false,
            "isDisabled": false,
            "customDisplayName": "Column Combiner",
            "dynamicInputPorts": true,
            "dynamicOutputPorts": true
        },
        {
            "operatorID": "Dummy-operator-01c684a2-c0a0-4906-928e-dc29866e7ab6",
            "operatorType": "Dummy",
            "operatorVersion": "",
            "operatorProperties": {
                "dummyPropertyList": [
                    {
                        "dummyProperty": "Source XML",
                        "dummyValue": "Omitted for license reasons"
                    }
                ]
            },
            "inputPorts": [
                {
                    "portID": "input-0",
                    "displayName": "",
                    "allowMultiInputs": true,
                    "isDynamicPort": true
                },
                {
                    "portID": "input-1",
                    "displayName": "",
                    "allowMultiInputs": true,
                    "isDynamicPort": true
                }
            ],
            "outputPorts": [
                {
                    "portID": "output-0",
                    "displayName": "",
                    "isDynamicPort": true,
                    "isBlocking": false
                },
                {
                    "portID": "output-1",
                    "displayName": "",
                    "isDynamicPort": true,
                    "isBlocking": false,
                    "materializationSize": 34.3388671875
                }
            ],
            "showAdvanced": false,
            "isDisabled": false,
            "customDisplayName": "Column Combiner",
            "dynamicInputPorts": true,
            "dynamicOutputPorts": true
        },
        {
            "operatorID": "Dummy-operator-c75b3ed5-2c9b-4fb2-a9fa-f81211fa468c",
            "operatorType": "Dummy",
            "operatorVersion": "",
            "operatorProperties": {
                "dummyPropertyList": [
                    {
                        "dummyProperty": "Source XML",
                        "dummyValue": "Omitted for license reasons"
                    }
                ]
            },
            "inputPorts": [
                {
                    "portID": "input-0",
                    "displayName": "",
                    "allowMultiInputs": true,
                    "isDynamicPort": true
                },
                {
                    "portID": "input-1",
                    "displayName": "",
                    "allowMultiInputs": true,
                    "isDynamicPort": true
                }
            ],
            "outputPorts": [
                {
                    "portID": "output-0",
                    "displayName": "",
                    "isDynamicPort": true,
                    "isBlocking": false
                },
                {
                    "portID": "output-1",
                    "displayName": "",
                    "isDynamicPort": true,
                    "isBlocking": true,
                    "materializationSize": 411.5654296875
                }
            ],
            "showAdvanced": false,
            "isDisabled": false,
            "customDisplayName": "Python View",
            "dynamicInputPorts": true,
            "dynamicOutputPorts": true
        }
    ],
    "operatorPositions": {
        "Dummy-operator-48052f76-dfcd-42c8-b619-5ca383c077c7": {
            "x": -66.0,
            "y": 217.0
        },
        "Dummy-operator-5dfbb658-6bac-4460-8541-5e959a686205": {
            "x": 14.0,
            "y": 177.0
        },
        "Dummy-operator-147bd42b-0b23-43d1-8c5b-164d74a57d4b": {
            "x": 114.0,
            "y": 177.0
        },
        "Dummy-operator-f2f0ed0f-7418-4753-9a3b-434beda55102": {
            "x": 820.0,
            "y": 152.0
        },
        "Dummy-operator-ba335a56-644c-405b-8518-1b622f9ad2fd": {
            "x": 224.0,
            "y": 77.0
        },
        "Dummy-operator-33bb443f-4106-46b8-b785-1ce391615d1f": {
            "x": 344.0,
            "y": 37.0
        },
        "Dummy-operator-5ee33ae0-fe79-4717-8e6f-65df703ca74a": {
            "x": 224.0,
            "y": 177.0
        },
        "Dummy-operator-cbe111e8-1306-4b86-a0bc-601cfab9e4d6": {
            "x": 464.0,
            "y": 37.0
        },
        "Dummy-operator-c91413b3-5424-48bf-b016-a7e4653c43a6": {
            "x": 466.0,
            "y": 172.0
        },
        "Dummy-operator-32301263-2538-479e-bb75-c1f6795cd2a6": {
            "x": 579.0,
            "y": 137.0
        },
        "Dummy-operator-5a03fca3-bf7d-40dd-966a-75c4001d52d5": {
            "x": 709.0,
            "y": 137.0
        },
        "Dummy-operator-d943057f-b0a5-41cc-a3f7-7b1664deb218": {
            "x": 226.0,
            "y": 332.0
        },
        "Dummy-operator-b3f98731-5bb7-485b-86b4-0cceba5cef16": {
            "x": 306.0,
            "y": 332.0
        },
        "Dummy-operator-58f4c761-0db3-4663-b266-1f9907c94038": {
            "x": 419.0,
            "y": 317.0
        },
        "Dummy-operator-01c684a2-c0a0-4906-928e-dc29866e7ab6": {
            "x": 539.0,
            "y": 317.0
        },
        "Dummy-operator-c75b3ed5-2c9b-4fb2-a9fa-f81211fa468c": {
            "x": 584.0,
            "y": 497.0
        }
    },
    "links": [
        {
            "linkID": "link-3f785521-e444-4107-ab7d-88ead3f82f40",
            "source": {
                "operatorID": "Dummy-operator-48052f76-dfcd-42c8-b619-5ca383c077c7",
                "portID": "output-1"
            },
            "target": {
                "operatorID": "Dummy-operator-5dfbb658-6bac-4460-8541-5e959a686205",
                "portID": "input-1"
            }
        },
        {
            "linkID": "link-baa659da-5b41-4047-9978-f272ac13c4c1",
            "source": {
                "operatorID": "Dummy-operator-5dfbb658-6bac-4460-8541-5e959a686205",
                "portID": "output-1"
            },
            "target": {
                "operatorID": "Dummy-operator-147bd42b-0b23-43d1-8c5b-164d74a57d4b",
                "portID": "input-1"
            }
        },
        {
            "linkID": "link-f8d6c4ea-8fd9-49cf-9b7b-ca4e7a245a9e",
            "source": {
                "operatorID": "Dummy-operator-147bd42b-0b23-43d1-8c5b-164d74a57d4b",
                "portID": "output-1"
            },
            "target": {
                "operatorID": "Dummy-operator-ba335a56-644c-405b-8518-1b622f9ad2fd",
                "portID": "input-1"
            }
        },
        {
            "linkID": "link-71f7b4d9-d211-4527-bd31-92559e78dbdc",
            "source": {
                "operatorID": "Dummy-operator-147bd42b-0b23-43d1-8c5b-164d74a57d4b",
                "portID": "output-1"
            },
            "target": {
                "operatorID": "Dummy-operator-5ee33ae0-fe79-4717-8e6f-65df703ca74a",
                "portID": "input-1"
            }
        },
        {
            "linkID": "link-7d605f7e-26f8-446d-bede-c5bdaee73144",
            "source": {
                "operatorID": "Dummy-operator-147bd42b-0b23-43d1-8c5b-164d74a57d4b",
                "portID": "output-1"
            },
            "target": {
                "operatorID": "Dummy-operator-d943057f-b0a5-41cc-a3f7-7b1664deb218",
                "portID": "input-1"
            }
        },
        {
            "linkID": "link-e52de24a-cbf7-4cfe-ab20-68e36f90081a",
            "source": {
                "operatorID": "Dummy-operator-ba335a56-644c-405b-8518-1b622f9ad2fd",
                "portID": "output-1"
            },
            "target": {
                "operatorID": "Dummy-operator-33bb443f-4106-46b8-b785-1ce391615d1f",
                "portID": "input-1"
            }
        },
        {
            "linkID": "link-7c6b9a0c-5feb-44e9-a0ad-a08786b83704",
            "source": {
                "operatorID": "Dummy-operator-33bb443f-4106-46b8-b785-1ce391615d1f",
                "portID": "output-1"
            },
            "target": {
                "operatorID": "Dummy-operator-cbe111e8-1306-4b86-a0bc-601cfab9e4d6",
                "portID": "input-1"
            }
        },
        {
            "linkID": "link-fc5944e8-7fb0-44a7-9020-47f8cd5d86e8",
            "source": {
                "operatorID": "Dummy-operator-5ee33ae0-fe79-4717-8e6f-65df703ca74a",
                "portID": "output-1"
            },
            "target": {
                "operatorID": "Dummy-operator-c91413b3-5424-48bf-b016-a7e4653c43a6",
                "portID": "input-1"
            }
        },
        {
            "linkID": "link-b034c422-b573-4774-af22-eb5451220cb6",
            "source": {
                "operatorID": "Dummy-operator-cbe111e8-1306-4b86-a0bc-601cfab9e4d6",
                "portID": "output-1"
            },
            "target": {
                "operatorID": "Dummy-operator-32301263-2538-479e-bb75-c1f6795cd2a6",
                "portID": "input-1"
            }
        },
        {
            "linkID": "link-15e4c227-034c-486b-9afd-33db049b9789",
            "source": {
                "operatorID": "Dummy-operator-c91413b3-5424-48bf-b016-a7e4653c43a6",
                "portID": "output-1"
            },
            "target": {
                "operatorID": "Dummy-operator-32301263-2538-479e-bb75-c1f6795cd2a6",
                "portID": "input-2"
            }
        },
        {
            "linkID": "link-dcf4ac42-3f39-482f-a57c-41e434047d3f",
            "source": {
                "operatorID": "Dummy-operator-32301263-2538-479e-bb75-c1f6795cd2a6",
                "portID": "output-1"
            },
            "target": {
                "operatorID": "Dummy-operator-5a03fca3-bf7d-40dd-966a-75c4001d52d5",
                "portID": "input-1"
            }
        },
        {
            "linkID": "link-c40ded8d-6826-44ab-b907-cf15b0554967",
            "source": {
                "operatorID": "Dummy-operator-5a03fca3-bf7d-40dd-966a-75c4001d52d5",
                "portID": "output-1"
            },
            "target": {
                "operatorID": "Dummy-operator-f2f0ed0f-7418-4753-9a3b-434beda55102",
                "portID": "input-1"
            }
        },
        {
            "linkID": "link-95db2f8a-bf48-4b34-943a-8703e087fc6b",
            "source": {
                "operatorID": "Dummy-operator-d943057f-b0a5-41cc-a3f7-7b1664deb218",
                "portID": "output-1"
            },
            "target": {
                "operatorID": "Dummy-operator-b3f98731-5bb7-485b-86b4-0cceba5cef16",
                "portID": "input-1"
            }
        },
        {
            "linkID": "link-bfb9cfec-53de-4c40-987f-c6da952ed96a",
            "source": {
                "operatorID": "Dummy-operator-b3f98731-5bb7-485b-86b4-0cceba5cef16",
                "portID": "output-1"
            },
            "target": {
                "operatorID": "Dummy-operator-58f4c761-0db3-4663-b266-1f9907c94038",
                "portID": "input-1"
            }
        },
        {
            "linkID": "link-0edd3931-41c4-4409-8a2e-e9f93e3e968e",
            "source": {
                "operatorID": "Dummy-operator-58f4c761-0db3-4663-b266-1f9907c94038",
                "portID": "output-1"
            },
            "target": {
                "operatorID": "Dummy-operator-01c684a2-c0a0-4906-928e-dc29866e7ab6",
                "portID": "input-1"
            }
        },
        {
            "linkID": "link-93cb0f3f-42aa-4c8d-bc74-1a86521a1171",
            "source": {
                "operatorID": "Dummy-operator-01c684a2-c0a0-4906-928e-dc29866e7ab6",
                "portID": "output-1"
            },
            "target": {
                "operatorID": "Dummy-operator-c75b3ed5-2c9b-4fb2-a9fa-f81211fa468c",
                "portID": "input-1"
            }
        }
    ],
    "groups": [],
    "breakpoints": {},
    "commentBoxes": [
        {
            "commentBoxID": "commentBox-f406cf24-5bc1-4ae9-97e3-265014856ddb",
            "comments": [
                {
                    "content": "https://hub.knime.com/knime/extensions/org.knime.features.base/latest/org.knime.base.node.io.filehandling.csv.reader.CSVTableReaderNodeFactory",
                    "creatorName": "Bot",
                    "createorID": 1,
                    "creationTime": "2024-03-08T10:36:49.883Z"
                }
            ],
            "commentBoxPosition": {
                "x": -6.0,
                "y": 247.0
            }
        },
        {
            "commentBoxID": "commentBox-56049028-b787-46af-8c30-a961f66e5099",
            "comments": [
                {
                    "content": "https://hub.knime.com/knime/extensions/org.knime.features.base/latest/org.knime.base.node.io.filehandling.csv.reader.CSVTableReaderNodeFactory",
                    "creatorName": "Bot",
                    "createorID": 1,
                    "creationTime": "2024-03-08T10:36:49.883Z"
                }
            ],
            "commentBoxPosition": {
                "x": 74.0,
                "y": 207.0
            }
        },
        {
            "commentBoxID": "commentBox-d9c74bcf-23d7-496c-9081-e57c3926d064",
            "comments": [
                {
                    "content": "https://hub.knime.com/knime/extensions/org.knime.features.base/latest/org.knime.base.node.io.filehandling.csv.reader.CSVTableReaderNodeFactory",
                    "creatorName": "Bot",
                    "createorID": 1,
                    "creationTime": "2024-03-08T10:36:49.883Z"
                }
            ],
            "commentBoxPosition": {
                "x": 174.0,
                "y": 207.0
            }
        },
        {
            "commentBoxID": "commentBox-93250aa5-8ccd-4abe-a7f5-28228a2be2c1",
            "comments": [
                {
                    "content": "https://hub.knime.com/knime/extensions/org.knime.features.base/latest/org.knime.base.node.io.filehandling.csv.reader.CSVTableReaderNodeFactory",
                    "creatorName": "Bot",
                    "createorID": 1,
                    "creationTime": "2024-03-08T10:36:49.883Z"
                }
            ],
            "commentBoxPosition": {
                "x": 880.0,
                "y": 182.0
            }
        },
        {
            "commentBoxID": "commentBox-5c69a400-5930-4deb-8b4a-2765fa2756aa",
            "comments": [
                {
                    "content": "https://hub.knime.com/knime/extensions/org.knime.features.base/latest/org.knime.base.node.io.filehandling.csv.reader.CSVTableReaderNodeFactory",
                    "creatorName": "Bot",
                    "createorID": 1,
                    "creationTime": "2024-03-08T10:36:49.883Z"
                }
            ],
            "commentBoxPosition": {
                "x": 284.0,
                "y": 107.0
            }
        },
        {
            "commentBoxID": "commentBox-e3efb35f-9f91-4d94-a3a8-0e4992168c11",
            "comments": [
                {
                    "content": "https://hub.knime.com/knime/extensions/org.knime.features.base/latest/org.knime.base.node.io.filehandling.csv.reader.CSVTableReaderNodeFactory",
                    "creatorName": "Bot",
                    "createorID": 1,
                    "creationTime": "2024-03-08T10:36:49.883Z"
                }
            ],
            "commentBoxPosition": {
                "x": 404.0,
                "y": 67.0
            }
        },
        {
            "commentBoxID": "commentBox-b32a3118-87d5-41cb-a601-93639c4c6abe",
            "comments": [
                {
                    "content": "https://hub.knime.com/knime/extensions/org.knime.features.base/latest/org.knime.base.node.io.filehandling.csv.reader.CSVTableReaderNodeFactory",
                    "creatorName": "Bot",
                    "createorID": 1,
                    "creationTime": "2024-03-08T10:36:49.883Z"
                }
            ],
            "commentBoxPosition": {
                "x": 284.0,
                "y": 207.0
            }
        },
        {
            "commentBoxID": "commentBox-91651234-b488-41ca-8e86-4a66351d2cfd",
            "comments": [
                {
                    "content": "https://hub.knime.com/knime/extensions/org.knime.features.base/latest/org.knime.base.node.io.filehandling.csv.reader.CSVTableReaderNodeFactory",
                    "creatorName": "Bot",
                    "createorID": 1,
                    "creationTime": "2024-03-08T10:36:49.883Z"
                }
            ],
            "commentBoxPosition": {
                "x": 524.0,
                "y": 67.0
            }
        },
        {
            "commentBoxID": "commentBox-c7d0590a-763d-4ac6-8460-f1ee88ea22fc",
            "comments": [
                {
                    "content": "https://hub.knime.com/knime/extensions/org.knime.features.base/latest/org.knime.base.node.io.filehandling.csv.reader.CSVTableReaderNodeFactory",
                    "creatorName": "Bot",
                    "createorID": 1,
                    "creationTime": "2024-03-08T10:36:49.883Z"
                }
            ],
            "commentBoxPosition": {
                "x": 526.0,
                "y": 202.0
            }
        },
        {
            "commentBoxID": "commentBox-65e1deac-b182-4b55-818e-c0781d250ca9",
            "comments": [
                {
                    "content": "https://hub.knime.com/knime/extensions/org.knime.features.base/latest/org.knime.base.node.io.filehandling.csv.reader.CSVTableReaderNodeFactory",
                    "creatorName": "Bot",
                    "createorID": 1,
                    "creationTime": "2024-03-08T10:36:49.883Z"
                }
            ],
            "commentBoxPosition": {
                "x": 639.0,
                "y": 167.0
            }
        },
        {
            "commentBoxID": "commentBox-26b7dc26-a62e-4924-811e-00e9012c2514",
            "comments": [
                {
                    "content": "https://hub.knime.com/knime/extensions/org.knime.features.base/latest/org.knime.base.node.io.filehandling.csv.reader.CSVTableReaderNodeFactory",
                    "creatorName": "Bot",
                    "createorID": 1,
                    "creationTime": "2024-03-08T10:36:49.883Z"
                }
            ],
            "commentBoxPosition": {
                "x": 769.0,
                "y": 167.0
            }
        },
        {
            "commentBoxID": "commentBox-9b9dcc63-cd25-442e-beaa-017255495de6",
            "comments": [
                {
                    "content": "https://hub.knime.com/knime/extensions/org.knime.features.base/latest/org.knime.base.node.io.filehandling.csv.reader.CSVTableReaderNodeFactory",
                    "creatorName": "Bot",
                    "createorID": 1,
                    "creationTime": "2024-03-08T10:36:49.883Z"
                }
            ],
            "commentBoxPosition": {
                "x": 286.0,
                "y": 362.0
            }
        },
        {
            "commentBoxID": "commentBox-75a786d0-6209-40f0-b376-a4c364215ff4",
            "comments": [
                {
                    "content": "https://hub.knime.com/knime/extensions/org.knime.features.base/latest/org.knime.base.node.io.filehandling.csv.reader.CSVTableReaderNodeFactory",
                    "creatorName": "Bot",
                    "createorID": 1,
                    "creationTime": "2024-03-08T10:36:49.883Z"
                }
            ],
            "commentBoxPosition": {
                "x": 366.0,
                "y": 362.0
            }
        },
        {
            "commentBoxID": "commentBox-270ea9be-41f4-443c-aef9-36e9c147185b",
            "comments": [
                {
                    "content": "https://hub.knime.com/knime/extensions/org.knime.features.base/latest/org.knime.base.node.io.filehandling.csv.reader.CSVTableReaderNodeFactory",
                    "creatorName": "Bot",
                    "createorID": 1,
                    "creationTime": "2024-03-08T10:36:49.883Z"
                }
            ],
            "commentBoxPosition": {
                "x": 479.0,
                "y": 347.0
            }
        },
        {
            "commentBoxID": "commentBox-d66de557-7e8d-4f16-9830-c0c103a52ef0",
            "comments": [
                {
                    "content": "https://hub.knime.com/knime/extensions/org.knime.features.base/latest/org.knime.base.node.io.filehandling.csv.reader.CSVTableReaderNodeFactory",
                    "creatorName": "Bot",
                    "createorID": 1,
                    "creationTime": "2024-03-08T10:36:49.883Z"
                }
            ],
            "commentBoxPosition": {
                "x": 599.0,
                "y": 347.0
            }
        },
        {
            "commentBoxID": "commentBox-42e4a6c7-4790-407d-957e-bd235b3cd2a1",
            "comments": [
                {
                    "content": "https://hub.knime.com/knime/extensions/org.knime.features.base/latest/org.knime.base.node.io.filehandling.csv.reader.CSVTableReaderNodeFactory",
                    "creatorName": "Bot",
                    "createorID": 1,
                    "creationTime": "2024-03-08T10:36:49.883Z"
                }
            ],
            "commentBoxPosition": {
                "x": 644.0,
                "y": 527.0
            }
        }
    ]
}