{
    "operators": [
        {
            "operatorID": "Dummy-operator-fabbb64f-af53-4831-bc72-6449d9cd8a64",
            "operatorType": "Dummy",
            "operatorVersion": "",
            "operatorProperties": {
                "dummyPropertyList": [
                    {
                        "dummyProperty": "Source XML",
                        "dummyValue": "Omitted for license reasons"
                    }
                ]
            },
            "inputPorts": [
                {
                    "portID": "input-0",
                    "displayName": "",
                    "allowMultiInputs": true,
                    "isDynamicPort": true
                }
            ],
            "outputPorts": [
                {
                    "portID": "output-0",
                    "displayName": "",
                    "isDynamicPort": true,
                    "isBlocking": false
                },
                {
                    "portID": "output-1",
                    "displayName": "",
                    "isDynamicPort": true,
                    "isBlocking": false,
                    "materializationSize": 234.0166015625
                },
                {
                    "portID": "output-2",
                    "displayName": "",
                    "isDynamicPort": true,
                    "isBlocking": false,
                    "materializationSize": 6.8642578125
                }
            ],
            "showAdvanced": false,
            "isDisabled": false,
            "customDisplayName": "Data Generator",
            "dynamicInputPorts": true,
            "dynamicOutputPorts": true
        },
        {
            "operatorID": "Dummy-operator-92ea16a3-f24c-4267-ad92-b34fae55cbad",
            "operatorType": "Dummy",
            "operatorVersion": "",
            "operatorProperties": {
                "dummyPropertyList": [
                    {
                        "dummyProperty": "Source XML",
                        "dummyValue": "Omitted for license reasons"
                    }
                ]
            },
            "inputPorts": [
                {
                    "portID": "input-0",
                    "displayName": "",
                    "allowMultiInputs": true,
                    "isDynamicPort": true
                },
                {
                    "portID": "input-1",
                    "displayName": "",
                    "allowMultiInputs": true,
                    "isDynamicPort": true
                }
            ],
            "outputPorts": [
                {
                    "portID": "output-0",
                    "displayName": "",
                    "isDynamicPort": true,
                    "isBlocking": false
                },
                {
                    "portID": "output-1",
                    "displayName": "",
                    "isDynamicPort": true,
                    "isBlocking": true,
                    "materializationSize": 2.87890625
                },
                {
                    "portID": "output-2",
                    "displayName": "",
                    "isDynamicPort": true,
                    "isBlocking": false,
                    "materializationSize": 9.8603515625
                }
            ],
            "showAdvanced": false,
            "isDisabled": false,
            "customDisplayName": "Linear Regression Learner",
            "dynamicInputPorts": true,
            "dynamicOutputPorts": true
        },
        {
            "operatorID": "Dummy-operator-ca38750c-a1dc-4c6e-b6ec-a98230093230",
            "operatorType": "Dummy",
            "operatorVersion": "",
            "operatorProperties": {
                "dummyPropertyList": [
                    {
                        "dummyProperty": "Source XML",
                        "dummyValue": "Omitted for license reasons"
                    }
                ]
            },
            "inputPorts": [
                {
                    "portID": "input-0",
                    "displayName": "",
                    "allowMultiInputs": true,
                    "isDynamicPort": true
                },
                {
                    "portID": "input-1",
                    "displayName": "",
                    "allowMultiInputs": true,
                    "isDynamicPort": true
                },
                {
                    "portID": "input-2",
                    "displayName": "",
                    "allowMultiInputs": true,
                    "isDynamicPort": true
                }
            ],
            "outputPorts": [
                {
                    "portID": "output-0",
                    "displayName": "",
                    "isDynamicPort": true,
                    "isBlocking": false
                },
                {
                    "portID": "output-1",
                    "displayName": "",
                    "isDynamicPort": true,
                    "isBlocking": false,
                    "materializationSize": 20.6279296875
                }
            ],
            "showAdvanced": false,
            "isDisabled": false,
            "customDisplayName": "Regression Predictor",
            "dynamicInputPorts": true,
            "dynamicOutputPorts": true
        },
        {
            "operatorID": "Dummy-operator-8cd0c427-e133-4ea8-8558-4a6dee50cff4",
            "operatorType": "Dummy",
            "operatorVersion": "",
            "operatorProperties": {
                "dummyPropertyList": [
                    {
                        "dummyProperty": "Source XML",
                        "dummyValue": "Omitted for license reasons"
                    }
                ]
            },
            "inputPorts": [
                {
                    "portID": "input-0",
                    "displayName": "",
                    "allowMultiInputs": true,
                    "isDynamicPort": true
                },
                {
                    "portID": "input-1",
                    "displayName": "",
                    "allowMultiInputs": true,
                    "isDynamicPort": true
                }
            ],
            "outputPorts": [
                {
                    "portID": "output-0",
                    "displayName": "",
                    "isDynamicPort": true,
                    "isBlocking": true
                },
                {
                    "portID": "output-1",
                    "displayName": "",
                    "isDynamicPort": true,
                    "isBlocking": true,
                    "materializationSize": 189.3935546875
                },
                {
                    "portID": "output-2",
                    "displayName": "",
                    "isDynamicPort": true,
                    "isBlocking": true,
                    "materializationSize": 54.4560546875
                }
            ],
            "showAdvanced": false,
            "isDisabled": false,
            "customDisplayName": "Partitioning",
            "dynamicInputPorts": true,
            "dynamicOutputPorts": true
        },
        {
            "operatorID": "Dummy-operator-97c40ff0-1859-476f-a21a-b5d4503560ba",
            "operatorType": "Dummy",
            "operatorVersion": "",
            "operatorProperties": {
                "dummyPropertyList": [
                    {
                        "dummyProperty": "Source XML",
                        "dummyValue": "Omitted for license reasons"
                    }
                ]
            },
            "inputPorts": [
                {
                    "portID": "input-0",
                    "displayName": "",
                    "allowMultiInputs": true,
                    "isDynamicPort": true
                },
                {
                    "portID": "input-1",
                    "displayName": "",
                    "allowMultiInputs": true,
                    "isDynamicPort": true
                }
            ],
            "outputPorts": [
                {
                    "portID": "output-0",
                    "displayName": "",
                    "isDynamicPort": true,
                    "isBlocking": false
                },
                {
                    "portID": "output-1",
                    "displayName": "",
                    "isDynamicPort": true,
                    "isBlocking": false,
                    "materializationSize": 3.0068359375
                }
            ],
            "showAdvanced": false,
            "isDisabled": false,
            "customDisplayName": "Numeric Scorer",
            "dynamicInputPorts": true,
            "dynamicOutputPorts": true
        },
        {
            "operatorID": "Dummy-operator-7ce21ea9-7b32-4cfb-aa7a-1f9e0a4e8cea",
            "operatorType": "Dummy",
            "operatorVersion": "",
            "operatorProperties": {
                "dummyPropertyList": [
                    {
                        "dummyProperty": "Source XML",
                        "dummyValue": "Omitted for license reasons"
                    }
                ]
            },
            "inputPorts": [
                {
                    "portID": "input-0",
                    "displayName": "",
                    "allowMultiInputs": true,
                    "isDynamicPort": true
                },
                {
                    "portID": "input-1",
                    "displayName": "",
                    "allowMultiInputs": true,
                    "isDynamicPort": true
                }
            ],
            "outputPorts": [
                {
                    "portID": "output-0",
                    "displayName": "",
                    "isDynamicPort": true,
                    "isBlocking": false
                },
                {
                    "portID": "output-1",
                    "displayName": "",
                    "isDynamicPort": true,
                    "isBlocking": false,
                    "materializationSize": 11.30078125
                }
            ],
            "showAdvanced": false,
            "isDisabled": false,
            "customDisplayName": "Math Formula",
            "dynamicInputPorts": true,
            "dynamicOutputPorts": true
        },
        {
            "operatorID": "Dummy-operator-a3b18858-7acd-4bee-9848-5f91d36b0752",
            "operatorType": "Dummy",
            "operatorVersion": "",
            "operatorProperties": {
                "dummyPropertyList": [
                    {
                        "dummyProperty": "Source XML",
                        "dummyValue": "Omitted for license reasons"
                    }
                ]
            },
            "inputPorts": [
                {
                    "portID": "input-0",
                    "displayName": "",
                    "allowMultiInputs": true,
                    "isDynamicPort": true
                },
                {
                    "portID": "input-1",
                    "displayName": "",
                    "allowMultiInputs": true,
                    "isDynamicPort": true
                }
            ],
            "outputPorts": [
                {
                    "portID": "output-0",
                    "displayName": "",
                    "isDynamicPort": true,
                    "isBlocking": true
                },
                {
                    "portID": "output-1",
                    "displayName": "",
                    "isDynamicPort": true,
                    "isBlocking": true,
                    "materializationSize": 8.8974609375
                }
            ],
            "showAdvanced": false,
            "isDisabled": false,
            "customDisplayName": "Transpose",
            "dynamicInputPorts": true,
            "dynamicOutputPorts": true
        },
        {
            "operatorID": "Dummy-operator-0b935eea-4dda-4bb6-b532-7b92d1c03ac5",
            "operatorType": "Dummy",
            "operatorVersion": "",
            "operatorProperties": {
                "dummyPropertyList": [
                    {
                        "dummyProperty": "Source XML",
                        "dummyValue": "Omitted for license reasons"
                    }
                ]
            },
            "inputPorts": [
                {
                    "portID": "input-0",
                    "displayName": "",
                    "allowMultiInputs": true,
                    "isDynamicPort": true
                },
                {
                    "portID": "input-1",
                    "displayName": "",
                    "allowMultiInputs": true,
                    "isDynamicPort": true
                }
            ],
            "outputPorts": [
                {
                    "portID": "output-0",
                    "displayName": "",
                    "isDynamicPort": true,
                    "isBlocking": false
                },
                {
                    "portID": "output-1",
                    "displayName": "",
                    "isDynamicPort": true,
                    "isBlocking": false,
                    "materializationSize": 8.251953125
                }
            ],
            "showAdvanced": false,
            "isDisabled": false,
            "customDisplayName": "Column Rename",
            "dynamicInputPorts": true,
            "dynamicOutputPorts": true
        },
        {
            "operatorID": "Dummy-operator-4eb09a49-f32e-477b-9fcd-23ffc6fd39f9",
            "operatorType": "Dummy",
            "operatorVersion": "",
            "operatorProperties": {
                "dummyPropertyList": [
                    {
                        "dummyProperty": "Source XML",
                        "dummyValue": "Omitted for license reasons"
                    }
                ]
            },
            "inputPorts": [
                {
                    "portID": "input-0",
                    "displayName": "",
                    "allowMultiInputs": true,
                    "isDynamicPort": true
                },
                {
                    "portID": "input-1",
                    "displayName": "",
                    "allowMultiInputs": true,
                    "isDynamicPort": true
                }
            ],
            "outputPorts": [
                {
                    "portID": "output-0",
                    "displayName": "",
                    "isDynamicPort": true,
                    "isBlocking": false
                },
                {
                    "portID": "output-1",
                    "displayName": "",
                    "isDynamicPort": true,
                    "isBlocking": false,
                    "materializationSize": 2.7998046875
                }
            ],
            "showAdvanced": false,
            "isDisabled": false,
            "customDisplayName": "Extract Table Dimension",
            "dynamicInputPorts": true,
            "dynamicOutputPorts": true
        },
        {
            "operatorID": "Dummy-operator-aa0ff416-2426-4bb2-9a03-7faaa8d8a139",
            "operatorType": "Dummy",
            "operatorVersion": "",
            "operatorProperties": {
                "dummyPropertyList": [
                    {
                        "dummyProperty": "Source XML",
                        "dummyValue": "Omitted for license reasons"
                    }
                ]
            },
            "inputPorts": [
                {
                    "portID": "input-0",
                    "displayName": "",
                    "allowMultiInputs": true,
                    "isDynamicPort": true
                },
                {
                    "portID": "input-1",
                    "displayName": "",
                    "allowMultiInputs": true,
                    "isDynamicPort": true
                }
            ],
            "outputPorts": [
                {
                    "portID": "output-0",
                    "displayName": "",
                    "isDynamicPort": true,
                    "isBlocking": true
                },
                {
                    "portID": "output-1",
                    "displayName": "",
                    "isDynamicPort": true,
                    "isBlocking": true,
                    "materializationSize": 3.9189453125
                }
            ],
            "showAdvanced": false,
            "isDisabled": false,
            "customDisplayName": "Transpose",
            "dynamicInputPorts": true,
            "dynamicOutputPorts": true
        },
        {
            "operatorID": "Dummy-operator-3d7991f3-d760-4d1a-ade6-d74c7165a3bb",
            "operatorType": "Dummy",
            "operatorVersion": "",
            "operatorProperties": {
                "dummyPropertyList": [
                    {
                        "dummyProperty": "Source XML",
                        "dummyValue": "Omitted for license reasons"
                    }
                ]
            },
            "inputPorts": [
                {
                    "portID": "input-0",
                    "displayName": "",
                    "allowMultiInputs": true,
                    "isDynamicPort": true
                },
                {
                    "portID": "input-1",
                    "displayName": "",
                    "allowMultiInputs": true,
                    "isDynamicPort": true
                }
            ],
            "outputPorts": [
                {
                    "portID": "output-0",
                    "displayName": "",
                    "isDynamicPort": true,
                    "isBlocking": true
                },
                {
                    "portID": "output-1",
                    "displayName": "",
                    "isDynamicPort": true,
                    "isBlocking": true,
                    "materializationSize": 0.28125
                }
            ],
            "showAdvanced": false,
            "isDisabled": false,
            "customDisplayName": "Table Row to Variable",
            "dynamicInputPorts": true,
            "dynamicOutputPorts": true
        },
        {
            "operatorID": "Dummy-operator-39f02ff8-d6b1-480d-8df1-53efe4caa56c",
            "operatorType": "Dummy",
            "operatorVersion": "",
            "operatorProperties": {
                "dummyPropertyList": [
                    {
                        "dummyProperty": "Source XML",
                        "dummyValue": "Omitted for license reasons"
                    }
                ]
            },
            "inputPorts": [
                {
                    "portID": "input-0",
                    "displayName": "",
                    "allowMultiInputs": true,
                    "isDynamicPort": true
                },
                {
                    "portID": "input-1",
                    "displayName": "",
                    "allowMultiInputs": true,
                    "isDynamicPort": true
                }
            ],
            "outputPorts": [
                {
                    "portID": "output-0",
                    "displayName": "",
                    "isDynamicPort": true,
                    "isBlocking": false
                },
                {
                    "portID": "output-1",
                    "displayName": "",
                    "isDynamicPort": true,
                    "isBlocking": true,
                    "materializationSize": 0.28125
                }
            ],
            "showAdvanced": false,
            "isDisabled": false,
            "customDisplayName": "Math Formula _Variable_",
            "dynamicInputPorts": true,
            "dynamicOutputPorts": true
        }
    ],
    "operatorPositions": {
        "Dummy-operator-fabbb64f-af53-4831-bc72-6449d9cd8a64": {
            "x": 184.0,
            "y": 317.0
        },
        "Dummy-operator-92ea16a3-f24c-4267-ad92-b34fae55cbad": {
            "x": 444.0,
            "y": 237.0
        },
        "Dummy-operator-ca38750c-a1dc-4c6e-b6ec-a98230093230": {
            "x": 584.0,
            "y": 317.0
        },
        "Dummy-operator-8cd0c427-e133-4ea8-8558-4a6dee50cff4": {
            "x": 304.0,
            "y": 317.0
        },
        "Dummy-operator-97c40ff0-1859-476f-a21a-b5d4503560ba": {
            "x": 724.0,
            "y": 257.0
        },
        "Dummy-operator-7ce21ea9-7b32-4cfb-aa7a-1f9e0a4e8cea": {
            "x": 1044.0,
            "y": 257.0
        },
        "Dummy-operator-a3b18858-7acd-4bee-9848-5f91d36b0752": {
            "x": 824.0,
            "y": 257.0
        },
        "Dummy-operator-0b935eea-4dda-4bb6-b532-7b92d1c03ac5": {
            "x": 924.0,
            "y": 257.0
        },
        "Dummy-operator-4eb09a49-f32e-477b-9fcd-23ffc6fd39f9": {
            "x": 724.0,
            "y": 377.0
        },
        "Dummy-operator-aa0ff416-2426-4bb2-9a03-7faaa8d8a139": {
            "x": 824.0,
            "y": 377.0
        },
        "Dummy-operator-3d7991f3-d760-4d1a-ade6-d74c7165a3bb": {
            "x": 904.0,
            "y": 377.0
        },
        "Dummy-operator-39f02ff8-d6b1-480d-8df1-53efe4caa56c": {
            "x": 984.0,
            "y": 377.0
        }
    },
    "links": [
        {
            "linkID": "link-941fe519-4daa-4b69-bed7-e30a20e49744",
            "source": {
                "operatorID": "Dummy-operator-fabbb64f-af53-4831-bc72-6449d9cd8a64",
                "portID": "output-1"
            },
            "target": {
                "operatorID": "Dummy-operator-8cd0c427-e133-4ea8-8558-4a6dee50cff4",
                "portID": "input-1"
            }
        },
        {
            "linkID": "link-fb3db618-de12-4425-9ec0-d0ad90ee8b15",
            "source": {
                "operatorID": "Dummy-operator-92ea16a3-f24c-4267-ad92-b34fae55cbad",
                "portID": "output-1"
            },
            "target": {
                "operatorID": "Dummy-operator-ca38750c-a1dc-4c6e-b6ec-a98230093230",
                "portID": "input-1"
            }
        },
        {
            "linkID": "link-aa5a96bf-13d5-4bd8-9470-9ab1b6c6e126",
            "source": {
                "operatorID": "Dummy-operator-ca38750c-a1dc-4c6e-b6ec-a98230093230",
                "portID": "output-1"
            },
            "target": {
                "operatorID": "Dummy-operator-97c40ff0-1859-476f-a21a-b5d4503560ba",
                "portID": "input-1"
            }
        },
        {
            "linkID": "link-65a5f5e8-2d00-4922-9a07-fd9ca61b5fc5",
            "source": {
                "operatorID": "Dummy-operator-ca38750c-a1dc-4c6e-b6ec-a98230093230",
                "portID": "output-1"
            },
            "target": {
                "operatorID": "Dummy-operator-4eb09a49-f32e-477b-9fcd-23ffc6fd39f9",
                "portID": "input-1"
            }
        },
        {
            "linkID": "link-6ff998ff-7752-41ac-8247-2f68e5f6e1b8",
            "source": {
                "operatorID": "Dummy-operator-8cd0c427-e133-4ea8-8558-4a6dee50cff4",
                "portID": "output-1"
            },
            "target": {
                "operatorID": "Dummy-operator-92ea16a3-f24c-4267-ad92-b34fae55cbad",
                "portID": "input-1"
            }
        },
        {
            "linkID": "link-0d180f54-1d7d-4c1b-8964-2b381be56d1c",
            "source": {
                "operatorID": "Dummy-operator-8cd0c427-e133-4ea8-8558-4a6dee50cff4",
                "portID": "output-2"
            },
            "target": {
                "operatorID": "Dummy-operator-ca38750c-a1dc-4c6e-b6ec-a98230093230",
                "portID": "input-2"
            }
        },
        {
            "linkID": "link-8ac6f539-14ce-49f2-85d0-91e7a5c84d5b",
            "source": {
                "operatorID": "Dummy-operator-97c40ff0-1859-476f-a21a-b5d4503560ba",
                "portID": "output-1"
            },
            "target": {
                "operatorID": "Dummy-operator-a3b18858-7acd-4bee-9848-5f91d36b0752",
                "portID": "input-1"
            }
        },
        {
            "linkID": "link-77653d1a-326e-42e2-aeca-1c3a5871fd03",
            "source": {
                "operatorID": "Dummy-operator-a3b18858-7acd-4bee-9848-5f91d36b0752",
                "portID": "output-1"
            },
            "target": {
                "operatorID": "Dummy-operator-0b935eea-4dda-4bb6-b532-7b92d1c03ac5",
                "portID": "input-1"
            }
        },
        {
            "linkID": "link-165ec14b-9dcc-4b32-8c26-577e505e20fc",
            "source": {
                "operatorID": "Dummy-operator-0b935eea-4dda-4bb6-b532-7b92d1c03ac5",
                "portID": "output-1"
            },
            "target": {
                "operatorID": "Dummy-operator-7ce21ea9-7b32-4cfb-aa7a-1f9e0a4e8cea",
                "portID": "input-1"
            }
        },
        {
            "linkID": "link-52b5666c-0e76-4a57-8077-42f8e28edd1a",
            "source": {
                "operatorID": "Dummy-operator-4eb09a49-f32e-477b-9fcd-23ffc6fd39f9",
                "portID": "output-1"
            },
            "target": {
                "operatorID": "Dummy-operator-aa0ff416-2426-4bb2-9a03-7faaa8d8a139",
                "portID": "input-1"
            }
        },
        {
            "linkID": "link-9c4dda1b-eea0-4a19-8541-e261edf660e2",
            "source": {
                "operatorID": "Dummy-operator-aa0ff416-2426-4bb2-9a03-7faaa8d8a139",
                "portID": "output-1"
            },
            "target": {
                "operatorID": "Dummy-operator-3d7991f3-d760-4d1a-ade6-d74c7165a3bb",
                "portID": "input-1"
            }
        },
        {
            "linkID": "link-530759a7-af8e-42f3-ae0d-4e6eda8f3abb",
            "source": {
                "operatorID": "Dummy-operator-3d7991f3-d760-4d1a-ade6-d74c7165a3bb",
                "portID": "output-1"
            },
            "target": {
                "operatorID": "Dummy-operator-39f02ff8-d6b1-480d-8df1-53efe4caa56c",
                "portID": "input-1"
            }
        },
        {
            "linkID": "link-55fcf67c-8368-467e-88e1-9abb78e1c7a9",
            "source": {
                "operatorID": "Dummy-operator-39f02ff8-d6b1-480d-8df1-53efe4caa56c",
                "portID": "output-1"
            },
            "target": {
                "operatorID": "Dummy-operator-7ce21ea9-7b32-4cfb-aa7a-1f9e0a4e8cea",
                "portID": "input-0"
            }
        }
    ],
    "groups": [],
    "breakpoints": {},
    "commentBoxes": [
        {
            "commentBoxID": "commentBox-108b1bbb-f098-40ac-b3ce-500c22779e4c",
            "comments": [
                {
                    "content": "https://hub.knime.com/knime/extensions/org.knime.features.base/latest/org.knime.base.node.io.filehandling.csv.reader.CSVTableReaderNodeFactory",
                    "creatorName": "Bot",
                    "createorID": 1,
                    "creationTime": "2024-03-08T10:36:49.883Z"
                }
            ],
            "commentBoxPosition": {
                "x": 244.0,
                "y": 347.0
            }
        },
        {
            "commentBoxID": "commentBox-44b1090b-2287-4ba2-a118-f1116ca43f3d",
            "comments": [
                {
                    "content": "https://hub.knime.com/knime/extensions/org.knime.features.base/latest/org.knime.base.node.io.filehandling.csv.reader.CSVTableReaderNodeFactory",
                    "creatorName": "Bot",
                    "createorID": 1,
                    "creationTime": "2024-03-08T10:36:49.883Z"
                }
            ],
            "commentBoxPosition": {
                "x": 504.0,
                "y": 267.0
            }
        },
        {
            "commentBoxID": "commentBox-7c1e7af7-6842-46ed-bd00-bf92477f880a",
            "comments": [
                {
                    "content": "https://hub.knime.com/knime/extensions/org.knime.features.base/latest/org.knime.base.node.io.filehandling.csv.reader.CSVTableReaderNodeFactory",
                    "creatorName": "Bot",
                    "createorID": 1,
                    "creationTime": "2024-03-08T10:36:49.883Z"
                }
            ],
            "commentBoxPosition": {
                "x": 644.0,
                "y": 347.0
            }
        },
        {
            "commentBoxID": "commentBox-21d30a7d-a7a6-459e-a920-1b2fe230ebad",
            "comments": [
                {
                    "content": "https://hub.knime.com/knime/extensions/org.knime.features.base/latest/org.knime.base.node.io.filehandling.csv.reader.CSVTableReaderNodeFactory",
                    "creatorName": "Bot",
                    "createorID": 1,
                    "creationTime": "2024-03-08T10:36:49.883Z"
                }
            ],
            "commentBoxPosition": {
                "x": 364.0,
                "y": 347.0
            }
        },
        {
            "commentBoxID": "commentBox-e97f5afb-cef4-4d09-bc25-3c012c5abb41",
            "comments": [
                {
                    "content": "https://hub.knime.com/knime/extensions/org.knime.features.base/latest/org.knime.base.node.io.filehandling.csv.reader.CSVTableReaderNodeFactory",
                    "creatorName": "Bot",
                    "createorID": 1,
                    "creationTime": "2024-03-08T10:36:49.883Z"
                }
            ],
            "commentBoxPosition": {
                "x": 784.0,
                "y": 287.0
            }
        },
        {
            "commentBoxID": "commentBox-ddc34c67-2f48-40aa-adfe-b5f5086f8528",
            "comments": [
                {
                    "content": "https://hub.knime.com/knime/extensions/org.knime.features.base/latest/org.knime.base.node.io.filehandling.csv.reader.CSVTableReaderNodeFactory",
                    "creatorName": "Bot",
                    "createorID": 1,
                    "creationTime": "2024-03-08T10:36:49.883Z"
                }
            ],
            "commentBoxPosition": {
                "x": 1104.0,
                "y": 287.0
            }
        },
        {
            "commentBoxID": "commentBox-256a8588-25eb-4f70-b032-a1727173f1c0",
            "comments": [
                {
                    "content": "https://hub.knime.com/knime/extensions/org.knime.features.base/latest/org.knime.base.node.io.filehandling.csv.reader.CSVTableReaderNodeFactory",
                    "creatorName": "Bot",
                    "createorID": 1,
                    "creationTime": "2024-03-08T10:36:49.883Z"
                }
            ],
            "commentBoxPosition": {
                "x": 884.0,
                "y": 287.0
            }
        },
        {
            "commentBoxID": "commentBox-62c0e622-c0fb-43c6-a1e7-785c38874968",
            "comments": [
                {
                    "content": "https://hub.knime.com/knime/extensions/org.knime.features.base/latest/org.knime.base.node.io.filehandling.csv.reader.CSVTableReaderNodeFactory",
                    "creatorName": "Bot",
                    "createorID": 1,
                    "creationTime": "2024-03-08T10:36:49.883Z"
                }
            ],
            "commentBoxPosition": {
                "x": 984.0,
                "y": 287.0
            }
        },
        {
            "commentBoxID": "commentBox-b948bf7e-fb10-4c1a-ba0a-c14244ca0631",
            "comments": [
                {
                    "content": "https://hub.knime.com/knime/extensions/org.knime.features.base/latest/org.knime.base.node.io.filehandling.csv.reader.CSVTableReaderNodeFactory",
                    "creatorName": "Bot",
                    "createorID": 1,
                    "creationTime": "2024-03-08T10:36:49.883Z"
                }
            ],
            "commentBoxPosition": {
                "x": 784.0,
                "y": 407.0
            }
        },
        {
            "commentBoxID": "commentBox-fdee0c1e-a830-46a8-a66a-1e295f798a1b",
            "comments": [
                {
                    "content": "https://hub.knime.com/knime/extensions/org.knime.features.base/latest/org.knime.base.node.io.filehandling.csv.reader.CSVTableReaderNodeFactory",
                    "creatorName": "Bot",
                    "createorID": 1,
                    "creationTime": "2024-03-08T10:36:49.883Z"
                }
            ],
            "commentBoxPosition": {
                "x": 884.0,
                "y": 407.0
            }
        },
        {
            "commentBoxID": "commentBox-316a7af4-1029-4fef-89a2-e05673edc77f",
            "comments": [
                {
                    "content": "https://hub.knime.com/knime/extensions/org.knime.features.base/latest/org.knime.base.node.io.filehandling.csv.reader.CSVTableReaderNodeFactory",
                    "creatorName": "Bot",
                    "createorID": 1,
                    "creationTime": "2024-03-08T10:36:49.883Z"
                }
            ],
            "commentBoxPosition": {
                "x": 964.0,
                "y": 407.0
            }
        },
        {
            "commentBoxID": "commentBox-68c502ef-cd42-4e7b-a6aa-09825571d367",
            "comments": [
                {
                    "content": "https://hub.knime.com/knime/extensions/org.knime.features.base/latest/org.knime.base.node.io.filehandling.csv.reader.CSVTableReaderNodeFactory",
                    "creatorName": "Bot",
                    "createorID": 1,
                    "creationTime": "2024-03-08T10:36:49.883Z"
                }
            ],
            "commentBoxPosition": {
                "x": 1044.0,
                "y": 407.0
            }
        }
    ]
}