{
    "operators": [
        {
            "operatorID": "Dummy-operator-63cc5f4f-ff0a-42e2-9510-45df381d6532",
            "operatorType": "Dummy",
            "operatorVersion": "",
            "operatorProperties": {
                "dummyPropertyList": [
                    {
                        "dummyProperty": "Source XML",
                        "dummyValue": "Omitted for license reasons"
                    }
                ]
            },
            "inputPorts": [
                {
                    "portID": "input-0",
                    "displayName": "",
                    "allowMultiInputs": true,
                    "isDynamicPort": true
                }
            ],
            "outputPorts": [
                {
                    "portID": "output-0",
                    "displayName": "",
                    "isDynamicPort": true,
                    "isBlocking": false
                },
                {
                    "portID": "output-1",
                    "displayName": "",
                    "isDynamicPort": true,
                    "isBlocking": false
                }
            ],
            "showAdvanced": false,
            "isDisabled": false,
            "customDisplayName": "CSV Reader",
            "dynamicInputPorts": true,
            "dynamicOutputPorts": true
        },
        {
            "operatorID": "Dummy-operator-2b25bb41-6cf0-4d11-a558-4478e9735bc4",
            "operatorType": "Dummy",
            "operatorVersion": "",
            "operatorProperties": {
                "dummyPropertyList": [
                    {
                        "dummyProperty": "Source XML",
                        "dummyValue": "Omitted for license reasons"
                    }
                ]
            },
            "inputPorts": [
                {
                    "portID": "input-0",
                    "displayName": "",
                    "allowMultiInputs": true,
                    "isDynamicPort": true
                },
                {
                    "portID": "input-1",
                    "displayName": "",
                    "allowMultiInputs": true,
                    "isDynamicPort": true
                }
            ],
            "outputPorts": [
                {
                    "portID": "output-0",
                    "displayName": "",
                    "isDynamicPort": true,
                    "isBlocking": false
                },
                {
                    "portID": "output-1",
                    "displayName": "",
                    "isDynamicPort": true,
                    "isBlocking": false
                }
            ],
            "showAdvanced": false,
            "isDisabled": false,
            "customDisplayName": "Column Filter",
            "dynamicInputPorts": true,
            "dynamicOutputPorts": true
        },
        {
            "operatorID": "Dummy-operator-6160b340-3f8b-48fc-9491-c2a57a47061b",
            "operatorType": "Dummy",
            "operatorVersion": "",
            "operatorProperties": {
                "dummyPropertyList": [
                    {
                        "dummyProperty": "Source XML",
                        "dummyValue": "Omitted for license reasons"
                    }
                ]
            },
            "inputPorts": [
                {
                    "portID": "input-0",
                    "displayName": "",
                    "allowMultiInputs": true,
                    "isDynamicPort": true
                },
                {
                    "portID": "input-1",
                    "displayName": "",
                    "allowMultiInputs": true,
                    "isDynamicPort": true
                }
            ],
            "outputPorts": [
                {
                    "portID": "output-0",
                    "displayName": "",
                    "isDynamicPort": true,
                    "isBlocking": false
                },
                {
                    "portID": "output-1",
                    "displayName": "",
                    "isDynamicPort": true,
                    "isBlocking": false
                }
            ],
            "showAdvanced": false,
            "isDisabled": false,
            "customDisplayName": "Row Filter",
            "dynamicInputPorts": true,
            "dynamicOutputPorts": true
        },
        {
            "operatorID": "Dummy-operator-ad40ec6e-2607-4135-840b-05f6cd1dc225",
            "operatorType": "Dummy",
            "operatorVersion": "",
            "operatorProperties": {
                "dummyPropertyList": [
                    {
                        "dummyProperty": "Source XML",
                        "dummyValue": "Omitted for license reasons"
                    }
                ]
            },
            "inputPorts": [
                {
                    "portID": "input-0",
                    "displayName": "",
                    "allowMultiInputs": true,
                    "isDynamicPort": true
                },
                {
                    "portID": "input-1",
                    "displayName": "",
                    "allowMultiInputs": true,
                    "isDynamicPort": true
                }
            ],
            "outputPorts": [
                {
                    "portID": "output-0",
                    "displayName": "",
                    "isDynamicPort": true,
                    "isBlocking": false
                },
                {
                    "portID": "output-1",
                    "displayName": "",
                    "isDynamicPort": true,
                    "isBlocking": false
                }
            ],
            "showAdvanced": false,
            "isDisabled": false,
            "customDisplayName": "Row Filter",
            "dynamicInputPorts": true,
            "dynamicOutputPorts": true
        },
        {
            "operatorID": "Dummy-operator-a9919654-cc42-40dd-a66b-dfe337dd2216",
            "operatorType": "Dummy",
            "operatorVersion": "",
            "operatorProperties": {
                "dummyPropertyList": [
                    {
                        "dummyProperty": "Source XML",
                        "dummyValue": "Omitted for license reasons"
                    }
                ]
            },
            "inputPorts": [
                {
                    "portID": "input-0",
                    "displayName": "",
                    "allowMultiInputs": true,
                    "isDynamicPort": true
                },
                {
                    "portID": "input-1",
                    "displayName": "",
                    "allowMultiInputs": true,
                    "isDynamicPort": true
                }
            ],
            "outputPorts": [
                {
                    "portID": "output-0",
                    "displayName": "",
                    "isDynamicPort": true,
                    "isBlocking": true
                },
                {
                    "portID": "output-1",
                    "displayName": "",
                    "isDynamicPort": true,
                    "isBlocking": true
                },
                {
                    "portID": "output-2",
                    "displayName": "",
                    "isDynamicPort": true,
                    "isBlocking": true
                }
            ],
            "showAdvanced": false,
            "isDisabled": false,
            "customDisplayName": "Missing Value",
            "dynamicInputPorts": true,
            "dynamicOutputPorts": true
        },
        {
            "operatorID": "Dummy-operator-997fc942-2481-45dc-917f-c0dd1e43c730",
            "operatorType": "Dummy",
            "operatorVersion": "",
            "operatorProperties": {
                "dummyPropertyList": [
                    {
                        "dummyProperty": "Source XML",
                        "dummyValue": "Omitted for license reasons"
                    }
                ]
            },
            "inputPorts": [
                {
                    "portID": "input-0",
                    "displayName": "",
                    "allowMultiInputs": true,
                    "isDynamicPort": true
                },
                {
                    "portID": "input-1",
                    "displayName": "",
                    "allowMultiInputs": true,
                    "isDynamicPort": true
                }
            ],
            "outputPorts": [
                {
                    "portID": "output-0",
                    "displayName": "",
                    "isDynamicPort": true,
                    "isBlocking": false
                },
                {
                    "portID": "output-1",
                    "displayName": "",
                    "isDynamicPort": true,
                    "isBlocking": false
                }
            ],
            "showAdvanced": false,
            "isDisabled": false,
            "customDisplayName": "String Manipulation _Multi Column_",
            "dynamicInputPorts": true,
            "dynamicOutputPorts": true
        },
        {
            "operatorID": "Dummy-operator-84afe8f7-e7d2-4a70-86d4-d56cd4b8afe5",
            "operatorType": "Dummy",
            "operatorVersion": "",
            "operatorProperties": {
                "dummyPropertyList": [
                    {
                        "dummyProperty": "Source XML",
                        "dummyValue": "Omitted for license reasons"
                    }
                ]
            },
            "inputPorts": [
                {
                    "portID": "input-0",
                    "displayName": "",
                    "allowMultiInputs": true,
                    "isDynamicPort": true
                },
                {
                    "portID": "input-1",
                    "displayName": "",
                    "allowMultiInputs": true,
                    "isDynamicPort": true
                }
            ],
            "outputPorts": [
                {
                    "portID": "output-0",
                    "displayName": "",
                    "isDynamicPort": true,
                    "isBlocking": false
                },
                {
                    "portID": "output-1",
                    "displayName": "",
                    "isDynamicPort": true,
                    "isBlocking": false
                }
            ],
            "showAdvanced": false,
            "isDisabled": false,
            "customDisplayName": "String To Number",
            "dynamicInputPorts": true,
            "dynamicOutputPorts": true
        },
        {
            "operatorID": "Dummy-operator-fadff1f9-1f66-4c07-92eb-d1984678fcea",
            "operatorType": "Dummy",
            "operatorVersion": "",
            "operatorProperties": {
                "dummyPropertyList": [
                    {
                        "dummyProperty": "Source XML",
                        "dummyValue": "Omitted for license reasons"
                    }
                ]
            },
            "inputPorts": [
                {
                    "portID": "input-0",
                    "displayName": "",
                    "allowMultiInputs": true,
                    "isDynamicPort": true
                },
                {
                    "portID": "input-1",
                    "displayName": "",
                    "allowMultiInputs": true,
                    "isDynamicPort": true
                }
            ],
            "outputPorts": [
                {
                    "portID": "output-0",
                    "displayName": "",
                    "isDynamicPort": true,
                    "isBlocking": false
                },
                {
                    "portID": "output-1",
                    "displayName": "",
                    "isDynamicPort": true,
                    "isBlocking": false
                }
            ],
            "showAdvanced": false,
            "isDisabled": false,
            "customDisplayName": "Math Formula",
            "dynamicInputPorts": true,
            "dynamicOutputPorts": true
        },
        {
            "operatorID": "Dummy-operator-adf0413f-1be8-4e2c-9781-987074d68808",
            "operatorType": "Dummy",
            "operatorVersion": "",
            "operatorProperties": {
                "dummyPropertyList": [
                    {
                        "dummyProperty": "Source XML",
                        "dummyValue": "Omitted for license reasons"
                    }
                ]
            },
            "inputPorts": [
                {
                    "portID": "input-0",
                    "displayName": "",
                    "allowMultiInputs": true,
                    "isDynamicPort": true
                },
                {
                    "portID": "input-1",
                    "displayName": "",
                    "allowMultiInputs": true,
                    "isDynamicPort": true
                }
            ],
            "outputPorts": [
                {
                    "portID": "output-0",
                    "displayName": "",
                    "isDynamicPort": true,
                    "isBlocking": true
                },
                {
                    "portID": "output-1",
                    "displayName": "",
                    "isDynamicPort": true,
                    "isBlocking": true
                }
            ],
            "showAdvanced": false,
            "isDisabled": false,
            "customDisplayName": "GroupBy",
            "dynamicInputPorts": true,
            "dynamicOutputPorts": true
        },
        {
            "operatorID": "Dummy-operator-5ffe4721-fb57-4d20-ac52-c5a42fc741b2",
            "operatorType": "Dummy",
            "operatorVersion": "",
            "operatorProperties": {
                "dummyPropertyList": [
                    {
                        "dummyProperty": "Source XML",
                        "dummyValue": "Omitted for license reasons"
                    }
                ]
            },
            "inputPorts": [
                {
                    "portID": "input-0",
                    "displayName": "",
                    "allowMultiInputs": true,
                    "isDynamicPort": true
                },
                {
                    "portID": "input-1",
                    "displayName": "",
                    "allowMultiInputs": true,
                    "isDynamicPort": true
                }
            ],
            "outputPorts": [
                {
                    "portID": "output-0",
                    "displayName": "",
                    "isDynamicPort": true,
                    "isBlocking": false
                },
                {
                    "portID": "output-1",
                    "displayName": "",
                    "isDynamicPort": true,
                    "isBlocking": false
                }
            ],
            "showAdvanced": false,
            "isDisabled": false,
            "customDisplayName": "String Manipulation",
            "dynamicInputPorts": true,
            "dynamicOutputPorts": true
        },
        {
            "operatorID": "Dummy-operator-9b49c52f-f1e8-4640-8bf9-66ad8825e88c",
            "operatorType": "Dummy",
            "operatorVersion": "",
            "operatorProperties": {
                "dummyPropertyList": [
                    {
                        "dummyProperty": "Source XML",
                        "dummyValue": "Omitted for license reasons"
                    }
                ]
            },
            "inputPorts": [
                {
                    "portID": "input-0",
                    "displayName": "",
                    "allowMultiInputs": true,
                    "isDynamicPort": true
                },
                {
                    "portID": "input-1",
                    "displayName": "",
                    "allowMultiInputs": true,
                    "isDynamicPort": true
                }
            ],
            "outputPorts": [
                {
                    "portID": "output-0",
                    "displayName": "",
                    "isDynamicPort": true,
                    "isBlocking": false
                },
                {
                    "portID": "output-1",
                    "displayName": "",
                    "isDynamicPort": true,
                    "isBlocking": false
                }
            ],
            "showAdvanced": false,
            "isDisabled": false,
            "customDisplayName": "String Manipulation",
            "dynamicInputPorts": true,
            "dynamicOutputPorts": true
        }
    ],
    "operatorPositions": {
        "Dummy-operator-63cc5f4f-ff0a-42e2-9510-45df381d6532": {
            "x": 64.0,
            "y": 297.0
        },
        "Dummy-operator-2b25bb41-6cf0-4d11-a558-4478e9735bc4": {
            "x": 224.0,
            "y": 297.0
        },
        "Dummy-operator-6160b340-3f8b-48fc-9491-c2a57a47061b": {
            "x": 364.0,
            "y": 297.0
        },
        "Dummy-operator-ad40ec6e-2607-4135-840b-05f6cd1dc225": {
            "x": 544.0,
            "y": 297.0
        },
        "Dummy-operator-a9919654-cc42-40dd-a66b-dfe337dd2216": {
            "x": 724.0,
            "y": 297.0
        },
        "Dummy-operator-997fc942-2481-45dc-917f-c0dd1e43c730": {
            "x": 1384.0,
            "y": 297.0
        },
        "Dummy-operator-84afe8f7-e7d2-4a70-86d4-d56cd4b8afe5": {
            "x": 1624.0,
            "y": 297.0
        },
        "Dummy-operator-fadff1f9-1f66-4c07-92eb-d1984678fcea": {
            "x": 1844.0,
            "y": 297.0
        },
        "Dummy-operator-adf0413f-1be8-4e2c-9781-987074d68808": {
            "x": 2044.0,
            "y": 297.0
        },
        "Dummy-operator-5ffe4721-fb57-4d20-ac52-c5a42fc741b2": {
            "x": 1144.0,
            "y": 297.0
        },
        "Dummy-operator-9b49c52f-f1e8-4640-8bf9-66ad8825e88c": {
            "x": 944.0,
            "y": 297.0
        }
    },
    "links": [
        {
            "linkID": "link-7521949f-3706-4d4c-903b-4144adb2869e",
            "source": {
                "operatorID": "Dummy-operator-63cc5f4f-ff0a-42e2-9510-45df381d6532",
                "portID": "output-1"
            },
            "target": {
                "operatorID": "Dummy-operator-2b25bb41-6cf0-4d11-a558-4478e9735bc4",
                "portID": "input-1"
            }
        },
        {
            "linkID": "link-614a4231-c6fe-4c4c-8682-327a2da33bf5",
            "source": {
                "operatorID": "Dummy-operator-2b25bb41-6cf0-4d11-a558-4478e9735bc4",
                "portID": "output-1"
            },
            "target": {
                "operatorID": "Dummy-operator-6160b340-3f8b-48fc-9491-c2a57a47061b",
                "portID": "input-1"
            }
        },
        {
            "linkID": "link-ed49c458-b0a6-4124-956b-2048542e82df",
            "source": {
                "operatorID": "Dummy-operator-6160b340-3f8b-48fc-9491-c2a57a47061b",
                "portID": "output-1"
            },
            "target": {
                "operatorID": "Dummy-operator-ad40ec6e-2607-4135-840b-05f6cd1dc225",
                "portID": "input-1"
            }
        },
        {
            "linkID": "link-4019200d-d869-42c5-9178-3f46602e80cc",
            "source": {
                "operatorID": "Dummy-operator-ad40ec6e-2607-4135-840b-05f6cd1dc225",
                "portID": "output-1"
            },
            "target": {
                "operatorID": "Dummy-operator-a9919654-cc42-40dd-a66b-dfe337dd2216",
                "portID": "input-1"
            }
        },
        {
            "linkID": "link-b9ed33bd-5c84-4cf9-b968-f5c37850c9f6",
            "source": {
                "operatorID": "Dummy-operator-a9919654-cc42-40dd-a66b-dfe337dd2216",
                "portID": "output-1"
            },
            "target": {
                "operatorID": "Dummy-operator-9b49c52f-f1e8-4640-8bf9-66ad8825e88c",
                "portID": "input-1"
            }
        },
        {
            "linkID": "link-4d9b181d-95a6-43f8-b403-7d7184ebaa73",
            "source": {
                "operatorID": "Dummy-operator-997fc942-2481-45dc-917f-c0dd1e43c730",
                "portID": "output-1"
            },
            "target": {
                "operatorID": "Dummy-operator-84afe8f7-e7d2-4a70-86d4-d56cd4b8afe5",
                "portID": "input-1"
            }
        },
        {
            "linkID": "link-379296a6-2e38-4d27-9b73-480c041c7749",
            "source": {
                "operatorID": "Dummy-operator-84afe8f7-e7d2-4a70-86d4-d56cd4b8afe5",
                "portID": "output-1"
            },
            "target": {
                "operatorID": "Dummy-operator-fadff1f9-1f66-4c07-92eb-d1984678fcea",
                "portID": "input-1"
            }
        },
        {
            "linkID": "link-a1f67e0b-a74c-4d17-88f7-eca7f1148d2b",
            "source": {
                "operatorID": "Dummy-operator-fadff1f9-1f66-4c07-92eb-d1984678fcea",
                "portID": "output-1"
            },
            "target": {
                "operatorID": "Dummy-operator-adf0413f-1be8-4e2c-9781-987074d68808",
                "portID": "input-1"
            }
        },
        {
            "linkID": "link-fef6f25e-6d88-4285-a38e-da6b5f9f3d7b",
            "source": {
                "operatorID": "Dummy-operator-5ffe4721-fb57-4d20-ac52-c5a42fc741b2",
                "portID": "output-1"
            },
            "target": {
                "operatorID": "Dummy-operator-997fc942-2481-45dc-917f-c0dd1e43c730",
                "portID": "input-1"
            }
        },
        {
            "linkID": "link-c5316c56-7927-4d10-b2d9-4ae8457d3ab0",
            "source": {
                "operatorID": "Dummy-operator-9b49c52f-f1e8-4640-8bf9-66ad8825e88c",
                "portID": "output-1"
            },
            "target": {
                "operatorID": "Dummy-operator-5ffe4721-fb57-4d20-ac52-c5a42fc741b2",
                "portID": "input-1"
            }
        }
    ],
    "groups": [],
    "breakpoints": {},
    "commentBoxes": [
        {
            "commentBoxID": "commentBox-c4b2fca1-3d41-4247-87e4-d1a90cfae4c1",
            "comments": [
                {
                    "content": "https://hub.knime.com/knime/extensions/org.knime.features.base/latest/org.knime.base.node.io.filehandling.csv.reader.CSVTableReaderNodeFactory",
                    "creatorName": "Bot",
                    "createorID": 1,
                    "creationTime": "2024-03-08T10:36:49.883Z"
                }
            ],
            "commentBoxPosition": {
                "x": 124.0,
                "y": 327.0
            }
        },
        {
            "commentBoxID": "commentBox-751f943c-0b17-44f6-a009-a0479dfa57fd",
            "comments": [
                {
                    "content": "https://hub.knime.com/knime/extensions/org.knime.features.base/latest/org.knime.base.node.io.filehandling.csv.reader.CSVTableReaderNodeFactory",
                    "creatorName": "Bot",
                    "createorID": 1,
                    "creationTime": "2024-03-08T10:36:49.883Z"
                }
            ],
            "commentBoxPosition": {
                "x": 284.0,
                "y": 327.0
            }
        },
        {
            "commentBoxID": "commentBox-080140c8-ffca-42c1-a514-1f32a1bd62f5",
            "comments": [
                {
                    "content": "https://hub.knime.com/knime/extensions/org.knime.features.base/latest/org.knime.base.node.io.filehandling.csv.reader.CSVTableReaderNodeFactory",
                    "creatorName": "Bot",
                    "createorID": 1,
                    "creationTime": "2024-03-08T10:36:49.883Z"
                }
            ],
            "commentBoxPosition": {
                "x": 424.0,
                "y": 327.0
            }
        },
        {
            "commentBoxID": "commentBox-e501d012-36b3-420a-8b03-4ed6bdec3061",
            "comments": [
                {
                    "content": "https://hub.knime.com/knime/extensions/org.knime.features.base/latest/org.knime.base.node.io.filehandling.csv.reader.CSVTableReaderNodeFactory",
                    "creatorName": "Bot",
                    "createorID": 1,
                    "creationTime": "2024-03-08T10:36:49.883Z"
                }
            ],
            "commentBoxPosition": {
                "x": 604.0,
                "y": 327.0
            }
        },
        {
            "commentBoxID": "commentBox-c05e3ed4-259a-4ff2-b204-052c6de7a9a5",
            "comments": [
                {
                    "content": "https://hub.knime.com/knime/extensions/org.knime.features.base/latest/org.knime.base.node.io.filehandling.csv.reader.CSVTableReaderNodeFactory",
                    "creatorName": "Bot",
                    "createorID": 1,
                    "creationTime": "2024-03-08T10:36:49.883Z"
                }
            ],
            "commentBoxPosition": {
                "x": 784.0,
                "y": 327.0
            }
        },
        {
            "commentBoxID": "commentBox-188b4491-6909-4ede-a9a8-44e6672ae81a",
            "comments": [
                {
                    "content": "https://hub.knime.com/knime/extensions/org.knime.features.base/latest/org.knime.base.node.io.filehandling.csv.reader.CSVTableReaderNodeFactory",
                    "creatorName": "Bot",
                    "createorID": 1,
                    "creationTime": "2024-03-08T10:36:49.883Z"
                }
            ],
            "commentBoxPosition": {
                "x": 1444.0,
                "y": 327.0
            }
        },
        {
            "commentBoxID": "commentBox-3ac8b28c-d8a6-41c5-81c1-6e7c4abc6ac9",
            "comments": [
                {
                    "content": "https://hub.knime.com/knime/extensions/org.knime.features.base/latest/org.knime.base.node.io.filehandling.csv.reader.CSVTableReaderNodeFactory",
                    "creatorName": "Bot",
                    "createorID": 1,
                    "creationTime": "2024-03-08T10:36:49.883Z"
                }
            ],
            "commentBoxPosition": {
                "x": 1684.0,
                "y": 327.0
            }
        },
        {
            "commentBoxID": "commentBox-4442d383-50e8-4fd2-b8b9-c7f5c850cd20",
            "comments": [
                {
                    "content": "https://hub.knime.com/knime/extensions/org.knime.features.base/latest/org.knime.base.node.io.filehandling.csv.reader.CSVTableReaderNodeFactory",
                    "creatorName": "Bot",
                    "createorID": 1,
                    "creationTime": "2024-03-08T10:36:49.883Z"
                }
            ],
            "commentBoxPosition": {
                "x": 1904.0,
                "y": 327.0
            }
        },
        {
            "commentBoxID": "commentBox-3d42f529-9abf-4e63-8577-721d48db6d03",
            "comments": [
                {
                    "content": "https://hub.knime.com/knime/extensions/org.knime.features.base/latest/org.knime.base.node.io.filehandling.csv.reader.CSVTableReaderNodeFactory",
                    "creatorName": "Bot",
                    "createorID": 1,
                    "creationTime": "2024-03-08T10:36:49.883Z"
                }
            ],
            "commentBoxPosition": {
                "x": 2104.0,
                "y": 327.0
            }
        },
        {
            "commentBoxID": "commentBox-492fc485-462c-4eaf-b26e-74cef3ee5798",
            "comments": [
                {
                    "content": "https://hub.knime.com/knime/extensions/org.knime.features.base/latest/org.knime.base.node.io.filehandling.csv.reader.CSVTableReaderNodeFactory",
                    "creatorName": "Bot",
                    "createorID": 1,
                    "creationTime": "2024-03-08T10:36:49.883Z"
                }
            ],
            "commentBoxPosition": {
                "x": 1204.0,
                "y": 327.0
            }
        },
        {
            "commentBoxID": "commentBox-c4195e49-a0d1-445c-9842-f74a389a9e4a",
            "comments": [
                {
                    "content": "https://hub.knime.com/knime/extensions/org.knime.features.base/latest/org.knime.base.node.io.filehandling.csv.reader.CSVTableReaderNodeFactory",
                    "creatorName": "Bot",
                    "createorID": 1,
                    "creationTime": "2024-03-08T10:36:49.883Z"
                }
            ],
            "commentBoxPosition": {
                "x": 1004.0,
                "y": 327.0
            }
        }
    ]
}