{
    "operators": [
        {
            "operatorID": "Dummy-operator-dc977983-5191-4589-8d04-b6f56dae91c9",
            "operatorType": "Dummy",
            "operatorVersion": "",
            "operatorProperties": {
                "dummyPropertyList": [
                    {
                        "dummyProperty": "Source XML",
                        "dummyValue": "Omitted for license reasons"
                    }
                ]
            },
            "inputPorts": [
                {
                    "portID": "input-0",
                    "displayName": "",
                    "allowMultiInputs": true,
                    "isDynamicPort": true
                }
            ],
            "outputPorts": [
                {
                    "portID": "output-0",
                    "displayName": "",
                    "isDynamicPort": true,
                    "isBlocking": false
                },
                {
                    "portID": "output-1",
                    "displayName": "",
                    "isDynamicPort": true,
                    "isBlocking": false,
                    "materializationSize": 1173.5341796875
                }
            ],
            "showAdvanced": false,
            "isDisabled": false,
            "customDisplayName": "File Reader",
            "dynamicInputPorts": true,
            "dynamicOutputPorts": true
        },
        {
            "operatorID": "Dummy-operator-98987d64-d297-486e-99dc-63f80cac7156",
            "operatorType": "Dummy",
            "operatorVersion": "",
            "operatorProperties": {
                "dummyPropertyList": [
                    {
                        "dummyProperty": "Source XML",
                        "dummyValue": "Omitted for license reasons"
                    }
                ]
            },
            "inputPorts": [
                {
                    "portID": "input-0",
                    "displayName": "",
                    "allowMultiInputs": true,
                    "isDynamicPort": true
                },
                {
                    "portID": "input-1",
                    "displayName": "",
                    "allowMultiInputs": true,
                    "isDynamicPort": true
                }
            ],
            "outputPorts": [
                {
                    "portID": "output-0",
                    "displayName": "",
                    "isDynamicPort": true,
                    "isBlocking": false
                },
                {
                    "portID": "output-1",
                    "displayName": "",
                    "isDynamicPort": true,
                    "isBlocking": true,
                    "materializationSize": 0.28125
                },
                {
                    "portID": "output-2",
                    "displayName": "",
                    "isDynamicPort": true,
                    "isBlocking": false,
                    "materializationSize": 28.9833984375
                }
            ],
            "showAdvanced": false,
            "isDisabled": false,
            "customDisplayName": "Scatter Plot",
            "dynamicInputPorts": true,
            "dynamicOutputPorts": true
        },
        {
            "operatorID": "Dummy-operator-e2d7ebd0-ce9c-4cda-8c5f-760f0f588fe1",
            "operatorType": "Dummy",
            "operatorVersion": "",
            "operatorProperties": {
                "dummyPropertyList": [
                    {
                        "dummyProperty": "Source XML",
                        "dummyValue": "Omitted for license reasons"
                    }
                ]
            },
            "inputPorts": [
                {
                    "portID": "input-0",
                    "displayName": "",
                    "allowMultiInputs": true,
                    "isDynamicPort": true
                },
                {
                    "portID": "input-1",
                    "displayName": "",
                    "allowMultiInputs": true,
                    "isDynamicPort": true
                }
            ],
            "outputPorts": [
                {
                    "portID": "output-0",
                    "displayName": "",
                    "isDynamicPort": true,
                    "isBlocking": false
                },
                {
                    "portID": "output-1",
                    "displayName": "",
                    "isDynamicPort": true,
                    "isBlocking": true,
                    "materializationSize": 0.28125
                }
            ],
            "showAdvanced": false,
            "isDisabled": false,
            "customDisplayName": "Histogram",
            "dynamicInputPorts": true,
            "dynamicOutputPorts": true
        }
    ],
    "operatorPositions": {
        "Dummy-operator-dc977983-5191-4589-8d04-b6f56dae91c9": {
            "x": 104.0,
            "y": 337.0
        },
        "Dummy-operator-98987d64-d297-486e-99dc-63f80cac7156": {
            "x": 284.0,
            "y": 397.0
        },
        "Dummy-operator-e2d7ebd0-ce9c-4cda-8c5f-760f0f588fe1": {
            "x": 264.0,
            "y": 217.0
        }
    },
    "links": [
        {
            "linkID": "link-a4cd9d04-71b1-468f-b93a-a46f7336392c",
            "source": {
                "operatorID": "Dummy-operator-dc977983-5191-4589-8d04-b6f56dae91c9",
                "portID": "output-1"
            },
            "target": {
                "operatorID": "Dummy-operator-98987d64-d297-486e-99dc-63f80cac7156",
                "portID": "input-1"
            }
        },
        {
            "linkID": "link-0cc4ccc7-5829-450b-90c7-ec38bbed3f3f",
            "source": {
                "operatorID": "Dummy-operator-dc977983-5191-4589-8d04-b6f56dae91c9",
                "portID": "output-1"
            },
            "target": {
                "operatorID": "Dummy-operator-e2d7ebd0-ce9c-4cda-8c5f-760f0f588fe1",
                "portID": "input-1"
            }
        }
    ],
    "groups": [],
    "breakpoints": {},
    "commentBoxes": [
        {
            "commentBoxID": "commentBox-d795ca4b-c938-4477-9206-2385ccca80a5",
            "comments": [
                {
                    "content": "https://hub.knime.com/knime/extensions/org.knime.features.base/latest/org.knime.base.node.io.filehandling.csv.reader.CSVTableReaderNodeFactory",
                    "creatorName": "Bot",
                    "createorID": 1,
                    "creationTime": "2024-03-08T10:36:49.883Z"
                }
            ],
            "commentBoxPosition": {
                "x": 164.0,
                "y": 367.0
            }
        },
        {
            "commentBoxID": "commentBox-732e9b13-60a3-4cad-8106-75a9ec122fcf",
            "comments": [
                {
                    "content": "https://hub.knime.com/knime/extensions/org.knime.features.base/latest/org.knime.base.node.io.filehandling.csv.reader.CSVTableReaderNodeFactory",
                    "creatorName": "Bot",
                    "createorID": 1,
                    "creationTime": "2024-03-08T10:36:49.883Z"
                }
            ],
            "commentBoxPosition": {
                "x": 344.0,
                "y": 427.0
            }
        },
        {
            "commentBoxID": "commentBox-5ce91a9f-2203-43b3-8fa4-d7c5ea77d9ac",
            "comments": [
                {
                    "content": "https://hub.knime.com/knime/extensions/org.knime.features.base/latest/org.knime.base.node.io.filehandling.csv.reader.CSVTableReaderNodeFactory",
                    "creatorName": "Bot",
                    "createorID": 1,
                    "creationTime": "2024-03-08T10:36:49.883Z"
                }
            ],
            "commentBoxPosition": {
                "x": 324.0,
                "y": 247.0
            }
        }
    ]
}