{
    "operators": [
        {
            "operatorID": "Dummy-operator-35bdfd4e-4d10-491a-89fd-ba68c040c3e6",
            "operatorType": "Dummy",
            "operatorVersion": "",
            "operatorProperties": {
                "dummyPropertyList": [
                    {
                        "dummyProperty": "Source XML",
                        "dummyValue": "Omitted for license reasons"
                    }
                ]
            },
            "inputPorts": [
                {
                    "portID": "input-0",
                    "displayName": "",
                    "allowMultiInputs": true,
                    "isDynamicPort": true
                }
            ],
            "outputPorts": [
                {
                    "portID": "output-0",
                    "displayName": "",
                    "isDynamicPort": true,
                    "isBlocking": false
                },
                {
                    "portID": "output-1",
                    "displayName": "",
                    "isDynamicPort": true,
                    "isBlocking": false
                }
            ],
            "showAdvanced": false,
            "isDisabled": false,
            "customDisplayName": "CSV Reader",
            "dynamicInputPorts": true,
            "dynamicOutputPorts": true
        },
        {
            "operatorID": "Dummy-operator-49d5fde0-1f6b-4184-9dac-110b55731eeb",
            "operatorType": "Dummy",
            "operatorVersion": "",
            "operatorProperties": {
                "dummyPropertyList": [
                    {
                        "dummyProperty": "Source XML",
                        "dummyValue": "Omitted for license reasons"
                    }
                ]
            },
            "inputPorts": [
                {
                    "portID": "input-0",
                    "displayName": "",
                    "allowMultiInputs": true,
                    "isDynamicPort": true
                },
                {
                    "portID": "input-1",
                    "displayName": "",
                    "allowMultiInputs": true,
                    "isDynamicPort": true
                },
                {
                    "portID": "input-2",
                    "displayName": "",
                    "allowMultiInputs": true,
                    "isDynamicPort": true
                }
            ],
            "outputPorts": [
                {
                    "portID": "output-0",
                    "displayName": "",
                    "isDynamicPort": true,
                    "isBlocking": false
                },
                {
                    "portID": "output-1",
                    "displayName": "",
                    "isDynamicPort": true,
                    "isBlocking": false
                }
            ],
            "showAdvanced": false,
            "isDisabled": false,
            "customDisplayName": "Table to H2O",
            "dynamicInputPorts": true,
            "dynamicOutputPorts": true
        },
        {
            "operatorID": "Dummy-operator-d2839d2f-eb3e-4f5e-a31b-9de56d140665",
            "operatorType": "Dummy",
            "operatorVersion": "",
            "operatorProperties": {
                "dummyPropertyList": [
                    {
                        "dummyProperty": "Source XML",
                        "dummyValue": "Omitted for license reasons"
                    }
                ]
            },
            "inputPorts": [
                {
                    "portID": "input-0",
                    "displayName": "",
                    "allowMultiInputs": true,
                    "isDynamicPort": true
                },
                {
                    "portID": "input-1",
                    "displayName": "",
                    "allowMultiInputs": true,
                    "isDynamicPort": true
                }
            ],
            "outputPorts": [
                {
                    "portID": "output-0",
                    "displayName": "",
                    "isDynamicPort": true,
                    "isBlocking": false
                },
                {
                    "portID": "output-1",
                    "displayName": "",
                    "isDynamicPort": true,
                    "isBlocking": false
                }
            ],
            "showAdvanced": false,
            "isDisabled": false,
            "customDisplayName": "H2O to Table",
            "dynamicInputPorts": true,
            "dynamicOutputPorts": true
        },
        {
            "operatorID": "Dummy-operator-38138cfa-143b-430b-be61-61c916153508",
            "operatorType": "Dummy",
            "operatorVersion": "",
            "operatorProperties": {
                "dummyPropertyList": [
                    {
                        "dummyProperty": "Source XML",
                        "dummyValue": "Omitted for license reasons"
                    }
                ]
            },
            "inputPorts": [
                {
                    "portID": "input-0",
                    "displayName": "",
                    "allowMultiInputs": true,
                    "isDynamicPort": true
                }
            ],
            "outputPorts": [
                {
                    "portID": "output-0",
                    "displayName": "",
                    "isDynamicPort": true,
                    "isBlocking": false
                },
                {
                    "portID": "output-1",
                    "displayName": "",
                    "isDynamicPort": true,
                    "isBlocking": true,
                    "materializationSize": 0.470703125
                }
            ],
            "showAdvanced": false,
            "isDisabled": false,
            "customDisplayName": "H2O Local Context",
            "dynamicInputPorts": true,
            "dynamicOutputPorts": true
        },
        {
            "operatorID": "Dummy-operator-50d6fd2b-6819-4e28-8f9c-5d9a68cefed8",
            "operatorType": "Dummy",
            "operatorVersion": "",
            "operatorProperties": {
                "dummyPropertyList": [
                    {
                        "dummyProperty": "Source XML",
                        "dummyValue": "Omitted for license reasons"
                    }
                ]
            },
            "inputPorts": [
                {
                    "portID": "input-0",
                    "displayName": "",
                    "allowMultiInputs": true,
                    "isDynamicPort": true
                },
                {
                    "portID": "input-1",
                    "displayName": "",
                    "allowMultiInputs": true,
                    "isDynamicPort": true
                }
            ],
            "outputPorts": [
                {
                    "portID": "output-0",
                    "displayName": "",
                    "isDynamicPort": true,
                    "isBlocking": false
                },
                {
                    "portID": "output-1",
                    "displayName": "",
                    "isDynamicPort": true,
                    "isBlocking": false
                },
                {
                    "portID": "output-2",
                    "displayName": "",
                    "isDynamicPort": true,
                    "isBlocking": false
                }
            ],
            "showAdvanced": false,
            "isDisabled": false,
            "customDisplayName": "H2O Partitioning",
            "dynamicInputPorts": true,
            "dynamicOutputPorts": true
        },
        {
            "operatorID": "Dummy-operator-b8924291-aa3a-42bf-b2e7-76d50f5063cb",
            "operatorType": "Dummy",
            "operatorVersion": "",
            "operatorProperties": {
                "dummyPropertyList": [
                    {
                        "dummyProperty": "Source XML",
                        "dummyValue": "Omitted for license reasons"
                    }
                ]
            },
            "inputPorts": [
                {
                    "portID": "input-0",
                    "displayName": "",
                    "allowMultiInputs": true,
                    "isDynamicPort": true
                },
                {
                    "portID": "input-1",
                    "displayName": "",
                    "allowMultiInputs": true,
                    "isDynamicPort": true
                }
            ],
            "outputPorts": [
                {
                    "portID": "output-0",
                    "displayName": "",
                    "isDynamicPort": true,
                    "isBlocking": false
                },
                {
                    "portID": "output-1",
                    "displayName": "",
                    "isDynamicPort": true,
                    "isBlocking": false
                },
                {
                    "portID": "output-2",
                    "displayName": "",
                    "isDynamicPort": true,
                    "isBlocking": false
                }
            ],
            "showAdvanced": false,
            "isDisabled": false,
            "customDisplayName": "H2O AutoML Learner",
            "dynamicInputPorts": true,
            "dynamicOutputPorts": true
        },
        {
            "operatorID": "Dummy-operator-6530543a-20a1-45e9-85bc-987efe3799df",
            "operatorType": "Dummy",
            "operatorVersion": "",
            "operatorProperties": {
                "dummyPropertyList": [
                    {
                        "dummyProperty": "Source XML",
                        "dummyValue": "Omitted for license reasons"
                    }
                ]
            },
            "inputPorts": [
                {
                    "portID": "input-0",
                    "displayName": "",
                    "allowMultiInputs": true,
                    "isDynamicPort": true
                },
                {
                    "portID": "input-1",
                    "displayName": "",
                    "allowMultiInputs": true,
                    "isDynamicPort": true
                },
                {
                    "portID": "input-2",
                    "displayName": "",
                    "allowMultiInputs": true,
                    "isDynamicPort": true
                }
            ],
            "outputPorts": [
                {
                    "portID": "output-0",
                    "displayName": "",
                    "isDynamicPort": true,
                    "isBlocking": false
                },
                {
                    "portID": "output-1",
                    "displayName": "",
                    "isDynamicPort": true,
                    "isBlocking": false
                }
            ],
            "showAdvanced": false,
            "isDisabled": false,
            "customDisplayName": "H2O Predictor _Classification_",
            "dynamicInputPorts": true,
            "dynamicOutputPorts": true
        },
        {
            "operatorID": "Dummy-operator-ef95ca00-cb02-471d-9233-b97d108a2c16",
            "operatorType": "Dummy",
            "operatorVersion": "",
            "operatorProperties": {
                "dummyPropertyList": [
                    {
                        "dummyProperty": "Source XML",
                        "dummyValue": "Omitted for license reasons"
                    }
                ]
            },
            "inputPorts": [
                {
                    "portID": "input-0",
                    "displayName": "",
                    "allowMultiInputs": true,
                    "isDynamicPort": true
                },
                {
                    "portID": "input-1",
                    "displayName": "",
                    "allowMultiInputs": true,
                    "isDynamicPort": true
                }
            ],
            "outputPorts": [
                {
                    "portID": "output-0",
                    "displayName": "",
                    "isDynamicPort": true,
                    "isBlocking": false
                },
                {
                    "portID": "output-1",
                    "displayName": "",
                    "isDynamicPort": true,
                    "isBlocking": false
                }
            ],
            "showAdvanced": false,
            "isDisabled": false,
            "customDisplayName": "Domain Calculator",
            "dynamicInputPorts": true,
            "dynamicOutputPorts": true
        }
    ],
    "operatorPositions": {
        "Dummy-operator-35bdfd4e-4d10-491a-89fd-ba68c040c3e6": {
            "x": 224.0,
            "y": 257.0
        },
        "Dummy-operator-49d5fde0-1f6b-4184-9dac-110b55731eeb": {
            "x": 644.0,
            "y": 257.0
        },
        "Dummy-operator-d2839d2f-eb3e-4f5e-a31b-9de56d140665": {
            "x": 1184.0,
            "y": 257.0
        },
        "Dummy-operator-38138cfa-143b-430b-be61-61c916153508": {
            "x": 544.0,
            "y": 357.0
        },
        "Dummy-operator-50d6fd2b-6819-4e28-8f9c-5d9a68cefed8": {
            "x": 764.0,
            "y": 257.0
        },
        "Dummy-operator-b8924291-aa3a-42bf-b2e7-76d50f5063cb": {
            "x": 924.0,
            "y": 137.0
        },
        "Dummy-operator-6530543a-20a1-45e9-85bc-987efe3799df": {
            "x": 1064.0,
            "y": 257.0
        },
        "Dummy-operator-ef95ca00-cb02-471d-9233-b97d108a2c16": {
            "x": 364.0,
            "y": 257.0
        }
    },
    "links": [
        {
            "linkID": "link-acf50df5-75f0-4d87-9719-7cab48daa976",
            "source": {
                "operatorID": "Dummy-operator-35bdfd4e-4d10-491a-89fd-ba68c040c3e6",
                "portID": "output-1"
            },
            "target": {
                "operatorID": "Dummy-operator-ef95ca00-cb02-471d-9233-b97d108a2c16",
                "portID": "input-1"
            }
        },
        {
            "linkID": "link-d040e8a2-b338-4b98-a2c8-a8960afe8bb1",
            "source": {
                "operatorID": "Dummy-operator-49d5fde0-1f6b-4184-9dac-110b55731eeb",
                "portID": "output-1"
            },
            "target": {
                "operatorID": "Dummy-operator-50d6fd2b-6819-4e28-8f9c-5d9a68cefed8",
                "portID": "input-1"
            }
        },
        {
            "linkID": "link-2d5756a5-bcca-4f5a-bd7a-fe359e56de76",
            "source": {
                "operatorID": "Dummy-operator-38138cfa-143b-430b-be61-61c916153508",
                "portID": "output-1"
            },
            "target": {
                "operatorID": "Dummy-operator-49d5fde0-1f6b-4184-9dac-110b55731eeb",
                "portID": "input-2"
            }
        },
        {
            "linkID": "link-62036573-283a-4716-a938-f68eeda450e2",
            "source": {
                "operatorID": "Dummy-operator-50d6fd2b-6819-4e28-8f9c-5d9a68cefed8",
                "portID": "output-1"
            },
            "target": {
                "operatorID": "Dummy-operator-b8924291-aa3a-42bf-b2e7-76d50f5063cb",
                "portID": "input-1"
            }
        },
        {
            "linkID": "link-5d7a12eb-5eb9-4f1a-a651-7d65b2e97d68",
            "source": {
                "operatorID": "Dummy-operator-50d6fd2b-6819-4e28-8f9c-5d9a68cefed8",
                "portID": "output-2"
            },
            "target": {
                "operatorID": "Dummy-operator-6530543a-20a1-45e9-85bc-987efe3799df",
                "portID": "input-2"
            }
        },
        {
            "linkID": "link-9720ff2c-418e-4986-a91e-86006030d912",
            "source": {
                "operatorID": "Dummy-operator-b8924291-aa3a-42bf-b2e7-76d50f5063cb",
                "portID": "output-1"
            },
            "target": {
                "operatorID": "Dummy-operator-6530543a-20a1-45e9-85bc-987efe3799df",
                "portID": "input-1"
            }
        },
        {
            "linkID": "link-d802fac2-14bc-40a4-af0a-c4c30a1800d0",
            "source": {
                "operatorID": "Dummy-operator-6530543a-20a1-45e9-85bc-987efe3799df",
                "portID": "output-1"
            },
            "target": {
                "operatorID": "Dummy-operator-d2839d2f-eb3e-4f5e-a31b-9de56d140665",
                "portID": "input-1"
            }
        },
        {
            "linkID": "link-65b32f2f-464c-46d6-80b2-dbc4a67558ff",
            "source": {
                "operatorID": "Dummy-operator-ef95ca00-cb02-471d-9233-b97d108a2c16",
                "portID": "output-1"
            },
            "target": {
                "operatorID": "Dummy-operator-49d5fde0-1f6b-4184-9dac-110b55731eeb",
                "portID": "input-1"
            }
        }
    ],
    "groups": [],
    "breakpoints": {},
    "commentBoxes": [
        {
            "commentBoxID": "commentBox-82b2c8de-a2db-43ce-922c-4f360c0611a6",
            "comments": [
                {
                    "content": "https://hub.knime.com/knime/extensions/org.knime.features.base/latest/org.knime.base.node.io.filehandling.csv.reader.CSVTableReaderNodeFactory",
                    "creatorName": "Bot",
                    "createorID": 1,
                    "creationTime": "2024-03-08T10:36:49.883Z"
                }
            ],
            "commentBoxPosition": {
                "x": 284.0,
                "y": 287.0
            }
        },
        {
            "commentBoxID": "commentBox-981b57f5-165f-4e22-98de-8a1585841eb2",
            "comments": [
                {
                    "content": "https://hub.knime.com/knime/extensions/org.knime.features.base/latest/org.knime.base.node.io.filehandling.csv.reader.CSVTableReaderNodeFactory",
                    "creatorName": "Bot",
                    "createorID": 1,
                    "creationTime": "2024-03-08T10:36:49.883Z"
                }
            ],
            "commentBoxPosition": {
                "x": 704.0,
                "y": 287.0
            }
        },
        {
            "commentBoxID": "commentBox-d7cb7a02-deef-413e-8490-1012aded47cc",
            "comments": [
                {
                    "content": "https://hub.knime.com/knime/extensions/org.knime.features.base/latest/org.knime.base.node.io.filehandling.csv.reader.CSVTableReaderNodeFactory",
                    "creatorName": "Bot",
                    "createorID": 1,
                    "creationTime": "2024-03-08T10:36:49.883Z"
                }
            ],
            "commentBoxPosition": {
                "x": 1244.0,
                "y": 287.0
            }
        },
        {
            "commentBoxID": "commentBox-231d3338-099c-46e3-8107-40004235eadf",
            "comments": [
                {
                    "content": "https://hub.knime.com/knime/extensions/org.knime.features.base/latest/org.knime.base.node.io.filehandling.csv.reader.CSVTableReaderNodeFactory",
                    "creatorName": "Bot",
                    "createorID": 1,
                    "creationTime": "2024-03-08T10:36:49.883Z"
                }
            ],
            "commentBoxPosition": {
                "x": 604.0,
                "y": 387.0
            }
        },
        {
            "commentBoxID": "commentBox-68b88cd5-c5cb-4748-91d2-06805bfe1d6a",
            "comments": [
                {
                    "content": "https://hub.knime.com/knime/extensions/org.knime.features.base/latest/org.knime.base.node.io.filehandling.csv.reader.CSVTableReaderNodeFactory",
                    "creatorName": "Bot",
                    "createorID": 1,
                    "creationTime": "2024-03-08T10:36:49.883Z"
                }
            ],
            "commentBoxPosition": {
                "x": 824.0,
                "y": 287.0
            }
        },
        {
            "commentBoxID": "commentBox-a3d08737-5e2f-4054-b25c-7b06e36bf18f",
            "comments": [
                {
                    "content": "https://hub.knime.com/knime/extensions/org.knime.features.base/latest/org.knime.base.node.io.filehandling.csv.reader.CSVTableReaderNodeFactory",
                    "creatorName": "Bot",
                    "createorID": 1,
                    "creationTime": "2024-03-08T10:36:49.883Z"
                }
            ],
            "commentBoxPosition": {
                "x": 984.0,
                "y": 167.0
            }
        },
        {
            "commentBoxID": "commentBox-2377e5b9-ab33-47b8-aff9-3c51ee4b19e5",
            "comments": [
                {
                    "content": "https://hub.knime.com/knime/extensions/org.knime.features.base/latest/org.knime.base.node.io.filehandling.csv.reader.CSVTableReaderNodeFactory",
                    "creatorName": "Bot",
                    "createorID": 1,
                    "creationTime": "2024-03-08T10:36:49.883Z"
                }
            ],
            "commentBoxPosition": {
                "x": 1124.0,
                "y": 287.0
            }
        },
        {
            "commentBoxID": "commentBox-6286cc77-2c7f-4332-bd6d-69627bfaea52",
            "comments": [
                {
                    "content": "https://hub.knime.com/knime/extensions/org.knime.features.base/latest/org.knime.base.node.io.filehandling.csv.reader.CSVTableReaderNodeFactory",
                    "creatorName": "Bot",
                    "createorID": 1,
                    "creationTime": "2024-03-08T10:36:49.883Z"
                }
            ],
            "commentBoxPosition": {
                "x": 424.0,
                "y": 287.0
            }
        }
    ]
}