{
    "operators": [
        {
            "operatorID": "Dummy-operator-20b8a5a1-9be3-491b-a25d-e40038269fa3",
            "operatorType": "Dummy",
            "operatorVersion": "",
            "operatorProperties": {
                "dummyPropertyList": [
                    {
                        "dummyProperty": "Source XML",
                        "dummyValue": "Omitted for license reasons"
                    }
                ]
            },
            "inputPorts": [
                {
                    "portID": "input-0",
                    "displayName": "",
                    "allowMultiInputs": true,
                    "isDynamicPort": true
                }
            ],
            "outputPorts": [
                {
                    "portID": "output-0",
                    "displayName": "",
                    "isDynamicPort": true,
                    "isBlocking": false
                },
                {
                    "portID": "output-1",
                    "displayName": "",
                    "isDynamicPort": true,
                    "isBlocking": false
                }
            ],
            "showAdvanced": false,
            "isDisabled": false,
            "customDisplayName": "CSV Reader",
            "dynamicInputPorts": true,
            "dynamicOutputPorts": true
        },
        {
            "operatorID": "Dummy-operator-7db92bdc-ea0a-4832-86d7-b5aa1c534fd5",
            "operatorType": "Dummy",
            "operatorVersion": "",
            "operatorProperties": {
                "dummyPropertyList": [
                    {
                        "dummyProperty": "Source XML",
                        "dummyValue": "Omitted for license reasons"
                    }
                ]
            },
            "inputPorts": [
                {
                    "portID": "input-0",
                    "displayName": "",
                    "allowMultiInputs": true,
                    "isDynamicPort": true
                },
                {
                    "portID": "input-1",
                    "displayName": "",
                    "allowMultiInputs": true,
                    "isDynamicPort": true
                }
            ],
            "outputPorts": [
                {
                    "portID": "output-0",
                    "displayName": "",
                    "isDynamicPort": true,
                    "isBlocking": false
                },
                {
                    "portID": "output-1",
                    "displayName": "",
                    "isDynamicPort": true,
                    "isBlocking": false
                }
            ],
            "showAdvanced": false,
            "isDisabled": false,
            "customDisplayName": "Column Filter",
            "dynamicInputPorts": true,
            "dynamicOutputPorts": true
        },
        {
            "operatorID": "Dummy-operator-93af3451-95d3-41d1-9fea-20bebc784aa6",
            "operatorType": "Dummy",
            "operatorVersion": "",
            "operatorProperties": {
                "dummyPropertyList": [
                    {
                        "dummyProperty": "Source XML",
                        "dummyValue": "Omitted for license reasons"
                    }
                ]
            },
            "inputPorts": [
                {
                    "portID": "input-0",
                    "displayName": "",
                    "allowMultiInputs": true,
                    "isDynamicPort": true
                },
                {
                    "portID": "input-1",
                    "displayName": "",
                    "allowMultiInputs": true,
                    "isDynamicPort": true
                }
            ],
            "outputPorts": [
                {
                    "portID": "output-0",
                    "displayName": "",
                    "isDynamicPort": true,
                    "isBlocking": false
                },
                {
                    "portID": "output-1",
                    "displayName": "",
                    "isDynamicPort": true,
                    "isBlocking": false
                }
            ],
            "showAdvanced": false,
            "isDisabled": false,
            "customDisplayName": "Call Workflow Service",
            "dynamicInputPorts": true,
            "dynamicOutputPorts": true
        }
    ],
    "operatorPositions": {
        "Dummy-operator-20b8a5a1-9be3-491b-a25d-e40038269fa3": {
            "x": 44.0,
            "y": 197.0
        },
        "Dummy-operator-7db92bdc-ea0a-4832-86d7-b5aa1c534fd5": {
            "x": 164.0,
            "y": 197.0
        },
        "Dummy-operator-93af3451-95d3-41d1-9fea-20bebc784aa6": {
            "x": 304.0,
            "y": 197.0
        }
    },
    "links": [
        {
            "linkID": "link-30677cca-cecf-4716-a955-0145c008c23c",
            "source": {
                "operatorID": "Dummy-operator-20b8a5a1-9be3-491b-a25d-e40038269fa3",
                "portID": "output-1"
            },
            "target": {
                "operatorID": "Dummy-operator-7db92bdc-ea0a-4832-86d7-b5aa1c534fd5",
                "portID": "input-1"
            }
        },
        {
            "linkID": "link-df8acff7-11f3-4051-a146-38eadb182c19",
            "source": {
                "operatorID": "Dummy-operator-7db92bdc-ea0a-4832-86d7-b5aa1c534fd5",
                "portID": "output-1"
            },
            "target": {
                "operatorID": "Dummy-operator-93af3451-95d3-41d1-9fea-20bebc784aa6",
                "portID": "input-1"
            }
        }
    ],
    "groups": [],
    "breakpoints": {},
    "commentBoxes": [
        {
            "commentBoxID": "commentBox-53c2d80a-03ae-4532-9bfd-ee52c2cb3ba6",
            "comments": [
                {
                    "content": "https://hub.knime.com/knime/extensions/org.knime.features.base/latest/org.knime.base.node.io.filehandling.csv.reader.CSVTableReaderNodeFactory",
                    "creatorName": "Bot",
                    "createorID": 1,
                    "creationTime": "2024-03-08T10:36:49.883Z"
                }
            ],
            "commentBoxPosition": {
                "x": 104.0,
                "y": 227.0
            }
        },
        {
            "commentBoxID": "commentBox-088d3a8a-426b-45d1-ae92-241251e11194",
            "comments": [
                {
                    "content": "https://hub.knime.com/knime/extensions/org.knime.features.base/latest/org.knime.base.node.io.filehandling.csv.reader.CSVTableReaderNodeFactory",
                    "creatorName": "Bot",
                    "createorID": 1,
                    "creationTime": "2024-03-08T10:36:49.883Z"
                }
            ],
            "commentBoxPosition": {
                "x": 224.0,
                "y": 227.0
            }
        },
        {
            "commentBoxID": "commentBox-ca3a03ae-092a-4f1e-8ac5-5c91b1d8eaa4",
            "comments": [
                {
                    "content": "https://hub.knime.com/knime/extensions/org.knime.features.base/latest/org.knime.base.node.io.filehandling.csv.reader.CSVTableReaderNodeFactory",
                    "creatorName": "Bot",
                    "createorID": 1,
                    "creationTime": "2024-03-08T10:36:49.883Z"
                }
            ],
            "commentBoxPosition": {
                "x": 364.0,
                "y": 227.0
            }
        }
    ]
}