{
    "operators": [
        {
            "operatorID": "Dummy-operator-05843e45-27b8-4847-ae7a-cf9abc46de3e",
            "operatorType": "Dummy",
            "operatorVersion": "",
            "operatorProperties": {
                "dummyPropertyList": [
                    {
                        "dummyProperty": "Source XML",
                        "dummyValue": "Omitted for license reasons"
                    }
                ]
            },
            "inputPorts": [
                {
                    "portID": "input-0",
                    "displayName": "",
                    "allowMultiInputs": true,
                    "isDynamicPort": true
                },
                {
                    "portID": "input-1",
                    "displayName": "",
                    "allowMultiInputs": true,
                    "isDynamicPort": true
                },
                {
                    "portID": "input-2",
                    "displayName": "",
                    "allowMultiInputs": true,
                    "isDynamicPort": true
                }
            ],
            "outputPorts": [
                {
                    "portID": "output-0",
                    "displayName": "",
                    "isDynamicPort": true,
                    "isBlocking": false
                },
                {
                    "portID": "output-1",
                    "displayName": "",
                    "isDynamicPort": true,
                    "isBlocking": false
                }
            ],
            "showAdvanced": false,
            "isDisabled": false,
            "customDisplayName": "Gradient Boosted Trees Predictor _Regression_",
            "dynamicInputPorts": true,
            "dynamicOutputPorts": true
        },
        {
            "operatorID": "Dummy-operator-19bee3a9-5761-4bc4-96b6-4b3382099ef5",
            "operatorType": "Dummy",
            "operatorVersion": "",
            "operatorProperties": {
                "dummyPropertyList": [
                    {
                        "dummyProperty": "Source XML",
                        "dummyValue": "Omitted for license reasons"
                    }
                ]
            },
            "inputPorts": [
                {
                    "portID": "input-0",
                    "displayName": "",
                    "allowMultiInputs": true,
                    "isDynamicPort": true
                },
                {
                    "portID": "input-1",
                    "displayName": "",
                    "allowMultiInputs": true,
                    "isDynamicPort": true
                }
            ],
            "outputPorts": [
                {
                    "portID": "output-0",
                    "displayName": "",
                    "isDynamicPort": true,
                    "isBlocking": false
                },
                {
                    "portID": "output-1",
                    "displayName": "",
                    "isDynamicPort": true,
                    "isBlocking": false
                }
            ],
            "showAdvanced": false,
            "isDisabled": false,
            "customDisplayName": "Column Filter",
            "dynamicInputPorts": true,
            "dynamicOutputPorts": true
        },
        {
            "operatorID": "Dummy-operator-fc83af03-7ade-4cc8-aace-11dce95427fa",
            "operatorType": "Dummy",
            "operatorVersion": "",
            "operatorProperties": {
                "dummyPropertyList": [
                    {
                        "dummyProperty": "Source XML",
                        "dummyValue": "Omitted for license reasons"
                    }
                ]
            },
            "inputPorts": [
                {
                    "portID": "input-0",
                    "displayName": "",
                    "allowMultiInputs": true,
                    "isDynamicPort": true
                },
                {
                    "portID": "input-1",
                    "displayName": "",
                    "allowMultiInputs": true,
                    "isDynamicPort": true
                },
                {
                    "portID": "input-2",
                    "displayName": "",
                    "allowMultiInputs": true,
                    "isDynamicPort": true
                }
            ],
            "outputPorts": [
                {
                    "portID": "output-0",
                    "displayName": "",
                    "isDynamicPort": true,
                    "isBlocking": false
                },
                {
                    "portID": "output-1",
                    "displayName": "",
                    "isDynamicPort": true,
                    "isBlocking": false
                }
            ],
            "showAdvanced": false,
            "isDisabled": false,
            "customDisplayName": "Missing Value _Apply_",
            "dynamicInputPorts": true,
            "dynamicOutputPorts": true
        },
        {
            "operatorID": "Dummy-operator-894ed4dd-d2ca-4bc5-9d03-89d7b8529382",
            "operatorType": "Dummy",
            "operatorVersion": "",
            "operatorProperties": {
                "dummyPropertyList": [
                    {
                        "dummyProperty": "Source XML",
                        "dummyValue": "Omitted for license reasons"
                    }
                ]
            },
            "inputPorts": [
                {
                    "portID": "input-0",
                    "displayName": "",
                    "allowMultiInputs": true,
                    "isDynamicPort": true
                },
                {
                    "portID": "input-1",
                    "displayName": "",
                    "allowMultiInputs": true,
                    "isDynamicPort": true
                },
                {
                    "portID": "input-2",
                    "displayName": "",
                    "allowMultiInputs": true,
                    "isDynamicPort": true
                }
            ],
            "outputPorts": [
                {
                    "portID": "output-0",
                    "displayName": "",
                    "isDynamicPort": true,
                    "isBlocking": false
                },
                {
                    "portID": "output-1",
                    "displayName": "",
                    "isDynamicPort": true,
                    "isBlocking": false
                },
                {
                    "portID": "output-2",
                    "displayName": "",
                    "isDynamicPort": true,
                    "isBlocking": false
                }
            ],
            "showAdvanced": false,
            "isDisabled": false,
            "customDisplayName": "Numeric Outliers _Apply_",
            "dynamicInputPorts": true,
            "dynamicOutputPorts": true
        },
        {
            "operatorID": "Dummy-operator-26c4a4cb-625b-4913-8ddc-bf4440a984d3",
            "operatorType": "Dummy",
            "operatorVersion": "",
            "operatorProperties": {
                "dummyPropertyList": [
                    {
                        "dummyProperty": "Source XML",
                        "dummyValue": "Omitted for license reasons"
                    }
                ]
            },
            "inputPorts": [
                {
                    "portID": "input-0",
                    "displayName": "",
                    "allowMultiInputs": true,
                    "isDynamicPort": true
                },
                {
                    "portID": "input-1",
                    "displayName": "",
                    "allowMultiInputs": true,
                    "isDynamicPort": true
                }
            ],
            "outputPorts": [
                {
                    "portID": "output-0",
                    "displayName": "",
                    "isDynamicPort": true,
                    "isBlocking": false
                },
                {
                    "portID": "output-1",
                    "displayName": "",
                    "isDynamicPort": true,
                    "isBlocking": false
                }
            ],
            "showAdvanced": false,
            "isDisabled": false,
            "customDisplayName": "One to Many",
            "dynamicInputPorts": true,
            "dynamicOutputPorts": true
        },
        {
            "operatorID": "Dummy-operator-8f392410-27e6-4fd5-8606-0fe4c963007f",
            "operatorType": "Dummy",
            "operatorVersion": "",
            "operatorProperties": {
                "dummyPropertyList": [
                    {
                        "dummyProperty": "Source XML",
                        "dummyValue": "Omitted for license reasons"
                    }
                ]
            },
            "inputPorts": [
                {
                    "portID": "input-0",
                    "displayName": "",
                    "allowMultiInputs": true,
                    "isDynamicPort": true
                },
                {
                    "portID": "input-1",
                    "displayName": "",
                    "allowMultiInputs": true,
                    "isDynamicPort": true
                }
            ],
            "outputPorts": [
                {
                    "portID": "output-0",
                    "displayName": "",
                    "isDynamicPort": true,
                    "isBlocking": false
                },
                {
                    "portID": "output-1",
                    "displayName": "",
                    "isDynamicPort": true,
                    "isBlocking": false
                }
            ],
            "showAdvanced": false,
            "isDisabled": false,
            "customDisplayName": "Domain Calculator",
            "dynamicInputPorts": true,
            "dynamicOutputPorts": true
        },
        {
            "operatorID": "Dummy-operator-a2efc8d4-00b5-4899-9961-b2f5f2565173",
            "operatorType": "Dummy",
            "operatorVersion": "",
            "operatorProperties": {
                "dummyPropertyList": [
                    {
                        "dummyProperty": "Source XML",
                        "dummyValue": "Omitted for license reasons"
                    }
                ]
            },
            "inputPorts": [
                {
                    "portID": "input-0",
                    "displayName": "",
                    "allowMultiInputs": true,
                    "isDynamicPort": true
                },
                {
                    "portID": "input-1",
                    "displayName": "",
                    "allowMultiInputs": true,
                    "isDynamicPort": true
                },
                {
                    "portID": "input-2",
                    "displayName": "",
                    "allowMultiInputs": true,
                    "isDynamicPort": true
                }
            ],
            "outputPorts": [
                {
                    "portID": "output-0",
                    "displayName": "",
                    "isDynamicPort": true,
                    "isBlocking": false
                },
                {
                    "portID": "output-1",
                    "displayName": "",
                    "isDynamicPort": true,
                    "isBlocking": false
                },
                {
                    "portID": "output-2",
                    "displayName": "",
                    "isDynamicPort": true,
                    "isBlocking": false
                }
            ],
            "showAdvanced": false,
            "isDisabled": false,
            "customDisplayName": "Normalizer Apply _PMML_",
            "dynamicInputPorts": true,
            "dynamicOutputPorts": true
        },
        {
            "operatorID": "Dummy-operator-afbe11a6-584b-47df-bfb6-7475459588e7",
            "operatorType": "Dummy",
            "operatorVersion": "",
            "operatorProperties": {
                "dummyPropertyList": [
                    {
                        "dummyProperty": "Source XML",
                        "dummyValue": "Omitted for license reasons"
                    }
                ]
            },
            "inputPorts": [
                {
                    "portID": "input-0",
                    "displayName": "",
                    "allowMultiInputs": true,
                    "isDynamicPort": true
                },
                {
                    "portID": "input-1",
                    "displayName": "",
                    "allowMultiInputs": true,
                    "isDynamicPort": true
                }
            ],
            "outputPorts": [
                {
                    "portID": "output-0",
                    "displayName": "",
                    "isDynamicPort": true,
                    "isBlocking": true
                },
                {
                    "portID": "output-1",
                    "displayName": "",
                    "isDynamicPort": true,
                    "isBlocking": true
                },
                {
                    "portID": "output-2",
                    "displayName": "",
                    "isDynamicPort": true,
                    "isBlocking": true
                }
            ],
            "showAdvanced": false,
            "isDisabled": false,
            "customDisplayName": "Missing Value",
            "dynamicInputPorts": true,
            "dynamicOutputPorts": true
        },
        {
            "operatorID": "Dummy-operator-21e395a6-d0de-4dfc-a8c2-9d1e5956ed3e",
            "operatorType": "Dummy",
            "operatorVersion": "",
            "operatorProperties": {
                "dummyPropertyList": [
                    {
                        "dummyProperty": "Source XML",
                        "dummyValue": "Omitted for license reasons"
                    }
                ]
            },
            "inputPorts": [
                {
                    "portID": "input-0",
                    "displayName": "",
                    "allowMultiInputs": true,
                    "isDynamicPort": true
                },
                {
                    "portID": "input-1",
                    "displayName": "",
                    "allowMultiInputs": true,
                    "isDynamicPort": true
                },
                {
                    "portID": "input-2",
                    "displayName": "",
                    "allowMultiInputs": true,
                    "isDynamicPort": true
                }
            ],
            "outputPorts": [
                {
                    "portID": "output-0",
                    "displayName": "",
                    "isDynamicPort": true,
                    "isBlocking": false
                },
                {
                    "portID": "output-1",
                    "displayName": "",
                    "isDynamicPort": true,
                    "isBlocking": false
                }
            ],
            "showAdvanced": false,
            "isDisabled": false,
            "customDisplayName": "Concatenate",
            "dynamicInputPorts": true,
            "dynamicOutputPorts": true
        },
        {
            "operatorID": "Dummy-operator-3c15988d-2906-45ad-93a4-66e9e00162ef",
            "operatorType": "Dummy",
            "operatorVersion": "",
            "operatorProperties": {
                "dummyPropertyList": [
                    {
                        "dummyProperty": "Source XML",
                        "dummyValue": "Omitted for license reasons"
                    }
                ]
            },
            "inputPorts": [
                {
                    "portID": "input-0",
                    "displayName": "",
                    "allowMultiInputs": true,
                    "isDynamicPort": true
                },
                {
                    "portID": "input-1",
                    "displayName": "",
                    "allowMultiInputs": true,
                    "isDynamicPort": true
                }
            ],
            "outputPorts": [
                {
                    "portID": "output-0",
                    "displayName": "",
                    "isDynamicPort": true,
                    "isBlocking": false
                },
                {
                    "portID": "output-1",
                    "displayName": "",
                    "isDynamicPort": true,
                    "isBlocking": false
                },
                {
                    "portID": "output-2",
                    "displayName": "",
                    "isDynamicPort": true,
                    "isBlocking": false
                }
            ],
            "showAdvanced": false,
            "isDisabled": false,
            "customDisplayName": "Column Auto Type Cast",
            "dynamicInputPorts": true,
            "dynamicOutputPorts": true
        },
        {
            "operatorID": "Dummy-operator-2e08aa52-40cf-408f-b74c-c8a2ac2d11cb",
            "operatorType": "Dummy",
            "operatorVersion": "",
            "operatorProperties": {
                "dummyPropertyList": [
                    {
                        "dummyProperty": "Source XML",
                        "dummyValue": "Omitted for license reasons"
                    }
                ]
            },
            "inputPorts": [
                {
                    "portID": "input-0",
                    "displayName": "",
                    "allowMultiInputs": true,
                    "isDynamicPort": true
                }
            ],
            "outputPorts": [
                {
                    "portID": "output-0",
                    "displayName": "",
                    "isDynamicPort": true,
                    "isBlocking": false
                },
                {
                    "portID": "output-1",
                    "displayName": "",
                    "isDynamicPort": true,
                    "isBlocking": false
                }
            ],
            "showAdvanced": false,
            "isDisabled": false,
            "customDisplayName": "Model Reader",
            "dynamicInputPorts": true,
            "dynamicOutputPorts": true
        },
        {
            "operatorID": "Dummy-operator-6fea7d5b-87f3-4be5-87d5-4763496cf3f3",
            "operatorType": "Dummy",
            "operatorVersion": "",
            "operatorProperties": {
                "dummyPropertyList": [
                    {
                        "dummyProperty": "Source XML",
                        "dummyValue": "Omitted for license reasons"
                    }
                ]
            },
            "inputPorts": [
                {
                    "portID": "input-0",
                    "displayName": "",
                    "allowMultiInputs": true,
                    "isDynamicPort": true
                }
            ],
            "outputPorts": [
                {
                    "portID": "output-0",
                    "displayName": "",
                    "isDynamicPort": true,
                    "isBlocking": false
                },
                {
                    "portID": "output-1",
                    "displayName": "",
                    "isDynamicPort": true,
                    "isBlocking": false
                }
            ],
            "showAdvanced": false,
            "isDisabled": false,
            "customDisplayName": "Model Reader",
            "dynamicInputPorts": true,
            "dynamicOutputPorts": true
        },
        {
            "operatorID": "Dummy-operator-0243e61b-b46d-48c1-a9d0-77f6cf009215",
            "operatorType": "Dummy",
            "operatorVersion": "",
            "operatorProperties": {
                "dummyPropertyList": [
                    {
                        "dummyProperty": "Source XML",
                        "dummyValue": "Omitted for license reasons"
                    }
                ]
            },
            "inputPorts": [
                {
                    "portID": "input-0",
                    "displayName": "",
                    "allowMultiInputs": true,
                    "isDynamicPort": true
                }
            ],
            "outputPorts": [
                {
                    "portID": "output-0",
                    "displayName": "",
                    "isDynamicPort": true,
                    "isBlocking": false
                },
                {
                    "portID": "output-1",
                    "displayName": "",
                    "isDynamicPort": true,
                    "isBlocking": false
                }
            ],
            "showAdvanced": false,
            "isDisabled": false,
            "customDisplayName": "Model Reader",
            "dynamicInputPorts": true,
            "dynamicOutputPorts": true
        },
        {
            "operatorID": "Dummy-operator-9887367d-e2e2-4adb-9048-fafc6f8342ef",
            "operatorType": "Dummy",
            "operatorVersion": "",
            "operatorProperties": {
                "dummyPropertyList": [
                    {
                        "dummyProperty": "Source XML",
                        "dummyValue": "Omitted for license reasons"
                    }
                ]
            },
            "inputPorts": [
                {
                    "portID": "input-0",
                    "displayName": "",
                    "allowMultiInputs": true,
                    "isDynamicPort": true
                }
            ],
            "outputPorts": [
                {
                    "portID": "output-0",
                    "displayName": "",
                    "isDynamicPort": true,
                    "isBlocking": false
                },
                {
                    "portID": "output-1",
                    "displayName": "",
                    "isDynamicPort": true,
                    "isBlocking": false
                }
            ],
            "showAdvanced": false,
            "isDisabled": false,
            "customDisplayName": "PMML Reader",
            "dynamicInputPorts": true,
            "dynamicOutputPorts": true
        },
        {
            "operatorID": "Dummy-operator-e1fed218-8409-4bd3-81e4-5d9c6e8c9cb9",
            "operatorType": "Dummy",
            "operatorVersion": "",
            "operatorProperties": {
                "dummyPropertyList": [
                    {
                        "dummyProperty": "Source XML",
                        "dummyValue": "Omitted for license reasons"
                    }
                ]
            },
            "inputPorts": [
                {
                    "portID": "input-0",
                    "displayName": "",
                    "allowMultiInputs": true,
                    "isDynamicPort": true
                }
            ],
            "outputPorts": [
                {
                    "portID": "output-0",
                    "displayName": "",
                    "isDynamicPort": true,
                    "isBlocking": false
                },
                {
                    "portID": "output-1",
                    "displayName": "",
                    "isDynamicPort": true,
                    "isBlocking": false
                }
            ],
            "showAdvanced": false,
            "isDisabled": false,
            "customDisplayName": "PMML Reader",
            "dynamicInputPorts": true,
            "dynamicOutputPorts": true
        },
        {
            "operatorID": "Dummy-operator-5fe43981-1466-4334-ac21-a6e16c143e90",
            "operatorType": "Dummy",
            "operatorVersion": "",
            "operatorProperties": {
                "dummyPropertyList": [
                    {
                        "dummyProperty": "Source XML",
                        "dummyValue": "Omitted for license reasons"
                    }
                ]
            },
            "inputPorts": [
                {
                    "portID": "input-0",
                    "displayName": "",
                    "allowMultiInputs": true,
                    "isDynamicPort": true
                }
            ],
            "outputPorts": [
                {
                    "portID": "output-0",
                    "displayName": "",
                    "isDynamicPort": true,
                    "isBlocking": false
                },
                {
                    "portID": "output-1",
                    "displayName": "",
                    "isDynamicPort": true,
                    "isBlocking": false
                }
            ],
            "showAdvanced": false,
            "isDisabled": false,
            "customDisplayName": "Table Reader",
            "dynamicInputPorts": true,
            "dynamicOutputPorts": true
        },
        {
            "operatorID": "Dummy-operator-918ff216-cd60-46ea-9af3-095c471e6f8f",
            "operatorType": "Dummy",
            "operatorVersion": "",
            "operatorProperties": {
                "dummyPropertyList": [
                    {
                        "dummyProperty": "Source XML",
                        "dummyValue": "Omitted for license reasons"
                    }
                ]
            },
            "inputPorts": [
                {
                    "portID": "input-0",
                    "displayName": "",
                    "allowMultiInputs": true,
                    "isDynamicPort": true
                },
                {
                    "portID": "input-1",
                    "displayName": "",
                    "allowMultiInputs": true,
                    "isDynamicPort": true
                }
            ],
            "outputPorts": [
                {
                    "portID": "output-0",
                    "displayName": "",
                    "isDynamicPort": true,
                    "isBlocking": false
                },
                {
                    "portID": "output-1",
                    "displayName": "",
                    "isDynamicPort": true,
                    "isBlocking": false
                },
                {
                    "portID": "output-2",
                    "displayName": "",
                    "isDynamicPort": true,
                    "isBlocking": false
                }
            ],
            "showAdvanced": false,
            "isDisabled": false,
            "customDisplayName": "Row to Column Header",
            "dynamicInputPorts": true,
            "dynamicOutputPorts": true
        },
        {
            "operatorID": "Dummy-operator-b24c56fd-25d6-4276-84c5-e26a12a8e1ea",
            "operatorType": "Dummy",
            "operatorVersion": "",
            "operatorProperties": {
                "dummyPropertyList": [
                    {
                        "dummyProperty": "Source XML",
                        "dummyValue": "Omitted for license reasons"
                    }
                ]
            },
            "inputPorts": [
                {
                    "portID": "input-0",
                    "displayName": "",
                    "allowMultiInputs": true,
                    "isDynamicPort": true
                }
            ],
            "outputPorts": [
                {
                    "portID": "output-0",
                    "displayName": "",
                    "isDynamicPort": true,
                    "isBlocking": false
                },
                {
                    "portID": "output-1",
                    "displayName": "",
                    "isDynamicPort": true,
                    "isBlocking": false
                }
            ],
            "showAdvanced": false,
            "isDisabled": false,
            "customDisplayName": "Container Input _JSON_",
            "dynamicInputPorts": true,
            "dynamicOutputPorts": true
        },
        {
            "operatorID": "Dummy-operator-0504004f-47cd-438d-91b0-926dac67da17",
            "operatorType": "Dummy",
            "operatorVersion": "",
            "operatorProperties": {
                "dummyPropertyList": [
                    {
                        "dummyProperty": "Source XML",
                        "dummyValue": "Omitted for license reasons"
                    }
                ]
            },
            "inputPorts": [
                {
                    "portID": "input-0",
                    "displayName": "",
                    "allowMultiInputs": true,
                    "isDynamicPort": true
                },
                {
                    "portID": "input-1",
                    "displayName": "",
                    "allowMultiInputs": true,
                    "isDynamicPort": true
                }
            ],
            "outputPorts": [
                {
                    "portID": "output-0",
                    "displayName": "",
                    "isDynamicPort": true,
                    "isBlocking": false
                },
                {
                    "portID": "output-1",
                    "displayName": "",
                    "isDynamicPort": true,
                    "isBlocking": false
                }
            ],
            "showAdvanced": false,
            "isDisabled": false,
            "customDisplayName": "JSON to Table",
            "dynamicInputPorts": true,
            "dynamicOutputPorts": true
        },
        {
            "operatorID": "Dummy-operator-b1ee3c61-dc34-42c4-a99d-b235d273e639",
            "operatorType": "Dummy",
            "operatorVersion": "",
            "operatorProperties": {
                "dummyPropertyList": [
                    {
                        "dummyProperty": "Source XML",
                        "dummyValue": "Omitted for license reasons"
                    }
                ]
            },
            "inputPorts": [
                {
                    "portID": "input-0",
                    "displayName": "",
                    "allowMultiInputs": true,
                    "isDynamicPort": true
                },
                {
                    "portID": "input-1",
                    "displayName": "",
                    "allowMultiInputs": true,
                    "isDynamicPort": true
                }
            ],
            "outputPorts": [
                {
                    "portID": "output-0",
                    "displayName": "",
                    "isDynamicPort": true,
                    "isBlocking": false
                }
            ],
            "showAdvanced": false,
            "isDisabled": false,
            "customDisplayName": "Container Output _JSON_",
            "dynamicInputPorts": true,
            "dynamicOutputPorts": true
        },
        {
            "operatorID": "Dummy-operator-757e930f-0c86-46e6-ae38-517510600e88",
            "operatorType": "Dummy",
            "operatorVersion": "",
            "operatorProperties": {
                "dummyPropertyList": [
                    {
                        "dummyProperty": "Source XML",
                        "dummyValue": "Omitted for license reasons"
                    }
                ]
            },
            "inputPorts": [
                {
                    "portID": "input-0",
                    "displayName": "",
                    "allowMultiInputs": true,
                    "isDynamicPort": true
                },
                {
                    "portID": "input-1",
                    "displayName": "",
                    "allowMultiInputs": true,
                    "isDynamicPort": true
                }
            ],
            "outputPorts": [
                {
                    "portID": "output-0",
                    "displayName": "",
                    "isDynamicPort": true,
                    "isBlocking": false
                },
                {
                    "portID": "output-1",
                    "displayName": "",
                    "isDynamicPort": true,
                    "isBlocking": false
                }
            ],
            "showAdvanced": false,
            "isDisabled": false,
            "customDisplayName": "Table to JSON",
            "dynamicInputPorts": true,
            "dynamicOutputPorts": true
        }
    ],
    "operatorPositions": {
        "Dummy-operator-05843e45-27b8-4847-ae7a-cf9abc46de3e": {
            "x": 914.0,
            "y": 247.0
        },
        "Dummy-operator-19bee3a9-5761-4bc4-96b6-4b3382099ef5": {
            "x": 1064.0,
            "y": 247.0
        },
        "Dummy-operator-fc83af03-7ade-4cc8-aace-11dce95427fa": {
            "x": 604.0,
            "y": 120.0
        },
        "Dummy-operator-894ed4dd-d2ca-4bc5-9d03-89d7b8529382": {
            "x": 724.0,
            "y": 120.0
        },
        "Dummy-operator-26c4a4cb-625b-4913-8ddc-bf4440a984d3": {
            "x": 214.0,
            "y": 120.0
        },
        "Dummy-operator-8f392410-27e6-4fd5-8606-0fe4c963007f": {
            "x": 124.0,
            "y": 120.0
        },
        "Dummy-operator-a2efc8d4-00b5-4899-9961-b2f5f2565173": {
            "x": 844.0,
            "y": 120.0
        },
        "Dummy-operator-afbe11a6-584b-47df-bfb6-7475459588e7": {
            "x": 424.0,
            "y": 120.0
        },
        "Dummy-operator-21e395a6-d0de-4dfc-a8c2-9d1e5956ed3e": {
            "x": 334.0,
            "y": 120.0
        },
        "Dummy-operator-3c15988d-2906-45ad-93a4-66e9e00162ef": {
            "x": 514.0,
            "y": 120.0
        },
        "Dummy-operator-2e08aa52-40cf-408f-b74c-c8a2ac2d11cb": {
            "x": 930.0,
            "y": 120.0
        },
        "Dummy-operator-6fea7d5b-87f3-4be5-87d5-4763496cf3f3": {
            "x": 690.0,
            "y": 120.0
        },
        "Dummy-operator-0243e61b-b46d-48c1-a9d0-77f6cf009215": {
            "x": 570.0,
            "y": 120.0
        },
        "Dummy-operator-9887367d-e2e2-4adb-9048-fafc6f8342ef": {
            "x": 390.0,
            "y": 120.0
        },
        "Dummy-operator-e1fed218-8409-4bd3-81e4-5d9c6e8c9cb9": {
            "x": 810.0,
            "y": 120.0
        },
        "Dummy-operator-5fe43981-1466-4334-ac21-a6e16c143e90": {
            "x": 150.0,
            "y": 120.0
        },
        "Dummy-operator-918ff216-cd60-46ea-9af3-095c471e6f8f": {
            "x": 270.0,
            "y": 120.0
        },
        "Dummy-operator-b24c56fd-25d6-4276-84c5-e26a12a8e1ea": {
            "x": 284.0,
            "y": 247.0
        },
        "Dummy-operator-0504004f-47cd-438d-91b0-926dac67da17": {
            "x": 464.0,
            "y": 247.0
        },
        "Dummy-operator-b1ee3c61-dc34-42c4-a99d-b235d273e639": {
            "x": 1274.0,
            "y": 247.0
        },
        "Dummy-operator-757e930f-0c86-46e6-ae38-517510600e88": {
            "x": 1184.0,
            "y": 247.0
        }
    },
    "links": [
        {
            "linkID": "link-37c73937-a8b4-4191-b959-9f2ada360d9d",
            "source": {
                "operatorID": "Dummy-operator-fc83af03-7ade-4cc8-aace-11dce95427fa",
                "portID": "output-1"
            },
            "target": {
                "operatorID": "Dummy-operator-894ed4dd-d2ca-4bc5-9d03-89d7b8529382",
                "portID": "input-2"
            }
        },
        {
            "linkID": "link-6022807f-f770-402c-bd48-ab3ce2ab4ea5",
            "source": {
                "operatorID": "Dummy-operator-894ed4dd-d2ca-4bc5-9d03-89d7b8529382",
                "portID": "output-1"
            },
            "target": {
                "operatorID": "Dummy-operator-a2efc8d4-00b5-4899-9961-b2f5f2565173",
                "portID": "input-2"
            }
        },
        {
            "linkID": "link-d48f685c-1d9f-442c-bc5d-ac41acdbb248",
            "source": {
                "operatorID": "Dummy-operator-26c4a4cb-625b-4913-8ddc-bf4440a984d3",
                "portID": "output-1"
            },
            "target": {
                "operatorID": "Dummy-operator-21e395a6-d0de-4dfc-a8c2-9d1e5956ed3e",
                "portID": "input-1"
            }
        },
        {
            "linkID": "link-17b78f66-3ced-44b9-8386-904c44a2eb1c",
            "source": {
                "operatorID": "Dummy-operator-8f392410-27e6-4fd5-8606-0fe4c963007f",
                "portID": "output-1"
            },
            "target": {
                "operatorID": "Dummy-operator-26c4a4cb-625b-4913-8ddc-bf4440a984d3",
                "portID": "input-1"
            }
        },
        {
            "linkID": "link-916ebb11-89c7-48eb-a644-e58e044c16ba",
            "source": {
                "operatorID": "Dummy-operator-afbe11a6-584b-47df-bfb6-7475459588e7",
                "portID": "output-1"
            },
            "target": {
                "operatorID": "Dummy-operator-3c15988d-2906-45ad-93a4-66e9e00162ef",
                "portID": "input-1"
            }
        },
        {
            "linkID": "link-a8530b16-94df-4f55-bcba-59c9753077f1",
            "source": {
                "operatorID": "Dummy-operator-21e395a6-d0de-4dfc-a8c2-9d1e5956ed3e",
                "portID": "output-1"
            },
            "target": {
                "operatorID": "Dummy-operator-afbe11a6-584b-47df-bfb6-7475459588e7",
                "portID": "input-1"
            }
        },
        {
            "linkID": "link-b0238856-ab6c-4542-b573-d475802d0b29",
            "source": {
                "operatorID": "Dummy-operator-3c15988d-2906-45ad-93a4-66e9e00162ef",
                "portID": "output-1"
            },
            "target": {
                "operatorID": "Dummy-operator-fc83af03-7ade-4cc8-aace-11dce95427fa",
                "portID": "input-2"
            }
        },
        {
            "linkID": "link-08bad757-75b8-4ee9-ba09-6d23a3b08b19",
            "source": {
                "operatorID": "Dummy-operator-5fe43981-1466-4334-ac21-a6e16c143e90",
                "portID": "output-1"
            },
            "target": {
                "operatorID": "Dummy-operator-918ff216-cd60-46ea-9af3-095c471e6f8f",
                "portID": "input-1"
            }
        },
        {
            "linkID": "link-ac39ec91-fbe3-4725-a3fd-837ca69286da",
            "source": {
                "operatorID": "Dummy-operator-05843e45-27b8-4847-ae7a-cf9abc46de3e",
                "portID": "output-1"
            },
            "target": {
                "operatorID": "Dummy-operator-19bee3a9-5761-4bc4-96b6-4b3382099ef5",
                "portID": "input-1"
            }
        },
        {
            "linkID": "link-09a48ccb-c919-4e74-9537-4c9936bb377b",
            "source": {
                "operatorID": "Dummy-operator-19bee3a9-5761-4bc4-96b6-4b3382099ef5",
                "portID": "output-1"
            },
            "target": {
                "operatorID": "Dummy-operator-757e930f-0c86-46e6-ae38-517510600e88",
                "portID": "input-1"
            }
        },
        {
            "linkID": "link-4ae4e693-5c8a-4a22-a9dc-6c1ebbf42be4",
            "source": {
                "operatorID": "Dummy-operator-a2efc8d4-00b5-4899-9961-b2f5f2565173",
                "portID": "output-2"
            },
            "target": {
                "operatorID": "Dummy-operator-05843e45-27b8-4847-ae7a-cf9abc46de3e",
                "portID": "input-2"
            }
        },
        {
            "linkID": "link-6b36b502-1916-4d48-b697-76985ea33c29",
            "source": {
                "operatorID": "Dummy-operator-918ff216-cd60-46ea-9af3-095c471e6f8f",
                "portID": "output-1"
            },
            "target": {
                "operatorID": "Dummy-operator-21e395a6-d0de-4dfc-a8c2-9d1e5956ed3e",
                "portID": "input-2"
            }
        },
        {
            "linkID": "link-19a12ee2-6334-4f62-8081-89ecef4eeeb5",
            "source": {
                "operatorID": "Dummy-operator-9887367d-e2e2-4adb-9048-fafc6f8342ef",
                "portID": "output-1"
            },
            "target": {
                "operatorID": "Dummy-operator-fc83af03-7ade-4cc8-aace-11dce95427fa",
                "portID": "input-1"
            }
        },
        {
            "linkID": "link-d872dda7-764d-40c7-9521-9893c3347c73",
            "source": {
                "operatorID": "Dummy-operator-0243e61b-b46d-48c1-a9d0-77f6cf009215",
                "portID": "output-1"
            },
            "target": {
                "operatorID": "Dummy-operator-894ed4dd-d2ca-4bc5-9d03-89d7b8529382",
                "portID": "input-1"
            }
        },
        {
            "linkID": "link-8eb7772f-f9e5-4d32-9090-790a5e5cdc15",
            "source": {
                "operatorID": "Dummy-operator-e1fed218-8409-4bd3-81e4-5d9c6e8c9cb9",
                "portID": "output-1"
            },
            "target": {
                "operatorID": "Dummy-operator-a2efc8d4-00b5-4899-9961-b2f5f2565173",
                "portID": "input-1"
            }
        },
        {
            "linkID": "link-d76955d9-f161-4c48-a27e-f7af5f5d045c",
            "source": {
                "operatorID": "Dummy-operator-2e08aa52-40cf-408f-b74c-c8a2ac2d11cb",
                "portID": "output-1"
            },
            "target": {
                "operatorID": "Dummy-operator-05843e45-27b8-4847-ae7a-cf9abc46de3e",
                "portID": "input-1"
            }
        },
        {
            "linkID": "link-25696015-89cc-45a6-9245-44a0fc4f8529",
            "source": {
                "operatorID": "Dummy-operator-b24c56fd-25d6-4276-84c5-e26a12a8e1ea",
                "portID": "output-1"
            },
            "target": {
                "operatorID": "Dummy-operator-0504004f-47cd-438d-91b0-926dac67da17",
                "portID": "input-1"
            }
        },
        {
            "linkID": "link-39df2437-942a-488d-85bb-f4822c39aca3",
            "source": {
                "operatorID": "Dummy-operator-0504004f-47cd-438d-91b0-926dac67da17",
                "portID": "output-1"
            },
            "target": {
                "operatorID": "Dummy-operator-8f392410-27e6-4fd5-8606-0fe4c963007f",
                "portID": "input-1"
            }
        },
        {
            "linkID": "link-29d173e0-17e8-4724-aa1c-e696c4ae2f54",
            "source": {
                "operatorID": "Dummy-operator-757e930f-0c86-46e6-ae38-517510600e88",
                "portID": "output-1"
            },
            "target": {
                "operatorID": "Dummy-operator-b1ee3c61-dc34-42c4-a99d-b235d273e639",
                "portID": "input-1"
            }
        }
    ],
    "groups": [],
    "breakpoints": {},
    "commentBoxes": [
        {
            "commentBoxID": "commentBox-982530bf-af3c-4929-9dce-562044be19d3",
            "comments": [
                {
                    "content": "https://hub.knime.com/knime/extensions/org.knime.features.base/latest/org.knime.base.node.io.filehandling.csv.reader.CSVTableReaderNodeFactory",
                    "creatorName": "Bot",
                    "createorID": 1,
                    "creationTime": "2024-03-08T10:36:49.883Z"
                }
            ],
            "commentBoxPosition": {
                "x": 974.0,
                "y": 277.0
            }
        },
        {
            "commentBoxID": "commentBox-9d2e745f-bcf5-4e94-995f-48810c236802",
            "comments": [
                {
                    "content": "https://hub.knime.com/knime/extensions/org.knime.features.base/latest/org.knime.base.node.io.filehandling.csv.reader.CSVTableReaderNodeFactory",
                    "creatorName": "Bot",
                    "createorID": 1,
                    "creationTime": "2024-03-08T10:36:49.883Z"
                }
            ],
            "commentBoxPosition": {
                "x": 1124.0,
                "y": 277.0
            }
        },
        {
            "commentBoxID": "commentBox-243a5282-49a5-4023-8f23-beb4cc66afc7",
            "comments": [
                {
                    "content": "https://hub.knime.com/knime/extensions/org.knime.features.base/latest/org.knime.base.node.io.filehandling.csv.reader.CSVTableReaderNodeFactory",
                    "creatorName": "Bot",
                    "createorID": 1,
                    "creationTime": "2024-03-08T10:36:49.883Z"
                }
            ],
            "commentBoxPosition": {
                "x": 664.0,
                "y": 150.0
            }
        },
        {
            "commentBoxID": "commentBox-5adc62c3-abc1-4cd3-8f27-116a0c9fa59b",
            "comments": [
                {
                    "content": "https://hub.knime.com/knime/extensions/org.knime.features.base/latest/org.knime.base.node.io.filehandling.csv.reader.CSVTableReaderNodeFactory",
                    "creatorName": "Bot",
                    "createorID": 1,
                    "creationTime": "2024-03-08T10:36:49.883Z"
                }
            ],
            "commentBoxPosition": {
                "x": 784.0,
                "y": 150.0
            }
        },
        {
            "commentBoxID": "commentBox-f9f5acf1-c847-4731-920c-aa5d179baa57",
            "comments": [
                {
                    "content": "https://hub.knime.com/knime/extensions/org.knime.features.base/latest/org.knime.base.node.io.filehandling.csv.reader.CSVTableReaderNodeFactory",
                    "creatorName": "Bot",
                    "createorID": 1,
                    "creationTime": "2024-03-08T10:36:49.883Z"
                }
            ],
            "commentBoxPosition": {
                "x": 274.0,
                "y": 150.0
            }
        },
        {
            "commentBoxID": "commentBox-b2a406c2-44d0-4d49-9b26-e1c0c13d0e74",
            "comments": [
                {
                    "content": "https://hub.knime.com/knime/extensions/org.knime.features.base/latest/org.knime.base.node.io.filehandling.csv.reader.CSVTableReaderNodeFactory",
                    "creatorName": "Bot",
                    "createorID": 1,
                    "creationTime": "2024-03-08T10:36:49.883Z"
                }
            ],
            "commentBoxPosition": {
                "x": 184.0,
                "y": 150.0
            }
        },
        {
            "commentBoxID": "commentBox-65dcbeb1-992b-4308-92f9-651ff1228252",
            "comments": [
                {
                    "content": "https://hub.knime.com/knime/extensions/org.knime.features.base/latest/org.knime.base.node.io.filehandling.csv.reader.CSVTableReaderNodeFactory",
                    "creatorName": "Bot",
                    "createorID": 1,
                    "creationTime": "2024-03-08T10:36:49.883Z"
                }
            ],
            "commentBoxPosition": {
                "x": 904.0,
                "y": 150.0
            }
        },
        {
            "commentBoxID": "commentBox-fb57f4e7-e18f-4ae0-91e9-19e05e897c95",
            "comments": [
                {
                    "content": "https://hub.knime.com/knime/extensions/org.knime.features.base/latest/org.knime.base.node.io.filehandling.csv.reader.CSVTableReaderNodeFactory",
                    "creatorName": "Bot",
                    "createorID": 1,
                    "creationTime": "2024-03-08T10:36:49.883Z"
                }
            ],
            "commentBoxPosition": {
                "x": 484.0,
                "y": 150.0
            }
        },
        {
            "commentBoxID": "commentBox-1870dc41-8e5c-4319-9871-072b4669a135",
            "comments": [
                {
                    "content": "https://hub.knime.com/knime/extensions/org.knime.features.base/latest/org.knime.base.node.io.filehandling.csv.reader.CSVTableReaderNodeFactory",
                    "creatorName": "Bot",
                    "createorID": 1,
                    "creationTime": "2024-03-08T10:36:49.883Z"
                }
            ],
            "commentBoxPosition": {
                "x": 394.0,
                "y": 150.0
            }
        },
        {
            "commentBoxID": "commentBox-44b5a236-350e-4432-abd6-5b55970ea19d",
            "comments": [
                {
                    "content": "https://hub.knime.com/knime/extensions/org.knime.features.base/latest/org.knime.base.node.io.filehandling.csv.reader.CSVTableReaderNodeFactory",
                    "creatorName": "Bot",
                    "createorID": 1,
                    "creationTime": "2024-03-08T10:36:49.883Z"
                }
            ],
            "commentBoxPosition": {
                "x": 574.0,
                "y": 150.0
            }
        },
        {
            "commentBoxID": "commentBox-a085eece-e1cd-41d9-93cb-5d45c61971fa",
            "comments": [
                {
                    "content": "https://hub.knime.com/knime/extensions/org.knime.features.base/latest/org.knime.base.node.io.filehandling.csv.reader.CSVTableReaderNodeFactory",
                    "creatorName": "Bot",
                    "createorID": 1,
                    "creationTime": "2024-03-08T10:36:49.883Z"
                }
            ],
            "commentBoxPosition": {
                "x": 990.0,
                "y": 150.0
            }
        },
        {
            "commentBoxID": "commentBox-59eddf22-637d-49a5-acde-834506e1e1cc",
            "comments": [
                {
                    "content": "https://hub.knime.com/knime/extensions/org.knime.features.base/latest/org.knime.base.node.io.filehandling.csv.reader.CSVTableReaderNodeFactory",
                    "creatorName": "Bot",
                    "createorID": 1,
                    "creationTime": "2024-03-08T10:36:49.883Z"
                }
            ],
            "commentBoxPosition": {
                "x": 750.0,
                "y": 150.0
            }
        },
        {
            "commentBoxID": "commentBox-861a85ea-92da-4087-93ca-9f99af4898c8",
            "comments": [
                {
                    "content": "https://hub.knime.com/knime/extensions/org.knime.features.base/latest/org.knime.base.node.io.filehandling.csv.reader.CSVTableReaderNodeFactory",
                    "creatorName": "Bot",
                    "createorID": 1,
                    "creationTime": "2024-03-08T10:36:49.883Z"
                }
            ],
            "commentBoxPosition": {
                "x": 630.0,
                "y": 150.0
            }
        },
        {
            "commentBoxID": "commentBox-ae036124-c341-4efe-bb92-1ac6d473a5da",
            "comments": [
                {
                    "content": "https://hub.knime.com/knime/extensions/org.knime.features.base/latest/org.knime.base.node.io.filehandling.csv.reader.CSVTableReaderNodeFactory",
                    "creatorName": "Bot",
                    "createorID": 1,
                    "creationTime": "2024-03-08T10:36:49.883Z"
                }
            ],
            "commentBoxPosition": {
                "x": 450.0,
                "y": 150.0
            }
        },
        {
            "commentBoxID": "commentBox-358aecc0-a751-4968-b406-57e2a829416b",
            "comments": [
                {
                    "content": "https://hub.knime.com/knime/extensions/org.knime.features.base/latest/org.knime.base.node.io.filehandling.csv.reader.CSVTableReaderNodeFactory",
                    "creatorName": "Bot",
                    "createorID": 1,
                    "creationTime": "2024-03-08T10:36:49.883Z"
                }
            ],
            "commentBoxPosition": {
                "x": 870.0,
                "y": 150.0
            }
        },
        {
            "commentBoxID": "commentBox-935b0a08-0476-41d3-bc7a-65a5929d05fe",
            "comments": [
                {
                    "content": "https://hub.knime.com/knime/extensions/org.knime.features.base/latest/org.knime.base.node.io.filehandling.csv.reader.CSVTableReaderNodeFactory",
                    "creatorName": "Bot",
                    "createorID": 1,
                    "creationTime": "2024-03-08T10:36:49.883Z"
                }
            ],
            "commentBoxPosition": {
                "x": 210.0,
                "y": 150.0
            }
        },
        {
            "commentBoxID": "commentBox-73bc08ca-c58f-49b1-b33a-f390cf8d2987",
            "comments": [
                {
                    "content": "https://hub.knime.com/knime/extensions/org.knime.features.base/latest/org.knime.base.node.io.filehandling.csv.reader.CSVTableReaderNodeFactory",
                    "creatorName": "Bot",
                    "createorID": 1,
                    "creationTime": "2024-03-08T10:36:49.883Z"
                }
            ],
            "commentBoxPosition": {
                "x": 330.0,
                "y": 150.0
            }
        },
        {
            "commentBoxID": "commentBox-3c92c632-f917-4293-acd7-2dd7c21a4bda",
            "comments": [
                {
                    "content": "https://hub.knime.com/knime/extensions/org.knime.features.base/latest/org.knime.base.node.io.filehandling.csv.reader.CSVTableReaderNodeFactory",
                    "creatorName": "Bot",
                    "createorID": 1,
                    "creationTime": "2024-03-08T10:36:49.883Z"
                }
            ],
            "commentBoxPosition": {
                "x": 344.0,
                "y": 277.0
            }
        },
        {
            "commentBoxID": "commentBox-a8d7864c-743a-408b-a4d0-f22dccdbf097",
            "comments": [
                {
                    "content": "https://hub.knime.com/knime/extensions/org.knime.features.base/latest/org.knime.base.node.io.filehandling.csv.reader.CSVTableReaderNodeFactory",
                    "creatorName": "Bot",
                    "createorID": 1,
                    "creationTime": "2024-03-08T10:36:49.883Z"
                }
            ],
            "commentBoxPosition": {
                "x": 524.0,
                "y": 277.0
            }
        },
        {
            "commentBoxID": "commentBox-0b82f59c-11b6-49a1-8409-a2c308308220",
            "comments": [
                {
                    "content": "https://hub.knime.com/knime/extensions/org.knime.features.base/latest/org.knime.base.node.io.filehandling.csv.reader.CSVTableReaderNodeFactory",
                    "creatorName": "Bot",
                    "createorID": 1,
                    "creationTime": "2024-03-08T10:36:49.883Z"
                }
            ],
            "commentBoxPosition": {
                "x": 1334.0,
                "y": 277.0
            }
        },
        {
            "commentBoxID": "commentBox-5d59b5db-4113-4e90-acc7-a1618037f7f8",
            "comments": [
                {
                    "content": "https://hub.knime.com/knime/extensions/org.knime.features.base/latest/org.knime.base.node.io.filehandling.csv.reader.CSVTableReaderNodeFactory",
                    "creatorName": "Bot",
                    "createorID": 1,
                    "creationTime": "2024-03-08T10:36:49.883Z"
                }
            ],
            "commentBoxPosition": {
                "x": 1244.0,
                "y": 277.0
            }
        }
    ]
}