{
    "operators": [
        {
            "operatorID": "Dummy-operator-01cc4170-b4dd-4899-ba9b-ce02b0245706",
            "operatorType": "Dummy",
            "operatorVersion": "",
            "operatorProperties": {
                "dummyPropertyList": [
                    {
                        "dummyProperty": "Source XML",
                        "dummyValue": "Omitted for license reasons"
                    }
                ]
            },
            "inputPorts": [
                {
                    "portID": "input-0",
                    "displayName": "",
                    "allowMultiInputs": true,
                    "isDynamicPort": true
                }
            ],
            "outputPorts": [
                {
                    "portID": "output-0",
                    "displayName": "",
                    "isDynamicPort": true,
                    "isBlocking": false
                },
                {
                    "portID": "output-1",
                    "displayName": "",
                    "isDynamicPort": true,
                    "isBlocking": false,
                    "materializationSize": 434.0224609375
                }
            ],
            "showAdvanced": false,
            "isDisabled": false,
            "customDisplayName": "CSV Reader",
            "dynamicInputPorts": true,
            "dynamicOutputPorts": true
        },
        {
            "operatorID": "Dummy-operator-08f1e17e-5d2d-448b-b4e3-bcf0adc9b02c",
            "operatorType": "Dummy",
            "operatorVersion": "",
            "operatorProperties": {
                "dummyPropertyList": [
                    {
                        "dummyProperty": "Source XML",
                        "dummyValue": "Omitted for license reasons"
                    }
                ]
            },
            "inputPorts": [
                {
                    "portID": "input-0",
                    "displayName": "",
                    "allowMultiInputs": true,
                    "isDynamicPort": true
                },
                {
                    "portID": "input-1",
                    "displayName": "",
                    "allowMultiInputs": true,
                    "isDynamicPort": true
                }
            ],
            "outputPorts": [
                {
                    "portID": "output-0",
                    "displayName": "",
                    "isDynamicPort": true,
                    "isBlocking": true
                },
                {
                    "portID": "output-1",
                    "displayName": "",
                    "isDynamicPort": true,
                    "isBlocking": true,
                    "materializationSize": 85.5693359375
                }
            ],
            "showAdvanced": false,
            "isDisabled": false,
            "customDisplayName": "GroupBy",
            "dynamicInputPorts": true,
            "dynamicOutputPorts": true
        },
        {
            "operatorID": "Dummy-operator-9df384dd-0906-437f-9b61-0144e4070e99",
            "operatorType": "Dummy",
            "operatorVersion": "",
            "operatorProperties": {
                "dummyPropertyList": [
                    {
                        "dummyProperty": "Source XML",
                        "dummyValue": "Omitted for license reasons"
                    }
                ]
            },
            "inputPorts": [
                {
                    "portID": "input-0",
                    "displayName": "",
                    "allowMultiInputs": true,
                    "isDynamicPort": true
                },
                {
                    "portID": "input-1",
                    "displayName": "",
                    "allowMultiInputs": true,
                    "isDynamicPort": true
                }
            ],
            "outputPorts": [
                {
                    "portID": "output-0",
                    "displayName": "",
                    "isDynamicPort": true,
                    "isBlocking": false
                }
            ],
            "showAdvanced": false,
            "isDisabled": false,
            "customDisplayName": "CSV Writer",
            "dynamicInputPorts": true,
            "dynamicOutputPorts": true
        },
        {
            "operatorID": "Dummy-operator-f08feea9-13d5-4055-ae51-5b63b57be2c3",
            "operatorType": "Dummy",
            "operatorVersion": "",
            "operatorProperties": {
                "dummyPropertyList": [
                    {
                        "dummyProperty": "Source XML",
                        "dummyValue": "Omitted for license reasons"
                    }
                ]
            },
            "inputPorts": [
                {
                    "portID": "input-0",
                    "displayName": "",
                    "allowMultiInputs": true,
                    "isDynamicPort": true
                },
                {
                    "portID": "input-1",
                    "displayName": "",
                    "allowMultiInputs": true,
                    "isDynamicPort": true
                }
            ],
            "outputPorts": [
                {
                    "portID": "output-0",
                    "displayName": "",
                    "isDynamicPort": true,
                    "isBlocking": true
                },
                {
                    "portID": "output-1",
                    "displayName": "",
                    "isDynamicPort": true,
                    "isBlocking": true,
                    "materializationSize": 5.4140625
                },
                {
                    "portID": "output-2",
                    "displayName": "",
                    "isDynamicPort": true,
                    "isBlocking": true,
                    "materializationSize": 4.2001953125
                },
                {
                    "portID": "output-3",
                    "displayName": "",
                    "isDynamicPort": true,
                    "isBlocking": true,
                    "materializationSize": 5.359375
                }
            ],
            "showAdvanced": false,
            "isDisabled": false,
            "customDisplayName": "Pivoting",
            "dynamicInputPorts": true,
            "dynamicOutputPorts": true
        },
        {
            "operatorID": "Dummy-operator-bcb86c0f-89f6-4c95-a1b0-cfe10a00a943",
            "operatorType": "Dummy",
            "operatorVersion": "",
            "operatorProperties": {
                "dummyPropertyList": [
                    {
                        "dummyProperty": "Source XML",
                        "dummyValue": "Omitted for license reasons"
                    }
                ]
            },
            "inputPorts": [
                {
                    "portID": "input-0",
                    "displayName": "",
                    "allowMultiInputs": true,
                    "isDynamicPort": true
                },
                {
                    "portID": "input-1",
                    "displayName": "",
                    "allowMultiInputs": true,
                    "isDynamicPort": true
                }
            ],
            "outputPorts": [
                {
                    "portID": "output-0",
                    "displayName": "",
                    "isDynamicPort": true,
                    "isBlocking": true
                },
                {
                    "portID": "output-1",
                    "displayName": "",
                    "isDynamicPort": true,
                    "isBlocking": true,
                    "materializationSize": 5.416015625
                }
            ],
            "showAdvanced": false,
            "isDisabled": false,
            "customDisplayName": "Sorter",
            "dynamicInputPorts": true,
            "dynamicOutputPorts": true
        },
        {
            "operatorID": "Dummy-operator-7945acc5-1c78-4a9f-a43b-5aa65d77a1d2",
            "operatorType": "Dummy",
            "operatorVersion": "",
            "operatorProperties": {
                "dummyPropertyList": [
                    {
                        "dummyProperty": "Source XML",
                        "dummyValue": "Omitted for license reasons"
                    }
                ]
            },
            "inputPorts": [
                {
                    "portID": "input-0",
                    "displayName": "",
                    "allowMultiInputs": true,
                    "isDynamicPort": true
                },
                {
                    "portID": "input-1",
                    "displayName": "",
                    "allowMultiInputs": true,
                    "isDynamicPort": true
                }
            ],
            "outputPorts": [
                {
                    "portID": "output-0",
                    "displayName": "",
                    "isDynamicPort": true,
                    "isBlocking": false
                }
            ],
            "showAdvanced": false,
            "isDisabled": false,
            "customDisplayName": "Data to Report",
            "dynamicInputPorts": true,
            "dynamicOutputPorts": true
        },
        {
            "operatorID": "Dummy-operator-6228eddc-29b0-4ea1-a7d5-f4b7d75d2830",
            "operatorType": "Dummy",
            "operatorVersion": "",
            "operatorProperties": {
                "dummyPropertyList": [
                    {
                        "dummyProperty": "Source XML",
                        "dummyValue": "Omitted for license reasons"
                    }
                ]
            },
            "inputPorts": [
                {
                    "portID": "input-0",
                    "displayName": "",
                    "allowMultiInputs": true,
                    "isDynamicPort": true
                },
                {
                    "portID": "input-1",
                    "displayName": "",
                    "allowMultiInputs": true,
                    "isDynamicPort": true
                }
            ],
            "outputPorts": [
                {
                    "portID": "output-0",
                    "displayName": "",
                    "isDynamicPort": true,
                    "isBlocking": false
                },
                {
                    "portID": "output-1",
                    "displayName": "",
                    "isDynamicPort": true,
                    "isBlocking": false,
                    "materializationSize": 4.654296875
                },
                {
                    "portID": "output-2",
                    "displayName": "",
                    "isDynamicPort": true,
                    "isBlocking": false,
                    "materializationSize": 4.755859375
                }
            ],
            "showAdvanced": false,
            "isDisabled": false,
            "customDisplayName": "Extract Column Header",
            "dynamicInputPorts": true,
            "dynamicOutputPorts": true
        },
        {
            "operatorID": "Dummy-operator-4934599e-f4b2-4d55-b9ef-0fdff49f378b",
            "operatorType": "Dummy",
            "operatorVersion": "",
            "operatorProperties": {
                "dummyPropertyList": [
                    {
                        "dummyProperty": "Source XML",
                        "dummyValue": "Omitted for license reasons"
                    }
                ]
            },
            "inputPorts": [
                {
                    "portID": "input-0",
                    "displayName": "",
                    "allowMultiInputs": true,
                    "isDynamicPort": true
                },
                {
                    "portID": "input-1",
                    "displayName": "",
                    "allowMultiInputs": true,
                    "isDynamicPort": true
                }
            ],
            "outputPorts": [
                {
                    "portID": "output-0",
                    "displayName": "",
                    "isDynamicPort": true,
                    "isBlocking": true
                },
                {
                    "portID": "output-1",
                    "displayName": "",
                    "isDynamicPort": true,
                    "isBlocking": true,
                    "materializationSize": 3.380859375
                }
            ],
            "showAdvanced": false,
            "isDisabled": false,
            "customDisplayName": "Transpose",
            "dynamicInputPorts": true,
            "dynamicOutputPorts": true
        },
        {
            "operatorID": "Dummy-operator-4bbcfef4-8324-4c44-ab46-848a31b3006e",
            "operatorType": "Dummy",
            "operatorVersion": "",
            "operatorProperties": {
                "dummyPropertyList": [
                    {
                        "dummyProperty": "Source XML",
                        "dummyValue": "Omitted for license reasons"
                    }
                ]
            },
            "inputPorts": [
                {
                    "portID": "input-0",
                    "displayName": "",
                    "allowMultiInputs": true,
                    "isDynamicPort": true
                },
                {
                    "portID": "input-1",
                    "displayName": "",
                    "allowMultiInputs": true,
                    "isDynamicPort": true
                }
            ],
            "outputPorts": [
                {
                    "portID": "output-0",
                    "displayName": "",
                    "isDynamicPort": true,
                    "isBlocking": false
                },
                {
                    "portID": "output-1",
                    "displayName": "",
                    "isDynamicPort": true,
                    "isBlocking": false,
                    "materializationSize": 4.4384765625
                },
                {
                    "portID": "output-2",
                    "displayName": "",
                    "isDynamicPort": true,
                    "isBlocking": true,
                    "materializationSize": 1.376953125
                }
            ],
            "showAdvanced": false,
            "isDisabled": false,
            "customDisplayName": "Color Manager",
            "dynamicInputPorts": true,
            "dynamicOutputPorts": true
        },
        {
            "operatorID": "Dummy-operator-94b6ebc3-5605-4934-b208-70a56fd82553",
            "operatorType": "Dummy",
            "operatorVersion": "",
            "operatorProperties": {
                "dummyPropertyList": [
                    {
                        "dummyProperty": "Source XML",
                        "dummyValue": "Omitted for license reasons"
                    }
                ]
            },
            "inputPorts": [
                {
                    "portID": "input-0",
                    "displayName": "",
                    "allowMultiInputs": true,
                    "isDynamicPort": true
                },
                {
                    "portID": "input-1",
                    "displayName": "",
                    "allowMultiInputs": true,
                    "isDynamicPort": true
                },
                {
                    "portID": "input-2",
                    "displayName": "",
                    "allowMultiInputs": true,
                    "isDynamicPort": true
                }
            ],
            "outputPorts": [
                {
                    "portID": "output-0",
                    "displayName": "",
                    "isDynamicPort": true,
                    "isBlocking": false
                },
                {
                    "portID": "output-1",
                    "displayName": "",
                    "isDynamicPort": true,
                    "isBlocking": false
                }
            ],
            "showAdvanced": false,
            "isDisabled": false,
            "customDisplayName": "Bar Chart",
            "dynamicInputPorts": true,
            "dynamicOutputPorts": true
        },
        {
            "operatorID": "Dummy-operator-2128e6c6-80eb-4f2f-bc7c-ea3fcc117d0d",
            "operatorType": "Dummy",
            "operatorVersion": "",
            "operatorProperties": {
                "dummyPropertyList": [
                    {
                        "dummyProperty": "Source XML",
                        "dummyValue": "Omitted for license reasons"
                    }
                ]
            },
            "inputPorts": [
                {
                    "portID": "input-0",
                    "displayName": "",
                    "allowMultiInputs": true,
                    "isDynamicPort": true
                },
                {
                    "portID": "input-1",
                    "displayName": "",
                    "allowMultiInputs": true,
                    "isDynamicPort": true
                }
            ],
            "outputPorts": [
                {
                    "portID": "output-0",
                    "displayName": "",
                    "isDynamicPort": true,
                    "isBlocking": false
                }
            ],
            "showAdvanced": false,
            "isDisabled": false,
            "customDisplayName": "Image to Report",
            "dynamicInputPorts": true,
            "dynamicOutputPorts": true
        }
    ],
    "operatorPositions": {
        "Dummy-operator-01cc4170-b4dd-4899-ba9b-ce02b0245706": {
            "x": 104.0,
            "y": 257.0
        },
        "Dummy-operator-08f1e17e-5d2d-448b-b4e3-bcf0adc9b02c": {
            "x": 304.0,
            "y": 257.0
        },
        "Dummy-operator-9df384dd-0906-437f-9b61-0144e4070e99": {
            "x": 504.0,
            "y": 237.0
        },
        "Dummy-operator-f08feea9-13d5-4055-ae51-5b63b57be2c3": {
            "x": 244.0,
            "y": 657.0
        },
        "Dummy-operator-bcb86c0f-89f6-4c95-a1b0-cfe10a00a943": {
            "x": 504.0,
            "y": 557.0
        },
        "Dummy-operator-7945acc5-1c78-4a9f-a43b-5aa65d77a1d2": {
            "x": 684.0,
            "y": 557.0
        },
        "Dummy-operator-6228eddc-29b0-4ea1-a7d5-f4b7d75d2830": {
            "x": 464.0,
            "y": 757.0
        },
        "Dummy-operator-4934599e-f4b2-4d55-b9ef-0fdff49f378b": {
            "x": 604.0,
            "y": 757.0
        },
        "Dummy-operator-4bbcfef4-8324-4c44-ab46-848a31b3006e": {
            "x": 744.0,
            "y": 757.0
        },
        "Dummy-operator-94b6ebc3-5605-4934-b208-70a56fd82553": {
            "x": 884.0,
            "y": 677.0
        },
        "Dummy-operator-2128e6c6-80eb-4f2f-bc7c-ea3fcc117d0d": {
            "x": 1024.0,
            "y": 677.0
        }
    },
    "links": [
        {
            "linkID": "link-d4e33056-3218-4304-bccc-c1e1cc72215a",
            "source": {
                "operatorID": "Dummy-operator-01cc4170-b4dd-4899-ba9b-ce02b0245706",
                "portID": "output-1"
            },
            "target": {
                "operatorID": "Dummy-operator-08f1e17e-5d2d-448b-b4e3-bcf0adc9b02c",
                "portID": "input-1"
            }
        },
        {
            "linkID": "link-41ffcee0-bc72-4ffe-9b15-57528b6dd0cc",
            "source": {
                "operatorID": "Dummy-operator-01cc4170-b4dd-4899-ba9b-ce02b0245706",
                "portID": "output-1"
            },
            "target": {
                "operatorID": "Dummy-operator-f08feea9-13d5-4055-ae51-5b63b57be2c3",
                "portID": "input-1"
            }
        },
        {
            "linkID": "link-94b3904a-c0ad-48bf-a572-ee2fb6c7a060",
            "source": {
                "operatorID": "Dummy-operator-08f1e17e-5d2d-448b-b4e3-bcf0adc9b02c",
                "portID": "output-1"
            },
            "target": {
                "operatorID": "Dummy-operator-9df384dd-0906-437f-9b61-0144e4070e99",
                "portID": "input-1"
            }
        },
        {
            "linkID": "link-58b12323-7da5-4493-9a4d-1f8bd91047f9",
            "source": {
                "operatorID": "Dummy-operator-f08feea9-13d5-4055-ae51-5b63b57be2c3",
                "portID": "output-1"
            },
            "target": {
                "operatorID": "Dummy-operator-bcb86c0f-89f6-4c95-a1b0-cfe10a00a943",
                "portID": "input-1"
            }
        },
        {
            "linkID": "link-72360456-0591-4d3c-b9cb-047f966aec66",
            "source": {
                "operatorID": "Dummy-operator-f08feea9-13d5-4055-ae51-5b63b57be2c3",
                "portID": "output-3"
            },
            "target": {
                "operatorID": "Dummy-operator-6228eddc-29b0-4ea1-a7d5-f4b7d75d2830",
                "portID": "input-1"
            }
        },
        {
            "linkID": "link-bc75929a-5ada-489a-83f9-841baeb08059",
            "source": {
                "operatorID": "Dummy-operator-bcb86c0f-89f6-4c95-a1b0-cfe10a00a943",
                "portID": "output-1"
            },
            "target": {
                "operatorID": "Dummy-operator-7945acc5-1c78-4a9f-a43b-5aa65d77a1d2",
                "portID": "input-1"
            }
        },
        {
            "linkID": "link-b0a97778-492a-4523-ab89-1daa535ca03c",
            "source": {
                "operatorID": "Dummy-operator-6228eddc-29b0-4ea1-a7d5-f4b7d75d2830",
                "portID": "output-1"
            },
            "target": {
                "operatorID": "Dummy-operator-4934599e-f4b2-4d55-b9ef-0fdff49f378b",
                "portID": "input-1"
            }
        },
        {
            "linkID": "link-b0c84205-fcdd-4c80-8fcd-7b0aa28dbc1f",
            "source": {
                "operatorID": "Dummy-operator-4934599e-f4b2-4d55-b9ef-0fdff49f378b",
                "portID": "output-1"
            },
            "target": {
                "operatorID": "Dummy-operator-4bbcfef4-8324-4c44-ab46-848a31b3006e",
                "portID": "input-1"
            }
        },
        {
            "linkID": "link-e4695594-c155-478e-bfbe-a9d248e0f372",
            "source": {
                "operatorID": "Dummy-operator-4bbcfef4-8324-4c44-ab46-848a31b3006e",
                "portID": "output-1"
            },
            "target": {
                "operatorID": "Dummy-operator-94b6ebc3-5605-4934-b208-70a56fd82553",
                "portID": "input-2"
            }
        },
        {
            "linkID": "link-a8c8aba3-37a8-4020-a8b9-e053ae2ae6ea",
            "source": {
                "operatorID": "Dummy-operator-94b6ebc3-5605-4934-b208-70a56fd82553",
                "portID": "output-1"
            },
            "target": {
                "operatorID": "Dummy-operator-2128e6c6-80eb-4f2f-bc7c-ea3fcc117d0d",
                "portID": "input-1"
            }
        }
    ],
    "groups": [],
    "breakpoints": {},
    "commentBoxes": [
        {
            "commentBoxID": "commentBox-99808b4f-3039-4e69-a0cd-dc8c0954a1e8",
            "comments": [
                {
                    "content": "https://hub.knime.com/knime/extensions/org.knime.features.base/latest/org.knime.base.node.io.filehandling.csv.reader.CSVTableReaderNodeFactory",
                    "creatorName": "Bot",
                    "createorID": 1,
                    "creationTime": "2024-03-08T10:36:49.883Z"
                }
            ],
            "commentBoxPosition": {
                "x": 164.0,
                "y": 287.0
            }
        },
        {
            "commentBoxID": "commentBox-759cfda5-4fb7-4ad2-84cd-27629507c3da",
            "comments": [
                {
                    "content": "https://hub.knime.com/knime/extensions/org.knime.features.base/latest/org.knime.base.node.io.filehandling.csv.reader.CSVTableReaderNodeFactory",
                    "creatorName": "Bot",
                    "createorID": 1,
                    "creationTime": "2024-03-08T10:36:49.883Z"
                }
            ],
            "commentBoxPosition": {
                "x": 364.0,
                "y": 287.0
            }
        },
        {
            "commentBoxID": "commentBox-767125df-69fb-400b-a436-0ebc41b39eeb",
            "comments": [
                {
                    "content": "https://hub.knime.com/knime/extensions/org.knime.features.base/latest/org.knime.base.node.io.filehandling.csv.reader.CSVTableReaderNodeFactory",
                    "creatorName": "Bot",
                    "createorID": 1,
                    "creationTime": "2024-03-08T10:36:49.883Z"
                }
            ],
            "commentBoxPosition": {
                "x": 564.0,
                "y": 267.0
            }
        },
        {
            "commentBoxID": "commentBox-608fffc0-685b-4eb1-8d51-15ead3133824",
            "comments": [
                {
                    "content": "https://hub.knime.com/knime/extensions/org.knime.features.base/latest/org.knime.base.node.io.filehandling.csv.reader.CSVTableReaderNodeFactory",
                    "creatorName": "Bot",
                    "createorID": 1,
                    "creationTime": "2024-03-08T10:36:49.883Z"
                }
            ],
            "commentBoxPosition": {
                "x": 304.0,
                "y": 687.0
            }
        },
        {
            "commentBoxID": "commentBox-3ca26434-cf8f-4df9-b362-e3b99fe785a6",
            "comments": [
                {
                    "content": "https://hub.knime.com/knime/extensions/org.knime.features.base/latest/org.knime.base.node.io.filehandling.csv.reader.CSVTableReaderNodeFactory",
                    "creatorName": "Bot",
                    "createorID": 1,
                    "creationTime": "2024-03-08T10:36:49.883Z"
                }
            ],
            "commentBoxPosition": {
                "x": 564.0,
                "y": 587.0
            }
        },
        {
            "commentBoxID": "commentBox-9217d158-d663-4797-85f8-7d78dce08e69",
            "comments": [
                {
                    "content": "https://hub.knime.com/knime/extensions/org.knime.features.base/latest/org.knime.base.node.io.filehandling.csv.reader.CSVTableReaderNodeFactory",
                    "creatorName": "Bot",
                    "createorID": 1,
                    "creationTime": "2024-03-08T10:36:49.883Z"
                }
            ],
            "commentBoxPosition": {
                "x": 744.0,
                "y": 587.0
            }
        },
        {
            "commentBoxID": "commentBox-65f48504-5007-4e55-96f6-848d75bd764b",
            "comments": [
                {
                    "content": "https://hub.knime.com/knime/extensions/org.knime.features.base/latest/org.knime.base.node.io.filehandling.csv.reader.CSVTableReaderNodeFactory",
                    "creatorName": "Bot",
                    "createorID": 1,
                    "creationTime": "2024-03-08T10:36:49.883Z"
                }
            ],
            "commentBoxPosition": {
                "x": 524.0,
                "y": 787.0
            }
        },
        {
            "commentBoxID": "commentBox-673e81e5-126c-425f-afa7-6c792359a839",
            "comments": [
                {
                    "content": "https://hub.knime.com/knime/extensions/org.knime.features.base/latest/org.knime.base.node.io.filehandling.csv.reader.CSVTableReaderNodeFactory",
                    "creatorName": "Bot",
                    "createorID": 1,
                    "creationTime": "2024-03-08T10:36:49.883Z"
                }
            ],
            "commentBoxPosition": {
                "x": 664.0,
                "y": 787.0
            }
        },
        {
            "commentBoxID": "commentBox-de1a686c-9c51-417a-ae72-291dde288541",
            "comments": [
                {
                    "content": "https://hub.knime.com/knime/extensions/org.knime.features.base/latest/org.knime.base.node.io.filehandling.csv.reader.CSVTableReaderNodeFactory",
                    "creatorName": "Bot",
                    "createorID": 1,
                    "creationTime": "2024-03-08T10:36:49.883Z"
                }
            ],
            "commentBoxPosition": {
                "x": 804.0,
                "y": 787.0
            }
        },
        {
            "commentBoxID": "commentBox-ce095d33-93ec-4739-a87a-0033f57498fc",
            "comments": [
                {
                    "content": "https://hub.knime.com/knime/extensions/org.knime.features.base/latest/org.knime.base.node.io.filehandling.csv.reader.CSVTableReaderNodeFactory",
                    "creatorName": "Bot",
                    "createorID": 1,
                    "creationTime": "2024-03-08T10:36:49.883Z"
                }
            ],
            "commentBoxPosition": {
                "x": 944.0,
                "y": 707.0
            }
        },
        {
            "commentBoxID": "commentBox-f621b40b-7ef7-48e0-9c8f-febd3395b7c7",
            "comments": [
                {
                    "content": "https://hub.knime.com/knime/extensions/org.knime.features.base/latest/org.knime.base.node.io.filehandling.csv.reader.CSVTableReaderNodeFactory",
                    "creatorName": "Bot",
                    "createorID": 1,
                    "creationTime": "2024-03-08T10:36:49.883Z"
                }
            ],
            "commentBoxPosition": {
                "x": 1084.0,
                "y": 707.0
            }
        }
    ]
}