{
    "operators": [
        {
            "operatorID": "Dummy-operator-7aa09dc5-0428-44a6-8955-d0eed027c16a",
            "operatorType": "Dummy",
            "operatorVersion": "",
            "operatorProperties": {
                "dummyPropertyList": [
                    {
                        "dummyProperty": "Source XML",
                        "dummyValue": "Omitted for license reasons"
                    }
                ]
            },
            "inputPorts": [
                {
                    "portID": "input-0",
                    "displayName": "",
                    "allowMultiInputs": true,
                    "isDynamicPort": true
                }
            ],
            "outputPorts": [
                {
                    "portID": "output-0",
                    "displayName": "",
                    "isDynamicPort": true,
                    "isBlocking": false
                },
                {
                    "portID": "output-1",
                    "displayName": "",
                    "isDynamicPort": true,
                    "isBlocking": false
                }
            ],
            "showAdvanced": false,
            "isDisabled": false,
            "customDisplayName": "Tuning Loop Start",
            "dynamicInputPorts": true,
            "dynamicOutputPorts": true
        },
        {
            "operatorID": "Dummy-operator-e23659dc-c663-4cf5-be10-454bf06a7e07",
            "operatorType": "Dummy",
            "operatorVersion": "",
            "operatorProperties": {
                "dummyPropertyList": [
                    {
                        "dummyProperty": "Source XML",
                        "dummyValue": "Omitted for license reasons"
                    }
                ]
            },
            "inputPorts": [
                {
                    "portID": "input-0",
                    "displayName": "",
                    "allowMultiInputs": true,
                    "isDynamicPort": true
                },
                {
                    "portID": "input-1",
                    "displayName": "",
                    "allowMultiInputs": true,
                    "isDynamicPort": true
                }
            ],
            "outputPorts": [
                {
                    "portID": "output-0",
                    "displayName": "",
                    "isDynamicPort": true,
                    "isBlocking": false
                },
                {
                    "portID": "output-1",
                    "displayName": "",
                    "isDynamicPort": true,
                    "isBlocking": false
                },
                {
                    "portID": "output-2",
                    "displayName": "",
                    "isDynamicPort": true,
                    "isBlocking": false
                },
                {
                    "portID": "output-3",
                    "displayName": "",
                    "isDynamicPort": true,
                    "isBlocking": false
                },
                {
                    "portID": "output-4",
                    "displayName": "",
                    "isDynamicPort": true,
                    "isBlocking": false
                }
            ],
            "showAdvanced": false,
            "isDisabled": false,
            "customDisplayName": "Tuning Loop End",
            "dynamicInputPorts": true,
            "dynamicOutputPorts": true
        },
        {
            "operatorID": "Dummy-operator-b7b06622-08ed-4b83-9d03-2486dbbf0d5c",
            "operatorType": "Dummy",
            "operatorVersion": "",
            "operatorProperties": {
                "dummyPropertyList": [
                    {
                        "dummyProperty": "Source XML",
                        "dummyValue": "Omitted for license reasons"
                    }
                ]
            },
            "inputPorts": [
                {
                    "portID": "input-0",
                    "displayName": "",
                    "allowMultiInputs": true,
                    "isDynamicPort": true
                },
                {
                    "portID": "input-1",
                    "displayName": "",
                    "allowMultiInputs": true,
                    "isDynamicPort": true
                }
            ],
            "outputPorts": [
                {
                    "portID": "output-0",
                    "displayName": "",
                    "isDynamicPort": true,
                    "isBlocking": false
                },
                {
                    "portID": "output-1",
                    "displayName": "",
                    "isDynamicPort": true,
                    "isBlocking": false
                }
            ],
            "showAdvanced": false,
            "isDisabled": false,
            "customDisplayName": "Java Snippet",
            "dynamicInputPorts": true,
            "dynamicOutputPorts": true
        },
        {
            "operatorID": "Dummy-operator-1863faa7-ff4d-46dc-878f-6fd1ed2e59e1",
            "operatorType": "Dummy",
            "operatorVersion": "",
            "operatorProperties": {
                "dummyPropertyList": [
                    {
                        "dummyProperty": "Source XML",
                        "dummyValue": "Omitted for license reasons"
                    }
                ]
            },
            "inputPorts": [
                {
                    "portID": "input-0",
                    "displayName": "",
                    "allowMultiInputs": true,
                    "isDynamicPort": true
                },
                {
                    "portID": "input-1",
                    "displayName": "",
                    "allowMultiInputs": true,
                    "isDynamicPort": true
                }
            ],
            "outputPorts": [
                {
                    "portID": "output-0",
                    "displayName": "",
                    "isDynamicPort": true,
                    "isBlocking": false
                },
                {
                    "portID": "output-1",
                    "displayName": "",
                    "isDynamicPort": true,
                    "isBlocking": false
                },
                {
                    "portID": "output-2",
                    "displayName": "",
                    "isDynamicPort": true,
                    "isBlocking": false
                },
                {
                    "portID": "output-3",
                    "displayName": "",
                    "isDynamicPort": true,
                    "isBlocking": false
                },
                {
                    "portID": "output-4",
                    "displayName": "",
                    "isDynamicPort": true,
                    "isBlocking": false
                }
            ],
            "showAdvanced": false,
            "isDisabled": false,
            "customDisplayName": "Tuning Loop End",
            "dynamicInputPorts": true,
            "dynamicOutputPorts": true
        },
        {
            "operatorID": "Dummy-operator-484fb3f3-55f0-482d-a020-7eb39f83c10f",
            "operatorType": "Dummy",
            "operatorVersion": "",
            "operatorProperties": {
                "dummyPropertyList": [
                    {
                        "dummyProperty": "Source XML",
                        "dummyValue": "Omitted for license reasons"
                    }
                ]
            },
            "inputPorts": [
                {
                    "portID": "input-0",
                    "displayName": "",
                    "allowMultiInputs": true,
                    "isDynamicPort": true
                },
                {
                    "portID": "input-1",
                    "displayName": "",
                    "allowMultiInputs": true,
                    "isDynamicPort": true
                }
            ],
            "outputPorts": [
                {
                    "portID": "output-0",
                    "displayName": "",
                    "isDynamicPort": true,
                    "isBlocking": false
                },
                {
                    "portID": "output-1",
                    "displayName": "",
                    "isDynamicPort": true,
                    "isBlocking": false
                }
            ],
            "showAdvanced": false,
            "isDisabled": false,
            "customDisplayName": "Java Snippet",
            "dynamicInputPorts": true,
            "dynamicOutputPorts": true
        },
        {
            "operatorID": "Dummy-operator-4d1eceff-2172-4821-8c5d-cc8c3f6f969b",
            "operatorType": "Dummy",
            "operatorVersion": "",
            "operatorProperties": {
                "dummyPropertyList": [
                    {
                        "dummyProperty": "Source XML",
                        "dummyValue": "Omitted for license reasons"
                    }
                ]
            },
            "inputPorts": [
                {
                    "portID": "input-0",
                    "displayName": "",
                    "allowMultiInputs": true,
                    "isDynamicPort": true
                },
                {
                    "portID": "input-1",
                    "displayName": "",
                    "allowMultiInputs": true,
                    "isDynamicPort": true
                }
            ],
            "outputPorts": [
                {
                    "portID": "output-0",
                    "displayName": "",
                    "isDynamicPort": true,
                    "isBlocking": false
                },
                {
                    "portID": "output-1",
                    "displayName": "",
                    "isDynamicPort": true,
                    "isBlocking": false
                }
            ],
            "showAdvanced": false,
            "isDisabled": false,
            "customDisplayName": "Java Snippet",
            "dynamicInputPorts": true,
            "dynamicOutputPorts": true
        },
        {
            "operatorID": "Dummy-operator-eaccef4e-cac9-4088-91f1-bc1327169e8d",
            "operatorType": "Dummy",
            "operatorVersion": "",
            "operatorProperties": {
                "dummyPropertyList": [
                    {
                        "dummyProperty": "Source XML",
                        "dummyValue": "Omitted for license reasons"
                    }
                ]
            },
            "inputPorts": [
                {
                    "portID": "input-0",
                    "displayName": "",
                    "allowMultiInputs": true,
                    "isDynamicPort": true
                },
                {
                    "portID": "input-1",
                    "displayName": "",
                    "allowMultiInputs": true,
                    "isDynamicPort": true
                }
            ],
            "outputPorts": [
                {
                    "portID": "output-0",
                    "displayName": "",
                    "isDynamicPort": true,
                    "isBlocking": true
                },
                {
                    "portID": "output-1",
                    "displayName": "",
                    "isDynamicPort": true,
                    "isBlocking": true
                }
            ],
            "showAdvanced": false,
            "isDisabled": false,
            "customDisplayName": "GroupBy",
            "dynamicInputPorts": true,
            "dynamicOutputPorts": true
        },
        {
            "operatorID": "Dummy-operator-be7b0822-929e-4700-b92f-5a02e1dba359",
            "operatorType": "Dummy",
            "operatorVersion": "",
            "operatorProperties": {
                "dummyPropertyList": [
                    {
                        "dummyProperty": "Source XML",
                        "dummyValue": "Omitted for license reasons"
                    }
                ]
            },
            "inputPorts": [
                {
                    "portID": "input-0",
                    "displayName": "",
                    "allowMultiInputs": true,
                    "isDynamicPort": true
                }
            ],
            "outputPorts": [
                {
                    "portID": "output-0",
                    "displayName": "",
                    "isDynamicPort": true,
                    "isBlocking": true
                },
                {
                    "portID": "output-1",
                    "displayName": "",
                    "isDynamicPort": true,
                    "isBlocking": true
                }
            ],
            "showAdvanced": false,
            "isDisabled": false,
            "customDisplayName": "Table Creator",
            "dynamicInputPorts": true,
            "dynamicOutputPorts": true
        },
        {
            "operatorID": "Dummy-operator-98715b35-1ec6-440f-a7bb-a9a016717002",
            "operatorType": "Dummy",
            "operatorVersion": "",
            "operatorProperties": {
                "dummyPropertyList": [
                    {
                        "dummyProperty": "Source XML",
                        "dummyValue": "Omitted for license reasons"
                    }
                ]
            },
            "inputPorts": [
                {
                    "portID": "input-0",
                    "displayName": "",
                    "allowMultiInputs": true,
                    "isDynamicPort": true
                },
                {
                    "portID": "input-1",
                    "displayName": "",
                    "allowMultiInputs": true,
                    "isDynamicPort": true
                }
            ],
            "outputPorts": [
                {
                    "portID": "output-0",
                    "displayName": "",
                    "isDynamicPort": true,
                    "isBlocking": false
                },
                {
                    "portID": "output-1",
                    "displayName": "",
                    "isDynamicPort": true,
                    "isBlocking": false
                }
            ],
            "showAdvanced": false,
            "isDisabled": false,
            "customDisplayName": "Tuning Loop Start",
            "dynamicInputPorts": true,
            "dynamicOutputPorts": true
        },
        {
            "operatorID": "Dummy-operator-61a55114-f4c7-4cac-ac6a-eb19e0ae0423",
            "operatorType": "Dummy",
            "operatorVersion": "",
            "operatorProperties": {
                "dummyPropertyList": [
                    {
                        "dummyProperty": "Source XML",
                        "dummyValue": "Omitted for license reasons"
                    }
                ]
            },
            "inputPorts": [
                {
                    "portID": "input-0",
                    "displayName": "",
                    "allowMultiInputs": true,
                    "isDynamicPort": true
                },
                {
                    "portID": "input-1",
                    "displayName": "",
                    "allowMultiInputs": true,
                    "isDynamicPort": true
                }
            ],
            "outputPorts": [
                {
                    "portID": "output-0",
                    "displayName": "",
                    "isDynamicPort": true,
                    "isBlocking": false
                },
                {
                    "portID": "output-1",
                    "displayName": "",
                    "isDynamicPort": true,
                    "isBlocking": false
                },
                {
                    "portID": "output-2",
                    "displayName": "",
                    "isDynamicPort": true,
                    "isBlocking": false
                },
                {
                    "portID": "output-3",
                    "displayName": "",
                    "isDynamicPort": true,
                    "isBlocking": false
                },
                {
                    "portID": "output-4",
                    "displayName": "",
                    "isDynamicPort": true,
                    "isBlocking": false
                }
            ],
            "showAdvanced": false,
            "isDisabled": false,
            "customDisplayName": "Tuning Loop End",
            "dynamicInputPorts": true,
            "dynamicOutputPorts": true
        },
        {
            "operatorID": "Dummy-operator-ce1ad143-03b3-43a0-88e9-0a98cd6542a9",
            "operatorType": "Dummy",
            "operatorVersion": "",
            "operatorProperties": {
                "dummyPropertyList": [
                    {
                        "dummyProperty": "Source XML",
                        "dummyValue": "Omitted for license reasons"
                    }
                ]
            },
            "inputPorts": [
                {
                    "portID": "input-0",
                    "displayName": "",
                    "allowMultiInputs": true,
                    "isDynamicPort": true
                },
                {
                    "portID": "input-1",
                    "displayName": "",
                    "allowMultiInputs": true,
                    "isDynamicPort": true
                }
            ],
            "outputPorts": [
                {
                    "portID": "output-0",
                    "displayName": "",
                    "isDynamicPort": true,
                    "isBlocking": false
                },
                {
                    "portID": "output-1",
                    "displayName": "",
                    "isDynamicPort": true,
                    "isBlocking": false
                }
            ],
            "showAdvanced": false,
            "isDisabled": false,
            "customDisplayName": "Tuning Loop Start",
            "dynamicInputPorts": true,
            "dynamicOutputPorts": true
        },
        {
            "operatorID": "Dummy-operator-8931e9f0-5c37-42d4-a1aa-14cf823f518c",
            "operatorType": "Dummy",
            "operatorVersion": "",
            "operatorProperties": {
                "dummyPropertyList": [
                    {
                        "dummyProperty": "Source XML",
                        "dummyValue": "Omitted for license reasons"
                    }
                ]
            },
            "inputPorts": [
                {
                    "portID": "input-0",
                    "displayName": "",
                    "allowMultiInputs": true,
                    "isDynamicPort": true
                }
            ],
            "outputPorts": [
                {
                    "portID": "output-0",
                    "displayName": "",
                    "isDynamicPort": true,
                    "isBlocking": true
                },
                {
                    "portID": "output-1",
                    "displayName": "",
                    "isDynamicPort": true,
                    "isBlocking": true
                }
            ],
            "showAdvanced": false,
            "isDisabled": false,
            "customDisplayName": "Table Creator",
            "dynamicInputPorts": true,
            "dynamicOutputPorts": true
        },
        {
            "operatorID": "Dummy-operator-e04901b6-a79a-43a6-ba9e-1c6e7ea6aaeb",
            "operatorType": "Dummy",
            "operatorVersion": "",
            "operatorProperties": {
                "dummyPropertyList": [
                    {
                        "dummyProperty": "Source XML",
                        "dummyValue": "Omitted for license reasons"
                    }
                ]
            },
            "inputPorts": [
                {
                    "portID": "input-0",
                    "displayName": "",
                    "allowMultiInputs": true,
                    "isDynamicPort": true
                },
                {
                    "portID": "input-1",
                    "displayName": "",
                    "allowMultiInputs": true,
                    "isDynamicPort": true
                }
            ],
            "outputPorts": [
                {
                    "portID": "output-0",
                    "displayName": "",
                    "isDynamicPort": true,
                    "isBlocking": false
                },
                {
                    "portID": "output-1",
                    "displayName": "",
                    "isDynamicPort": true,
                    "isBlocking": false
                }
            ],
            "showAdvanced": false,
            "isDisabled": false,
            "customDisplayName": "Java Snippet",
            "dynamicInputPorts": true,
            "dynamicOutputPorts": true
        },
        {
            "operatorID": "Dummy-operator-6a7ef6fd-1d05-474d-8cd1-8b94953ab1cb",
            "operatorType": "Dummy",
            "operatorVersion": "",
            "operatorProperties": {
                "dummyPropertyList": [
                    {
                        "dummyProperty": "Source XML",
                        "dummyValue": "Omitted for license reasons"
                    }
                ]
            },
            "inputPorts": [
                {
                    "portID": "input-0",
                    "displayName": "",
                    "allowMultiInputs": true,
                    "isDynamicPort": true
                },
                {
                    "portID": "input-1",
                    "displayName": "",
                    "allowMultiInputs": true,
                    "isDynamicPort": true
                },
                {
                    "portID": "input-2",
                    "displayName": "",
                    "allowMultiInputs": true,
                    "isDynamicPort": true
                }
            ],
            "outputPorts": [
                {
                    "portID": "output-0",
                    "displayName": "",
                    "isDynamicPort": true,
                    "isBlocking": false
                },
                {
                    "portID": "output-1",
                    "displayName": "",
                    "isDynamicPort": true,
                    "isBlocking": false
                }
            ],
            "showAdvanced": false,
            "isDisabled": false,
            "customDisplayName": "Concatenate",
            "dynamicInputPorts": true,
            "dynamicOutputPorts": true
        },
        {
            "operatorID": "Dummy-operator-99612a78-f7dd-4ac4-b221-f18f5e731f42",
            "operatorType": "Dummy",
            "operatorVersion": "",
            "operatorProperties": {
                "dummyPropertyList": [
                    {
                        "dummyProperty": "Source XML",
                        "dummyValue": "Omitted for license reasons"
                    }
                ]
            },
            "inputPorts": [
                {
                    "portID": "input-0",
                    "displayName": "",
                    "allowMultiInputs": true,
                    "isDynamicPort": true
                },
                {
                    "portID": "input-1",
                    "displayName": "",
                    "allowMultiInputs": true,
                    "isDynamicPort": true
                }
            ],
            "outputPorts": [
                {
                    "portID": "output-0",
                    "displayName": "",
                    "isDynamicPort": true,
                    "isBlocking": true
                },
                {
                    "portID": "output-1",
                    "displayName": "",
                    "isDynamicPort": true,
                    "isBlocking": true
                }
            ],
            "showAdvanced": false,
            "isDisabled": false,
            "customDisplayName": "Table Row to Variable",
            "dynamicInputPorts": true,
            "dynamicOutputPorts": true
        },
        {
            "operatorID": "Dummy-operator-57a6e5bf-41f7-4794-abb8-ca2e66aa59f6",
            "operatorType": "Dummy",
            "operatorVersion": "",
            "operatorProperties": {
                "dummyPropertyList": [
                    {
                        "dummyProperty": "Source XML",
                        "dummyValue": "Omitted for license reasons"
                    }
                ]
            },
            "inputPorts": [
                {
                    "portID": "input-0",
                    "displayName": "",
                    "allowMultiInputs": true,
                    "isDynamicPort": true
                },
                {
                    "portID": "input-1",
                    "displayName": "",
                    "allowMultiInputs": true,
                    "isDynamicPort": true
                }
            ],
            "outputPorts": [
                {
                    "portID": "output-0",
                    "displayName": "",
                    "isDynamicPort": true,
                    "isBlocking": true
                },
                {
                    "portID": "output-1",
                    "displayName": "",
                    "isDynamicPort": true,
                    "isBlocking": true
                }
            ],
            "showAdvanced": false,
            "isDisabled": false,
            "customDisplayName": "Table Row to Variable",
            "dynamicInputPorts": true,
            "dynamicOutputPorts": true
        },
        {
            "operatorID": "Dummy-operator-4a7532f8-c3ac-4d9c-adec-db7163e74611",
            "operatorType": "Dummy",
            "operatorVersion": "",
            "operatorProperties": {
                "dummyPropertyList": [
                    {
                        "dummyProperty": "Source XML",
                        "dummyValue": "Omitted for license reasons"
                    }
                ]
            },
            "inputPorts": [
                {
                    "portID": "input-0",
                    "displayName": "",
                    "allowMultiInputs": true,
                    "isDynamicPort": true
                },
                {
                    "portID": "input-1",
                    "displayName": "",
                    "allowMultiInputs": true,
                    "isDynamicPort": true
                }
            ],
            "outputPorts": [
                {
                    "portID": "output-0",
                    "displayName": "",
                    "isDynamicPort": true,
                    "isBlocking": true
                },
                {
                    "portID": "output-1",
                    "displayName": "",
                    "isDynamicPort": true,
                    "isBlocking": true
                }
            ],
            "showAdvanced": false,
            "isDisabled": false,
            "customDisplayName": "Table Row to Variable",
            "dynamicInputPorts": true,
            "dynamicOutputPorts": true
        },
        {
            "operatorID": "Dummy-operator-d5235669-6660-44ce-b2dd-516320682472",
            "operatorType": "Dummy",
            "operatorVersion": "",
            "operatorProperties": {
                "dummyPropertyList": [
                    {
                        "dummyProperty": "Source XML",
                        "dummyValue": "Omitted for license reasons"
                    }
                ]
            },
            "inputPorts": [
                {
                    "portID": "input-0",
                    "displayName": "",
                    "allowMultiInputs": true,
                    "isDynamicPort": true
                },
                {
                    "portID": "input-1",
                    "displayName": "",
                    "allowMultiInputs": true,
                    "isDynamicPort": true
                }
            ],
            "outputPorts": [
                {
                    "portID": "output-0",
                    "displayName": "",
                    "isDynamicPort": true,
                    "isBlocking": false
                },
                {
                    "portID": "output-1",
                    "displayName": "",
                    "isDynamicPort": true,
                    "isBlocking": false
                }
            ],
            "showAdvanced": false,
            "isDisabled": false,
            "customDisplayName": "Variable to Table Row",
            "dynamicInputPorts": true,
            "dynamicOutputPorts": true
        },
        {
            "operatorID": "Dummy-operator-e87a5fe9-2267-4d44-8e64-7fd9a172dec9",
            "operatorType": "Dummy",
            "operatorVersion": "",
            "operatorProperties": {
                "dummyPropertyList": [
                    {
                        "dummyProperty": "Source XML",
                        "dummyValue": "Omitted for license reasons"
                    }
                ]
            },
            "inputPorts": [
                {
                    "portID": "input-0",
                    "displayName": "",
                    "allowMultiInputs": true,
                    "isDynamicPort": true
                },
                {
                    "portID": "input-1",
                    "displayName": "",
                    "allowMultiInputs": true,
                    "isDynamicPort": true
                }
            ],
            "outputPorts": [
                {
                    "portID": "output-0",
                    "displayName": "",
                    "isDynamicPort": true,
                    "isBlocking": false
                },
                {
                    "portID": "output-1",
                    "displayName": "",
                    "isDynamicPort": true,
                    "isBlocking": false
                }
            ],
            "showAdvanced": false,
            "isDisabled": false,
            "customDisplayName": "Variable to Table Row",
            "dynamicInputPorts": true,
            "dynamicOutputPorts": true
        },
        {
            "operatorID": "Dummy-operator-4e056c0b-ce16-4540-8160-0ca5719a86ae",
            "operatorType": "Dummy",
            "operatorVersion": "",
            "operatorProperties": {
                "dummyPropertyList": [
                    {
                        "dummyProperty": "Source XML",
                        "dummyValue": "Omitted for license reasons"
                    }
                ]
            },
            "inputPorts": [
                {
                    "portID": "input-0",
                    "displayName": "",
                    "allowMultiInputs": true,
                    "isDynamicPort": true
                },
                {
                    "portID": "input-1",
                    "displayName": "",
                    "allowMultiInputs": true,
                    "isDynamicPort": true
                }
            ],
            "outputPorts": [
                {
                    "portID": "output-0",
                    "displayName": "",
                    "isDynamicPort": true,
                    "isBlocking": false
                },
                {
                    "portID": "output-1",
                    "displayName": "",
                    "isDynamicPort": true,
                    "isBlocking": false
                }
            ],
            "showAdvanced": false,
            "isDisabled": false,
            "customDisplayName": "Variable to Table Row",
            "dynamicInputPorts": true,
            "dynamicOutputPorts": true
        }
    ],
    "operatorPositions": {
        "Dummy-operator-7aa09dc5-0428-44a6-8955-d0eed027c16a": {
            "x": 194.0,
            "y": 177.0
        },
        "Dummy-operator-e23659dc-c663-4cf5-be10-454bf06a7e07": {
            "x": 674.0,
            "y": 177.0
        },
        "Dummy-operator-b7b06622-08ed-4b83-9d03-2486dbbf0d5c": {
            "x": 434.0,
            "y": 177.0
        },
        "Dummy-operator-1863faa7-ff4d-46dc-878f-6fd1ed2e59e1": {
            "x": 674.0,
            "y": 337.0
        },
        "Dummy-operator-484fb3f3-55f0-482d-a020-7eb39f83c10f": {
            "x": 434.0,
            "y": 337.0
        },
        "Dummy-operator-4d1eceff-2172-4821-8c5d-cc8c3f6f969b": {
            "x": 434.0,
            "y": 657.0
        },
        "Dummy-operator-eaccef4e-cac9-4088-91f1-bc1327169e8d": {
            "x": 674.0,
            "y": 497.0
        },
        "Dummy-operator-be7b0822-929e-4700-b92f-5a02e1dba359": {
            "x": 75.0,
            "y": 337.0
        },
        "Dummy-operator-98715b35-1ec6-440f-a7bb-a9a016717002": {
            "x": 194.0,
            "y": 337.0
        },
        "Dummy-operator-61a55114-f4c7-4cac-ac6a-eb19e0ae0423": {
            "x": 914.0,
            "y": 497.0
        },
        "Dummy-operator-ce1ad143-03b3-43a0-88e9-0a98cd6542a9": {
            "x": 194.0,
            "y": 497.0
        },
        "Dummy-operator-8931e9f0-5c37-42d4-a1aa-14cf823f518c": {
            "x": 75.0,
            "y": 497.0
        },
        "Dummy-operator-e04901b6-a79a-43a6-ba9e-1c6e7ea6aaeb": {
            "x": 434.0,
            "y": 497.0
        },
        "Dummy-operator-6a7ef6fd-1d05-474d-8cd1-8b94953ab1cb": {
            "x": 554.0,
            "y": 497.0
        },
        "Dummy-operator-99612a78-f7dd-4ac4-b221-f18f5e731f42": {
            "x": 554.0,
            "y": 177.0
        },
        "Dummy-operator-57a6e5bf-41f7-4794-abb8-ca2e66aa59f6": {
            "x": 554.0,
            "y": 337.0
        },
        "Dummy-operator-4a7532f8-c3ac-4d9c-adec-db7163e74611": {
            "x": 794.0,
            "y": 497.0
        },
        "Dummy-operator-d5235669-6660-44ce-b2dd-516320682472": {
            "x": 314.0,
            "y": 497.0
        },
        "Dummy-operator-e87a5fe9-2267-4d44-8e64-7fd9a172dec9": {
            "x": 314.0,
            "y": 337.0
        },
        "Dummy-operator-4e056c0b-ce16-4540-8160-0ca5719a86ae": {
            "x": 314.0,
            "y": 177.0
        }
    },
    "links": [
        {
            "linkID": "link-1c9ac539-6d7f-4826-998c-9fc9d57d0a0c",
            "source": {
                "operatorID": "Dummy-operator-7aa09dc5-0428-44a6-8955-d0eed027c16a",
                "portID": "output-1"
            },
            "target": {
                "operatorID": "Dummy-operator-4e056c0b-ce16-4540-8160-0ca5719a86ae",
                "portID": "input-1"
            }
        },
        {
            "linkID": "link-b4a73d9e-ef6b-4cc8-8f37-957a9d6543a4",
            "source": {
                "operatorID": "Dummy-operator-b7b06622-08ed-4b83-9d03-2486dbbf0d5c",
                "portID": "output-1"
            },
            "target": {
                "operatorID": "Dummy-operator-99612a78-f7dd-4ac4-b221-f18f5e731f42",
                "portID": "input-1"
            }
        },
        {
            "linkID": "link-4abd9f50-5f56-4c53-9c92-b4294f9af975",
            "source": {
                "operatorID": "Dummy-operator-484fb3f3-55f0-482d-a020-7eb39f83c10f",
                "portID": "output-1"
            },
            "target": {
                "operatorID": "Dummy-operator-57a6e5bf-41f7-4794-abb8-ca2e66aa59f6",
                "portID": "input-1"
            }
        },
        {
            "linkID": "link-cfa28461-a131-4eb2-87c0-7047005af9dc",
            "source": {
                "operatorID": "Dummy-operator-4d1eceff-2172-4821-8c5d-cc8c3f6f969b",
                "portID": "output-1"
            },
            "target": {
                "operatorID": "Dummy-operator-6a7ef6fd-1d05-474d-8cd1-8b94953ab1cb",
                "portID": "input-2"
            }
        },
        {
            "linkID": "link-ecc51c4b-7c8b-48b5-8188-5fcc8f6201cb",
            "source": {
                "operatorID": "Dummy-operator-eaccef4e-cac9-4088-91f1-bc1327169e8d",
                "portID": "output-1"
            },
            "target": {
                "operatorID": "Dummy-operator-4a7532f8-c3ac-4d9c-adec-db7163e74611",
                "portID": "input-1"
            }
        },
        {
            "linkID": "link-5bb906ac-b2ca-47ce-8388-f51f60468ca5",
            "source": {
                "operatorID": "Dummy-operator-be7b0822-929e-4700-b92f-5a02e1dba359",
                "portID": "output-1"
            },
            "target": {
                "operatorID": "Dummy-operator-98715b35-1ec6-440f-a7bb-a9a016717002",
                "portID": "input-1"
            }
        },
        {
            "linkID": "link-5d5aadfb-8dcb-4b55-8c43-02c60f7887d2",
            "source": {
                "operatorID": "Dummy-operator-98715b35-1ec6-440f-a7bb-a9a016717002",
                "portID": "output-1"
            },
            "target": {
                "operatorID": "Dummy-operator-e87a5fe9-2267-4d44-8e64-7fd9a172dec9",
                "portID": "input-1"
            }
        },
        {
            "linkID": "link-b24f8a94-5e03-4a93-a283-5c47827c416c",
            "source": {
                "operatorID": "Dummy-operator-ce1ad143-03b3-43a0-88e9-0a98cd6542a9",
                "portID": "output-1"
            },
            "target": {
                "operatorID": "Dummy-operator-d5235669-6660-44ce-b2dd-516320682472",
                "portID": "input-1"
            }
        },
        {
            "linkID": "link-c4e41d98-9673-4c58-b021-6eb979dc80c3",
            "source": {
                "operatorID": "Dummy-operator-8931e9f0-5c37-42d4-a1aa-14cf823f518c",
                "portID": "output-1"
            },
            "target": {
                "operatorID": "Dummy-operator-ce1ad143-03b3-43a0-88e9-0a98cd6542a9",
                "portID": "input-1"
            }
        },
        {
            "linkID": "link-0b1d72ea-ef24-405b-875a-27eed3e13101",
            "source": {
                "operatorID": "Dummy-operator-e04901b6-a79a-43a6-ba9e-1c6e7ea6aaeb",
                "portID": "output-1"
            },
            "target": {
                "operatorID": "Dummy-operator-6a7ef6fd-1d05-474d-8cd1-8b94953ab1cb",
                "portID": "input-1"
            }
        },
        {
            "linkID": "link-d258ebcf-92d0-44f7-8218-f18dd30241cd",
            "source": {
                "operatorID": "Dummy-operator-6a7ef6fd-1d05-474d-8cd1-8b94953ab1cb",
                "portID": "output-1"
            },
            "target": {
                "operatorID": "Dummy-operator-eaccef4e-cac9-4088-91f1-bc1327169e8d",
                "portID": "input-1"
            }
        },
        {
            "linkID": "link-13078ff0-8802-4b3d-9033-51cb11e4cf9a",
            "source": {
                "operatorID": "Dummy-operator-99612a78-f7dd-4ac4-b221-f18f5e731f42",
                "portID": "output-1"
            },
            "target": {
                "operatorID": "Dummy-operator-e23659dc-c663-4cf5-be10-454bf06a7e07",
                "portID": "input-1"
            }
        },
        {
            "linkID": "link-8a6c9409-49e8-43b4-8cc3-983e43bb85c7",
            "source": {
                "operatorID": "Dummy-operator-57a6e5bf-41f7-4794-abb8-ca2e66aa59f6",
                "portID": "output-1"
            },
            "target": {
                "operatorID": "Dummy-operator-1863faa7-ff4d-46dc-878f-6fd1ed2e59e1",
                "portID": "input-1"
            }
        },
        {
            "linkID": "link-f32f830b-c580-4833-bb6c-91cc6218e2ea",
            "source": {
                "operatorID": "Dummy-operator-4a7532f8-c3ac-4d9c-adec-db7163e74611",
                "portID": "output-1"
            },
            "target": {
                "operatorID": "Dummy-operator-61a55114-f4c7-4cac-ac6a-eb19e0ae0423",
                "portID": "input-1"
            }
        },
        {
            "linkID": "link-64bfbc40-2e5f-4907-9d19-715bb889193f",
            "source": {
                "operatorID": "Dummy-operator-d5235669-6660-44ce-b2dd-516320682472",
                "portID": "output-1"
            },
            "target": {
                "operatorID": "Dummy-operator-e04901b6-a79a-43a6-ba9e-1c6e7ea6aaeb",
                "portID": "input-1"
            }
        },
        {
            "linkID": "link-66b69622-faaf-41ce-b28c-4656885551a0",
            "source": {
                "operatorID": "Dummy-operator-d5235669-6660-44ce-b2dd-516320682472",
                "portID": "output-1"
            },
            "target": {
                "operatorID": "Dummy-operator-4d1eceff-2172-4821-8c5d-cc8c3f6f969b",
                "portID": "input-1"
            }
        },
        {
            "linkID": "link-5f6e9ebb-27aa-44cf-8cc7-79a4432f6097",
            "source": {
                "operatorID": "Dummy-operator-e87a5fe9-2267-4d44-8e64-7fd9a172dec9",
                "portID": "output-1"
            },
            "target": {
                "operatorID": "Dummy-operator-484fb3f3-55f0-482d-a020-7eb39f83c10f",
                "portID": "input-1"
            }
        },
        {
            "linkID": "link-f37d582a-f00c-427d-beed-16b93e119b98",
            "source": {
                "operatorID": "Dummy-operator-4e056c0b-ce16-4540-8160-0ca5719a86ae",
                "portID": "output-1"
            },
            "target": {
                "operatorID": "Dummy-operator-b7b06622-08ed-4b83-9d03-2486dbbf0d5c",
                "portID": "input-1"
            }
        }
    ],
    "groups": [],
    "breakpoints": {},
    "commentBoxes": [
        {
            "commentBoxID": "commentBox-1896a819-f23d-47ce-aaca-f2cdd4d9997f",
            "comments": [
                {
                    "content": "https://hub.knime.com/knime/extensions/org.knime.features.base/latest/org.knime.base.node.io.filehandling.csv.reader.CSVTableReaderNodeFactory",
                    "creatorName": "Bot",
                    "createorID": 1,
                    "creationTime": "2024-03-08T10:36:49.883Z"
                }
            ],
            "commentBoxPosition": {
                "x": 254.0,
                "y": 207.0
            }
        },
        {
            "commentBoxID": "commentBox-fbf5a8dd-579f-4a7d-8be5-b290a58f1810",
            "comments": [
                {
                    "content": "https://hub.knime.com/knime/extensions/org.knime.features.base/latest/org.knime.base.node.io.filehandling.csv.reader.CSVTableReaderNodeFactory",
                    "creatorName": "Bot",
                    "createorID": 1,
                    "creationTime": "2024-03-08T10:36:49.883Z"
                }
            ],
            "commentBoxPosition": {
                "x": 734.0,
                "y": 207.0
            }
        },
        {
            "commentBoxID": "commentBox-017a1f3d-d822-4de7-9b83-718a7f731fba",
            "comments": [
                {
                    "content": "https://hub.knime.com/knime/extensions/org.knime.features.base/latest/org.knime.base.node.io.filehandling.csv.reader.CSVTableReaderNodeFactory",
                    "creatorName": "Bot",
                    "createorID": 1,
                    "creationTime": "2024-03-08T10:36:49.883Z"
                }
            ],
            "commentBoxPosition": {
                "x": 494.0,
                "y": 207.0
            }
        },
        {
            "commentBoxID": "commentBox-32135765-7abd-4caa-b565-6cd317a10830",
            "comments": [
                {
                    "content": "https://hub.knime.com/knime/extensions/org.knime.features.base/latest/org.knime.base.node.io.filehandling.csv.reader.CSVTableReaderNodeFactory",
                    "creatorName": "Bot",
                    "createorID": 1,
                    "creationTime": "2024-03-08T10:36:49.883Z"
                }
            ],
            "commentBoxPosition": {
                "x": 734.0,
                "y": 367.0
            }
        },
        {
            "commentBoxID": "commentBox-888f9c8e-bdbd-4620-8bea-a192f7e96090",
            "comments": [
                {
                    "content": "https://hub.knime.com/knime/extensions/org.knime.features.base/latest/org.knime.base.node.io.filehandling.csv.reader.CSVTableReaderNodeFactory",
                    "creatorName": "Bot",
                    "createorID": 1,
                    "creationTime": "2024-03-08T10:36:49.883Z"
                }
            ],
            "commentBoxPosition": {
                "x": 494.0,
                "y": 367.0
            }
        },
        {
            "commentBoxID": "commentBox-704db64a-33e0-4ba2-b3b6-3ff67f40cba2",
            "comments": [
                {
                    "content": "https://hub.knime.com/knime/extensions/org.knime.features.base/latest/org.knime.base.node.io.filehandling.csv.reader.CSVTableReaderNodeFactory",
                    "creatorName": "Bot",
                    "createorID": 1,
                    "creationTime": "2024-03-08T10:36:49.883Z"
                }
            ],
            "commentBoxPosition": {
                "x": 494.0,
                "y": 687.0
            }
        },
        {
            "commentBoxID": "commentBox-29ae12c9-018e-4ab1-b0ee-dc3321720ca6",
            "comments": [
                {
                    "content": "https://hub.knime.com/knime/extensions/org.knime.features.base/latest/org.knime.base.node.io.filehandling.csv.reader.CSVTableReaderNodeFactory",
                    "creatorName": "Bot",
                    "createorID": 1,
                    "creationTime": "2024-03-08T10:36:49.883Z"
                }
            ],
            "commentBoxPosition": {
                "x": 734.0,
                "y": 527.0
            }
        },
        {
            "commentBoxID": "commentBox-4168919d-83c2-413e-a7f9-0abc49dbed65",
            "comments": [
                {
                    "content": "https://hub.knime.com/knime/extensions/org.knime.features.base/latest/org.knime.base.node.io.filehandling.csv.reader.CSVTableReaderNodeFactory",
                    "creatorName": "Bot",
                    "createorID": 1,
                    "creationTime": "2024-03-08T10:36:49.883Z"
                }
            ],
            "commentBoxPosition": {
                "x": 135.0,
                "y": 367.0
            }
        },
        {
            "commentBoxID": "commentBox-1778a311-b7be-4d41-baad-3c5546c37f28",
            "comments": [
                {
                    "content": "https://hub.knime.com/knime/extensions/org.knime.features.base/latest/org.knime.base.node.io.filehandling.csv.reader.CSVTableReaderNodeFactory",
                    "creatorName": "Bot",
                    "createorID": 1,
                    "creationTime": "2024-03-08T10:36:49.883Z"
                }
            ],
            "commentBoxPosition": {
                "x": 254.0,
                "y": 367.0
            }
        },
        {
            "commentBoxID": "commentBox-b0298452-b296-46de-9eb5-a76fb53cbade",
            "comments": [
                {
                    "content": "https://hub.knime.com/knime/extensions/org.knime.features.base/latest/org.knime.base.node.io.filehandling.csv.reader.CSVTableReaderNodeFactory",
                    "creatorName": "Bot",
                    "createorID": 1,
                    "creationTime": "2024-03-08T10:36:49.883Z"
                }
            ],
            "commentBoxPosition": {
                "x": 974.0,
                "y": 527.0
            }
        },
        {
            "commentBoxID": "commentBox-9e61788c-16d0-4866-a68a-67797a9eb100",
            "comments": [
                {
                    "content": "https://hub.knime.com/knime/extensions/org.knime.features.base/latest/org.knime.base.node.io.filehandling.csv.reader.CSVTableReaderNodeFactory",
                    "creatorName": "Bot",
                    "createorID": 1,
                    "creationTime": "2024-03-08T10:36:49.883Z"
                }
            ],
            "commentBoxPosition": {
                "x": 254.0,
                "y": 527.0
            }
        },
        {
            "commentBoxID": "commentBox-f755b26a-9adb-423b-8b1c-3d3ae3020247",
            "comments": [
                {
                    "content": "https://hub.knime.com/knime/extensions/org.knime.features.base/latest/org.knime.base.node.io.filehandling.csv.reader.CSVTableReaderNodeFactory",
                    "creatorName": "Bot",
                    "createorID": 1,
                    "creationTime": "2024-03-08T10:36:49.883Z"
                }
            ],
            "commentBoxPosition": {
                "x": 135.0,
                "y": 527.0
            }
        },
        {
            "commentBoxID": "commentBox-0040c128-6d4c-4416-905e-628809391c69",
            "comments": [
                {
                    "content": "https://hub.knime.com/knime/extensions/org.knime.features.base/latest/org.knime.base.node.io.filehandling.csv.reader.CSVTableReaderNodeFactory",
                    "creatorName": "Bot",
                    "createorID": 1,
                    "creationTime": "2024-03-08T10:36:49.883Z"
                }
            ],
            "commentBoxPosition": {
                "x": 494.0,
                "y": 527.0
            }
        },
        {
            "commentBoxID": "commentBox-a8b3a94b-e50a-401d-8cc7-997cac9bac66",
            "comments": [
                {
                    "content": "https://hub.knime.com/knime/extensions/org.knime.features.base/latest/org.knime.base.node.io.filehandling.csv.reader.CSVTableReaderNodeFactory",
                    "creatorName": "Bot",
                    "createorID": 1,
                    "creationTime": "2024-03-08T10:36:49.883Z"
                }
            ],
            "commentBoxPosition": {
                "x": 614.0,
                "y": 527.0
            }
        },
        {
            "commentBoxID": "commentBox-ebebad2b-4261-472a-92bd-08f2052754d6",
            "comments": [
                {
                    "content": "https://hub.knime.com/knime/extensions/org.knime.features.base/latest/org.knime.base.node.io.filehandling.csv.reader.CSVTableReaderNodeFactory",
                    "creatorName": "Bot",
                    "createorID": 1,
                    "creationTime": "2024-03-08T10:36:49.883Z"
                }
            ],
            "commentBoxPosition": {
                "x": 614.0,
                "y": 207.0
            }
        },
        {
            "commentBoxID": "commentBox-f68049e3-4597-4985-aa0c-3138b8ff9433",
            "comments": [
                {
                    "content": "https://hub.knime.com/knime/extensions/org.knime.features.base/latest/org.knime.base.node.io.filehandling.csv.reader.CSVTableReaderNodeFactory",
                    "creatorName": "Bot",
                    "createorID": 1,
                    "creationTime": "2024-03-08T10:36:49.883Z"
                }
            ],
            "commentBoxPosition": {
                "x": 614.0,
                "y": 367.0
            }
        },
        {
            "commentBoxID": "commentBox-dcd978d2-d5f5-4c9a-92aa-6f9697f5868f",
            "comments": [
                {
                    "content": "https://hub.knime.com/knime/extensions/org.knime.features.base/latest/org.knime.base.node.io.filehandling.csv.reader.CSVTableReaderNodeFactory",
                    "creatorName": "Bot",
                    "createorID": 1,
                    "creationTime": "2024-03-08T10:36:49.883Z"
                }
            ],
            "commentBoxPosition": {
                "x": 854.0,
                "y": 527.0
            }
        },
        {
            "commentBoxID": "commentBox-7df1a7fd-8f66-4a93-ba2d-e56250aba035",
            "comments": [
                {
                    "content": "https://hub.knime.com/knime/extensions/org.knime.features.base/latest/org.knime.base.node.io.filehandling.csv.reader.CSVTableReaderNodeFactory",
                    "creatorName": "Bot",
                    "createorID": 1,
                    "creationTime": "2024-03-08T10:36:49.883Z"
                }
            ],
            "commentBoxPosition": {
                "x": 374.0,
                "y": 527.0
            }
        },
        {
            "commentBoxID": "commentBox-c63d0c71-ed20-4103-b7d7-23001b34b65e",
            "comments": [
                {
                    "content": "https://hub.knime.com/knime/extensions/org.knime.features.base/latest/org.knime.base.node.io.filehandling.csv.reader.CSVTableReaderNodeFactory",
                    "creatorName": "Bot",
                    "createorID": 1,
                    "creationTime": "2024-03-08T10:36:49.883Z"
                }
            ],
            "commentBoxPosition": {
                "x": 374.0,
                "y": 367.0
            }
        },
        {
            "commentBoxID": "commentBox-aeb91630-6d4a-4356-bb65-d40b4fc31cc9",
            "comments": [
                {
                    "content": "https://hub.knime.com/knime/extensions/org.knime.features.base/latest/org.knime.base.node.io.filehandling.csv.reader.CSVTableReaderNodeFactory",
                    "creatorName": "Bot",
                    "createorID": 1,
                    "creationTime": "2024-03-08T10:36:49.883Z"
                }
            ],
            "commentBoxPosition": {
                "x": 374.0,
                "y": 207.0
            }
        }
    ]
}