{
    "operators": [
        {
            "operatorID": "Dummy-operator-85e08535-2407-4ce1-88d0-a0fdc5da0d23",
            "operatorType": "Dummy",
            "operatorVersion": "",
            "operatorProperties": {
                "dummyPropertyList": [
                    {
                        "dummyProperty": "Source XML",
                        "dummyValue": "Omitted for license reasons"
                    }
                ]
            },
            "inputPorts": [
                {
                    "portID": "input-0",
                    "displayName": "",
                    "allowMultiInputs": true,
                    "isDynamicPort": true
                },
                {
                    "portID": "input-1",
                    "displayName": "",
                    "allowMultiInputs": true,
                    "isDynamicPort": true
                }
            ],
            "outputPorts": [
                {
                    "portID": "output-0",
                    "displayName": "",
                    "isDynamicPort": true,
                    "isBlocking": false
                },
                {
                    "portID": "output-1",
                    "displayName": "",
                    "isDynamicPort": true,
                    "isBlocking": false,
                    "materializationSize": 4.279296875
                }
            ],
            "showAdvanced": false,
            "isDisabled": false,
            "customDisplayName": "Python Script _1_1_",
            "dynamicInputPorts": true,
            "dynamicOutputPorts": true
        },
        {
            "operatorID": "Dummy-operator-2e463da1-0d17-4953-aafc-712dc2ad28e2",
            "operatorType": "Dummy",
            "operatorVersion": "",
            "operatorProperties": {
                "dummyPropertyList": [
                    {
                        "dummyProperty": "Source XML",
                        "dummyValue": "Omitted for license reasons"
                    }
                ]
            },
            "inputPorts": [
                {
                    "portID": "input-0",
                    "displayName": "",
                    "allowMultiInputs": true,
                    "isDynamicPort": true
                },
                {
                    "portID": "input-1",
                    "displayName": "",
                    "allowMultiInputs": true,
                    "isDynamicPort": true
                }
            ],
            "outputPorts": [
                {
                    "portID": "output-0",
                    "displayName": "",
                    "isDynamicPort": true,
                    "isBlocking": true
                },
                {
                    "portID": "output-1",
                    "displayName": "",
                    "isDynamicPort": true,
                    "isBlocking": true,
                    "materializationSize": 0.28125
                }
            ],
            "showAdvanced": false,
            "isDisabled": false,
            "customDisplayName": "Table Row to Variable",
            "dynamicInputPorts": true,
            "dynamicOutputPorts": true
        },
        {
            "operatorID": "Dummy-operator-24359bbe-c7fc-4377-a6a1-4c78ab7864c6",
            "operatorType": "Dummy",
            "operatorVersion": "",
            "operatorProperties": {
                "dummyPropertyList": [
                    {
                        "dummyProperty": "Source XML",
                        "dummyValue": "Omitted for license reasons"
                    }
                ]
            },
            "inputPorts": [
                {
                    "portID": "input-0",
                    "displayName": "",
                    "allowMultiInputs": true,
                    "isDynamicPort": true
                },
                {
                    "portID": "input-1",
                    "displayName": "",
                    "allowMultiInputs": true,
                    "isDynamicPort": true
                }
            ],
            "outputPorts": [
                {
                    "portID": "output-0",
                    "displayName": "",
                    "isDynamicPort": true,
                    "isBlocking": false
                },
                {
                    "portID": "output-1",
                    "displayName": "",
                    "isDynamicPort": true,
                    "isBlocking": false,
                    "materializationSize": 3.9638671875
                }
            ],
            "showAdvanced": false,
            "isDisabled": false,
            "customDisplayName": "Column Filter",
            "dynamicInputPorts": true,
            "dynamicOutputPorts": true
        },
        {
            "operatorID": "Dummy-operator-1087fa7a-bc8e-4058-90c1-c2fee615b41e",
            "operatorType": "Dummy",
            "operatorVersion": "",
            "operatorProperties": {
                "dummyPropertyList": [
                    {
                        "dummyProperty": "Source XML",
                        "dummyValue": "Omitted for license reasons"
                    }
                ]
            },
            "inputPorts": [
                {
                    "portID": "input-0",
                    "displayName": "",
                    "allowMultiInputs": true,
                    "isDynamicPort": true
                },
                {
                    "portID": "input-1",
                    "displayName": "",
                    "allowMultiInputs": true,
                    "isDynamicPort": true
                }
            ],
            "outputPorts": [
                {
                    "portID": "output-0",
                    "displayName": "",
                    "isDynamicPort": true,
                    "isBlocking": false
                },
                {
                    "portID": "output-1",
                    "displayName": "",
                    "isDynamicPort": true,
                    "isBlocking": false,
                    "materializationSize": 2.1357421875
                },
                {
                    "portID": "output-2",
                    "displayName": "",
                    "isDynamicPort": true,
                    "isBlocking": false,
                    "materializationSize": 6.7255859375
                }
            ],
            "showAdvanced": false,
            "isDisabled": false,
            "customDisplayName": "Column Splitter",
            "dynamicInputPorts": true,
            "dynamicOutputPorts": true
        },
        {
            "operatorID": "Dummy-operator-43792023-538a-43d1-9888-1d32d18876cc",
            "operatorType": "Dummy",
            "operatorVersion": "",
            "operatorProperties": {
                "dummyPropertyList": [
                    {
                        "dummyProperty": "Source XML",
                        "dummyValue": "Omitted for license reasons"
                    }
                ]
            },
            "inputPorts": [
                {
                    "portID": "input-0",
                    "displayName": "",
                    "allowMultiInputs": true,
                    "isDynamicPort": true
                },
                {
                    "portID": "input-1",
                    "displayName": "",
                    "allowMultiInputs": true,
                    "isDynamicPort": true
                }
            ],
            "outputPorts": [
                {
                    "portID": "output-0",
                    "displayName": "",
                    "isDynamicPort": true,
                    "isBlocking": true
                },
                {
                    "portID": "output-1",
                    "displayName": "",
                    "isDynamicPort": true,
                    "isBlocking": true,
                    "materializationSize": 2.9892578125
                }
            ],
            "showAdvanced": false,
            "isDisabled": false,
            "customDisplayName": "Chunk Loop Start",
            "dynamicInputPorts": true,
            "dynamicOutputPorts": true
        },
        {
            "operatorID": "Dummy-operator-3fa47b40-5edb-48bc-84ed-e227dc34da89",
            "operatorType": "Dummy",
            "operatorVersion": "",
            "operatorProperties": {
                "dummyPropertyList": [
                    {
                        "dummyProperty": "Source XML",
                        "dummyValue": "Omitted for license reasons"
                    }
                ]
            },
            "inputPorts": [
                {
                    "portID": "input-0",
                    "displayName": "",
                    "allowMultiInputs": true,
                    "isDynamicPort": true
                },
                {
                    "portID": "input-1",
                    "displayName": "",
                    "allowMultiInputs": true,
                    "isDynamicPort": true
                }
            ],
            "outputPorts": [
                {
                    "portID": "output-0",
                    "displayName": "",
                    "isDynamicPort": true,
                    "isBlocking": true
                },
                {
                    "portID": "output-1",
                    "displayName": "",
                    "isDynamicPort": true,
                    "isBlocking": true,
                    "materializationSize": 20.75
                }
            ],
            "showAdvanced": false,
            "isDisabled": false,
            "customDisplayName": "Loop End",
            "dynamicInputPorts": true,
            "dynamicOutputPorts": true
        },
        {
            "operatorID": "Dummy-operator-3287b402-ada4-4e9e-9bc8-bd57a65fa479",
            "operatorType": "Dummy",
            "operatorVersion": "",
            "operatorProperties": {
                "dummyPropertyList": [
                    {
                        "dummyProperty": "Source XML",
                        "dummyValue": "Omitted for license reasons"
                    }
                ]
            },
            "inputPorts": [
                {
                    "portID": "input-0",
                    "displayName": "",
                    "allowMultiInputs": true,
                    "isDynamicPort": true
                }
            ],
            "outputPorts": [
                {
                    "portID": "output-0",
                    "displayName": "",
                    "isDynamicPort": true,
                    "isBlocking": false
                },
                {
                    "portID": "output-1",
                    "displayName": "",
                    "isDynamicPort": true,
                    "isBlocking": false,
                    "materializationSize": 41.0654296875
                }
            ],
            "showAdvanced": false,
            "isDisabled": false,
            "customDisplayName": "File Reader",
            "dynamicInputPorts": true,
            "dynamicOutputPorts": true
        },
        {
            "operatorID": "Dummy-operator-09a78eb5-ca52-4a44-9e11-5d9fce4cdf57",
            "operatorType": "Dummy",
            "operatorVersion": "",
            "operatorProperties": {
                "dummyPropertyList": [
                    {
                        "dummyProperty": "Source XML",
                        "dummyValue": "Omitted for license reasons"
                    }
                ]
            },
            "inputPorts": [
                {
                    "portID": "input-0",
                    "displayName": "",
                    "allowMultiInputs": true,
                    "isDynamicPort": true
                },
                {
                    "portID": "input-1",
                    "displayName": "",
                    "allowMultiInputs": true,
                    "isDynamicPort": true
                },
                {
                    "portID": "input-2",
                    "displayName": "",
                    "allowMultiInputs": true,
                    "isDynamicPort": true
                }
            ],
            "outputPorts": [
                {
                    "portID": "output-0",
                    "displayName": "",
                    "isDynamicPort": true,
                    "isBlocking": false
                },
                {
                    "portID": "output-1",
                    "displayName": "",
                    "isDynamicPort": true,
                    "isBlocking": false,
                    "materializationSize": 7.98046875
                }
            ],
            "showAdvanced": false,
            "isDisabled": false,
            "customDisplayName": "Column Appender",
            "dynamicInputPorts": true,
            "dynamicOutputPorts": true
        },
        {
            "operatorID": "Dummy-operator-8f660a0c-4a1d-4217-bf0f-27f38c8a8272",
            "operatorType": "Dummy",
            "operatorVersion": "",
            "operatorProperties": {
                "dummyPropertyList": [
                    {
                        "dummyProperty": "Source XML",
                        "dummyValue": "Omitted for license reasons"
                    }
                ]
            },
            "inputPorts": [
                {
                    "portID": "input-0",
                    "displayName": "",
                    "allowMultiInputs": true,
                    "isDynamicPort": true
                },
                {
                    "portID": "input-1",
                    "displayName": "",
                    "allowMultiInputs": true,
                    "isDynamicPort": true
                }
            ],
            "outputPorts": [
                {
                    "portID": "output-0",
                    "displayName": "",
                    "isDynamicPort": true,
                    "isBlocking": false
                },
                {
                    "portID": "output-1",
                    "displayName": "",
                    "isDynamicPort": true,
                    "isBlocking": false,
                    "materializationSize": 7.6533203125
                }
            ],
            "showAdvanced": false,
            "isDisabled": false,
            "customDisplayName": "Column Filter",
            "dynamicInputPorts": true,
            "dynamicOutputPorts": true
        },
        {
            "operatorID": "Dummy-operator-1f280c83-67b0-48aa-86b8-416e35a93ae6",
            "operatorType": "Dummy",
            "operatorVersion": "",
            "operatorProperties": {
                "dummyPropertyList": [
                    {
                        "dummyProperty": "Source XML",
                        "dummyValue": "Omitted for license reasons"
                    }
                ]
            },
            "inputPorts": [
                {
                    "portID": "input-0",
                    "displayName": "",
                    "allowMultiInputs": true,
                    "isDynamicPort": true
                },
                {
                    "portID": "input-1",
                    "displayName": "",
                    "allowMultiInputs": true,
                    "isDynamicPort": true
                }
            ],
            "outputPorts": [
                {
                    "portID": "output-0",
                    "displayName": "",
                    "isDynamicPort": true,
                    "isBlocking": true
                },
                {
                    "portID": "output-1",
                    "displayName": "",
                    "isDynamicPort": true,
                    "isBlocking": true,
                    "materializationSize": 13.3974609375
                },
                {
                    "portID": "output-2",
                    "displayName": "",
                    "isDynamicPort": true,
                    "isBlocking": true,
                    "materializationSize": 7.8603515625
                },
                {
                    "portID": "output-3",
                    "displayName": "",
                    "isDynamicPort": true,
                    "isBlocking": true,
                    "materializationSize": 12.107421875
                }
            ],
            "showAdvanced": false,
            "isDisabled": false,
            "customDisplayName": "Pivoting",
            "dynamicInputPorts": true,
            "dynamicOutputPorts": true
        },
        {
            "operatorID": "Dummy-operator-eeb85eb1-b0b2-44f4-962b-dfa1ed054aed",
            "operatorType": "Dummy",
            "operatorVersion": "",
            "operatorProperties": {
                "dummyPropertyList": [
                    {
                        "dummyProperty": "Source XML",
                        "dummyValue": "Omitted for license reasons"
                    }
                ]
            },
            "inputPorts": [
                {
                    "portID": "input-0",
                    "displayName": "",
                    "allowMultiInputs": true,
                    "isDynamicPort": true
                },
                {
                    "portID": "input-1",
                    "displayName": "",
                    "allowMultiInputs": true,
                    "isDynamicPort": true
                }
            ],
            "outputPorts": [
                {
                    "portID": "output-0",
                    "displayName": "",
                    "isDynamicPort": true,
                    "isBlocking": false
                },
                {
                    "portID": "output-1",
                    "displayName": "",
                    "isDynamicPort": true,
                    "isBlocking": false,
                    "materializationSize": 2.7998046875
                }
            ],
            "showAdvanced": false,
            "isDisabled": false,
            "customDisplayName": "Collection to String",
            "dynamicInputPorts": true,
            "dynamicOutputPorts": true
        },
        {
            "operatorID": "Dummy-operator-19ec577e-a4d3-48d7-a27e-fd85e74539ce",
            "operatorType": "Dummy",
            "operatorVersion": "",
            "operatorProperties": {
                "dummyPropertyList": [
                    {
                        "dummyProperty": "Source XML",
                        "dummyValue": "Omitted for license reasons"
                    }
                ]
            },
            "inputPorts": [
                {
                    "portID": "input-0",
                    "displayName": "",
                    "allowMultiInputs": true,
                    "isDynamicPort": true
                },
                {
                    "portID": "input-1",
                    "displayName": "",
                    "allowMultiInputs": true,
                    "isDynamicPort": true
                }
            ],
            "outputPorts": [
                {
                    "portID": "output-0",
                    "displayName": "",
                    "isDynamicPort": true,
                    "isBlocking": true
                },
                {
                    "portID": "output-1",
                    "displayName": "",
                    "isDynamicPort": true,
                    "isBlocking": true,
                    "materializationSize": 10.5859375
                },
                {
                    "portID": "output-2",
                    "displayName": "",
                    "isDynamicPort": true,
                    "isBlocking": true,
                    "materializationSize": 6.7919921875
                }
            ],
            "showAdvanced": false,
            "isDisabled": false,
            "customDisplayName": "Partitioning",
            "dynamicInputPorts": true,
            "dynamicOutputPorts": true
        },
        {
            "operatorID": "Dummy-operator-1fe3cf0e-1e94-4180-b2d4-bd300e219a23",
            "operatorType": "Dummy",
            "operatorVersion": "",
            "operatorProperties": {
                "dummyPropertyList": [
                    {
                        "dummyProperty": "Source XML",
                        "dummyValue": "Omitted for license reasons"
                    }
                ]
            },
            "inputPorts": [
                {
                    "portID": "input-0",
                    "displayName": "",
                    "allowMultiInputs": true,
                    "isDynamicPort": true
                },
                {
                    "portID": "input-1",
                    "displayName": "",
                    "allowMultiInputs": true,
                    "isDynamicPort": true
                }
            ],
            "outputPorts": [
                {
                    "portID": "output-0",
                    "displayName": "",
                    "isDynamicPort": true,
                    "isBlocking": false
                },
                {
                    "portID": "output-1",
                    "displayName": "",
                    "isDynamicPort": true,
                    "isBlocking": false,
                    "materializationSize": 16.97265625
                },
                {
                    "portID": "output-2",
                    "displayName": "",
                    "isDynamicPort": true,
                    "isBlocking": false,
                    "materializationSize": 6.6640625
                },
                {
                    "portID": "output-3",
                    "displayName": "",
                    "isDynamicPort": true,
                    "isBlocking": true,
                    "materializationSize": 1.830078125
                }
            ],
            "showAdvanced": false,
            "isDisabled": false,
            "customDisplayName": "Random Forest Learner _Regression_",
            "dynamicInputPorts": true,
            "dynamicOutputPorts": true
        },
        {
            "operatorID": "Dummy-operator-2f42983d-8856-4bbf-bdcb-e7ad6108764d",
            "operatorType": "Dummy",
            "operatorVersion": "",
            "operatorProperties": {
                "dummyPropertyList": [
                    {
                        "dummyProperty": "Source XML",
                        "dummyValue": "Omitted for license reasons"
                    }
                ]
            },
            "inputPorts": [
                {
                    "portID": "input-0",
                    "displayName": "",
                    "allowMultiInputs": true,
                    "isDynamicPort": true
                },
                {
                    "portID": "input-1",
                    "displayName": "",
                    "allowMultiInputs": true,
                    "isDynamicPort": true
                },
                {
                    "portID": "input-2",
                    "displayName": "",
                    "allowMultiInputs": true,
                    "isDynamicPort": true
                }
            ],
            "outputPorts": [
                {
                    "portID": "output-0",
                    "displayName": "",
                    "isDynamicPort": true,
                    "isBlocking": false
                },
                {
                    "portID": "output-1",
                    "displayName": "",
                    "isDynamicPort": true,
                    "isBlocking": false,
                    "materializationSize": 9.5615234375
                }
            ],
            "showAdvanced": false,
            "isDisabled": false,
            "customDisplayName": "Random Forest Predictor _Regression_",
            "dynamicInputPorts": true,
            "dynamicOutputPorts": true
        },
        {
            "operatorID": "Dummy-operator-eda9ff79-2cab-4bd1-a3fb-3388e16cc031",
            "operatorType": "Dummy",
            "operatorVersion": "",
            "operatorProperties": {
                "dummyPropertyList": [
                    {
                        "dummyProperty": "Source XML",
                        "dummyValue": "Omitted for license reasons"
                    }
                ]
            },
            "inputPorts": [
                {
                    "portID": "input-0",
                    "displayName": "",
                    "allowMultiInputs": true,
                    "isDynamicPort": true
                },
                {
                    "portID": "input-1",
                    "displayName": "",
                    "allowMultiInputs": true,
                    "isDynamicPort": true
                }
            ],
            "outputPorts": [
                {
                    "portID": "output-0",
                    "displayName": "",
                    "isDynamicPort": true,
                    "isBlocking": false
                },
                {
                    "portID": "output-1",
                    "displayName": "",
                    "isDynamicPort": true,
                    "isBlocking": false,
                    "materializationSize": 2.615234375
                }
            ],
            "showAdvanced": false,
            "isDisabled": false,
            "customDisplayName": "Numeric Scorer",
            "dynamicInputPorts": true,
            "dynamicOutputPorts": true
        },
        {
            "operatorID": "Dummy-operator-3270c40a-79d9-4ea1-9026-b440015c04cf",
            "operatorType": "Dummy",
            "operatorVersion": "",
            "operatorProperties": {
                "dummyPropertyList": [
                    {
                        "dummyProperty": "Source XML",
                        "dummyValue": "Omitted for license reasons"
                    }
                ]
            },
            "inputPorts": [
                {
                    "portID": "input-0",
                    "displayName": "",
                    "allowMultiInputs": true,
                    "isDynamicPort": true
                },
                {
                    "portID": "input-1",
                    "displayName": "",
                    "allowMultiInputs": true,
                    "isDynamicPort": true
                }
            ],
            "outputPorts": [
                {
                    "portID": "output-0",
                    "displayName": "",
                    "isDynamicPort": true,
                    "isBlocking": false
                },
                {
                    "portID": "output-1",
                    "displayName": "",
                    "isDynamicPort": true,
                    "isBlocking": false,
                    "materializationSize": 5.744140625
                }
            ],
            "showAdvanced": false,
            "isDisabled": false,
            "customDisplayName": "Constant Value Column",
            "dynamicInputPorts": true,
            "dynamicOutputPorts": true
        },
        {
            "operatorID": "Dummy-operator-a47ef98d-bfb5-4087-ab09-141405a53c0f",
            "operatorType": "Dummy",
            "operatorVersion": "",
            "operatorProperties": {
                "dummyPropertyList": [
                    {
                        "dummyProperty": "Source XML",
                        "dummyValue": "Omitted for license reasons"
                    }
                ]
            },
            "inputPorts": [
                {
                    "portID": "input-0",
                    "displayName": "",
                    "allowMultiInputs": true,
                    "isDynamicPort": true
                },
                {
                    "portID": "input-1",
                    "displayName": "",
                    "allowMultiInputs": true,
                    "isDynamicPort": true
                }
            ],
            "outputPorts": [
                {
                    "portID": "output-0",
                    "displayName": "",
                    "isDynamicPort": true,
                    "isBlocking": false
                },
                {
                    "portID": "output-1",
                    "displayName": "",
                    "isDynamicPort": true,
                    "isBlocking": false,
                    "materializationSize": 2.154296875
                }
            ],
            "showAdvanced": false,
            "isDisabled": false,
            "customDisplayName": "Variable to Table Row",
            "dynamicInputPorts": true,
            "dynamicOutputPorts": true
        },
        {
            "operatorID": "Dummy-operator-106e40b9-88b7-4e08-b054-0c86dcbc4926",
            "operatorType": "Dummy",
            "operatorVersion": "",
            "operatorProperties": {
                "dummyPropertyList": [
                    {
                        "dummyProperty": "Source XML",
                        "dummyValue": "Omitted for license reasons"
                    }
                ]
            },
            "inputPorts": [
                {
                    "portID": "input-0",
                    "displayName": "",
                    "allowMultiInputs": true,
                    "isDynamicPort": true
                },
                {
                    "portID": "input-1",
                    "displayName": "",
                    "allowMultiInputs": true,
                    "isDynamicPort": true
                }
            ],
            "outputPorts": [
                {
                    "portID": "output-0",
                    "displayName": "",
                    "isDynamicPort": true,
                    "isBlocking": true
                },
                {
                    "portID": "output-1",
                    "displayName": "",
                    "isDynamicPort": true,
                    "isBlocking": true,
                    "materializationSize": 0.28125
                }
            ],
            "showAdvanced": false,
            "isDisabled": false,
            "customDisplayName": "Table Row to Variable",
            "dynamicInputPorts": true,
            "dynamicOutputPorts": true
        },
        {
            "operatorID": "Dummy-operator-f21417a9-c713-4207-9219-ee9807ae2bf6",
            "operatorType": "Dummy",
            "operatorVersion": "",
            "operatorProperties": {
                "dummyPropertyList": [
                    {
                        "dummyProperty": "Source XML",
                        "dummyValue": "Omitted for license reasons"
                    }
                ]
            },
            "inputPorts": [
                {
                    "portID": "input-0",
                    "displayName": "",
                    "allowMultiInputs": true,
                    "isDynamicPort": true
                },
                {
                    "portID": "input-1",
                    "displayName": "",
                    "allowMultiInputs": true,
                    "isDynamicPort": true
                }
            ],
            "outputPorts": [
                {
                    "portID": "output-0",
                    "displayName": "",
                    "isDynamicPort": true,
                    "isBlocking": false
                },
                {
                    "portID": "output-1",
                    "displayName": "",
                    "isDynamicPort": true,
                    "isBlocking": false,
                    "materializationSize": 4.5517578125
                }
            ],
            "showAdvanced": false,
            "isDisabled": false,
            "customDisplayName": "RowID",
            "dynamicInputPorts": true,
            "dynamicOutputPorts": true
        },
        {
            "operatorID": "Dummy-operator-112e7175-af1c-4eb7-a5ab-e68ba6c3d916",
            "operatorType": "Dummy",
            "operatorVersion": "",
            "operatorProperties": {
                "dummyPropertyList": [
                    {
                        "dummyProperty": "Source XML",
                        "dummyValue": "Omitted for license reasons"
                    }
                ]
            },
            "inputPorts": [
                {
                    "portID": "input-0",
                    "displayName": "",
                    "allowMultiInputs": true,
                    "isDynamicPort": true
                },
                {
                    "portID": "input-1",
                    "displayName": "",
                    "allowMultiInputs": true,
                    "isDynamicPort": true
                }
            ],
            "outputPorts": [
                {
                    "portID": "output-0",
                    "displayName": "",
                    "isDynamicPort": true,
                    "isBlocking": false
                }
            ],
            "showAdvanced": false,
            "isDisabled": false,
            "customDisplayName": "Scatter Plot _local_",
            "dynamicInputPorts": true,
            "dynamicOutputPorts": true
        },
        {
            "operatorID": "Dummy-operator-ff7a9528-2fbf-4158-8562-b85948fcd119",
            "operatorType": "Dummy",
            "operatorVersion": "",
            "operatorProperties": {
                "dummyPropertyList": [
                    {
                        "dummyProperty": "Source XML",
                        "dummyValue": "Omitted for license reasons"
                    }
                ]
            },
            "inputPorts": [
                {
                    "portID": "input-0",
                    "displayName": "",
                    "allowMultiInputs": true,
                    "isDynamicPort": true
                },
                {
                    "portID": "input-1",
                    "displayName": "",
                    "allowMultiInputs": true,
                    "isDynamicPort": true
                }
            ],
            "outputPorts": [
                {
                    "portID": "output-0",
                    "displayName": "",
                    "isDynamicPort": true,
                    "isBlocking": false
                },
                {
                    "portID": "output-1",
                    "displayName": "",
                    "isDynamicPort": true,
                    "isBlocking": false,
                    "materializationSize": 5.828125
                },
                {
                    "portID": "output-2",
                    "displayName": "",
                    "isDynamicPort": true,
                    "isBlocking": false,
                    "materializationSize": 6.0654296875
                }
            ],
            "showAdvanced": false,
            "isDisabled": false,
            "customDisplayName": "Extract Column Header",
            "dynamicInputPorts": true,
            "dynamicOutputPorts": true
        },
        {
            "operatorID": "Dummy-operator-171157a8-5794-4d05-bc76-0b20352bd8b0",
            "operatorType": "Dummy",
            "operatorVersion": "",
            "operatorProperties": {
                "dummyPropertyList": [
                    {
                        "dummyProperty": "Source XML",
                        "dummyValue": "Omitted for license reasons"
                    }
                ]
            },
            "inputPorts": [
                {
                    "portID": "input-0",
                    "displayName": "",
                    "allowMultiInputs": true,
                    "isDynamicPort": true
                },
                {
                    "portID": "input-1",
                    "displayName": "",
                    "allowMultiInputs": true,
                    "isDynamicPort": true
                }
            ],
            "outputPorts": [
                {
                    "portID": "output-0",
                    "displayName": "",
                    "isDynamicPort": true,
                    "isBlocking": true
                },
                {
                    "portID": "output-1",
                    "displayName": "",
                    "isDynamicPort": true,
                    "isBlocking": true,
                    "materializationSize": 3.4306640625
                }
            ],
            "showAdvanced": false,
            "isDisabled": false,
            "customDisplayName": "Transpose",
            "dynamicInputPorts": true,
            "dynamicOutputPorts": true
        },
        {
            "operatorID": "Dummy-operator-c5ee0a61-2a69-4f48-a1af-5874dbbe1de6",
            "operatorType": "Dummy",
            "operatorVersion": "",
            "operatorProperties": {
                "dummyPropertyList": [
                    {
                        "dummyProperty": "Source XML",
                        "dummyValue": "Omitted for license reasons"
                    }
                ]
            },
            "inputPorts": [
                {
                    "portID": "input-0",
                    "displayName": "",
                    "allowMultiInputs": true,
                    "isDynamicPort": true
                },
                {
                    "portID": "input-1",
                    "displayName": "",
                    "allowMultiInputs": true,
                    "isDynamicPort": true
                }
            ],
            "outputPorts": [
                {
                    "portID": "output-0",
                    "displayName": "",
                    "isDynamicPort": true,
                    "isBlocking": false
                },
                {
                    "portID": "output-1",
                    "displayName": "",
                    "isDynamicPort": true,
                    "isBlocking": false,
                    "materializationSize": 2.8046875
                }
            ],
            "showAdvanced": false,
            "isDisabled": false,
            "customDisplayName": "Column Rename",
            "dynamicInputPorts": true,
            "dynamicOutputPorts": true
        },
        {
            "operatorID": "Dummy-operator-cd56b7df-de58-4375-9b5b-5e554390604e",
            "operatorType": "Dummy",
            "operatorVersion": "",
            "operatorProperties": {
                "dummyPropertyList": [
                    {
                        "dummyProperty": "Source XML",
                        "dummyValue": "Omitted for license reasons"
                    }
                ]
            },
            "inputPorts": [
                {
                    "portID": "input-0",
                    "displayName": "",
                    "allowMultiInputs": true,
                    "isDynamicPort": true
                },
                {
                    "portID": "input-1",
                    "displayName": "",
                    "allowMultiInputs": true,
                    "isDynamicPort": true
                }
            ],
            "outputPorts": [
                {
                    "portID": "output-0",
                    "displayName": "",
                    "isDynamicPort": true,
                    "isBlocking": false
                },
                {
                    "portID": "output-1",
                    "displayName": "",
                    "isDynamicPort": true,
                    "isBlocking": false,
                    "materializationSize": 2.4267578125
                }
            ],
            "showAdvanced": false,
            "isDisabled": false,
            "customDisplayName": "Extract Table Dimension",
            "dynamicInputPorts": true,
            "dynamicOutputPorts": true
        },
        {
            "operatorID": "Dummy-operator-99c60b16-fb5d-4216-9e2e-76c2f084b5bb",
            "operatorType": "Dummy",
            "operatorVersion": "",
            "operatorProperties": {
                "dummyPropertyList": [
                    {
                        "dummyProperty": "Source XML",
                        "dummyValue": "Omitted for license reasons"
                    }
                ]
            },
            "inputPorts": [
                {
                    "portID": "input-0",
                    "displayName": "",
                    "allowMultiInputs": true,
                    "isDynamicPort": true
                },
                {
                    "portID": "input-1",
                    "displayName": "",
                    "allowMultiInputs": true,
                    "isDynamicPort": true
                }
            ],
            "outputPorts": [
                {
                    "portID": "output-0",
                    "displayName": "",
                    "isDynamicPort": true,
                    "isBlocking": true
                },
                {
                    "portID": "output-1",
                    "displayName": "",
                    "isDynamicPort": true,
                    "isBlocking": true,
                    "materializationSize": 0.28125
                }
            ],
            "showAdvanced": false,
            "isDisabled": false,
            "customDisplayName": "Table Row to Variable",
            "dynamicInputPorts": true,
            "dynamicOutputPorts": true
        },
        {
            "operatorID": "Dummy-operator-551640fb-5e16-4bab-8f17-cc2acab11413",
            "operatorType": "Dummy",
            "operatorVersion": "",
            "operatorProperties": {
                "dummyPropertyList": [
                    {
                        "dummyProperty": "Source XML",
                        "dummyValue": "Omitted for license reasons"
                    }
                ]
            },
            "inputPorts": [
                {
                    "portID": "input-0",
                    "displayName": "",
                    "allowMultiInputs": true,
                    "isDynamicPort": true
                },
                {
                    "portID": "input-1",
                    "displayName": "",
                    "allowMultiInputs": true,
                    "isDynamicPort": true
                }
            ],
            "outputPorts": [
                {
                    "portID": "output-0",
                    "displayName": "",
                    "isDynamicPort": true,
                    "isBlocking": false
                },
                {
                    "portID": "output-1",
                    "displayName": "",
                    "isDynamicPort": true,
                    "isBlocking": false,
                    "materializationSize": 2.8681640625
                }
            ],
            "showAdvanced": false,
            "isDisabled": false,
            "customDisplayName": "Math Formula",
            "dynamicInputPorts": true,
            "dynamicOutputPorts": true
        },
        {
            "operatorID": "Dummy-operator-a6deafa3-3b5c-4eb7-9812-147215cbba4d",
            "operatorType": "Dummy",
            "operatorVersion": "",
            "operatorProperties": {
                "dummyPropertyList": [
                    {
                        "dummyProperty": "Source XML",
                        "dummyValue": "Omitted for license reasons"
                    }
                ]
            },
            "inputPorts": [
                {
                    "portID": "input-0",
                    "displayName": "",
                    "allowMultiInputs": true,
                    "isDynamicPort": true
                },
                {
                    "portID": "input-1",
                    "displayName": "",
                    "allowMultiInputs": true,
                    "isDynamicPort": true
                }
            ],
            "outputPorts": [
                {
                    "portID": "output-0",
                    "displayName": "",
                    "isDynamicPort": true,
                    "isBlocking": false
                },
                {
                    "portID": "output-1",
                    "displayName": "",
                    "isDynamicPort": true,
                    "isBlocking": false,
                    "materializationSize": 3.546875
                }
            ],
            "showAdvanced": false,
            "isDisabled": false,
            "customDisplayName": "Collection Size",
            "dynamicInputPorts": true,
            "dynamicOutputPorts": true
        },
        {
            "operatorID": "Dummy-operator-82b590c1-2291-4e52-b8cd-793cf584f7a2",
            "operatorType": "Dummy",
            "operatorVersion": "",
            "operatorProperties": {
                "dummyPropertyList": [
                    {
                        "dummyProperty": "Source XML",
                        "dummyValue": "Omitted for license reasons"
                    }
                ]
            },
            "inputPorts": [
                {
                    "portID": "input-0",
                    "displayName": "",
                    "allowMultiInputs": true,
                    "isDynamicPort": true
                },
                {
                    "portID": "input-1",
                    "displayName": "",
                    "allowMultiInputs": true,
                    "isDynamicPort": true
                }
            ],
            "outputPorts": [
                {
                    "portID": "output-0",
                    "displayName": "",
                    "isDynamicPort": true,
                    "isBlocking": false
                },
                {
                    "portID": "output-1",
                    "displayName": "",
                    "isDynamicPort": true,
                    "isBlocking": false,
                    "materializationSize": 3.1875
                }
            ],
            "showAdvanced": false,
            "isDisabled": false,
            "customDisplayName": "Row Filter",
            "dynamicInputPorts": true,
            "dynamicOutputPorts": true
        }
    ],
    "operatorPositions": {
        "Dummy-operator-85e08535-2407-4ce1-88d0-a0fdc5da0d23": {
            "x": 364.0,
            "y": 97.0
        },
        "Dummy-operator-2e463da1-0d17-4953-aafc-712dc2ad28e2": {
            "x": 724.0,
            "y": 97.0
        },
        "Dummy-operator-24359bbe-c7fc-4377-a6a1-4c78ab7864c6": {
            "x": 804.0,
            "y": 157.0
        },
        "Dummy-operator-1087fa7a-bc8e-4058-90c1-c2fee615b41e": {
            "x": 104.0,
            "y": 157.0
        },
        "Dummy-operator-43792023-538a-43d1-9888-1d32d18876cc": {
            "x": 624.0,
            "y": 97.0
        },
        "Dummy-operator-3fa47b40-5edb-48bc-84ed-e227dc34da89": {
            "x": 1064.0,
            "y": 157.0
        },
        "Dummy-operator-3287b402-ada4-4e9e-9bc8-bd57a65fa479": {
            "x": -136.0,
            "y": 157.0
        },
        "Dummy-operator-09a78eb5-ca52-4a44-9e11-5d9fce4cdf57": {
            "x": 865.0,
            "y": 38.0
        },
        "Dummy-operator-8f660a0c-4a1d-4217-bf0f-27f38c8a8272": {
            "x": -16.0,
            "y": 157.0
        },
        "Dummy-operator-1f280c83-67b0-48aa-86b8-416e35a93ae6": {
            "x": 1144.0,
            "y": 157.0
        },
        "Dummy-operator-eeb85eb1-b0b2-44f4-962b-dfa1ed054aed": {
            "x": 604.0,
            "y": 137.0
        },
        "Dummy-operator-19ec577e-a4d3-48d7-a27e-fd85e74539ce": {
            "x": 150.0,
            "y": 281.0
        },
        "Dummy-operator-1fe3cf0e-1e94-4180-b2d4-bd300e219a23": {
            "x": 250.0,
            "y": 201.0
        },
        "Dummy-operator-2f42983d-8856-4bbf-bdcb-e7ad6108764d": {
            "x": 370.0,
            "y": 281.0
        },
        "Dummy-operator-eda9ff79-2cab-4bd1-a3fb-3388e16cc031": {
            "x": 504.0,
            "y": 277.0
        },
        "Dummy-operator-3270c40a-79d9-4ea1-9026-b440015c04cf": {
            "x": 764.0,
            "y": 277.0
        },
        "Dummy-operator-a47ef98d-bfb5-4087-ab09-141405a53c0f": {
            "x": 524.0,
            "y": 137.0
        },
        "Dummy-operator-106e40b9-88b7-4e08-b054-0c86dcbc4926": {
            "x": 704.0,
            "y": 137.0
        },
        "Dummy-operator-f21417a9-c713-4207-9219-ee9807ae2bf6": {
            "x": 624.0,
            "y": 277.0
        },
        "Dummy-operator-112e7175-af1c-4eb7-a5ab-e68ba6c3d916": {
            "x": 464.0,
            "y": 397.0
        },
        "Dummy-operator-ff7a9528-2fbf-4158-8562-b85948fcd119": {
            "x": 150.0,
            "y": 260.0
        },
        "Dummy-operator-171157a8-5794-4d05-bc76-0b20352bd8b0": {
            "x": 270.0,
            "y": 260.0
        },
        "Dummy-operator-c5ee0a61-2a69-4f48-a1af-5874dbbe1de6": {
            "x": 370.0,
            "y": 240.0
        },
        "Dummy-operator-cd56b7df-de58-4375-9b5b-5e554390604e": {
            "x": 450.0,
            "y": 120.0
        },
        "Dummy-operator-99c60b16-fb5d-4216-9e2e-76c2f084b5bb": {
            "x": 630.0,
            "y": 120.0
        },
        "Dummy-operator-551640fb-5e16-4bab-8f17-cc2acab11413": {
            "x": 550.0,
            "y": 120.0
        },
        "Dummy-operator-a6deafa3-3b5c-4eb7-9812-147215cbba4d": {
            "x": 464.0,
            "y": 97.0
        },
        "Dummy-operator-82b590c1-2291-4e52-b8cd-793cf584f7a2": {
            "x": 544.0,
            "y": 97.0
        }
    },
    "links": [
        {
            "linkID": "link-66e4a7f3-98d6-4cab-8775-a46f347a0c12",
            "source": {
                "operatorID": "Dummy-operator-eeb85eb1-b0b2-44f4-962b-dfa1ed054aed",
                "portID": "output-1"
            },
            "target": {
                "operatorID": "Dummy-operator-106e40b9-88b7-4e08-b054-0c86dcbc4926",
                "portID": "input-1"
            }
        },
        {
            "linkID": "link-1a220960-b223-4e3d-9c33-acbe386d57bf",
            "source": {
                "operatorID": "Dummy-operator-19ec577e-a4d3-48d7-a27e-fd85e74539ce",
                "portID": "output-1"
            },
            "target": {
                "operatorID": "Dummy-operator-1fe3cf0e-1e94-4180-b2d4-bd300e219a23",
                "portID": "input-1"
            }
        },
        {
            "linkID": "link-e3c82781-59e8-42a2-92a6-3e4e40525859",
            "source": {
                "operatorID": "Dummy-operator-19ec577e-a4d3-48d7-a27e-fd85e74539ce",
                "portID": "output-2"
            },
            "target": {
                "operatorID": "Dummy-operator-2f42983d-8856-4bbf-bdcb-e7ad6108764d",
                "portID": "input-2"
            }
        },
        {
            "linkID": "link-7f4bc741-0ee2-471f-a449-c77639e708b1",
            "source": {
                "operatorID": "Dummy-operator-1fe3cf0e-1e94-4180-b2d4-bd300e219a23",
                "portID": "output-3"
            },
            "target": {
                "operatorID": "Dummy-operator-2f42983d-8856-4bbf-bdcb-e7ad6108764d",
                "portID": "input-1"
            }
        },
        {
            "linkID": "link-7468c4fc-4f06-498d-a7a9-540a24256797",
            "source": {
                "operatorID": "Dummy-operator-2f42983d-8856-4bbf-bdcb-e7ad6108764d",
                "portID": "output-1"
            },
            "target": {
                "operatorID": "Dummy-operator-eda9ff79-2cab-4bd1-a3fb-3388e16cc031",
                "portID": "input-1"
            }
        },
        {
            "linkID": "link-8ab0d923-0790-4a58-9cfb-83ec2391b1b6",
            "source": {
                "operatorID": "Dummy-operator-2f42983d-8856-4bbf-bdcb-e7ad6108764d",
                "portID": "output-1"
            },
            "target": {
                "operatorID": "Dummy-operator-112e7175-af1c-4eb7-a5ab-e68ba6c3d916",
                "portID": "input-1"
            }
        },
        {
            "linkID": "link-604bdc47-390f-461b-b5f5-e8f37c3addab",
            "source": {
                "operatorID": "Dummy-operator-eda9ff79-2cab-4bd1-a3fb-3388e16cc031",
                "portID": "output-0"
            },
            "target": {
                "operatorID": "Dummy-operator-a47ef98d-bfb5-4087-ab09-141405a53c0f",
                "portID": "input-1"
            }
        },
        {
            "linkID": "link-dcdc9a1d-4fb4-42b0-b1ef-8cd05b3137f1",
            "source": {
                "operatorID": "Dummy-operator-eda9ff79-2cab-4bd1-a3fb-3388e16cc031",
                "portID": "output-1"
            },
            "target": {
                "operatorID": "Dummy-operator-f21417a9-c713-4207-9219-ee9807ae2bf6",
                "portID": "input-1"
            }
        },
        {
            "linkID": "link-16d79128-7294-43b5-9710-38dc93f06f1b",
            "source": {
                "operatorID": "Dummy-operator-a47ef98d-bfb5-4087-ab09-141405a53c0f",
                "portID": "output-1"
            },
            "target": {
                "operatorID": "Dummy-operator-eeb85eb1-b0b2-44f4-962b-dfa1ed054aed",
                "portID": "input-1"
            }
        },
        {
            "linkID": "link-06134f15-fd0d-433e-923e-0e6131529cca",
            "source": {
                "operatorID": "Dummy-operator-106e40b9-88b7-4e08-b054-0c86dcbc4926",
                "portID": "output-1"
            },
            "target": {
                "operatorID": "Dummy-operator-3270c40a-79d9-4ea1-9026-b440015c04cf",
                "portID": "input-0"
            }
        },
        {
            "linkID": "link-f718eed0-2443-4c6f-bf03-0bd1a9edc038",
            "source": {
                "operatorID": "Dummy-operator-f21417a9-c713-4207-9219-ee9807ae2bf6",
                "portID": "output-1"
            },
            "target": {
                "operatorID": "Dummy-operator-3270c40a-79d9-4ea1-9026-b440015c04cf",
                "portID": "input-1"
            }
        },
        {
            "linkID": "link-5df2f55a-7639-401c-8160-09a4ae34bfa2",
            "source": {
                "operatorID": "Dummy-operator-ff7a9528-2fbf-4158-8562-b85948fcd119",
                "portID": "output-1"
            },
            "target": {
                "operatorID": "Dummy-operator-171157a8-5794-4d05-bc76-0b20352bd8b0",
                "portID": "input-1"
            }
        },
        {
            "linkID": "link-17ae142f-6a06-4ab2-906c-193b0fee1d3c",
            "source": {
                "operatorID": "Dummy-operator-171157a8-5794-4d05-bc76-0b20352bd8b0",
                "portID": "output-1"
            },
            "target": {
                "operatorID": "Dummy-operator-c5ee0a61-2a69-4f48-a1af-5874dbbe1de6",
                "portID": "input-1"
            }
        },
        {
            "linkID": "link-51bd1a1c-462e-48b8-a832-23fba790b25c",
            "source": {
                "operatorID": "Dummy-operator-c5ee0a61-2a69-4f48-a1af-5874dbbe1de6",
                "portID": "output-1"
            },
            "target": {
                "operatorID": "Dummy-operator-cd56b7df-de58-4375-9b5b-5e554390604e",
                "portID": "input-1"
            }
        },
        {
            "linkID": "link-fc0be5c9-d38c-4b5c-a5d1-c9591415fcc9",
            "source": {
                "operatorID": "Dummy-operator-cd56b7df-de58-4375-9b5b-5e554390604e",
                "portID": "output-1"
            },
            "target": {
                "operatorID": "Dummy-operator-551640fb-5e16-4bab-8f17-cc2acab11413",
                "portID": "input-1"
            }
        },
        {
            "linkID": "link-5605c0f6-684d-4a38-997d-4dfc54fbc305",
            "source": {
                "operatorID": "Dummy-operator-551640fb-5e16-4bab-8f17-cc2acab11413",
                "portID": "output-1"
            },
            "target": {
                "operatorID": "Dummy-operator-99c60b16-fb5d-4216-9e2e-76c2f084b5bb",
                "portID": "input-1"
            }
        },
        {
            "linkID": "link-d22d1c23-74fd-4fc2-aaa7-f11399f6dbcd",
            "source": {
                "operatorID": "Dummy-operator-85e08535-2407-4ce1-88d0-a0fdc5da0d23",
                "portID": "output-1"
            },
            "target": {
                "operatorID": "Dummy-operator-a6deafa3-3b5c-4eb7-9812-147215cbba4d",
                "portID": "input-1"
            }
        },
        {
            "linkID": "link-459b9543-f886-4410-a775-e5903cfe1634",
            "source": {
                "operatorID": "Dummy-operator-2e463da1-0d17-4953-aafc-712dc2ad28e2",
                "portID": "output-1"
            },
            "target": {
                "operatorID": "Dummy-operator-24359bbe-c7fc-4377-a6a1-4c78ab7864c6",
                "portID": "input-0"
            }
        },
        {
            "linkID": "link-33d602e4-0f45-4db2-8449-76248510f505",
            "source": {
                "operatorID": "Dummy-operator-24359bbe-c7fc-4377-a6a1-4c78ab7864c6",
                "portID": "output-1"
            },
            "target": {
                "operatorID": "Dummy-operator-09a78eb5-ca52-4a44-9e11-5d9fce4cdf57",
                "portID": "input-2"
            }
        },
        {
            "linkID": "link-8ad1e4b4-341c-46a9-acbd-0a262bdd6d93",
            "source": {
                "operatorID": "Dummy-operator-1087fa7a-bc8e-4058-90c1-c2fee615b41e",
                "portID": "output-2"
            },
            "target": {
                "operatorID": "Dummy-operator-24359bbe-c7fc-4377-a6a1-4c78ab7864c6",
                "portID": "input-1"
            }
        },
        {
            "linkID": "link-2d335ef3-07cd-47a6-a17d-dc466a5e8a69",
            "source": {
                "operatorID": "Dummy-operator-1087fa7a-bc8e-4058-90c1-c2fee615b41e",
                "portID": "output-1"
            },
            "target": {
                "operatorID": "Dummy-operator-09a78eb5-ca52-4a44-9e11-5d9fce4cdf57",
                "portID": "input-1"
            }
        },
        {
            "linkID": "link-440b9643-22d5-4427-bd64-adae3fac1933",
            "source": {
                "operatorID": "Dummy-operator-1087fa7a-bc8e-4058-90c1-c2fee615b41e",
                "portID": "output-2"
            },
            "target": {
                "operatorID": "Dummy-operator-ff7a9528-2fbf-4158-8562-b85948fcd119",
                "portID": "input-1"
            }
        },
        {
            "linkID": "link-15585097-6f3c-4098-b837-4c4dec4b1690",
            "source": {
                "operatorID": "Dummy-operator-43792023-538a-43d1-9888-1d32d18876cc",
                "portID": "output-1"
            },
            "target": {
                "operatorID": "Dummy-operator-2e463da1-0d17-4953-aafc-712dc2ad28e2",
                "portID": "input-1"
            }
        },
        {
            "linkID": "link-23b4a711-48d5-41b1-824d-86fb66c58ace",
            "source": {
                "operatorID": "Dummy-operator-3fa47b40-5edb-48bc-84ed-e227dc34da89",
                "portID": "output-1"
            },
            "target": {
                "operatorID": "Dummy-operator-1f280c83-67b0-48aa-86b8-416e35a93ae6",
                "portID": "input-1"
            }
        },
        {
            "linkID": "link-6af7bfcc-5c52-436c-b4aa-7bd1d615ee79",
            "source": {
                "operatorID": "Dummy-operator-3287b402-ada4-4e9e-9bc8-bd57a65fa479",
                "portID": "output-1"
            },
            "target": {
                "operatorID": "Dummy-operator-8f660a0c-4a1d-4217-bf0f-27f38c8a8272",
                "portID": "input-1"
            }
        },
        {
            "linkID": "link-f2f49cf6-5892-4c84-925b-529fd57a7661",
            "source": {
                "operatorID": "Dummy-operator-09a78eb5-ca52-4a44-9e11-5d9fce4cdf57",
                "portID": "output-1"
            },
            "target": {
                "operatorID": "Dummy-operator-19ec577e-a4d3-48d7-a27e-fd85e74539ce",
                "portID": "input-1"
            }
        },
        {
            "linkID": "link-eed40fed-657f-4216-8e30-c4ed24215a92",
            "source": {
                "operatorID": "Dummy-operator-8f660a0c-4a1d-4217-bf0f-27f38c8a8272",
                "portID": "output-1"
            },
            "target": {
                "operatorID": "Dummy-operator-1087fa7a-bc8e-4058-90c1-c2fee615b41e",
                "portID": "input-1"
            }
        },
        {
            "linkID": "link-1b35ae81-c7b8-4545-8ed0-ef2d2a6d14a5",
            "source": {
                "operatorID": "Dummy-operator-3270c40a-79d9-4ea1-9026-b440015c04cf",
                "portID": "output-1"
            },
            "target": {
                "operatorID": "Dummy-operator-3fa47b40-5edb-48bc-84ed-e227dc34da89",
                "portID": "input-1"
            }
        },
        {
            "linkID": "link-12c6fd93-94d2-42a6-a7fd-acd61213ffb8",
            "source": {
                "operatorID": "Dummy-operator-c5ee0a61-2a69-4f48-a1af-5874dbbe1de6",
                "portID": "output-1"
            },
            "target": {
                "operatorID": "Dummy-operator-85e08535-2407-4ce1-88d0-a0fdc5da0d23",
                "portID": "input-1"
            }
        },
        {
            "linkID": "link-65916cca-14ee-4beb-81da-b3c89818ff11",
            "source": {
                "operatorID": "Dummy-operator-99c60b16-fb5d-4216-9e2e-76c2f084b5bb",
                "portID": "output-1"
            },
            "target": {
                "operatorID": "Dummy-operator-85e08535-2407-4ce1-88d0-a0fdc5da0d23",
                "portID": "input-0"
            }
        },
        {
            "linkID": "link-69cf179b-ee21-4462-a5ae-2b1f248021f5",
            "source": {
                "operatorID": "Dummy-operator-a6deafa3-3b5c-4eb7-9812-147215cbba4d",
                "portID": "output-1"
            },
            "target": {
                "operatorID": "Dummy-operator-82b590c1-2291-4e52-b8cd-793cf584f7a2",
                "portID": "input-1"
            }
        },
        {
            "linkID": "link-ad667851-122d-41c9-a9eb-aaab318b1118",
            "source": {
                "operatorID": "Dummy-operator-82b590c1-2291-4e52-b8cd-793cf584f7a2",
                "portID": "output-1"
            },
            "target": {
                "operatorID": "Dummy-operator-43792023-538a-43d1-9888-1d32d18876cc",
                "portID": "input-1"
            }
        }
    ],
    "groups": [],
    "breakpoints": {},
    "commentBoxes": [
        {
            "commentBoxID": "commentBox-d9077abe-ef89-4d78-b918-7cfa654be177",
            "comments": [
                {
                    "content": "https://hub.knime.com/knime/extensions/org.knime.features.base/latest/org.knime.base.node.io.filehandling.csv.reader.CSVTableReaderNodeFactory",
                    "creatorName": "Bot",
                    "createorID": 1,
                    "creationTime": "2024-03-08T10:36:49.883Z"
                }
            ],
            "commentBoxPosition": {
                "x": 424.0,
                "y": 127.0
            }
        },
        {
            "commentBoxID": "commentBox-0e9b8c26-58d7-4cb6-934b-47cab9e5b89f",
            "comments": [
                {
                    "content": "https://hub.knime.com/knime/extensions/org.knime.features.base/latest/org.knime.base.node.io.filehandling.csv.reader.CSVTableReaderNodeFactory",
                    "creatorName": "Bot",
                    "createorID": 1,
                    "creationTime": "2024-03-08T10:36:49.883Z"
                }
            ],
            "commentBoxPosition": {
                "x": 784.0,
                "y": 127.0
            }
        },
        {
            "commentBoxID": "commentBox-178e6857-7c4b-457c-9e5c-5e13117a8260",
            "comments": [
                {
                    "content": "https://hub.knime.com/knime/extensions/org.knime.features.base/latest/org.knime.base.node.io.filehandling.csv.reader.CSVTableReaderNodeFactory",
                    "creatorName": "Bot",
                    "createorID": 1,
                    "creationTime": "2024-03-08T10:36:49.883Z"
                }
            ],
            "commentBoxPosition": {
                "x": 864.0,
                "y": 187.0
            }
        },
        {
            "commentBoxID": "commentBox-0de3636b-9db3-4bb9-b71e-11e0e5b511f6",
            "comments": [
                {
                    "content": "https://hub.knime.com/knime/extensions/org.knime.features.base/latest/org.knime.base.node.io.filehandling.csv.reader.CSVTableReaderNodeFactory",
                    "creatorName": "Bot",
                    "createorID": 1,
                    "creationTime": "2024-03-08T10:36:49.883Z"
                }
            ],
            "commentBoxPosition": {
                "x": 164.0,
                "y": 187.0
            }
        },
        {
            "commentBoxID": "commentBox-06f1e08c-3a2c-46a4-bafe-6dc50e0d2113",
            "comments": [
                {
                    "content": "https://hub.knime.com/knime/extensions/org.knime.features.base/latest/org.knime.base.node.io.filehandling.csv.reader.CSVTableReaderNodeFactory",
                    "creatorName": "Bot",
                    "createorID": 1,
                    "creationTime": "2024-03-08T10:36:49.883Z"
                }
            ],
            "commentBoxPosition": {
                "x": 684.0,
                "y": 127.0
            }
        },
        {
            "commentBoxID": "commentBox-53e2e5de-5769-47f8-854e-673d19930267",
            "comments": [
                {
                    "content": "https://hub.knime.com/knime/extensions/org.knime.features.base/latest/org.knime.base.node.io.filehandling.csv.reader.CSVTableReaderNodeFactory",
                    "creatorName": "Bot",
                    "createorID": 1,
                    "creationTime": "2024-03-08T10:36:49.883Z"
                }
            ],
            "commentBoxPosition": {
                "x": 1124.0,
                "y": 187.0
            }
        },
        {
            "commentBoxID": "commentBox-5787ae2b-13a8-4d7f-bec1-23f09c55290f",
            "comments": [
                {
                    "content": "https://hub.knime.com/knime/extensions/org.knime.features.base/latest/org.knime.base.node.io.filehandling.csv.reader.CSVTableReaderNodeFactory",
                    "creatorName": "Bot",
                    "createorID": 1,
                    "creationTime": "2024-03-08T10:36:49.883Z"
                }
            ],
            "commentBoxPosition": {
                "x": -76.0,
                "y": 187.0
            }
        },
        {
            "commentBoxID": "commentBox-5af7d1a1-6368-4e7e-a239-b0b54f828d50",
            "comments": [
                {
                    "content": "https://hub.knime.com/knime/extensions/org.knime.features.base/latest/org.knime.base.node.io.filehandling.csv.reader.CSVTableReaderNodeFactory",
                    "creatorName": "Bot",
                    "createorID": 1,
                    "creationTime": "2024-03-08T10:36:49.883Z"
                }
            ],
            "commentBoxPosition": {
                "x": 925.0,
                "y": 68.0
            }
        },
        {
            "commentBoxID": "commentBox-4c2bb9b2-e059-4ee9-80ac-10d64b8a99e4",
            "comments": [
                {
                    "content": "https://hub.knime.com/knime/extensions/org.knime.features.base/latest/org.knime.base.node.io.filehandling.csv.reader.CSVTableReaderNodeFactory",
                    "creatorName": "Bot",
                    "createorID": 1,
                    "creationTime": "2024-03-08T10:36:49.883Z"
                }
            ],
            "commentBoxPosition": {
                "x": 44.0,
                "y": 187.0
            }
        },
        {
            "commentBoxID": "commentBox-991687c2-0e15-42ab-83c3-b40a701cd0d1",
            "comments": [
                {
                    "content": "https://hub.knime.com/knime/extensions/org.knime.features.base/latest/org.knime.base.node.io.filehandling.csv.reader.CSVTableReaderNodeFactory",
                    "creatorName": "Bot",
                    "createorID": 1,
                    "creationTime": "2024-03-08T10:36:49.883Z"
                }
            ],
            "commentBoxPosition": {
                "x": 1204.0,
                "y": 187.0
            }
        },
        {
            "commentBoxID": "commentBox-a2d2abaf-1420-486f-ac69-b882092a6fb6",
            "comments": [
                {
                    "content": "https://hub.knime.com/knime/extensions/org.knime.features.base/latest/org.knime.base.node.io.filehandling.csv.reader.CSVTableReaderNodeFactory",
                    "creatorName": "Bot",
                    "createorID": 1,
                    "creationTime": "2024-03-08T10:36:49.883Z"
                }
            ],
            "commentBoxPosition": {
                "x": 664.0,
                "y": 167.0
            }
        },
        {
            "commentBoxID": "commentBox-3952ed9c-59eb-4470-802d-78a1be5e136a",
            "comments": [
                {
                    "content": "https://hub.knime.com/knime/extensions/org.knime.features.base/latest/org.knime.base.node.io.filehandling.csv.reader.CSVTableReaderNodeFactory",
                    "creatorName": "Bot",
                    "createorID": 1,
                    "creationTime": "2024-03-08T10:36:49.883Z"
                }
            ],
            "commentBoxPosition": {
                "x": 210.0,
                "y": 311.0
            }
        },
        {
            "commentBoxID": "commentBox-f19a0612-5803-4821-8559-6097cae39edb",
            "comments": [
                {
                    "content": "https://hub.knime.com/knime/extensions/org.knime.features.base/latest/org.knime.base.node.io.filehandling.csv.reader.CSVTableReaderNodeFactory",
                    "creatorName": "Bot",
                    "createorID": 1,
                    "creationTime": "2024-03-08T10:36:49.883Z"
                }
            ],
            "commentBoxPosition": {
                "x": 310.0,
                "y": 231.0
            }
        },
        {
            "commentBoxID": "commentBox-e533b701-00a5-4460-9a39-fdc506822653",
            "comments": [
                {
                    "content": "https://hub.knime.com/knime/extensions/org.knime.features.base/latest/org.knime.base.node.io.filehandling.csv.reader.CSVTableReaderNodeFactory",
                    "creatorName": "Bot",
                    "createorID": 1,
                    "creationTime": "2024-03-08T10:36:49.883Z"
                }
            ],
            "commentBoxPosition": {
                "x": 430.0,
                "y": 311.0
            }
        },
        {
            "commentBoxID": "commentBox-2250ac20-64e2-468a-8bff-94dd0404042d",
            "comments": [
                {
                    "content": "https://hub.knime.com/knime/extensions/org.knime.features.base/latest/org.knime.base.node.io.filehandling.csv.reader.CSVTableReaderNodeFactory",
                    "creatorName": "Bot",
                    "createorID": 1,
                    "creationTime": "2024-03-08T10:36:49.883Z"
                }
            ],
            "commentBoxPosition": {
                "x": 564.0,
                "y": 307.0
            }
        },
        {
            "commentBoxID": "commentBox-9295cf7c-368d-4d3d-83b3-2596a7ecb2fe",
            "comments": [
                {
                    "content": "https://hub.knime.com/knime/extensions/org.knime.features.base/latest/org.knime.base.node.io.filehandling.csv.reader.CSVTableReaderNodeFactory",
                    "creatorName": "Bot",
                    "createorID": 1,
                    "creationTime": "2024-03-08T10:36:49.883Z"
                }
            ],
            "commentBoxPosition": {
                "x": 824.0,
                "y": 307.0
            }
        },
        {
            "commentBoxID": "commentBox-20a335e2-c7e1-4d5a-b699-912d9355e110",
            "comments": [
                {
                    "content": "https://hub.knime.com/knime/extensions/org.knime.features.base/latest/org.knime.base.node.io.filehandling.csv.reader.CSVTableReaderNodeFactory",
                    "creatorName": "Bot",
                    "createorID": 1,
                    "creationTime": "2024-03-08T10:36:49.883Z"
                }
            ],
            "commentBoxPosition": {
                "x": 584.0,
                "y": 167.0
            }
        },
        {
            "commentBoxID": "commentBox-66cddd94-e72d-4599-a7f2-114dc0113ea8",
            "comments": [
                {
                    "content": "https://hub.knime.com/knime/extensions/org.knime.features.base/latest/org.knime.base.node.io.filehandling.csv.reader.CSVTableReaderNodeFactory",
                    "creatorName": "Bot",
                    "createorID": 1,
                    "creationTime": "2024-03-08T10:36:49.883Z"
                }
            ],
            "commentBoxPosition": {
                "x": 764.0,
                "y": 167.0
            }
        },
        {
            "commentBoxID": "commentBox-75978812-1c51-40a9-ac56-0fa630db8285",
            "comments": [
                {
                    "content": "https://hub.knime.com/knime/extensions/org.knime.features.base/latest/org.knime.base.node.io.filehandling.csv.reader.CSVTableReaderNodeFactory",
                    "creatorName": "Bot",
                    "createorID": 1,
                    "creationTime": "2024-03-08T10:36:49.883Z"
                }
            ],
            "commentBoxPosition": {
                "x": 684.0,
                "y": 307.0
            }
        },
        {
            "commentBoxID": "commentBox-0914ff06-4b39-4512-9667-4df091385f90",
            "comments": [
                {
                    "content": "https://hub.knime.com/knime/extensions/org.knime.features.base/latest/org.knime.base.node.io.filehandling.csv.reader.CSVTableReaderNodeFactory",
                    "creatorName": "Bot",
                    "createorID": 1,
                    "creationTime": "2024-03-08T10:36:49.883Z"
                }
            ],
            "commentBoxPosition": {
                "x": 524.0,
                "y": 427.0
            }
        },
        {
            "commentBoxID": "commentBox-57607a12-0eca-41be-8c64-573665d0ac0c",
            "comments": [
                {
                    "content": "https://hub.knime.com/knime/extensions/org.knime.features.base/latest/org.knime.base.node.io.filehandling.csv.reader.CSVTableReaderNodeFactory",
                    "creatorName": "Bot",
                    "createorID": 1,
                    "creationTime": "2024-03-08T10:36:49.883Z"
                }
            ],
            "commentBoxPosition": {
                "x": 210.0,
                "y": 290.0
            }
        },
        {
            "commentBoxID": "commentBox-790fc3b5-a0d3-4d46-906d-832822e499d6",
            "comments": [
                {
                    "content": "https://hub.knime.com/knime/extensions/org.knime.features.base/latest/org.knime.base.node.io.filehandling.csv.reader.CSVTableReaderNodeFactory",
                    "creatorName": "Bot",
                    "createorID": 1,
                    "creationTime": "2024-03-08T10:36:49.883Z"
                }
            ],
            "commentBoxPosition": {
                "x": 330.0,
                "y": 290.0
            }
        },
        {
            "commentBoxID": "commentBox-3dd479a9-c717-4687-a095-1d597c10e627",
            "comments": [
                {
                    "content": "https://hub.knime.com/knime/extensions/org.knime.features.base/latest/org.knime.base.node.io.filehandling.csv.reader.CSVTableReaderNodeFactory",
                    "creatorName": "Bot",
                    "createorID": 1,
                    "creationTime": "2024-03-08T10:36:49.883Z"
                }
            ],
            "commentBoxPosition": {
                "x": 430.0,
                "y": 270.0
            }
        },
        {
            "commentBoxID": "commentBox-c1972fd4-18dc-4113-84be-61a91b13e03a",
            "comments": [
                {
                    "content": "https://hub.knime.com/knime/extensions/org.knime.features.base/latest/org.knime.base.node.io.filehandling.csv.reader.CSVTableReaderNodeFactory",
                    "creatorName": "Bot",
                    "createorID": 1,
                    "creationTime": "2024-03-08T10:36:49.883Z"
                }
            ],
            "commentBoxPosition": {
                "x": 510.0,
                "y": 150.0
            }
        },
        {
            "commentBoxID": "commentBox-d6823ee3-5a61-45e9-9e8b-e1328492a851",
            "comments": [
                {
                    "content": "https://hub.knime.com/knime/extensions/org.knime.features.base/latest/org.knime.base.node.io.filehandling.csv.reader.CSVTableReaderNodeFactory",
                    "creatorName": "Bot",
                    "createorID": 1,
                    "creationTime": "2024-03-08T10:36:49.883Z"
                }
            ],
            "commentBoxPosition": {
                "x": 690.0,
                "y": 150.0
            }
        },
        {
            "commentBoxID": "commentBox-dc435b14-beb8-452b-a13f-57c3e16a4061",
            "comments": [
                {
                    "content": "https://hub.knime.com/knime/extensions/org.knime.features.base/latest/org.knime.base.node.io.filehandling.csv.reader.CSVTableReaderNodeFactory",
                    "creatorName": "Bot",
                    "createorID": 1,
                    "creationTime": "2024-03-08T10:36:49.883Z"
                }
            ],
            "commentBoxPosition": {
                "x": 610.0,
                "y": 150.0
            }
        },
        {
            "commentBoxID": "commentBox-57afa868-92e8-4a9f-aec8-15f86bc691d3",
            "comments": [
                {
                    "content": "https://hub.knime.com/knime/extensions/org.knime.features.base/latest/org.knime.base.node.io.filehandling.csv.reader.CSVTableReaderNodeFactory",
                    "creatorName": "Bot",
                    "createorID": 1,
                    "creationTime": "2024-03-08T10:36:49.883Z"
                }
            ],
            "commentBoxPosition": {
                "x": 524.0,
                "y": 127.0
            }
        },
        {
            "commentBoxID": "commentBox-9ba79055-dce3-4cbc-b712-381e6862d3a0",
            "comments": [
                {
                    "content": "https://hub.knime.com/knime/extensions/org.knime.features.base/latest/org.knime.base.node.io.filehandling.csv.reader.CSVTableReaderNodeFactory",
                    "creatorName": "Bot",
                    "createorID": 1,
                    "creationTime": "2024-03-08T10:36:49.883Z"
                }
            ],
            "commentBoxPosition": {
                "x": 604.0,
                "y": 127.0
            }
        }
    ]
}