{
    "operators": [
        {
            "operatorID": "Dummy-operator-5a1a7d39-1525-49d3-b871-8aa26a500b17",
            "operatorType": "Dummy",
            "operatorVersion": "",
            "operatorProperties": {
                "dummyPropertyList": [
                    {
                        "dummyProperty": "Source XML",
                        "dummyValue": "Omitted for license reasons"
                    }
                ]
            },
            "inputPorts": [
                {
                    "portID": "input-0",
                    "displayName": "",
                    "allowMultiInputs": true,
                    "isDynamicPort": true
                }
            ],
            "outputPorts": [
                {
                    "portID": "output-0",
                    "displayName": "",
                    "isDynamicPort": true,
                    "isBlocking": false
                },
                {
                    "portID": "output-1",
                    "displayName": "",
                    "isDynamicPort": true,
                    "isBlocking": false
                }
            ],
            "showAdvanced": false,
            "isDisabled": false,
            "customDisplayName": "BufferedDataTable Reference Reader",
            "dynamicInputPorts": true,
            "dynamicOutputPorts": true
        },
        {
            "operatorID": "Dummy-operator-82c5be72-e448-424a-a68c-5e500e850d19",
            "operatorType": "Dummy",
            "operatorVersion": "",
            "operatorProperties": {
                "dummyPropertyList": [
                    {
                        "dummyProperty": "Source XML",
                        "dummyValue": "Omitted for license reasons"
                    }
                ]
            },
            "inputPorts": [
                {
                    "portID": "input-0",
                    "displayName": "",
                    "allowMultiInputs": true,
                    "isDynamicPort": true
                }
            ],
            "outputPorts": [
                {
                    "portID": "output-0",
                    "displayName": "",
                    "isDynamicPort": true,
                    "isBlocking": false
                },
                {
                    "portID": "output-1",
                    "displayName": "",
                    "isDynamicPort": true,
                    "isBlocking": false
                }
            ],
            "showAdvanced": false,
            "isDisabled": false,
            "customDisplayName": "PortObject Reference Reader",
            "dynamicInputPorts": true,
            "dynamicOutputPorts": true
        },
        {
            "operatorID": "Dummy-operator-3446a66f-bb6f-458b-b6cb-5ad6c227f0db",
            "operatorType": "Dummy",
            "operatorVersion": "",
            "operatorProperties": {
                "dummyPropertyList": [
                    {
                        "dummyProperty": "Source XML",
                        "dummyValue": "Omitted for license reasons"
                    }
                ]
            },
            "inputPorts": [
                {
                    "portID": "input-0",
                    "displayName": "",
                    "allowMultiInputs": true,
                    "isDynamicPort": true
                },
                {
                    "portID": "input-1",
                    "displayName": "",
                    "allowMultiInputs": true,
                    "isDynamicPort": true
                }
            ],
            "outputPorts": [
                {
                    "portID": "output-0",
                    "displayName": "",
                    "isDynamicPort": true,
                    "isBlocking": false
                },
                {
                    "portID": "output-1",
                    "displayName": "",
                    "isDynamicPort": true,
                    "isBlocking": false
                }
            ],
            "showAdvanced": false,
            "isDisabled": false,
            "customDisplayName": "Conformal Scorer",
            "dynamicInputPorts": true,
            "dynamicOutputPorts": true
        },
        {
            "operatorID": "Dummy-operator-2a217a3e-a228-40bc-a585-cbded9fcd050",
            "operatorType": "Dummy",
            "operatorVersion": "",
            "operatorProperties": {
                "dummyPropertyList": [
                    {
                        "dummyProperty": "Source XML",
                        "dummyValue": "Omitted for license reasons"
                    }
                ]
            },
            "inputPorts": [
                {
                    "portID": "input-0",
                    "displayName": "",
                    "allowMultiInputs": true,
                    "isDynamicPort": true
                },
                {
                    "portID": "input-1",
                    "displayName": "",
                    "allowMultiInputs": true,
                    "isDynamicPort": true
                },
                {
                    "portID": "input-2",
                    "displayName": "",
                    "allowMultiInputs": true,
                    "isDynamicPort": true
                }
            ],
            "outputPorts": [
                {
                    "portID": "output-0",
                    "displayName": "",
                    "isDynamicPort": true,
                    "isBlocking": false
                },
                {
                    "portID": "output-1",
                    "displayName": "",
                    "isDynamicPort": true,
                    "isBlocking": false
                }
            ],
            "showAdvanced": false,
            "isDisabled": false,
            "customDisplayName": "Conformal Classification",
            "dynamicInputPorts": true,
            "dynamicOutputPorts": true
        },
        {
            "operatorID": "Dummy-operator-75e5d4cd-3e63-423b-856a-505a55b7ea02",
            "operatorType": "Dummy",
            "operatorVersion": "",
            "operatorProperties": {
                "dummyPropertyList": [
                    {
                        "dummyProperty": "Source XML",
                        "dummyValue": "Omitted for license reasons"
                    }
                ]
            },
            "inputPorts": [
                {
                    "portID": "input-0",
                    "displayName": "",
                    "allowMultiInputs": true,
                    "isDynamicPort": true
                },
                {
                    "portID": "input-1",
                    "displayName": "",
                    "allowMultiInputs": true,
                    "isDynamicPort": true
                },
                {
                    "portID": "input-2",
                    "displayName": "",
                    "allowMultiInputs": true,
                    "isDynamicPort": true
                }
            ],
            "outputPorts": [
                {
                    "portID": "output-0",
                    "displayName": "",
                    "isDynamicPort": true,
                    "isBlocking": false
                },
                {
                    "portID": "output-1",
                    "displayName": "",
                    "isDynamicPort": true,
                    "isBlocking": false
                }
            ],
            "showAdvanced": false,
            "isDisabled": false,
            "customDisplayName": "Random Forest Predictor",
            "dynamicInputPorts": true,
            "dynamicOutputPorts": true
        },
        {
            "operatorID": "Dummy-operator-cd2859ea-528e-4d72-b489-f3e469d3799b",
            "operatorType": "Dummy",
            "operatorVersion": "",
            "operatorProperties": {
                "dummyPropertyList": [
                    {
                        "dummyProperty": "Source XML",
                        "dummyValue": "Omitted for license reasons"
                    }
                ]
            },
            "inputPorts": [
                {
                    "portID": "input-0",
                    "displayName": "",
                    "allowMultiInputs": true,
                    "isDynamicPort": true
                },
                {
                    "portID": "input-1",
                    "displayName": "",
                    "allowMultiInputs": true,
                    "isDynamicPort": true
                }
            ],
            "outputPorts": [
                {
                    "portID": "output-0",
                    "displayName": "",
                    "isDynamicPort": true,
                    "isBlocking": false
                },
                {
                    "portID": "output-1",
                    "displayName": "",
                    "isDynamicPort": true,
                    "isBlocking": false
                }
            ],
            "showAdvanced": false,
            "isDisabled": false,
            "customDisplayName": "Number To String",
            "dynamicInputPorts": true,
            "dynamicOutputPorts": true
        },
        {
            "operatorID": "Dummy-operator-b50a148e-31ff-4ad7-acc7-a54b779886e7",
            "operatorType": "Dummy",
            "operatorVersion": "",
            "operatorProperties": {
                "dummyPropertyList": [
                    {
                        "dummyProperty": "Source XML",
                        "dummyValue": "Omitted for license reasons"
                    }
                ]
            },
            "inputPorts": [
                {
                    "portID": "input-0",
                    "displayName": "",
                    "allowMultiInputs": true,
                    "isDynamicPort": true
                }
            ],
            "outputPorts": [
                {
                    "portID": "output-0",
                    "displayName": "",
                    "isDynamicPort": true,
                    "isBlocking": false
                },
                {
                    "portID": "output-1",
                    "displayName": "",
                    "isDynamicPort": true,
                    "isBlocking": false
                }
            ],
            "showAdvanced": false,
            "isDisabled": false,
            "customDisplayName": "Workflow Service Input",
            "dynamicInputPorts": true,
            "dynamicOutputPorts": true
        }
    ],
    "operatorPositions": {
        "Dummy-operator-5a1a7d39-1525-49d3-b871-8aa26a500b17": {
            "x": 412.0,
            "y": -100.0
        },
        "Dummy-operator-82c5be72-e448-424a-a68c-5e500e850d19": {
            "x": 292.0,
            "y": -40.0
        },
        "Dummy-operator-3446a66f-bb6f-458b-b6cb-5ad6c227f0db": {
            "x": 632.0,
            "y": 100.0
        },
        "Dummy-operator-2a217a3e-a228-40bc-a585-cbded9fcd050": {
            "x": 532.0,
            "y": 100.0
        },
        "Dummy-operator-75e5d4cd-3e63-423b-856a-505a55b7ea02": {
            "x": 412.0,
            "y": 100.0
        },
        "Dummy-operator-cd2859ea-528e-4d72-b489-f3e469d3799b": {
            "x": 150.0,
            "y": 120.0
        },
        "Dummy-operator-b50a148e-31ff-4ad7-acc7-a54b779886e7": {
            "x": -32.0,
            "y": 5.0
        }
    },
    "links": [
        {
            "linkID": "link-fff15df5-79d2-4bc4-81d5-88df7fe5b73e",
            "source": {
                "operatorID": "Dummy-operator-5a1a7d39-1525-49d3-b871-8aa26a500b17",
                "portID": "output-1"
            },
            "target": {
                "operatorID": "Dummy-operator-2a217a3e-a228-40bc-a585-cbded9fcd050",
                "portID": "input-1"
            }
        },
        {
            "linkID": "link-af610167-5f59-4b47-977a-a18adfc18355",
            "source": {
                "operatorID": "Dummy-operator-82c5be72-e448-424a-a68c-5e500e850d19",
                "portID": "output-1"
            },
            "target": {
                "operatorID": "Dummy-operator-75e5d4cd-3e63-423b-856a-505a55b7ea02",
                "portID": "input-1"
            }
        },
        {
            "linkID": "link-1b65436c-30f2-488b-ac18-c82fc48453b6",
            "source": {
                "operatorID": "Dummy-operator-2a217a3e-a228-40bc-a585-cbded9fcd050",
                "portID": "output-1"
            },
            "target": {
                "operatorID": "Dummy-operator-3446a66f-bb6f-458b-b6cb-5ad6c227f0db",
                "portID": "input-1"
            }
        },
        {
            "linkID": "link-4c2c11e3-d5c6-4a95-957a-d7d71fe3657e",
            "source": {
                "operatorID": "Dummy-operator-75e5d4cd-3e63-423b-856a-505a55b7ea02",
                "portID": "output-1"
            },
            "target": {
                "operatorID": "Dummy-operator-2a217a3e-a228-40bc-a585-cbded9fcd050",
                "portID": "input-2"
            }
        },
        {
            "linkID": "link-1c0f2340-6929-4a16-8a39-72a97502090c",
            "source": {
                "operatorID": "Dummy-operator-cd2859ea-528e-4d72-b489-f3e469d3799b",
                "portID": "output-1"
            },
            "target": {
                "operatorID": "Dummy-operator-75e5d4cd-3e63-423b-856a-505a55b7ea02",
                "portID": "input-2"
            }
        },
        {
            "linkID": "link-f50ec9c5-38fe-42bb-8896-ac59138fe8dc",
            "source": {
                "operatorID": "Dummy-operator-b50a148e-31ff-4ad7-acc7-a54b779886e7",
                "portID": "output-1"
            },
            "target": {
                "operatorID": "Dummy-operator-cd2859ea-528e-4d72-b489-f3e469d3799b",
                "portID": "input-1"
            }
        }
    ],
    "groups": [],
    "breakpoints": {},
    "commentBoxes": [
        {
            "commentBoxID": "commentBox-4edcbb3c-8199-4398-a7b7-66114d4b6204",
            "comments": [
                {
                    "content": "https://hub.knime.com/knime/extensions/org.knime.features.base/latest/org.knime.base.node.io.filehandling.csv.reader.CSVTableReaderNodeFactory",
                    "creatorName": "Bot",
                    "createorID": 1,
                    "creationTime": "2024-03-08T10:36:49.883Z"
                }
            ],
            "commentBoxPosition": {
                "x": 472.0,
                "y": -70.0
            }
        },
        {
            "commentBoxID": "commentBox-d39ce400-8337-4dc5-976e-6dc821b65577",
            "comments": [
                {
                    "content": "https://hub.knime.com/knime/extensions/org.knime.features.base/latest/org.knime.base.node.io.filehandling.csv.reader.CSVTableReaderNodeFactory",
                    "creatorName": "Bot",
                    "createorID": 1,
                    "creationTime": "2024-03-08T10:36:49.883Z"
                }
            ],
            "commentBoxPosition": {
                "x": 352.0,
                "y": -10.0
            }
        },
        {
            "commentBoxID": "commentBox-33fa114c-3246-49e2-a495-0fa35aa06482",
            "comments": [
                {
                    "content": "https://hub.knime.com/knime/extensions/org.knime.features.base/latest/org.knime.base.node.io.filehandling.csv.reader.CSVTableReaderNodeFactory",
                    "creatorName": "Bot",
                    "createorID": 1,
                    "creationTime": "2024-03-08T10:36:49.883Z"
                }
            ],
            "commentBoxPosition": {
                "x": 692.0,
                "y": 130.0
            }
        },
        {
            "commentBoxID": "commentBox-1de496c7-e027-4b8a-801e-7c8d10d0c8d2",
            "comments": [
                {
                    "content": "https://hub.knime.com/knime/extensions/org.knime.features.base/latest/org.knime.base.node.io.filehandling.csv.reader.CSVTableReaderNodeFactory",
                    "creatorName": "Bot",
                    "createorID": 1,
                    "creationTime": "2024-03-08T10:36:49.883Z"
                }
            ],
            "commentBoxPosition": {
                "x": 592.0,
                "y": 130.0
            }
        },
        {
            "commentBoxID": "commentBox-e90a94bf-ceb7-4977-b275-3c569796763f",
            "comments": [
                {
                    "content": "https://hub.knime.com/knime/extensions/org.knime.features.base/latest/org.knime.base.node.io.filehandling.csv.reader.CSVTableReaderNodeFactory",
                    "creatorName": "Bot",
                    "createorID": 1,
                    "creationTime": "2024-03-08T10:36:49.883Z"
                }
            ],
            "commentBoxPosition": {
                "x": 472.0,
                "y": 130.0
            }
        },
        {
            "commentBoxID": "commentBox-570f3140-4f08-4b96-8fd7-b7fc7f345ae2",
            "comments": [
                {
                    "content": "https://hub.knime.com/knime/extensions/org.knime.features.base/latest/org.knime.base.node.io.filehandling.csv.reader.CSVTableReaderNodeFactory",
                    "creatorName": "Bot",
                    "createorID": 1,
                    "creationTime": "2024-03-08T10:36:49.883Z"
                }
            ],
            "commentBoxPosition": {
                "x": 210.0,
                "y": 150.0
            }
        },
        {
            "commentBoxID": "commentBox-ddd1e56a-f863-4d50-b6dc-a08b98750964",
            "comments": [
                {
                    "content": "https://hub.knime.com/knime/extensions/org.knime.features.base/latest/org.knime.base.node.io.filehandling.csv.reader.CSVTableReaderNodeFactory",
                    "creatorName": "Bot",
                    "createorID": 1,
                    "creationTime": "2024-03-08T10:36:49.883Z"
                }
            ],
            "commentBoxPosition": {
                "x": 28.0,
                "y": 35.0
            }
        }
    ]
}