{
    "operators": [
        {
            "operatorID": "Dummy-operator-d7b2932a-cd39-4ff2-89f5-fc075671a057",
            "operatorType": "Dummy",
            "operatorVersion": "",
            "operatorProperties": {
                "dummyPropertyList": [
                    {
                        "dummyProperty": "Source XML",
                        "dummyValue": "Omitted for license reasons"
                    }
                ]
            },
            "inputPorts": [
                {
                    "portID": "input-0",
                    "displayName": "",
                    "allowMultiInputs": true,
                    "isDynamicPort": true
                }
            ],
            "outputPorts": [
                {
                    "portID": "output-0",
                    "displayName": "",
                    "isDynamicPort": true,
                    "isBlocking": false
                },
                {
                    "portID": "output-1",
                    "displayName": "",
                    "isDynamicPort": true,
                    "isBlocking": false
                },
                {
                    "portID": "output-2",
                    "displayName": "",
                    "isDynamicPort": true,
                    "isBlocking": false
                }
            ],
            "showAdvanced": false,
            "isDisabled": false,
            "customDisplayName": "Customer Distributions",
            "dynamicInputPorts": true,
            "dynamicOutputPorts": true
        },
        {
            "operatorID": "Dummy-operator-7a565210-bfe5-4bd5-a348-844473242fbc",
            "operatorType": "Dummy",
            "operatorVersion": "",
            "operatorProperties": {
                "dummyPropertyList": [
                    {
                        "dummyProperty": "Source XML",
                        "dummyValue": "Omitted for license reasons"
                    }
                ]
            },
            "inputPorts": [
                {
                    "portID": "input-0",
                    "displayName": "",
                    "allowMultiInputs": true,
                    "isDynamicPort": true
                }
            ],
            "outputPorts": [
                {
                    "portID": "output-0",
                    "displayName": "",
                    "isDynamicPort": true,
                    "isBlocking": true
                },
                {
                    "portID": "output-1",
                    "displayName": "",
                    "isDynamicPort": true,
                    "isBlocking": true
                }
            ],
            "showAdvanced": false,
            "isDisabled": false,
            "customDisplayName": "Table Creator",
            "dynamicInputPorts": true,
            "dynamicOutputPorts": true
        },
        {
            "operatorID": "Dummy-operator-2e729c64-f4dd-48f0-b8cc-1db35eb2be87",
            "operatorType": "Dummy",
            "operatorVersion": "",
            "operatorProperties": {
                "dummyPropertyList": [
                    {
                        "dummyProperty": "Source XML",
                        "dummyValue": "Omitted for license reasons"
                    }
                ]
            },
            "inputPorts": [
                {
                    "portID": "input-0",
                    "displayName": "",
                    "allowMultiInputs": true,
                    "isDynamicPort": true
                },
                {
                    "portID": "input-1",
                    "displayName": "",
                    "allowMultiInputs": true,
                    "isDynamicPort": true
                },
                {
                    "portID": "input-2",
                    "displayName": "",
                    "allowMultiInputs": true,
                    "isDynamicPort": true
                }
            ],
            "outputPorts": [
                {
                    "portID": "output-0",
                    "displayName": "",
                    "isDynamicPort": true,
                    "isBlocking": false
                },
                {
                    "portID": "output-1",
                    "displayName": "",
                    "isDynamicPort": true,
                    "isBlocking": false
                },
                {
                    "portID": "output-2",
                    "displayName": "",
                    "isDynamicPort": true,
                    "isBlocking": false
                }
            ],
            "showAdvanced": false,
            "isDisabled": false,
            "customDisplayName": "Customer Distributions",
            "dynamicInputPorts": true,
            "dynamicOutputPorts": true
        },
        {
            "operatorID": "Dummy-operator-526c137a-1887-45c6-bf7e-a213d6a3c17b",
            "operatorType": "Dummy",
            "operatorVersion": "",
            "operatorProperties": {
                "dummyPropertyList": [
                    {
                        "dummyProperty": "Source XML",
                        "dummyValue": "Omitted for license reasons"
                    }
                ]
            },
            "inputPorts": [
                {
                    "portID": "input-0",
                    "displayName": "",
                    "allowMultiInputs": true,
                    "isDynamicPort": true
                },
                {
                    "portID": "input-1",
                    "displayName": "",
                    "allowMultiInputs": true,
                    "isDynamicPort": true
                },
                {
                    "portID": "input-2",
                    "displayName": "",
                    "allowMultiInputs": true,
                    "isDynamicPort": true
                },
                {
                    "portID": "input-3",
                    "displayName": "",
                    "allowMultiInputs": true,
                    "isDynamicPort": true
                }
            ],
            "outputPorts": [
                {
                    "portID": "output-0",
                    "displayName": "",
                    "isDynamicPort": true,
                    "isBlocking": false
                },
                {
                    "portID": "output-1",
                    "displayName": "",
                    "isDynamicPort": true,
                    "isBlocking": false
                },
                {
                    "portID": "output-2",
                    "displayName": "",
                    "isDynamicPort": true,
                    "isBlocking": false
                }
            ],
            "showAdvanced": false,
            "isDisabled": false,
            "customDisplayName": "Product Generator",
            "dynamicInputPorts": true,
            "dynamicOutputPorts": true
        },
        {
            "operatorID": "Dummy-operator-e5746473-a68e-48d1-bf66-743f13d53a94",
            "operatorType": "Dummy",
            "operatorVersion": "",
            "operatorProperties": {
                "dummyPropertyList": [
                    {
                        "dummyProperty": "Source XML",
                        "dummyValue": "Omitted for license reasons"
                    }
                ]
            },
            "inputPorts": [
                {
                    "portID": "input-0",
                    "displayName": "",
                    "allowMultiInputs": true,
                    "isDynamicPort": true
                },
                {
                    "portID": "input-1",
                    "displayName": "",
                    "allowMultiInputs": true,
                    "isDynamicPort": true
                },
                {
                    "portID": "input-2",
                    "displayName": "",
                    "allowMultiInputs": true,
                    "isDynamicPort": true
                }
            ],
            "outputPorts": [
                {
                    "portID": "output-0",
                    "displayName": "",
                    "isDynamicPort": true,
                    "isBlocking": false
                },
                {
                    "portID": "output-1",
                    "displayName": "",
                    "isDynamicPort": true,
                    "isBlocking": false
                },
                {
                    "portID": "output-2",
                    "displayName": "",
                    "isDynamicPort": true,
                    "isBlocking": false
                },
                {
                    "portID": "output-3",
                    "displayName": "",
                    "isDynamicPort": true,
                    "isBlocking": false
                },
                {
                    "portID": "output-4",
                    "displayName": "",
                    "isDynamicPort": true,
                    "isBlocking": false
                }
            ],
            "showAdvanced": false,
            "isDisabled": false,
            "customDisplayName": "Simulate Market",
            "dynamicInputPorts": true,
            "dynamicOutputPorts": true
        },
        {
            "operatorID": "Dummy-operator-12f096fb-3356-4fe2-bd42-a410bd7e373f",
            "operatorType": "Dummy",
            "operatorVersion": "",
            "operatorProperties": {
                "dummyPropertyList": [
                    {
                        "dummyProperty": "Source XML",
                        "dummyValue": "Omitted for license reasons"
                    }
                ]
            },
            "inputPorts": [
                {
                    "portID": "input-0",
                    "displayName": "",
                    "allowMultiInputs": true,
                    "isDynamicPort": true
                },
                {
                    "portID": "input-1",
                    "displayName": "",
                    "allowMultiInputs": true,
                    "isDynamicPort": true
                }
            ],
            "outputPorts": [
                {
                    "portID": "output-0",
                    "displayName": "",
                    "isDynamicPort": true,
                    "isBlocking": false
                },
                {
                    "portID": "output-1",
                    "displayName": "",
                    "isDynamicPort": true,
                    "isBlocking": false
                },
                {
                    "portID": "output-2",
                    "displayName": "",
                    "isDynamicPort": true,
                    "isBlocking": false
                }
            ],
            "showAdvanced": false,
            "isDisabled": false,
            "customDisplayName": "Customer Distributions",
            "dynamicInputPorts": true,
            "dynamicOutputPorts": true
        },
        {
            "operatorID": "Dummy-operator-0e1152d5-aee3-4550-98c7-3a0ca2b58fa8",
            "operatorType": "Dummy",
            "operatorVersion": "",
            "operatorProperties": {
                "dummyPropertyList": [
                    {
                        "dummyProperty": "Source XML",
                        "dummyValue": "Omitted for license reasons"
                    }
                ]
            },
            "inputPorts": [
                {
                    "portID": "input-0",
                    "displayName": "",
                    "allowMultiInputs": true,
                    "isDynamicPort": true
                },
                {
                    "portID": "input-1",
                    "displayName": "",
                    "allowMultiInputs": true,
                    "isDynamicPort": true
                }
            ],
            "outputPorts": [
                {
                    "portID": "output-0",
                    "displayName": "",
                    "isDynamicPort": true,
                    "isBlocking": false
                },
                {
                    "portID": "output-1",
                    "displayName": "",
                    "isDynamicPort": true,
                    "isBlocking": false
                }
            ],
            "showAdvanced": false,
            "isDisabled": false,
            "customDisplayName": "Math Formula _Multi Column_",
            "dynamicInputPorts": true,
            "dynamicOutputPorts": true
        },
        {
            "operatorID": "Dummy-operator-b36e5cff-b89a-4569-9f26-e2ca3198db99",
            "operatorType": "Dummy",
            "operatorVersion": "",
            "operatorProperties": {
                "dummyPropertyList": [
                    {
                        "dummyProperty": "Source XML",
                        "dummyValue": "Omitted for license reasons"
                    }
                ]
            },
            "inputPorts": [
                {
                    "portID": "input-0",
                    "displayName": "",
                    "allowMultiInputs": true,
                    "isDynamicPort": true
                }
            ],
            "outputPorts": [
                {
                    "portID": "output-0",
                    "displayName": "",
                    "isDynamicPort": true,
                    "isBlocking": true
                },
                {
                    "portID": "output-1",
                    "displayName": "",
                    "isDynamicPort": true,
                    "isBlocking": true
                }
            ],
            "showAdvanced": false,
            "isDisabled": false,
            "customDisplayName": "Table Creator",
            "dynamicInputPorts": true,
            "dynamicOutputPorts": true
        },
        {
            "operatorID": "Dummy-operator-253d54b7-7db9-40d1-840b-c89c1f28fbdf",
            "operatorType": "Dummy",
            "operatorVersion": "",
            "operatorProperties": {
                "dummyPropertyList": [
                    {
                        "dummyProperty": "Source XML",
                        "dummyValue": "Omitted for license reasons"
                    }
                ]
            },
            "inputPorts": [
                {
                    "portID": "input-0",
                    "displayName": "",
                    "allowMultiInputs": true,
                    "isDynamicPort": true
                },
                {
                    "portID": "input-1",
                    "displayName": "",
                    "allowMultiInputs": true,
                    "isDynamicPort": true
                }
            ],
            "outputPorts": [
                {
                    "portID": "output-0",
                    "displayName": "",
                    "isDynamicPort": true,
                    "isBlocking": false
                },
                {
                    "portID": "output-1",
                    "displayName": "",
                    "isDynamicPort": true,
                    "isBlocking": false
                }
            ],
            "showAdvanced": false,
            "isDisabled": false,
            "customDisplayName": "Feature Table To List",
            "dynamicInputPorts": true,
            "dynamicOutputPorts": true
        },
        {
            "operatorID": "Dummy-operator-76aab42a-865e-4851-93a5-8d28c763793c",
            "operatorType": "Dummy",
            "operatorVersion": "",
            "operatorProperties": {
                "dummyPropertyList": [
                    {
                        "dummyProperty": "Source XML",
                        "dummyValue": "Omitted for license reasons"
                    }
                ]
            },
            "inputPorts": [
                {
                    "portID": "input-0",
                    "displayName": "",
                    "allowMultiInputs": true,
                    "isDynamicPort": true
                },
                {
                    "portID": "input-1",
                    "displayName": "",
                    "allowMultiInputs": true,
                    "isDynamicPort": true
                }
            ],
            "outputPorts": [
                {
                    "portID": "output-0",
                    "displayName": "",
                    "isDynamicPort": true,
                    "isBlocking": false
                },
                {
                    "portID": "output-1",
                    "displayName": "",
                    "isDynamicPort": true,
                    "isBlocking": false
                }
            ],
            "showAdvanced": false,
            "isDisabled": false,
            "customDisplayName": "Column Filter",
            "dynamicInputPorts": true,
            "dynamicOutputPorts": true
        },
        {
            "operatorID": "Dummy-operator-885d964e-7988-421f-a589-818460cd9866",
            "operatorType": "Dummy",
            "operatorVersion": "",
            "operatorProperties": {
                "dummyPropertyList": [
                    {
                        "dummyProperty": "Source XML",
                        "dummyValue": "Omitted for license reasons"
                    }
                ]
            },
            "inputPorts": [
                {
                    "portID": "input-0",
                    "displayName": "",
                    "allowMultiInputs": true,
                    "isDynamicPort": true
                },
                {
                    "portID": "input-1",
                    "displayName": "",
                    "allowMultiInputs": true,
                    "isDynamicPort": true
                }
            ],
            "outputPorts": [
                {
                    "portID": "output-0",
                    "displayName": "",
                    "isDynamicPort": true,
                    "isBlocking": false
                },
                {
                    "portID": "output-1",
                    "displayName": "",
                    "isDynamicPort": true,
                    "isBlocking": false
                }
            ],
            "showAdvanced": false,
            "isDisabled": false,
            "customDisplayName": "Column Filter",
            "dynamicInputPorts": true,
            "dynamicOutputPorts": true
        },
        {
            "operatorID": "Dummy-operator-33d3583f-eaca-455d-b493-e690770ef828",
            "operatorType": "Dummy",
            "operatorVersion": "",
            "operatorProperties": {
                "dummyPropertyList": [
                    {
                        "dummyProperty": "Source XML",
                        "dummyValue": "Omitted for license reasons"
                    }
                ]
            },
            "inputPorts": [
                {
                    "portID": "input-0",
                    "displayName": "",
                    "allowMultiInputs": true,
                    "isDynamicPort": true
                }
            ],
            "outputPorts": [
                {
                    "portID": "output-0",
                    "displayName": "",
                    "isDynamicPort": true,
                    "isBlocking": true
                },
                {
                    "portID": "output-1",
                    "displayName": "",
                    "isDynamicPort": true,
                    "isBlocking": true
                }
            ],
            "showAdvanced": false,
            "isDisabled": false,
            "customDisplayName": "Table Creator",
            "dynamicInputPorts": true,
            "dynamicOutputPorts": true
        },
        {
            "operatorID": "Dummy-operator-fe381f5b-07b6-4a39-a8ce-cb70a3638e6c",
            "operatorType": "Dummy",
            "operatorVersion": "",
            "operatorProperties": {
                "dummyPropertyList": [
                    {
                        "dummyProperty": "Source XML",
                        "dummyValue": "Omitted for license reasons"
                    }
                ]
            },
            "inputPorts": [
                {
                    "portID": "input-0",
                    "displayName": "",
                    "allowMultiInputs": true,
                    "isDynamicPort": true
                },
                {
                    "portID": "input-1",
                    "displayName": "",
                    "allowMultiInputs": true,
                    "isDynamicPort": true
                },
                {
                    "portID": "input-2",
                    "displayName": "",
                    "allowMultiInputs": true,
                    "isDynamicPort": true
                }
            ],
            "outputPorts": [
                {
                    "portID": "output-0",
                    "displayName": "",
                    "isDynamicPort": true,
                    "isBlocking": false
                },
                {
                    "portID": "output-1",
                    "displayName": "",
                    "isDynamicPort": true,
                    "isBlocking": false
                },
                {
                    "portID": "output-2",
                    "displayName": "",
                    "isDynamicPort": true,
                    "isBlocking": false
                },
                {
                    "portID": "output-3",
                    "displayName": "",
                    "isDynamicPort": true,
                    "isBlocking": false
                },
                {
                    "portID": "output-4",
                    "displayName": "",
                    "isDynamicPort": true,
                    "isBlocking": false
                }
            ],
            "showAdvanced": false,
            "isDisabled": false,
            "customDisplayName": "Simulate Market",
            "dynamicInputPorts": true,
            "dynamicOutputPorts": true
        },
        {
            "operatorID": "Dummy-operator-7701073d-ed77-47fb-93e5-ba5ca225d060",
            "operatorType": "Dummy",
            "operatorVersion": "",
            "operatorProperties": {
                "dummyPropertyList": [
                    {
                        "dummyProperty": "Source XML",
                        "dummyValue": "Omitted for license reasons"
                    }
                ]
            },
            "inputPorts": [
                {
                    "portID": "input-0",
                    "displayName": "",
                    "allowMultiInputs": true,
                    "isDynamicPort": true
                },
                {
                    "portID": "input-1",
                    "displayName": "",
                    "allowMultiInputs": true,
                    "isDynamicPort": true
                }
            ],
            "outputPorts": [
                {
                    "portID": "output-0",
                    "displayName": "",
                    "isDynamicPort": true,
                    "isBlocking": false
                },
                {
                    "portID": "output-1",
                    "displayName": "",
                    "isDynamicPort": true,
                    "isBlocking": false
                }
            ],
            "showAdvanced": false,
            "isDisabled": false,
            "customDisplayName": "Feature Table To List",
            "dynamicInputPorts": true,
            "dynamicOutputPorts": true
        },
        {
            "operatorID": "Dummy-operator-f335aaf9-fccf-4efd-80df-681ccc75af7d",
            "operatorType": "Dummy",
            "operatorVersion": "",
            "operatorProperties": {
                "dummyPropertyList": [
                    {
                        "dummyProperty": "Source XML",
                        "dummyValue": "Omitted for license reasons"
                    }
                ]
            },
            "inputPorts": [
                {
                    "portID": "input-0",
                    "displayName": "",
                    "allowMultiInputs": true,
                    "isDynamicPort": true
                },
                {
                    "portID": "input-1",
                    "displayName": "",
                    "allowMultiInputs": true,
                    "isDynamicPort": true
                },
                {
                    "portID": "input-2",
                    "displayName": "",
                    "allowMultiInputs": true,
                    "isDynamicPort": true
                },
                {
                    "portID": "input-3",
                    "displayName": "",
                    "allowMultiInputs": true,
                    "isDynamicPort": true
                }
            ],
            "outputPorts": [
                {
                    "portID": "output-0",
                    "displayName": "",
                    "isDynamicPort": true,
                    "isBlocking": false
                },
                {
                    "portID": "output-1",
                    "displayName": "",
                    "isDynamicPort": true,
                    "isBlocking": false
                },
                {
                    "portID": "output-2",
                    "displayName": "",
                    "isDynamicPort": true,
                    "isBlocking": false
                }
            ],
            "showAdvanced": false,
            "isDisabled": false,
            "customDisplayName": "Product Generator",
            "dynamicInputPorts": true,
            "dynamicOutputPorts": true
        },
        {
            "operatorID": "Dummy-operator-ce50c7f0-2ec7-4411-9023-6385169894e5",
            "operatorType": "Dummy",
            "operatorVersion": "",
            "operatorProperties": {
                "dummyPropertyList": [
                    {
                        "dummyProperty": "Source XML",
                        "dummyValue": "Omitted for license reasons"
                    }
                ]
            },
            "inputPorts": [
                {
                    "portID": "input-0",
                    "displayName": "",
                    "allowMultiInputs": true,
                    "isDynamicPort": true
                },
                {
                    "portID": "input-1",
                    "displayName": "",
                    "allowMultiInputs": true,
                    "isDynamicPort": true
                }
            ],
            "outputPorts": [
                {
                    "portID": "output-0",
                    "displayName": "",
                    "isDynamicPort": true,
                    "isBlocking": true
                },
                {
                    "portID": "output-1",
                    "displayName": "",
                    "isDynamicPort": true,
                    "isBlocking": true
                }
            ],
            "showAdvanced": false,
            "isDisabled": false,
            "customDisplayName": "GroupBy",
            "dynamicInputPorts": true,
            "dynamicOutputPorts": true
        },
        {
            "operatorID": "Dummy-operator-7dab3792-f5fb-4f70-938d-c3bea1f95ee2",
            "operatorType": "Dummy",
            "operatorVersion": "",
            "operatorProperties": {
                "dummyPropertyList": [
                    {
                        "dummyProperty": "Source XML",
                        "dummyValue": "Omitted for license reasons"
                    }
                ]
            },
            "inputPorts": [
                {
                    "portID": "input-0",
                    "displayName": "",
                    "allowMultiInputs": true,
                    "isDynamicPort": true
                },
                {
                    "portID": "input-1",
                    "displayName": "",
                    "allowMultiInputs": true,
                    "isDynamicPort": true
                }
            ],
            "outputPorts": [
                {
                    "portID": "output-0",
                    "displayName": "",
                    "isDynamicPort": true,
                    "isBlocking": false
                },
                {
                    "portID": "output-1",
                    "displayName": "",
                    "isDynamicPort": true,
                    "isBlocking": false
                }
            ],
            "showAdvanced": false,
            "isDisabled": false,
            "customDisplayName": "Row Filter",
            "dynamicInputPorts": true,
            "dynamicOutputPorts": true
        },
        {
            "operatorID": "Dummy-operator-0c2118ad-27f4-4bfb-a961-ce0203e809cf",
            "operatorType": "Dummy",
            "operatorVersion": "",
            "operatorProperties": {
                "dummyPropertyList": [
                    {
                        "dummyProperty": "Source XML",
                        "dummyValue": "Omitted for license reasons"
                    }
                ]
            },
            "inputPorts": [
                {
                    "portID": "input-0",
                    "displayName": "",
                    "allowMultiInputs": true,
                    "isDynamicPort": true
                },
                {
                    "portID": "input-1",
                    "displayName": "",
                    "allowMultiInputs": true,
                    "isDynamicPort": true
                },
                {
                    "portID": "input-2",
                    "displayName": "",
                    "allowMultiInputs": true,
                    "isDynamicPort": true
                }
            ],
            "outputPorts": [
                {
                    "portID": "output-0",
                    "displayName": "",
                    "isDynamicPort": true,
                    "isBlocking": false
                },
                {
                    "portID": "output-1",
                    "displayName": "",
                    "isDynamicPort": true,
                    "isBlocking": false
                }
            ],
            "showAdvanced": false,
            "isDisabled": false,
            "customDisplayName": "Column Appender",
            "dynamicInputPorts": true,
            "dynamicOutputPorts": true
        }
    ],
    "operatorPositions": {
        "Dummy-operator-d7b2932a-cd39-4ff2-89f5-fc075671a057": {
            "x": 74.0,
            "y": 457.0
        },
        "Dummy-operator-7a565210-bfe5-4bd5-a348-844473242fbc": {
            "x": 314.0,
            "y": 617.0
        },
        "Dummy-operator-2e729c64-f4dd-48f0-b8cc-1db35eb2be87": {
            "x": 194.0,
            "y": 457.0
        },
        "Dummy-operator-526c137a-1887-45c6-bf7e-a213d6a3c17b": {
            "x": 314.0,
            "y": 297.0
        },
        "Dummy-operator-e5746473-a68e-48d1-bf66-743f13d53a94": {
            "x": 554.0,
            "y": 297.0
        },
        "Dummy-operator-12f096fb-3356-4fe2-bd42-a410bd7e373f": {
            "x": 434.0,
            "y": 617.0
        },
        "Dummy-operator-0e1152d5-aee3-4550-98c7-3a0ca2b58fa8": {
            "x": 554.0,
            "y": 617.0
        },
        "Dummy-operator-b36e5cff-b89a-4569-9f26-e2ca3198db99": {
            "x": 74.0,
            "y": 297.0
        },
        "Dummy-operator-253d54b7-7db9-40d1-840b-c89c1f28fbdf": {
            "x": 194.0,
            "y": 297.0
        },
        "Dummy-operator-76aab42a-865e-4851-93a5-8d28c763793c": {
            "x": 434.0,
            "y": 217.0
        },
        "Dummy-operator-885d964e-7988-421f-a589-818460cd9866": {
            "x": 1154.0,
            "y": 377.0
        },
        "Dummy-operator-33d3583f-eaca-455d-b493-e690770ef828": {
            "x": 794.0,
            "y": 297.0
        },
        "Dummy-operator-fe381f5b-07b6-4a39-a8ce-cb70a3638e6c": {
            "x": 1274.0,
            "y": 457.0
        },
        "Dummy-operator-7701073d-ed77-47fb-93e5-ba5ca225d060": {
            "x": 914.0,
            "y": 297.0
        },
        "Dummy-operator-f335aaf9-fccf-4efd-80df-681ccc75af7d": {
            "x": 1034.0,
            "y": 457.0
        },
        "Dummy-operator-ce50c7f0-2ec7-4411-9023-6385169894e5": {
            "x": 1514.0,
            "y": 457.0
        },
        "Dummy-operator-7dab3792-f5fb-4f70-938d-c3bea1f95ee2": {
            "x": 1394.0,
            "y": 457.0
        },
        "Dummy-operator-0c2118ad-27f4-4bfb-a961-ce0203e809cf": {
            "x": 674.0,
            "y": 457.0
        }
    },
    "links": [
        {
            "linkID": "link-a0cb3c0e-24c7-42d7-8f6e-12764644c5b1",
            "source": {
                "operatorID": "Dummy-operator-d7b2932a-cd39-4ff2-89f5-fc075671a057",
                "portID": "output-2"
            },
            "target": {
                "operatorID": "Dummy-operator-2e729c64-f4dd-48f0-b8cc-1db35eb2be87",
                "portID": "input-2"
            }
        },
        {
            "linkID": "link-5066e935-42cc-426d-b939-39f38b4f5b70",
            "source": {
                "operatorID": "Dummy-operator-7a565210-bfe5-4bd5-a348-844473242fbc",
                "portID": "output-1"
            },
            "target": {
                "operatorID": "Dummy-operator-12f096fb-3356-4fe2-bd42-a410bd7e373f",
                "portID": "input-1"
            }
        },
        {
            "linkID": "link-8718d16f-8b4b-4baf-88c6-aa3571fd37b4",
            "source": {
                "operatorID": "Dummy-operator-2e729c64-f4dd-48f0-b8cc-1db35eb2be87",
                "portID": "output-2"
            },
            "target": {
                "operatorID": "Dummy-operator-526c137a-1887-45c6-bf7e-a213d6a3c17b",
                "portID": "input-3"
            }
        },
        {
            "linkID": "link-cd829d1b-08ce-40e9-9a8b-6d7647d2a77a",
            "source": {
                "operatorID": "Dummy-operator-526c137a-1887-45c6-bf7e-a213d6a3c17b",
                "portID": "output-2"
            },
            "target": {
                "operatorID": "Dummy-operator-e5746473-a68e-48d1-bf66-743f13d53a94",
                "portID": "input-2"
            }
        },
        {
            "linkID": "link-329dea11-632d-4ade-a76a-de500ff3f345",
            "source": {
                "operatorID": "Dummy-operator-526c137a-1887-45c6-bf7e-a213d6a3c17b",
                "portID": "output-1"
            },
            "target": {
                "operatorID": "Dummy-operator-76aab42a-865e-4851-93a5-8d28c763793c",
                "portID": "input-1"
            }
        },
        {
            "linkID": "link-a8b60075-03ff-4215-b706-ae793ccead23",
            "source": {
                "operatorID": "Dummy-operator-e5746473-a68e-48d1-bf66-743f13d53a94",
                "portID": "output-2"
            },
            "target": {
                "operatorID": "Dummy-operator-0c2118ad-27f4-4bfb-a961-ce0203e809cf",
                "portID": "input-1"
            }
        },
        {
            "linkID": "link-7af43944-7d59-44e8-a3ca-c91efa97645c",
            "source": {
                "operatorID": "Dummy-operator-12f096fb-3356-4fe2-bd42-a410bd7e373f",
                "portID": "output-2"
            },
            "target": {
                "operatorID": "Dummy-operator-0e1152d5-aee3-4550-98c7-3a0ca2b58fa8",
                "portID": "input-1"
            }
        },
        {
            "linkID": "link-eed10a4a-36f6-4cd5-8740-db8f622e9b3b",
            "source": {
                "operatorID": "Dummy-operator-0e1152d5-aee3-4550-98c7-3a0ca2b58fa8",
                "portID": "output-1"
            },
            "target": {
                "operatorID": "Dummy-operator-0c2118ad-27f4-4bfb-a961-ce0203e809cf",
                "portID": "input-2"
            }
        },
        {
            "linkID": "link-b155a40a-b947-4b35-b088-d4e51ca42282",
            "source": {
                "operatorID": "Dummy-operator-b36e5cff-b89a-4569-9f26-e2ca3198db99",
                "portID": "output-1"
            },
            "target": {
                "operatorID": "Dummy-operator-253d54b7-7db9-40d1-840b-c89c1f28fbdf",
                "portID": "input-1"
            }
        },
        {
            "linkID": "link-85bd3158-cd43-4b00-89dc-348634b94daa",
            "source": {
                "operatorID": "Dummy-operator-253d54b7-7db9-40d1-840b-c89c1f28fbdf",
                "portID": "output-1"
            },
            "target": {
                "operatorID": "Dummy-operator-526c137a-1887-45c6-bf7e-a213d6a3c17b",
                "portID": "input-1"
            }
        },
        {
            "linkID": "link-6ef177ab-2d37-4db9-a5c5-b49054e774c9",
            "source": {
                "operatorID": "Dummy-operator-76aab42a-865e-4851-93a5-8d28c763793c",
                "portID": "output-1"
            },
            "target": {
                "operatorID": "Dummy-operator-e5746473-a68e-48d1-bf66-743f13d53a94",
                "portID": "input-1"
            }
        },
        {
            "linkID": "link-fd17f3a7-2c88-4b96-bbd2-f128baa4657d",
            "source": {
                "operatorID": "Dummy-operator-885d964e-7988-421f-a589-818460cd9866",
                "portID": "output-1"
            },
            "target": {
                "operatorID": "Dummy-operator-fe381f5b-07b6-4a39-a8ce-cb70a3638e6c",
                "portID": "input-1"
            }
        },
        {
            "linkID": "link-e321b7ef-6cf3-411d-86a3-317ece8f7818",
            "source": {
                "operatorID": "Dummy-operator-33d3583f-eaca-455d-b493-e690770ef828",
                "portID": "output-1"
            },
            "target": {
                "operatorID": "Dummy-operator-7701073d-ed77-47fb-93e5-ba5ca225d060",
                "portID": "input-1"
            }
        },
        {
            "linkID": "link-1e335263-29c7-497f-b973-06aaf9562693",
            "source": {
                "operatorID": "Dummy-operator-fe381f5b-07b6-4a39-a8ce-cb70a3638e6c",
                "portID": "output-1"
            },
            "target": {
                "operatorID": "Dummy-operator-7dab3792-f5fb-4f70-938d-c3bea1f95ee2",
                "portID": "input-1"
            }
        },
        {
            "linkID": "link-d2cd650f-762e-4b35-b62e-ddf9bc265593",
            "source": {
                "operatorID": "Dummy-operator-7701073d-ed77-47fb-93e5-ba5ca225d060",
                "portID": "output-1"
            },
            "target": {
                "operatorID": "Dummy-operator-f335aaf9-fccf-4efd-80df-681ccc75af7d",
                "portID": "input-1"
            }
        },
        {
            "linkID": "link-5da359d2-218d-4133-b4cb-d03f67b48e08",
            "source": {
                "operatorID": "Dummy-operator-f335aaf9-fccf-4efd-80df-681ccc75af7d",
                "portID": "output-2"
            },
            "target": {
                "operatorID": "Dummy-operator-fe381f5b-07b6-4a39-a8ce-cb70a3638e6c",
                "portID": "input-2"
            }
        },
        {
            "linkID": "link-2388cb90-9bc6-45ab-9848-be9d5f99a57b",
            "source": {
                "operatorID": "Dummy-operator-f335aaf9-fccf-4efd-80df-681ccc75af7d",
                "portID": "output-1"
            },
            "target": {
                "operatorID": "Dummy-operator-885d964e-7988-421f-a589-818460cd9866",
                "portID": "input-1"
            }
        },
        {
            "linkID": "link-81296d44-3c60-440c-a40d-28578629231a",
            "source": {
                "operatorID": "Dummy-operator-7dab3792-f5fb-4f70-938d-c3bea1f95ee2",
                "portID": "output-1"
            },
            "target": {
                "operatorID": "Dummy-operator-ce50c7f0-2ec7-4411-9023-6385169894e5",
                "portID": "input-1"
            }
        },
        {
            "linkID": "link-7e7c480e-b565-4023-bfc9-2c509ded7013",
            "source": {
                "operatorID": "Dummy-operator-0c2118ad-27f4-4bfb-a961-ce0203e809cf",
                "portID": "output-1"
            },
            "target": {
                "operatorID": "Dummy-operator-f335aaf9-fccf-4efd-80df-681ccc75af7d",
                "portID": "input-3"
            }
        }
    ],
    "groups": [],
    "breakpoints": {},
    "commentBoxes": [
        {
            "commentBoxID": "commentBox-51e0afd7-31ff-46d8-a178-1ce96f7a7596",
            "comments": [
                {
                    "content": "https://hub.knime.com/knime/extensions/org.knime.features.base/latest/org.knime.base.node.io.filehandling.csv.reader.CSVTableReaderNodeFactory",
                    "creatorName": "Bot",
                    "createorID": 1,
                    "creationTime": "2024-03-08T10:36:49.883Z"
                }
            ],
            "commentBoxPosition": {
                "x": 134.0,
                "y": 487.0
            }
        },
        {
            "commentBoxID": "commentBox-ea0f2ba9-69fc-4f35-bdbe-1f36b14c6955",
            "comments": [
                {
                    "content": "https://hub.knime.com/knime/extensions/org.knime.features.base/latest/org.knime.base.node.io.filehandling.csv.reader.CSVTableReaderNodeFactory",
                    "creatorName": "Bot",
                    "createorID": 1,
                    "creationTime": "2024-03-08T10:36:49.883Z"
                }
            ],
            "commentBoxPosition": {
                "x": 374.0,
                "y": 647.0
            }
        },
        {
            "commentBoxID": "commentBox-e164dacd-6c3e-4895-8d75-b7e37614208a",
            "comments": [
                {
                    "content": "https://hub.knime.com/knime/extensions/org.knime.features.base/latest/org.knime.base.node.io.filehandling.csv.reader.CSVTableReaderNodeFactory",
                    "creatorName": "Bot",
                    "createorID": 1,
                    "creationTime": "2024-03-08T10:36:49.883Z"
                }
            ],
            "commentBoxPosition": {
                "x": 254.0,
                "y": 487.0
            }
        },
        {
            "commentBoxID": "commentBox-f10cd6a2-e0b7-4a03-b8e6-d6b8fe2accba",
            "comments": [
                {
                    "content": "https://hub.knime.com/knime/extensions/org.knime.features.base/latest/org.knime.base.node.io.filehandling.csv.reader.CSVTableReaderNodeFactory",
                    "creatorName": "Bot",
                    "createorID": 1,
                    "creationTime": "2024-03-08T10:36:49.883Z"
                }
            ],
            "commentBoxPosition": {
                "x": 374.0,
                "y": 327.0
            }
        },
        {
            "commentBoxID": "commentBox-1b42fe48-7d8e-43cc-a389-2c8147c2cfb0",
            "comments": [
                {
                    "content": "https://hub.knime.com/knime/extensions/org.knime.features.base/latest/org.knime.base.node.io.filehandling.csv.reader.CSVTableReaderNodeFactory",
                    "creatorName": "Bot",
                    "createorID": 1,
                    "creationTime": "2024-03-08T10:36:49.883Z"
                }
            ],
            "commentBoxPosition": {
                "x": 614.0,
                "y": 327.0
            }
        },
        {
            "commentBoxID": "commentBox-a787f19d-4f0d-4e98-a483-0d701e02e592",
            "comments": [
                {
                    "content": "https://hub.knime.com/knime/extensions/org.knime.features.base/latest/org.knime.base.node.io.filehandling.csv.reader.CSVTableReaderNodeFactory",
                    "creatorName": "Bot",
                    "createorID": 1,
                    "creationTime": "2024-03-08T10:36:49.883Z"
                }
            ],
            "commentBoxPosition": {
                "x": 494.0,
                "y": 647.0
            }
        },
        {
            "commentBoxID": "commentBox-5c8dea93-ea71-4eec-bd68-14af1196127b",
            "comments": [
                {
                    "content": "https://hub.knime.com/knime/extensions/org.knime.features.base/latest/org.knime.base.node.io.filehandling.csv.reader.CSVTableReaderNodeFactory",
                    "creatorName": "Bot",
                    "createorID": 1,
                    "creationTime": "2024-03-08T10:36:49.883Z"
                }
            ],
            "commentBoxPosition": {
                "x": 614.0,
                "y": 647.0
            }
        },
        {
            "commentBoxID": "commentBox-be17f4c9-5343-45a2-93ee-19608c6b2e01",
            "comments": [
                {
                    "content": "https://hub.knime.com/knime/extensions/org.knime.features.base/latest/org.knime.base.node.io.filehandling.csv.reader.CSVTableReaderNodeFactory",
                    "creatorName": "Bot",
                    "createorID": 1,
                    "creationTime": "2024-03-08T10:36:49.883Z"
                }
            ],
            "commentBoxPosition": {
                "x": 134.0,
                "y": 327.0
            }
        },
        {
            "commentBoxID": "commentBox-cf49385d-5acf-4761-b637-0a627a515e52",
            "comments": [
                {
                    "content": "https://hub.knime.com/knime/extensions/org.knime.features.base/latest/org.knime.base.node.io.filehandling.csv.reader.CSVTableReaderNodeFactory",
                    "creatorName": "Bot",
                    "createorID": 1,
                    "creationTime": "2024-03-08T10:36:49.883Z"
                }
            ],
            "commentBoxPosition": {
                "x": 254.0,
                "y": 327.0
            }
        },
        {
            "commentBoxID": "commentBox-f7854e97-5c0a-4590-acbc-d62788bf489f",
            "comments": [
                {
                    "content": "https://hub.knime.com/knime/extensions/org.knime.features.base/latest/org.knime.base.node.io.filehandling.csv.reader.CSVTableReaderNodeFactory",
                    "creatorName": "Bot",
                    "createorID": 1,
                    "creationTime": "2024-03-08T10:36:49.883Z"
                }
            ],
            "commentBoxPosition": {
                "x": 494.0,
                "y": 247.0
            }
        },
        {
            "commentBoxID": "commentBox-24335b72-e567-4cfc-828e-a40bb97680f3",
            "comments": [
                {
                    "content": "https://hub.knime.com/knime/extensions/org.knime.features.base/latest/org.knime.base.node.io.filehandling.csv.reader.CSVTableReaderNodeFactory",
                    "creatorName": "Bot",
                    "createorID": 1,
                    "creationTime": "2024-03-08T10:36:49.883Z"
                }
            ],
            "commentBoxPosition": {
                "x": 1214.0,
                "y": 407.0
            }
        },
        {
            "commentBoxID": "commentBox-cfa91def-82db-48b0-a40e-537ddc36e184",
            "comments": [
                {
                    "content": "https://hub.knime.com/knime/extensions/org.knime.features.base/latest/org.knime.base.node.io.filehandling.csv.reader.CSVTableReaderNodeFactory",
                    "creatorName": "Bot",
                    "createorID": 1,
                    "creationTime": "2024-03-08T10:36:49.883Z"
                }
            ],
            "commentBoxPosition": {
                "x": 854.0,
                "y": 327.0
            }
        },
        {
            "commentBoxID": "commentBox-79e33b2b-e036-437b-acc9-674cb6ba2697",
            "comments": [
                {
                    "content": "https://hub.knime.com/knime/extensions/org.knime.features.base/latest/org.knime.base.node.io.filehandling.csv.reader.CSVTableReaderNodeFactory",
                    "creatorName": "Bot",
                    "createorID": 1,
                    "creationTime": "2024-03-08T10:36:49.883Z"
                }
            ],
            "commentBoxPosition": {
                "x": 1334.0,
                "y": 487.0
            }
        },
        {
            "commentBoxID": "commentBox-350013e1-86dd-4163-b5a1-5c3af51e76ea",
            "comments": [
                {
                    "content": "https://hub.knime.com/knime/extensions/org.knime.features.base/latest/org.knime.base.node.io.filehandling.csv.reader.CSVTableReaderNodeFactory",
                    "creatorName": "Bot",
                    "createorID": 1,
                    "creationTime": "2024-03-08T10:36:49.883Z"
                }
            ],
            "commentBoxPosition": {
                "x": 974.0,
                "y": 327.0
            }
        },
        {
            "commentBoxID": "commentBox-42473704-f0de-4a5d-87b9-983ed3d0a9d2",
            "comments": [
                {
                    "content": "https://hub.knime.com/knime/extensions/org.knime.features.base/latest/org.knime.base.node.io.filehandling.csv.reader.CSVTableReaderNodeFactory",
                    "creatorName": "Bot",
                    "createorID": 1,
                    "creationTime": "2024-03-08T10:36:49.883Z"
                }
            ],
            "commentBoxPosition": {
                "x": 1094.0,
                "y": 487.0
            }
        },
        {
            "commentBoxID": "commentBox-88b04b04-7ddb-411c-a041-b3b64b7957e0",
            "comments": [
                {
                    "content": "https://hub.knime.com/knime/extensions/org.knime.features.base/latest/org.knime.base.node.io.filehandling.csv.reader.CSVTableReaderNodeFactory",
                    "creatorName": "Bot",
                    "createorID": 1,
                    "creationTime": "2024-03-08T10:36:49.883Z"
                }
            ],
            "commentBoxPosition": {
                "x": 1574.0,
                "y": 487.0
            }
        },
        {
            "commentBoxID": "commentBox-907dfd17-eeba-4d3f-8a33-151e6805d168",
            "comments": [
                {
                    "content": "https://hub.knime.com/knime/extensions/org.knime.features.base/latest/org.knime.base.node.io.filehandling.csv.reader.CSVTableReaderNodeFactory",
                    "creatorName": "Bot",
                    "createorID": 1,
                    "creationTime": "2024-03-08T10:36:49.883Z"
                }
            ],
            "commentBoxPosition": {
                "x": 1454.0,
                "y": 487.0
            }
        },
        {
            "commentBoxID": "commentBox-860bf694-eada-46e1-ba6e-9f2366067c74",
            "comments": [
                {
                    "content": "https://hub.knime.com/knime/extensions/org.knime.features.base/latest/org.knime.base.node.io.filehandling.csv.reader.CSVTableReaderNodeFactory",
                    "creatorName": "Bot",
                    "createorID": 1,
                    "creationTime": "2024-03-08T10:36:49.883Z"
                }
            ],
            "commentBoxPosition": {
                "x": 734.0,
                "y": 487.0
            }
        }
    ]
}