{
    "operators": [
        {
            "operatorID": "Dummy-operator-463d74a8-a1f8-4cea-ad28-8fc737d4dda1",
            "operatorType": "Dummy",
            "operatorVersion": "",
            "operatorProperties": {
                "dummyPropertyList": [
                    {
                        "dummyProperty": "Source XML",
                        "dummyValue": "Omitted for license reasons"
                    }
                ]
            },
            "inputPorts": [
                {
                    "portID": "input-0",
                    "displayName": "",
                    "allowMultiInputs": true,
                    "isDynamicPort": true
                }
            ],
            "outputPorts": [
                {
                    "portID": "output-0",
                    "displayName": "",
                    "isDynamicPort": true,
                    "isBlocking": false
                },
                {
                    "portID": "output-1",
                    "displayName": "",
                    "isDynamicPort": true,
                    "isBlocking": false,
                    "materializationSize": 40.3193359375
                }
            ],
            "showAdvanced": false,
            "isDisabled": false,
            "customDisplayName": "CSV Reader",
            "dynamicInputPorts": true,
            "dynamicOutputPorts": true
        },
        {
            "operatorID": "Dummy-operator-bb2f5f7c-7c93-455d-b993-bee6c68047fd",
            "operatorType": "Dummy",
            "operatorVersion": "",
            "operatorProperties": {
                "dummyPropertyList": [
                    {
                        "dummyProperty": "Source XML",
                        "dummyValue": "Omitted for license reasons"
                    }
                ]
            },
            "inputPorts": [
                {
                    "portID": "input-0",
                    "displayName": "",
                    "allowMultiInputs": true,
                    "isDynamicPort": true
                }
            ],
            "outputPorts": [
                {
                    "portID": "output-0",
                    "displayName": "",
                    "isDynamicPort": true,
                    "isBlocking": false
                },
                {
                    "portID": "output-1",
                    "displayName": "",
                    "isDynamicPort": true,
                    "isBlocking": false,
                    "materializationSize": 27.59765625
                }
            ],
            "showAdvanced": false,
            "isDisabled": false,
            "customDisplayName": "CSV Reader",
            "dynamicInputPorts": true,
            "dynamicOutputPorts": true
        },
        {
            "operatorID": "Dummy-operator-02f36361-00e0-4166-a6c7-7ca0a9b2111f",
            "operatorType": "Dummy",
            "operatorVersion": "",
            "operatorProperties": {
                "dummyPropertyList": [
                    {
                        "dummyProperty": "Source XML",
                        "dummyValue": "Omitted for license reasons"
                    }
                ]
            },
            "inputPorts": [
                {
                    "portID": "input-0",
                    "displayName": "",
                    "allowMultiInputs": true,
                    "isDynamicPort": true
                },
                {
                    "portID": "input-1",
                    "displayName": "",
                    "allowMultiInputs": true,
                    "isDynamicPort": true
                }
            ],
            "outputPorts": [
                {
                    "portID": "output-0",
                    "displayName": "",
                    "isDynamicPort": true,
                    "isBlocking": false
                },
                {
                    "portID": "output-1",
                    "displayName": "",
                    "isDynamicPort": true,
                    "isBlocking": false,
                    "materializationSize": 21.4248046875
                }
            ],
            "showAdvanced": false,
            "isDisabled": false,
            "customDisplayName": "String to Date_Time",
            "dynamicInputPorts": true,
            "dynamicOutputPorts": true
        },
        {
            "operatorID": "Dummy-operator-46483571-066a-4eaa-9d7f-59ce875a369b",
            "operatorType": "Dummy",
            "operatorVersion": "",
            "operatorProperties": {
                "dummyPropertyList": [
                    {
                        "dummyProperty": "Source XML",
                        "dummyValue": "Omitted for license reasons"
                    }
                ]
            },
            "inputPorts": [
                {
                    "portID": "input-0",
                    "displayName": "",
                    "allowMultiInputs": true,
                    "isDynamicPort": true
                },
                {
                    "portID": "input-1",
                    "displayName": "",
                    "allowMultiInputs": true,
                    "isDynamicPort": true
                }
            ],
            "outputPorts": [
                {
                    "portID": "output-0",
                    "displayName": "",
                    "isDynamicPort": true,
                    "isBlocking": false
                },
                {
                    "portID": "output-1",
                    "displayName": "",
                    "isDynamicPort": true,
                    "isBlocking": false,
                    "materializationSize": 22.443359375
                }
            ],
            "showAdvanced": false,
            "isDisabled": false,
            "customDisplayName": "Extract Date_Time Fields",
            "dynamicInputPorts": true,
            "dynamicOutputPorts": true
        },
        {
            "operatorID": "Dummy-operator-f2a55977-0833-4973-9812-31673f65bf7f",
            "operatorType": "Dummy",
            "operatorVersion": "",
            "operatorProperties": {
                "dummyPropertyList": [
                    {
                        "dummyProperty": "Source XML",
                        "dummyValue": "Omitted for license reasons"
                    }
                ]
            },
            "inputPorts": [
                {
                    "portID": "input-0",
                    "displayName": "",
                    "allowMultiInputs": true,
                    "isDynamicPort": true
                },
                {
                    "portID": "input-1",
                    "displayName": "",
                    "allowMultiInputs": true,
                    "isDynamicPort": true
                }
            ],
            "outputPorts": [
                {
                    "portID": "output-0",
                    "displayName": "",
                    "isDynamicPort": true,
                    "isBlocking": false
                },
                {
                    "portID": "output-1",
                    "displayName": "",
                    "isDynamicPort": true,
                    "isBlocking": false,
                    "materializationSize": 29.1357421875
                }
            ],
            "showAdvanced": false,
            "isDisabled": false,
            "customDisplayName": "String Manipulation",
            "dynamicInputPorts": true,
            "dynamicOutputPorts": true
        },
        {
            "operatorID": "Dummy-operator-68ac758f-ff47-4986-bfcd-515d0cb73ed1",
            "operatorType": "Dummy",
            "operatorVersion": "",
            "operatorProperties": {
                "dummyPropertyList": [
                    {
                        "dummyProperty": "Source XML",
                        "dummyValue": "Omitted for license reasons"
                    }
                ]
            },
            "inputPorts": [
                {
                    "portID": "input-0",
                    "displayName": "",
                    "allowMultiInputs": true,
                    "isDynamicPort": true
                },
                {
                    "portID": "input-1",
                    "displayName": "",
                    "allowMultiInputs": true,
                    "isDynamicPort": true
                }
            ],
            "outputPorts": [
                {
                    "portID": "output-0",
                    "displayName": "",
                    "isDynamicPort": true,
                    "isBlocking": false
                },
                {
                    "portID": "output-1",
                    "displayName": "",
                    "isDynamicPort": true,
                    "isBlocking": false,
                    "materializationSize": 24.3271484375
                }
            ],
            "showAdvanced": false,
            "isDisabled": false,
            "customDisplayName": "Column Filter",
            "dynamicInputPorts": true,
            "dynamicOutputPorts": true
        }
    ],
    "operatorPositions": {
        "Dummy-operator-463d74a8-a1f8-4cea-ad28-8fc737d4dda1": {
            "x": 84.0,
            "y": 97.0
        },
        "Dummy-operator-bb2f5f7c-7c93-455d-b993-bee6c68047fd": {
            "x": 84.0,
            "y": 237.0
        },
        "Dummy-operator-02f36361-00e0-4166-a6c7-7ca0a9b2111f": {
            "x": 284.0,
            "y": 97.0
        },
        "Dummy-operator-46483571-066a-4eaa-9d7f-59ce875a369b": {
            "x": 464.0,
            "y": 97.0
        },
        "Dummy-operator-f2a55977-0833-4973-9812-31673f65bf7f": {
            "x": 264.0,
            "y": 237.0
        },
        "Dummy-operator-68ac758f-ff47-4986-bfcd-515d0cb73ed1": {
            "x": 504.0,
            "y": 237.0
        }
    },
    "links": [
        {
            "linkID": "link-e318211d-4e56-4dd5-a16f-00f592e0fce5",
            "source": {
                "operatorID": "Dummy-operator-463d74a8-a1f8-4cea-ad28-8fc737d4dda1",
                "portID": "output-1"
            },
            "target": {
                "operatorID": "Dummy-operator-02f36361-00e0-4166-a6c7-7ca0a9b2111f",
                "portID": "input-1"
            }
        },
        {
            "linkID": "link-a6848952-a5f9-48e2-b7a2-7f1b7f55695f",
            "source": {
                "operatorID": "Dummy-operator-bb2f5f7c-7c93-455d-b993-bee6c68047fd",
                "portID": "output-1"
            },
            "target": {
                "operatorID": "Dummy-operator-f2a55977-0833-4973-9812-31673f65bf7f",
                "portID": "input-1"
            }
        },
        {
            "linkID": "link-095f6e21-d22d-4480-9eb0-6add4c22f04a",
            "source": {
                "operatorID": "Dummy-operator-02f36361-00e0-4166-a6c7-7ca0a9b2111f",
                "portID": "output-1"
            },
            "target": {
                "operatorID": "Dummy-operator-46483571-066a-4eaa-9d7f-59ce875a369b",
                "portID": "input-1"
            }
        },
        {
            "linkID": "link-c7b33512-79bf-48a5-8ce8-27ba27dd2ae2",
            "source": {
                "operatorID": "Dummy-operator-f2a55977-0833-4973-9812-31673f65bf7f",
                "portID": "output-1"
            },
            "target": {
                "operatorID": "Dummy-operator-68ac758f-ff47-4986-bfcd-515d0cb73ed1",
                "portID": "input-1"
            }
        }
    ],
    "groups": [],
    "breakpoints": {},
    "commentBoxes": [
        {
            "commentBoxID": "commentBox-fca95084-8100-4699-ab89-324269ef9c49",
            "comments": [
                {
                    "content": "https://hub.knime.com/knime/extensions/org.knime.features.base/latest/org.knime.base.node.io.filehandling.csv.reader.CSVTableReaderNodeFactory",
                    "creatorName": "Bot",
                    "createorID": 1,
                    "creationTime": "2024-03-08T10:36:49.883Z"
                }
            ],
            "commentBoxPosition": {
                "x": 144.0,
                "y": 127.0
            }
        },
        {
            "commentBoxID": "commentBox-273b8078-c03f-4968-940e-840675fe5929",
            "comments": [
                {
                    "content": "https://hub.knime.com/knime/extensions/org.knime.features.base/latest/org.knime.base.node.io.filehandling.csv.reader.CSVTableReaderNodeFactory",
                    "creatorName": "Bot",
                    "createorID": 1,
                    "creationTime": "2024-03-08T10:36:49.883Z"
                }
            ],
            "commentBoxPosition": {
                "x": 144.0,
                "y": 267.0
            }
        },
        {
            "commentBoxID": "commentBox-f915cc36-f8cb-47ab-962b-8b06dbe248d0",
            "comments": [
                {
                    "content": "https://hub.knime.com/knime/extensions/org.knime.features.base/latest/org.knime.base.node.io.filehandling.csv.reader.CSVTableReaderNodeFactory",
                    "creatorName": "Bot",
                    "createorID": 1,
                    "creationTime": "2024-03-08T10:36:49.883Z"
                }
            ],
            "commentBoxPosition": {
                "x": 344.0,
                "y": 127.0
            }
        },
        {
            "commentBoxID": "commentBox-a5202918-190b-430e-9465-0ebc8167cb83",
            "comments": [
                {
                    "content": "https://hub.knime.com/knime/extensions/org.knime.features.base/latest/org.knime.base.node.io.filehandling.csv.reader.CSVTableReaderNodeFactory",
                    "creatorName": "Bot",
                    "createorID": 1,
                    "creationTime": "2024-03-08T10:36:49.883Z"
                }
            ],
            "commentBoxPosition": {
                "x": 524.0,
                "y": 127.0
            }
        },
        {
            "commentBoxID": "commentBox-830a6536-2dde-4419-851e-de5e79e7b023",
            "comments": [
                {
                    "content": "https://hub.knime.com/knime/extensions/org.knime.features.base/latest/org.knime.base.node.io.filehandling.csv.reader.CSVTableReaderNodeFactory",
                    "creatorName": "Bot",
                    "createorID": 1,
                    "creationTime": "2024-03-08T10:36:49.883Z"
                }
            ],
            "commentBoxPosition": {
                "x": 324.0,
                "y": 267.0
            }
        },
        {
            "commentBoxID": "commentBox-f2ecdf19-c143-425e-9fb5-00b2c56f6534",
            "comments": [
                {
                    "content": "https://hub.knime.com/knime/extensions/org.knime.features.base/latest/org.knime.base.node.io.filehandling.csv.reader.CSVTableReaderNodeFactory",
                    "creatorName": "Bot",
                    "createorID": 1,
                    "creationTime": "2024-03-08T10:36:49.883Z"
                }
            ],
            "commentBoxPosition": {
                "x": 564.0,
                "y": 267.0
            }
        }
    ]
}