{
    "operators": [
        {
            "operatorID": "Dummy-operator-e74f1e1a-4bd2-4bbb-9430-f2de71beb1dc",
            "operatorType": "Dummy",
            "operatorVersion": "",
            "operatorProperties": {
                "dummyPropertyList": [
                    {
                        "dummyProperty": "Source XML",
                        "dummyValue": "Omitted for license reasons"
                    }
                ]
            },
            "inputPorts": [
                {
                    "portID": "input-0",
                    "displayName": "",
                    "allowMultiInputs": true,
                    "isDynamicPort": true
                }
            ],
            "outputPorts": [
                {
                    "portID": "output-0",
                    "displayName": "",
                    "isDynamicPort": true,
                    "isBlocking": false
                },
                {
                    "portID": "output-1",
                    "displayName": "",
                    "isDynamicPort": true,
                    "isBlocking": false,
                    "materializationSize": 4.650390625
                }
            ],
            "showAdvanced": false,
            "isDisabled": false,
            "customDisplayName": "Python Script",
            "dynamicInputPorts": true,
            "dynamicOutputPorts": true
        },
        {
            "operatorID": "Dummy-operator-dfacc915-0e58-4ae4-92ea-29429e57afea",
            "operatorType": "Dummy",
            "operatorVersion": "",
            "operatorProperties": {
                "dummyPropertyList": [
                    {
                        "dummyProperty": "Source XML",
                        "dummyValue": "Omitted for license reasons"
                    }
                ]
            },
            "inputPorts": [
                {
                    "portID": "input-0",
                    "displayName": "",
                    "allowMultiInputs": true,
                    "isDynamicPort": true
                },
                {
                    "portID": "input-1",
                    "displayName": "",
                    "allowMultiInputs": true,
                    "isDynamicPort": true
                }
            ],
            "outputPorts": [
                {
                    "portID": "output-0",
                    "displayName": "",
                    "isDynamicPort": true,
                    "isBlocking": false
                },
                {
                    "portID": "output-1",
                    "displayName": "",
                    "isDynamicPort": true,
                    "isBlocking": false,
                    "materializationSize": 7.271484375
                }
            ],
            "showAdvanced": false,
            "isDisabled": false,
            "customDisplayName": "Python Script",
            "dynamicInputPorts": true,
            "dynamicOutputPorts": true
        },
        {
            "operatorID": "Dummy-operator-66b14a44-d12a-4eb8-81be-edc151269353",
            "operatorType": "Dummy",
            "operatorVersion": "",
            "operatorProperties": {
                "dummyPropertyList": [
                    {
                        "dummyProperty": "Source XML",
                        "dummyValue": "Omitted for license reasons"
                    }
                ]
            },
            "inputPorts": [
                {
                    "portID": "input-0",
                    "displayName": "",
                    "allowMultiInputs": true,
                    "isDynamicPort": true
                },
                {
                    "portID": "input-1",
                    "displayName": "",
                    "allowMultiInputs": true,
                    "isDynamicPort": true
                }
            ],
            "outputPorts": [
                {
                    "portID": "output-0",
                    "displayName": "",
                    "isDynamicPort": true,
                    "isBlocking": false
                },
                {
                    "portID": "output-1",
                    "displayName": "",
                    "isDynamicPort": true,
                    "isBlocking": false,
                    "materializationSize": 6.8349609375
                }
            ],
            "showAdvanced": false,
            "isDisabled": false,
            "customDisplayName": "Python Script",
            "dynamicInputPorts": true,
            "dynamicOutputPorts": true
        }
    ],
    "operatorPositions": {
        "Dummy-operator-e74f1e1a-4bd2-4bbb-9430-f2de71beb1dc": {
            "x": 164.0,
            "y": 317.0
        },
        "Dummy-operator-dfacc915-0e58-4ae4-92ea-29429e57afea": {
            "x": 324.0,
            "y": 237.0
        },
        "Dummy-operator-66b14a44-d12a-4eb8-81be-edc151269353": {
            "x": 324.0,
            "y": 357.0
        }
    },
    "links": [
        {
            "linkID": "link-fab5a31d-cf7e-4e13-98d7-2444bc91cb09",
            "source": {
                "operatorID": "Dummy-operator-e74f1e1a-4bd2-4bbb-9430-f2de71beb1dc",
                "portID": "output-1"
            },
            "target": {
                "operatorID": "Dummy-operator-dfacc915-0e58-4ae4-92ea-29429e57afea",
                "portID": "input-1"
            }
        },
        {
            "linkID": "link-9822dc21-d48b-4a36-81d3-37a82c6973bc",
            "source": {
                "operatorID": "Dummy-operator-e74f1e1a-4bd2-4bbb-9430-f2de71beb1dc",
                "portID": "output-1"
            },
            "target": {
                "operatorID": "Dummy-operator-66b14a44-d12a-4eb8-81be-edc151269353",
                "portID": "input-1"
            }
        }
    ],
    "groups": [],
    "breakpoints": {},
    "commentBoxes": [
        {
            "commentBoxID": "commentBox-91dbb4dd-97b2-4e15-95b5-b637883a500a",
            "comments": [
                {
                    "content": "https://hub.knime.com/knime/extensions/org.knime.features.base/latest/org.knime.base.node.io.filehandling.csv.reader.CSVTableReaderNodeFactory",
                    "creatorName": "Bot",
                    "createorID": 1,
                    "creationTime": "2024-03-08T10:36:49.883Z"
                }
            ],
            "commentBoxPosition": {
                "x": 224.0,
                "y": 347.0
            }
        },
        {
            "commentBoxID": "commentBox-b858d37e-7be8-4026-901a-18b6370ae923",
            "comments": [
                {
                    "content": "https://hub.knime.com/knime/extensions/org.knime.features.base/latest/org.knime.base.node.io.filehandling.csv.reader.CSVTableReaderNodeFactory",
                    "creatorName": "Bot",
                    "createorID": 1,
                    "creationTime": "2024-03-08T10:36:49.883Z"
                }
            ],
            "commentBoxPosition": {
                "x": 384.0,
                "y": 267.0
            }
        },
        {
            "commentBoxID": "commentBox-2264469c-1c36-475b-861b-97eca8fae6cf",
            "comments": [
                {
                    "content": "https://hub.knime.com/knime/extensions/org.knime.features.base/latest/org.knime.base.node.io.filehandling.csv.reader.CSVTableReaderNodeFactory",
                    "creatorName": "Bot",
                    "createorID": 1,
                    "creationTime": "2024-03-08T10:36:49.883Z"
                }
            ],
            "commentBoxPosition": {
                "x": 384.0,
                "y": 387.0
            }
        }
    ]
}