{
    "operators": [
        {
            "operatorID": "Dummy-operator-f362f088-2abd-42fb-a159-16132953933b",
            "operatorType": "Dummy",
            "operatorVersion": "",
            "operatorProperties": {
                "dummyPropertyList": [
                    {
                        "dummyProperty": "Source XML",
                        "dummyValue": "Omitted for license reasons"
                    }
                ]
            },
            "inputPorts": [
                {
                    "portID": "input-0",
                    "displayName": "",
                    "allowMultiInputs": true,
                    "isDynamicPort": true
                }
            ],
            "outputPorts": [
                {
                    "portID": "output-0",
                    "displayName": "",
                    "isDynamicPort": true,
                    "isBlocking": true
                },
                {
                    "portID": "output-1",
                    "displayName": "",
                    "isDynamicPort": true,
                    "isBlocking": true,
                    "materializationSize": 4.96875
                }
            ],
            "showAdvanced": false,
            "isDisabled": false,
            "customDisplayName": "Table Creator",
            "dynamicInputPorts": true,
            "dynamicOutputPorts": true
        },
        {
            "operatorID": "Dummy-operator-dde1f204-22f5-43bf-9fbb-1ef5a5c81d2c",
            "operatorType": "Dummy",
            "operatorVersion": "",
            "operatorProperties": {
                "dummyPropertyList": [
                    {
                        "dummyProperty": "Source XML",
                        "dummyValue": "Omitted for license reasons"
                    }
                ]
            },
            "inputPorts": [
                {
                    "portID": "input-0",
                    "displayName": "",
                    "allowMultiInputs": true,
                    "isDynamicPort": true
                },
                {
                    "portID": "input-1",
                    "displayName": "",
                    "allowMultiInputs": true,
                    "isDynamicPort": true
                }
            ],
            "outputPorts": [
                {
                    "portID": "output-0",
                    "displayName": "",
                    "isDynamicPort": true,
                    "isBlocking": false
                },
                {
                    "portID": "output-1",
                    "displayName": "",
                    "isDynamicPort": true,
                    "isBlocking": false,
                    "materializationSize": 11.314453125
                }
            ],
            "showAdvanced": false,
            "isDisabled": false,
            "customDisplayName": "Extract Date_Time Fields",
            "dynamicInputPorts": true,
            "dynamicOutputPorts": true
        },
        {
            "operatorID": "Dummy-operator-342e7454-cc19-4c64-b2a7-ec76c52f429f",
            "operatorType": "Dummy",
            "operatorVersion": "",
            "operatorProperties": {
                "dummyPropertyList": [
                    {
                        "dummyProperty": "Source XML",
                        "dummyValue": "Omitted for license reasons"
                    }
                ]
            },
            "inputPorts": [
                {
                    "portID": "input-0",
                    "displayName": "",
                    "allowMultiInputs": true,
                    "isDynamicPort": true
                },
                {
                    "portID": "input-1",
                    "displayName": "",
                    "allowMultiInputs": true,
                    "isDynamicPort": true
                }
            ],
            "outputPorts": [
                {
                    "portID": "output-0",
                    "displayName": "",
                    "isDynamicPort": true,
                    "isBlocking": false
                },
                {
                    "portID": "output-1",
                    "displayName": "",
                    "isDynamicPort": true,
                    "isBlocking": false,
                    "materializationSize": 13.8173828125
                }
            ],
            "showAdvanced": false,
            "isDisabled": false,
            "customDisplayName": "Extract Date_Time Fields",
            "dynamicInputPorts": true,
            "dynamicOutputPorts": true
        },
        {
            "operatorID": "Dummy-operator-a28d0939-45f2-4675-a5fb-e70aaa25bc83",
            "operatorType": "Dummy",
            "operatorVersion": "",
            "operatorProperties": {
                "dummyPropertyList": [
                    {
                        "dummyProperty": "Source XML",
                        "dummyValue": "Omitted for license reasons"
                    }
                ]
            },
            "inputPorts": [
                {
                    "portID": "input-0",
                    "displayName": "",
                    "allowMultiInputs": true,
                    "isDynamicPort": true
                },
                {
                    "portID": "input-1",
                    "displayName": "",
                    "allowMultiInputs": true,
                    "isDynamicPort": true
                }
            ],
            "outputPorts": [
                {
                    "portID": "output-0",
                    "displayName": "",
                    "isDynamicPort": true,
                    "isBlocking": false
                },
                {
                    "portID": "output-1",
                    "displayName": "",
                    "isDynamicPort": true,
                    "isBlocking": false,
                    "materializationSize": 15.0419921875
                }
            ],
            "showAdvanced": false,
            "isDisabled": false,
            "customDisplayName": "Date_Time Difference",
            "dynamicInputPorts": true,
            "dynamicOutputPorts": true
        },
        {
            "operatorID": "Dummy-operator-9efc668c-9c73-413c-a0b2-14946f40df0b",
            "operatorType": "Dummy",
            "operatorVersion": "",
            "operatorProperties": {
                "dummyPropertyList": [
                    {
                        "dummyProperty": "Source XML",
                        "dummyValue": "Omitted for license reasons"
                    }
                ]
            },
            "inputPorts": [
                {
                    "portID": "input-0",
                    "displayName": "",
                    "allowMultiInputs": true,
                    "isDynamicPort": true
                },
                {
                    "portID": "input-1",
                    "displayName": "",
                    "allowMultiInputs": true,
                    "isDynamicPort": true
                }
            ],
            "outputPorts": [
                {
                    "portID": "output-0",
                    "displayName": "",
                    "isDynamicPort": true,
                    "isBlocking": false
                },
                {
                    "portID": "output-1",
                    "displayName": "",
                    "isDynamicPort": true,
                    "isBlocking": false,
                    "materializationSize": 16.2626953125
                }
            ],
            "showAdvanced": false,
            "isDisabled": false,
            "customDisplayName": "Date_Time Difference",
            "dynamicInputPorts": true,
            "dynamicOutputPorts": true
        },
        {
            "operatorID": "Dummy-operator-503129cb-dfb1-4bc0-b808-cb64abb17ee0",
            "operatorType": "Dummy",
            "operatorVersion": "",
            "operatorProperties": {
                "dummyPropertyList": [
                    {
                        "dummyProperty": "Source XML",
                        "dummyValue": "Omitted for license reasons"
                    }
                ]
            },
            "inputPorts": [
                {
                    "portID": "input-0",
                    "displayName": "",
                    "allowMultiInputs": true,
                    "isDynamicPort": true
                },
                {
                    "portID": "input-1",
                    "displayName": "",
                    "allowMultiInputs": true,
                    "isDynamicPort": true
                }
            ],
            "outputPorts": [
                {
                    "portID": "output-0",
                    "displayName": "",
                    "isDynamicPort": true,
                    "isBlocking": false
                },
                {
                    "portID": "output-1",
                    "displayName": "",
                    "isDynamicPort": true,
                    "isBlocking": false,
                    "materializationSize": 17.501953125
                }
            ],
            "showAdvanced": false,
            "isDisabled": false,
            "customDisplayName": "Math Formula",
            "dynamicInputPorts": true,
            "dynamicOutputPorts": true
        },
        {
            "operatorID": "Dummy-operator-d2863dfd-de8a-4029-9b72-839273004618",
            "operatorType": "Dummy",
            "operatorVersion": "",
            "operatorProperties": {
                "dummyPropertyList": [
                    {
                        "dummyProperty": "Source XML",
                        "dummyValue": "Omitted for license reasons"
                    }
                ]
            },
            "inputPorts": [
                {
                    "portID": "input-0",
                    "displayName": "",
                    "allowMultiInputs": true,
                    "isDynamicPort": true
                }
            ],
            "outputPorts": [
                {
                    "portID": "output-0",
                    "displayName": "",
                    "isDynamicPort": true,
                    "isBlocking": false
                },
                {
                    "portID": "output-1",
                    "displayName": "",
                    "isDynamicPort": true,
                    "isBlocking": true,
                    "materializationSize": 0.28125
                }
            ],
            "showAdvanced": false,
            "isDisabled": false,
            "customDisplayName": "Variable Creator",
            "dynamicInputPorts": true,
            "dynamicOutputPorts": true
        },
        {
            "operatorID": "Dummy-operator-34e54fd5-3e1e-4298-8ca0-455d38398608",
            "operatorType": "Dummy",
            "operatorVersion": "",
            "operatorProperties": {
                "dummyPropertyList": [
                    {
                        "dummyProperty": "Source XML",
                        "dummyValue": "Omitted for license reasons"
                    }
                ]
            },
            "inputPorts": [
                {
                    "portID": "input-0",
                    "displayName": "",
                    "allowMultiInputs": true,
                    "isDynamicPort": true
                },
                {
                    "portID": "input-1",
                    "displayName": "",
                    "allowMultiInputs": true,
                    "isDynamicPort": true
                }
            ],
            "outputPorts": [
                {
                    "portID": "output-0",
                    "displayName": "",
                    "isDynamicPort": true,
                    "isBlocking": false
                },
                {
                    "portID": "output-1",
                    "displayName": "",
                    "isDynamicPort": true,
                    "isBlocking": true,
                    "materializationSize": 0.28125
                }
            ],
            "showAdvanced": false,
            "isDisabled": false,
            "customDisplayName": "Math Formula _Variable_",
            "dynamicInputPorts": true,
            "dynamicOutputPorts": true
        },
        {
            "operatorID": "Dummy-operator-36664da3-38eb-444e-b4a9-878a41bd7b76",
            "operatorType": "Dummy",
            "operatorVersion": "",
            "operatorProperties": {
                "dummyPropertyList": [
                    {
                        "dummyProperty": "Source XML",
                        "dummyValue": "Omitted for license reasons"
                    }
                ]
            },
            "inputPorts": [
                {
                    "portID": "input-0",
                    "displayName": "",
                    "allowMultiInputs": true,
                    "isDynamicPort": true
                },
                {
                    "portID": "input-1",
                    "displayName": "",
                    "allowMultiInputs": true,
                    "isDynamicPort": true
                }
            ],
            "outputPorts": [
                {
                    "portID": "output-0",
                    "displayName": "",
                    "isDynamicPort": true,
                    "isBlocking": false
                },
                {
                    "portID": "output-1",
                    "displayName": "",
                    "isDynamicPort": true,
                    "isBlocking": false,
                    "materializationSize": 14.0458984375
                }
            ],
            "showAdvanced": false,
            "isDisabled": false,
            "customDisplayName": "Column Rename",
            "dynamicInputPorts": true,
            "dynamicOutputPorts": true
        },
        {
            "operatorID": "Dummy-operator-4883edcd-0778-4fcf-af2a-be98c354d4cc",
            "operatorType": "Dummy",
            "operatorVersion": "",
            "operatorProperties": {
                "dummyPropertyList": [
                    {
                        "dummyProperty": "Source XML",
                        "dummyValue": "Omitted for license reasons"
                    }
                ]
            },
            "inputPorts": [
                {
                    "portID": "input-0",
                    "displayName": "",
                    "allowMultiInputs": true,
                    "isDynamicPort": true
                },
                {
                    "portID": "input-1",
                    "displayName": "",
                    "allowMultiInputs": true,
                    "isDynamicPort": true
                }
            ],
            "outputPorts": [
                {
                    "portID": "output-0",
                    "displayName": "",
                    "isDynamicPort": true,
                    "isBlocking": false
                },
                {
                    "portID": "output-1",
                    "displayName": "",
                    "isDynamicPort": true,
                    "isBlocking": false,
                    "materializationSize": 18.7412109375
                }
            ],
            "showAdvanced": false,
            "isDisabled": false,
            "customDisplayName": "Math Formula",
            "dynamicInputPorts": true,
            "dynamicOutputPorts": true
        },
        {
            "operatorID": "Dummy-operator-0ada822f-ff02-47b9-a769-7dcb1c335f88",
            "operatorType": "Dummy",
            "operatorVersion": "",
            "operatorProperties": {
                "dummyPropertyList": [
                    {
                        "dummyProperty": "Source XML",
                        "dummyValue": "Omitted for license reasons"
                    }
                ]
            },
            "inputPorts": [
                {
                    "portID": "input-0",
                    "displayName": "",
                    "allowMultiInputs": true,
                    "isDynamicPort": true
                },
                {
                    "portID": "input-1",
                    "displayName": "",
                    "allowMultiInputs": true,
                    "isDynamicPort": true
                }
            ],
            "outputPorts": [
                {
                    "portID": "output-0",
                    "displayName": "",
                    "isDynamicPort": true,
                    "isBlocking": false
                },
                {
                    "portID": "output-1",
                    "displayName": "",
                    "isDynamicPort": true,
                    "isBlocking": false,
                    "materializationSize": 23.80859375
                }
            ],
            "showAdvanced": false,
            "isDisabled": false,
            "customDisplayName": "Column Expressions",
            "dynamicInputPorts": true,
            "dynamicOutputPorts": true
        },
        {
            "operatorID": "Dummy-operator-3941677f-6ffc-462f-862a-b8d09d336dac",
            "operatorType": "Dummy",
            "operatorVersion": "",
            "operatorProperties": {
                "dummyPropertyList": [
                    {
                        "dummyProperty": "Source XML",
                        "dummyValue": "Omitted for license reasons"
                    }
                ]
            },
            "inputPorts": [
                {
                    "portID": "input-0",
                    "displayName": "",
                    "allowMultiInputs": true,
                    "isDynamicPort": true
                },
                {
                    "portID": "input-1",
                    "displayName": "",
                    "allowMultiInputs": true,
                    "isDynamicPort": true
                }
            ],
            "outputPorts": [
                {
                    "portID": "output-0",
                    "displayName": "",
                    "isDynamicPort": true,
                    "isBlocking": false
                },
                {
                    "portID": "output-1",
                    "displayName": "",
                    "isDynamicPort": true,
                    "isBlocking": false,
                    "materializationSize": 8.873046875
                }
            ],
            "showAdvanced": false,
            "isDisabled": false,
            "customDisplayName": "Modify Time",
            "dynamicInputPorts": true,
            "dynamicOutputPorts": true
        },
        {
            "operatorID": "Dummy-operator-3ce13e9e-8b7d-4b7c-8420-229594aaf9b7",
            "operatorType": "Dummy",
            "operatorVersion": "",
            "operatorProperties": {
                "dummyPropertyList": [
                    {
                        "dummyProperty": "Source XML",
                        "dummyValue": "Omitted for license reasons"
                    }
                ]
            },
            "inputPorts": [
                {
                    "portID": "input-0",
                    "displayName": "",
                    "allowMultiInputs": true,
                    "isDynamicPort": true
                },
                {
                    "portID": "input-1",
                    "displayName": "",
                    "allowMultiInputs": true,
                    "isDynamicPort": true
                }
            ],
            "outputPorts": [
                {
                    "portID": "output-0",
                    "displayName": "",
                    "isDynamicPort": true,
                    "isBlocking": false
                },
                {
                    "portID": "output-1",
                    "displayName": "",
                    "isDynamicPort": true,
                    "isBlocking": false,
                    "materializationSize": 5.9345703125
                }
            ],
            "showAdvanced": false,
            "isDisabled": false,
            "customDisplayName": "Column Filter",
            "dynamicInputPorts": true,
            "dynamicOutputPorts": true
        }
    ],
    "operatorPositions": {
        "Dummy-operator-f362f088-2abd-42fb-a159-16132953933b": {
            "x": 84.0,
            "y": 217.0
        },
        "Dummy-operator-dde1f204-22f5-43bf-9fbb-1ef5a5c81d2c": {
            "x": 264.0,
            "y": 217.0
        },
        "Dummy-operator-342e7454-cc19-4c64-b2a7-ec76c52f429f": {
            "x": 384.0,
            "y": 217.0
        },
        "Dummy-operator-a28d0939-45f2-4675-a5fb-e70aaa25bc83": {
            "x": 484.0,
            "y": 217.0
        },
        "Dummy-operator-9efc668c-9c73-413c-a0b2-14946f40df0b": {
            "x": 564.0,
            "y": 217.0
        },
        "Dummy-operator-503129cb-dfb1-4bc0-b808-cb64abb17ee0": {
            "x": 764.0,
            "y": 217.0
        },
        "Dummy-operator-d2863dfd-de8a-4029-9b72-839273004618": {
            "x": 84.0,
            "y": 57.0
        },
        "Dummy-operator-34e54fd5-3e1e-4298-8ca0-455d38398608": {
            "x": 184.0,
            "y": 57.0
        },
        "Dummy-operator-36664da3-38eb-444e-b4a9-878a41bd7b76": {
            "x": 664.0,
            "y": 217.0
        },
        "Dummy-operator-4883edcd-0778-4fcf-af2a-be98c354d4cc": {
            "x": 884.0,
            "y": 217.0
        },
        "Dummy-operator-0ada822f-ff02-47b9-a769-7dcb1c335f88": {
            "x": 1004.0,
            "y": 217.0
        },
        "Dummy-operator-3941677f-6ffc-462f-862a-b8d09d336dac": {
            "x": 164.0,
            "y": 217.0
        },
        "Dummy-operator-3ce13e9e-8b7d-4b7c-8420-229594aaf9b7": {
            "x": 1104.0,
            "y": 217.0
        }
    },
    "links": [
        {
            "linkID": "link-27eadda7-6b54-4a95-b039-fd01b468a2ec",
            "source": {
                "operatorID": "Dummy-operator-f362f088-2abd-42fb-a159-16132953933b",
                "portID": "output-1"
            },
            "target": {
                "operatorID": "Dummy-operator-3941677f-6ffc-462f-862a-b8d09d336dac",
                "portID": "input-1"
            }
        },
        {
            "linkID": "link-7700de43-7abf-41b8-b73d-3905e33f28c6",
            "source": {
                "operatorID": "Dummy-operator-dde1f204-22f5-43bf-9fbb-1ef5a5c81d2c",
                "portID": "output-1"
            },
            "target": {
                "operatorID": "Dummy-operator-342e7454-cc19-4c64-b2a7-ec76c52f429f",
                "portID": "input-1"
            }
        },
        {
            "linkID": "link-141d3ee6-7d10-41f0-aaca-ea8edcf80691",
            "source": {
                "operatorID": "Dummy-operator-342e7454-cc19-4c64-b2a7-ec76c52f429f",
                "portID": "output-1"
            },
            "target": {
                "operatorID": "Dummy-operator-a28d0939-45f2-4675-a5fb-e70aaa25bc83",
                "portID": "input-1"
            }
        },
        {
            "linkID": "link-6bc2f930-fbf7-4bc8-91f3-be24dd09ac76",
            "source": {
                "operatorID": "Dummy-operator-a28d0939-45f2-4675-a5fb-e70aaa25bc83",
                "portID": "output-1"
            },
            "target": {
                "operatorID": "Dummy-operator-9efc668c-9c73-413c-a0b2-14946f40df0b",
                "portID": "input-1"
            }
        },
        {
            "linkID": "link-cd637c53-84a0-4152-9d0e-c4e7afbec999",
            "source": {
                "operatorID": "Dummy-operator-9efc668c-9c73-413c-a0b2-14946f40df0b",
                "portID": "output-1"
            },
            "target": {
                "operatorID": "Dummy-operator-36664da3-38eb-444e-b4a9-878a41bd7b76",
                "portID": "input-1"
            }
        },
        {
            "linkID": "link-ff2e49e6-cbad-4abc-8ef2-96137e6b827b",
            "source": {
                "operatorID": "Dummy-operator-503129cb-dfb1-4bc0-b808-cb64abb17ee0",
                "portID": "output-1"
            },
            "target": {
                "operatorID": "Dummy-operator-4883edcd-0778-4fcf-af2a-be98c354d4cc",
                "portID": "input-1"
            }
        },
        {
            "linkID": "link-ecb793f1-8092-48b2-9fac-dbb590368606",
            "source": {
                "operatorID": "Dummy-operator-d2863dfd-de8a-4029-9b72-839273004618",
                "portID": "output-1"
            },
            "target": {
                "operatorID": "Dummy-operator-34e54fd5-3e1e-4298-8ca0-455d38398608",
                "portID": "input-1"
            }
        },
        {
            "linkID": "link-414b348d-10d0-47a3-b19a-40e83b13eb82",
            "source": {
                "operatorID": "Dummy-operator-34e54fd5-3e1e-4298-8ca0-455d38398608",
                "portID": "output-1"
            },
            "target": {
                "operatorID": "Dummy-operator-f362f088-2abd-42fb-a159-16132953933b",
                "portID": "input-0"
            }
        },
        {
            "linkID": "link-a2616608-4b98-432b-8969-9cf1023c1217",
            "source": {
                "operatorID": "Dummy-operator-36664da3-38eb-444e-b4a9-878a41bd7b76",
                "portID": "output-1"
            },
            "target": {
                "operatorID": "Dummy-operator-503129cb-dfb1-4bc0-b808-cb64abb17ee0",
                "portID": "input-1"
            }
        },
        {
            "linkID": "link-30e79e9e-4f35-4936-90dc-0cb1dfdff3f4",
            "source": {
                "operatorID": "Dummy-operator-4883edcd-0778-4fcf-af2a-be98c354d4cc",
                "portID": "output-1"
            },
            "target": {
                "operatorID": "Dummy-operator-0ada822f-ff02-47b9-a769-7dcb1c335f88",
                "portID": "input-1"
            }
        },
        {
            "linkID": "link-91af9d7e-f40b-4a92-9301-0b262cf185cd",
            "source": {
                "operatorID": "Dummy-operator-0ada822f-ff02-47b9-a769-7dcb1c335f88",
                "portID": "output-1"
            },
            "target": {
                "operatorID": "Dummy-operator-3ce13e9e-8b7d-4b7c-8420-229594aaf9b7",
                "portID": "input-1"
            }
        },
        {
            "linkID": "link-51389a6e-2673-49e3-a8e6-47462aa8e80a",
            "source": {
                "operatorID": "Dummy-operator-3941677f-6ffc-462f-862a-b8d09d336dac",
                "portID": "output-1"
            },
            "target": {
                "operatorID": "Dummy-operator-dde1f204-22f5-43bf-9fbb-1ef5a5c81d2c",
                "portID": "input-1"
            }
        }
    ],
    "groups": [],
    "breakpoints": {},
    "commentBoxes": [
        {
            "commentBoxID": "commentBox-f70481f5-e353-437b-ba47-e6f9a4081363",
            "comments": [
                {
                    "content": "https://hub.knime.com/knime/extensions/org.knime.features.base/latest/org.knime.base.node.io.filehandling.csv.reader.CSVTableReaderNodeFactory",
                    "creatorName": "Bot",
                    "createorID": 1,
                    "creationTime": "2024-03-08T10:36:49.883Z"
                }
            ],
            "commentBoxPosition": {
                "x": 144.0,
                "y": 247.0
            }
        },
        {
            "commentBoxID": "commentBox-331cf1c5-6af3-4b3b-8a40-5fe8449560a8",
            "comments": [
                {
                    "content": "https://hub.knime.com/knime/extensions/org.knime.features.base/latest/org.knime.base.node.io.filehandling.csv.reader.CSVTableReaderNodeFactory",
                    "creatorName": "Bot",
                    "createorID": 1,
                    "creationTime": "2024-03-08T10:36:49.883Z"
                }
            ],
            "commentBoxPosition": {
                "x": 324.0,
                "y": 247.0
            }
        },
        {
            "commentBoxID": "commentBox-f95c416f-ac5b-494b-bd45-863fd9fd2db2",
            "comments": [
                {
                    "content": "https://hub.knime.com/knime/extensions/org.knime.features.base/latest/org.knime.base.node.io.filehandling.csv.reader.CSVTableReaderNodeFactory",
                    "creatorName": "Bot",
                    "createorID": 1,
                    "creationTime": "2024-03-08T10:36:49.883Z"
                }
            ],
            "commentBoxPosition": {
                "x": 444.0,
                "y": 247.0
            }
        },
        {
            "commentBoxID": "commentBox-a2578f46-e9e4-4de5-b5e9-b915f842b723",
            "comments": [
                {
                    "content": "https://hub.knime.com/knime/extensions/org.knime.features.base/latest/org.knime.base.node.io.filehandling.csv.reader.CSVTableReaderNodeFactory",
                    "creatorName": "Bot",
                    "createorID": 1,
                    "creationTime": "2024-03-08T10:36:49.883Z"
                }
            ],
            "commentBoxPosition": {
                "x": 544.0,
                "y": 247.0
            }
        },
        {
            "commentBoxID": "commentBox-b122e111-c3ea-4ec5-9e21-392d5e414e25",
            "comments": [
                {
                    "content": "https://hub.knime.com/knime/extensions/org.knime.features.base/latest/org.knime.base.node.io.filehandling.csv.reader.CSVTableReaderNodeFactory",
                    "creatorName": "Bot",
                    "createorID": 1,
                    "creationTime": "2024-03-08T10:36:49.883Z"
                }
            ],
            "commentBoxPosition": {
                "x": 624.0,
                "y": 247.0
            }
        },
        {
            "commentBoxID": "commentBox-1faeb0e6-a8dd-45ae-b73d-dc4f158ba36a",
            "comments": [
                {
                    "content": "https://hub.knime.com/knime/extensions/org.knime.features.base/latest/org.knime.base.node.io.filehandling.csv.reader.CSVTableReaderNodeFactory",
                    "creatorName": "Bot",
                    "createorID": 1,
                    "creationTime": "2024-03-08T10:36:49.883Z"
                }
            ],
            "commentBoxPosition": {
                "x": 824.0,
                "y": 247.0
            }
        },
        {
            "commentBoxID": "commentBox-0af54214-1b0b-4ff2-95dc-0e4e45f63e82",
            "comments": [
                {
                    "content": "https://hub.knime.com/knime/extensions/org.knime.features.base/latest/org.knime.base.node.io.filehandling.csv.reader.CSVTableReaderNodeFactory",
                    "creatorName": "Bot",
                    "createorID": 1,
                    "creationTime": "2024-03-08T10:36:49.883Z"
                }
            ],
            "commentBoxPosition": {
                "x": 144.0,
                "y": 87.0
            }
        },
        {
            "commentBoxID": "commentBox-ffec1581-a48f-42a4-ab8e-e3061b57c672",
            "comments": [
                {
                    "content": "https://hub.knime.com/knime/extensions/org.knime.features.base/latest/org.knime.base.node.io.filehandling.csv.reader.CSVTableReaderNodeFactory",
                    "creatorName": "Bot",
                    "createorID": 1,
                    "creationTime": "2024-03-08T10:36:49.883Z"
                }
            ],
            "commentBoxPosition": {
                "x": 244.0,
                "y": 87.0
            }
        },
        {
            "commentBoxID": "commentBox-0b2d121a-a03b-477f-bcad-9d636fb2d0a6",
            "comments": [
                {
                    "content": "https://hub.knime.com/knime/extensions/org.knime.features.base/latest/org.knime.base.node.io.filehandling.csv.reader.CSVTableReaderNodeFactory",
                    "creatorName": "Bot",
                    "createorID": 1,
                    "creationTime": "2024-03-08T10:36:49.883Z"
                }
            ],
            "commentBoxPosition": {
                "x": 724.0,
                "y": 247.0
            }
        },
        {
            "commentBoxID": "commentBox-9543c16c-2738-44fa-99a8-469062ce2a36",
            "comments": [
                {
                    "content": "https://hub.knime.com/knime/extensions/org.knime.features.base/latest/org.knime.base.node.io.filehandling.csv.reader.CSVTableReaderNodeFactory",
                    "creatorName": "Bot",
                    "createorID": 1,
                    "creationTime": "2024-03-08T10:36:49.883Z"
                }
            ],
            "commentBoxPosition": {
                "x": 944.0,
                "y": 247.0
            }
        },
        {
            "commentBoxID": "commentBox-355e0d9d-3161-435e-ac4f-a9ffe0cb194c",
            "comments": [
                {
                    "content": "https://hub.knime.com/knime/extensions/org.knime.features.base/latest/org.knime.base.node.io.filehandling.csv.reader.CSVTableReaderNodeFactory",
                    "creatorName": "Bot",
                    "createorID": 1,
                    "creationTime": "2024-03-08T10:36:49.883Z"
                }
            ],
            "commentBoxPosition": {
                "x": 1064.0,
                "y": 247.0
            }
        },
        {
            "commentBoxID": "commentBox-a583a0e3-938b-4012-bf1e-5aa7b8b325a0",
            "comments": [
                {
                    "content": "https://hub.knime.com/knime/extensions/org.knime.features.base/latest/org.knime.base.node.io.filehandling.csv.reader.CSVTableReaderNodeFactory",
                    "creatorName": "Bot",
                    "createorID": 1,
                    "creationTime": "2024-03-08T10:36:49.883Z"
                }
            ],
            "commentBoxPosition": {
                "x": 224.0,
                "y": 247.0
            }
        },
        {
            "commentBoxID": "commentBox-896114b6-c476-46e5-8bd5-f6f4582675c8",
            "comments": [
                {
                    "content": "https://hub.knime.com/knime/extensions/org.knime.features.base/latest/org.knime.base.node.io.filehandling.csv.reader.CSVTableReaderNodeFactory",
                    "creatorName": "Bot",
                    "createorID": 1,
                    "creationTime": "2024-03-08T10:36:49.883Z"
                }
            ],
            "commentBoxPosition": {
                "x": 1164.0,
                "y": 247.0
            }
        }
    ]
}