{
    "operators": [
        {
            "operatorID": "Dummy-operator-67949955-9722-49a7-aaa0-f715da72197f",
            "operatorType": "Dummy",
            "operatorVersion": "",
            "operatorProperties": {
                "dummyPropertyList": [
                    {
                        "dummyProperty": "Source XML",
                        "dummyValue": "Omitted for license reasons"
                    }
                ]
            },
            "inputPorts": [
                {
                    "portID": "input-0",
                    "displayName": "",
                    "allowMultiInputs": true,
                    "isDynamicPort": true
                },
                {
                    "portID": "input-1",
                    "displayName": "",
                    "allowMultiInputs": true,
                    "isDynamicPort": true
                },
                {
                    "portID": "input-2",
                    "displayName": "",
                    "allowMultiInputs": true,
                    "isDynamicPort": true
                }
            ],
            "outputPorts": [
                {
                    "portID": "output-0",
                    "displayName": "",
                    "isDynamicPort": true,
                    "isBlocking": false
                },
                {
                    "portID": "output-1",
                    "displayName": "",
                    "isDynamicPort": true,
                    "isBlocking": false,
                    "materializationSize": 157.861328125
                }
            ],
            "showAdvanced": false,
            "isDisabled": false,
            "customDisplayName": "Naive Bayes Predictor",
            "dynamicInputPorts": true,
            "dynamicOutputPorts": true
        },
        {
            "operatorID": "Dummy-operator-3365aca2-9ff1-4627-9be3-2c96f6d4d14b",
            "operatorType": "Dummy",
            "operatorVersion": "",
            "operatorProperties": {
                "dummyPropertyList": [
                    {
                        "dummyProperty": "Source XML",
                        "dummyValue": "Omitted for license reasons"
                    }
                ]
            },
            "inputPorts": [
                {
                    "portID": "input-0",
                    "displayName": "",
                    "allowMultiInputs": true,
                    "isDynamicPort": true
                },
                {
                    "portID": "input-1",
                    "displayName": "",
                    "allowMultiInputs": true,
                    "isDynamicPort": true
                }
            ],
            "outputPorts": [
                {
                    "portID": "output-0",
                    "displayName": "",
                    "isDynamicPort": true,
                    "isBlocking": true
                },
                {
                    "portID": "output-1",
                    "displayName": "",
                    "isDynamicPort": true,
                    "isBlocking": true,
                    "materializationSize": 1734.8662109375
                },
                {
                    "portID": "output-2",
                    "displayName": "",
                    "isDynamicPort": true,
                    "isBlocking": true,
                    "materializationSize": 786.375
                }
            ],
            "showAdvanced": false,
            "isDisabled": false,
            "customDisplayName": "Partitioning",
            "dynamicInputPorts": true,
            "dynamicOutputPorts": true
        },
        {
            "operatorID": "Dummy-operator-ad4edcac-e9fb-451a-94de-e26740ff532f",
            "operatorType": "Dummy",
            "operatorVersion": "",
            "operatorProperties": {
                "dummyPropertyList": [
                    {
                        "dummyProperty": "Source XML",
                        "dummyValue": "Omitted for license reasons"
                    }
                ]
            },
            "inputPorts": [
                {
                    "portID": "input-0",
                    "displayName": "",
                    "allowMultiInputs": true,
                    "isDynamicPort": true
                },
                {
                    "portID": "input-1",
                    "displayName": "",
                    "allowMultiInputs": true,
                    "isDynamicPort": true
                }
            ],
            "outputPorts": [
                {
                    "portID": "output-0",
                    "displayName": "",
                    "isDynamicPort": true,
                    "isBlocking": false
                },
                {
                    "portID": "output-1",
                    "displayName": "",
                    "isDynamicPort": true,
                    "isBlocking": false,
                    "materializationSize": 9.8154296875
                },
                {
                    "portID": "output-2",
                    "displayName": "",
                    "isDynamicPort": true,
                    "isBlocking": true,
                    "materializationSize": 1.4111328125
                }
            ],
            "showAdvanced": false,
            "isDisabled": false,
            "customDisplayName": "Color Manager",
            "dynamicInputPorts": true,
            "dynamicOutputPorts": true
        },
        {
            "operatorID": "Dummy-operator-a5ef3a27-f07f-4e97-985c-2a32b65eb777",
            "operatorType": "Dummy",
            "operatorVersion": "",
            "operatorProperties": {
                "dummyPropertyList": [
                    {
                        "dummyProperty": "Source XML",
                        "dummyValue": "Omitted for license reasons"
                    }
                ]
            },
            "inputPorts": [
                {
                    "portID": "input-0",
                    "displayName": "",
                    "allowMultiInputs": true,
                    "isDynamicPort": true
                },
                {
                    "portID": "input-1",
                    "displayName": "",
                    "allowMultiInputs": true,
                    "isDynamicPort": true
                }
            ],
            "outputPorts": [
                {
                    "portID": "output-0",
                    "displayName": "",
                    "isDynamicPort": true,
                    "isBlocking": true
                },
                {
                    "portID": "output-1",
                    "displayName": "",
                    "isDynamicPort": true,
                    "isBlocking": true,
                    "materializationSize": 3.9150390625
                },
                {
                    "portID": "output-2",
                    "displayName": "",
                    "isDynamicPort": true,
                    "isBlocking": true,
                    "materializationSize": 14.5576171875
                }
            ],
            "showAdvanced": false,
            "isDisabled": false,
            "customDisplayName": "Scorer",
            "dynamicInputPorts": true,
            "dynamicOutputPorts": true
        },
        {
            "operatorID": "Dummy-operator-c0aea747-09c2-480e-8bd6-0d20e3e74d4c",
            "operatorType": "Dummy",
            "operatorVersion": "",
            "operatorProperties": {
                "dummyPropertyList": [
                    {
                        "dummyProperty": "Source XML",
                        "dummyValue": "Omitted for license reasons"
                    }
                ]
            },
            "inputPorts": [
                {
                    "portID": "input-0",
                    "displayName": "",
                    "allowMultiInputs": true,
                    "isDynamicPort": true
                }
            ],
            "outputPorts": [
                {
                    "portID": "output-0",
                    "displayName": "",
                    "isDynamicPort": true,
                    "isBlocking": false
                },
                {
                    "portID": "output-1",
                    "displayName": "",
                    "isDynamicPort": true,
                    "isBlocking": false,
                    "materializationSize": 72.724609375
                }
            ],
            "showAdvanced": false,
            "isDisabled": false,
            "customDisplayName": "File Reader",
            "dynamicInputPorts": true,
            "dynamicOutputPorts": true
        },
        {
            "operatorID": "Dummy-operator-832d20b5-128b-4b77-a877-d97a792ccf53",
            "operatorType": "Dummy",
            "operatorVersion": "",
            "operatorProperties": {
                "dummyPropertyList": [
                    {
                        "dummyProperty": "Source XML",
                        "dummyValue": "Omitted for license reasons"
                    }
                ]
            },
            "inputPorts": [
                {
                    "portID": "input-0",
                    "displayName": "",
                    "allowMultiInputs": true,
                    "isDynamicPort": true
                },
                {
                    "portID": "input-1",
                    "displayName": "",
                    "allowMultiInputs": true,
                    "isDynamicPort": true
                }
            ],
            "outputPorts": [
                {
                    "portID": "output-0",
                    "displayName": "",
                    "isDynamicPort": true,
                    "isBlocking": false
                },
                {
                    "portID": "output-1",
                    "displayName": "",
                    "isDynamicPort": true,
                    "isBlocking": true,
                    "materializationSize": 3.048828125
                },
                {
                    "portID": "output-2",
                    "displayName": "",
                    "isDynamicPort": true,
                    "isBlocking": false,
                    "materializationSize": 10.7275390625
                }
            ],
            "showAdvanced": false,
            "isDisabled": false,
            "customDisplayName": "Naive Bayes Learner",
            "dynamicInputPorts": true,
            "dynamicOutputPorts": true
        },
        {
            "operatorID": "Dummy-operator-4a0eaeca-cb5e-458d-a5a2-f3d501cef900",
            "operatorType": "Dummy",
            "operatorVersion": "",
            "operatorProperties": {
                "dummyPropertyList": [
                    {
                        "dummyProperty": "Source XML",
                        "dummyValue": "Omitted for license reasons"
                    }
                ]
            },
            "inputPorts": [
                {
                    "portID": "input-0",
                    "displayName": "",
                    "allowMultiInputs": true,
                    "isDynamicPort": true
                }
            ],
            "outputPorts": [
                {
                    "portID": "output-0",
                    "displayName": "",
                    "isDynamicPort": true,
                    "isBlocking": false
                },
                {
                    "portID": "output-1",
                    "displayName": "",
                    "isDynamicPort": true,
                    "isBlocking": false,
                    "materializationSize": 8332.7802734375
                }
            ],
            "showAdvanced": false,
            "isDisabled": false,
            "customDisplayName": "File Reader",
            "dynamicInputPorts": true,
            "dynamicOutputPorts": true
        },
        {
            "operatorID": "Dummy-operator-28e919af-fa25-4b08-9b0c-4283e79fdb73",
            "operatorType": "Dummy",
            "operatorVersion": "",
            "operatorProperties": {
                "dummyPropertyList": [
                    {
                        "dummyProperty": "Source XML",
                        "dummyValue": "Omitted for license reasons"
                    }
                ]
            },
            "inputPorts": [
                {
                    "portID": "input-0",
                    "displayName": "",
                    "allowMultiInputs": true,
                    "isDynamicPort": true
                },
                {
                    "portID": "input-1",
                    "displayName": "",
                    "allowMultiInputs": true,
                    "isDynamicPort": true
                },
                {
                    "portID": "input-2",
                    "displayName": "",
                    "allowMultiInputs": true,
                    "isDynamicPort": true
                }
            ],
            "outputPorts": [
                {
                    "portID": "output-0",
                    "displayName": "",
                    "isDynamicPort": true,
                    "isBlocking": true
                },
                {
                    "portID": "output-1",
                    "displayName": "",
                    "isDynamicPort": true,
                    "isBlocking": true,
                    "materializationSize": 9804.318359375
                },
                {
                    "portID": "output-2",
                    "displayName": "",
                    "isDynamicPort": true,
                    "isBlocking": true,
                    "materializationSize": 0.28125
                },
                {
                    "portID": "output-3",
                    "displayName": "",
                    "isDynamicPort": true,
                    "isBlocking": true,
                    "materializationSize": 0.28125
                }
            ],
            "showAdvanced": false,
            "isDisabled": false,
            "customDisplayName": "Joiner",
            "dynamicInputPorts": true,
            "dynamicOutputPorts": true
        },
        {
            "operatorID": "Dummy-operator-19cc936c-4f71-4410-bedc-6a7fbb7e5a40",
            "operatorType": "Dummy",
            "operatorVersion": "",
            "operatorProperties": {
                "dummyPropertyList": [
                    {
                        "dummyProperty": "Source XML",
                        "dummyValue": "Omitted for license reasons"
                    }
                ]
            },
            "inputPorts": [
                {
                    "portID": "input-0",
                    "displayName": "",
                    "allowMultiInputs": true,
                    "isDynamicPort": true
                },
                {
                    "portID": "input-1",
                    "displayName": "",
                    "allowMultiInputs": true,
                    "isDynamicPort": true
                }
            ],
            "outputPorts": [
                {
                    "portID": "output-0",
                    "displayName": "",
                    "isDynamicPort": true,
                    "isBlocking": false
                },
                {
                    "portID": "output-1",
                    "displayName": "",
                    "isDynamicPort": true,
                    "isBlocking": false,
                    "materializationSize": 8.3916015625
                }
            ],
            "showAdvanced": false,
            "isDisabled": false,
            "customDisplayName": "Column Filter",
            "dynamicInputPorts": true,
            "dynamicOutputPorts": true
        },
        {
            "operatorID": "Dummy-operator-f6a84ab8-cd21-48bb-b3fd-8fd59a7317f8",
            "operatorType": "Dummy",
            "operatorVersion": "",
            "operatorProperties": {
                "dummyPropertyList": [
                    {
                        "dummyProperty": "Source XML",
                        "dummyValue": "Omitted for license reasons"
                    }
                ]
            },
            "inputPorts": [
                {
                    "portID": "input-0",
                    "displayName": "",
                    "allowMultiInputs": true,
                    "isDynamicPort": true
                },
                {
                    "portID": "input-1",
                    "displayName": "",
                    "allowMultiInputs": true,
                    "isDynamicPort": true
                }
            ],
            "outputPorts": [
                {
                    "portID": "output-0",
                    "displayName": "",
                    "isDynamicPort": true,
                    "isBlocking": false
                }
            ],
            "showAdvanced": false,
            "isDisabled": false,
            "customDisplayName": "Histogram",
            "dynamicInputPorts": true,
            "dynamicOutputPorts": true
        }
    ],
    "operatorPositions": {
        "Dummy-operator-67949955-9722-49a7-aaa0-f715da72197f": {
            "x": 335.0,
            "y": -821.0
        },
        "Dummy-operator-3365aca2-9ff1-4627-9be3-2c96f6d4d14b": {
            "x": 65.0,
            "y": -831.0
        },
        "Dummy-operator-ad4edcac-e9fb-451a-94de-e26740ff532f": {
            "x": -110.0,
            "y": -836.0
        },
        "Dummy-operator-a5ef3a27-f07f-4e97-985c-2a32b65eb777": {
            "x": 500.0,
            "y": -826.0
        },
        "Dummy-operator-c0aea747-09c2-480e-8bd6-0d20e3e74d4c": {
            "x": -590.0,
            "y": -846.0
        },
        "Dummy-operator-832d20b5-128b-4b77-a877-d97a792ccf53": {
            "x": 190.0,
            "y": -926.0
        },
        "Dummy-operator-4a0eaeca-cb5e-458d-a5a2-f3d501cef900": {
            "x": -595.0,
            "y": -976.0
        },
        "Dummy-operator-28e919af-fa25-4b08-9b0c-4283e79fdb73": {
            "x": -395.0,
            "y": -911.0
        },
        "Dummy-operator-19cc936c-4f71-4410-bedc-6a7fbb7e5a40": {
            "x": -245.0,
            "y": -916.0
        },
        "Dummy-operator-f6a84ab8-cd21-48bb-b3fd-8fd59a7317f8": {
            "x": 10.0,
            "y": -971.0
        }
    },
    "links": [
        {
            "linkID": "link-c81ed725-2499-4d7e-9f5d-e3b3119ef3f7",
            "source": {
                "operatorID": "Dummy-operator-67949955-9722-49a7-aaa0-f715da72197f",
                "portID": "output-1"
            },
            "target": {
                "operatorID": "Dummy-operator-a5ef3a27-f07f-4e97-985c-2a32b65eb777",
                "portID": "input-1"
            }
        },
        {
            "linkID": "link-d21ed4ef-9f76-495d-9a8c-947d42805d47",
            "source": {
                "operatorID": "Dummy-operator-3365aca2-9ff1-4627-9be3-2c96f6d4d14b",
                "portID": "output-1"
            },
            "target": {
                "operatorID": "Dummy-operator-832d20b5-128b-4b77-a877-d97a792ccf53",
                "portID": "input-1"
            }
        },
        {
            "linkID": "link-e0c21a2a-2838-47fe-9570-68d3804492b1",
            "source": {
                "operatorID": "Dummy-operator-3365aca2-9ff1-4627-9be3-2c96f6d4d14b",
                "portID": "output-2"
            },
            "target": {
                "operatorID": "Dummy-operator-67949955-9722-49a7-aaa0-f715da72197f",
                "portID": "input-2"
            }
        },
        {
            "linkID": "link-200c7c2c-28f4-40da-85f2-e3207a1e769f",
            "source": {
                "operatorID": "Dummy-operator-ad4edcac-e9fb-451a-94de-e26740ff532f",
                "portID": "output-1"
            },
            "target": {
                "operatorID": "Dummy-operator-3365aca2-9ff1-4627-9be3-2c96f6d4d14b",
                "portID": "input-1"
            }
        },
        {
            "linkID": "link-0fe579aa-cb18-48b7-be12-2eed5ba5278b",
            "source": {
                "operatorID": "Dummy-operator-ad4edcac-e9fb-451a-94de-e26740ff532f",
                "portID": "output-1"
            },
            "target": {
                "operatorID": "Dummy-operator-f6a84ab8-cd21-48bb-b3fd-8fd59a7317f8",
                "portID": "input-1"
            }
        },
        {
            "linkID": "link-aeaa8b73-4c6c-438b-a086-6a2f811b0dc5",
            "source": {
                "operatorID": "Dummy-operator-c0aea747-09c2-480e-8bd6-0d20e3e74d4c",
                "portID": "output-1"
            },
            "target": {
                "operatorID": "Dummy-operator-28e919af-fa25-4b08-9b0c-4283e79fdb73",
                "portID": "input-2"
            }
        },
        {
            "linkID": "link-091cd781-83f3-4d06-801b-6150283c09b6",
            "source": {
                "operatorID": "Dummy-operator-832d20b5-128b-4b77-a877-d97a792ccf53",
                "portID": "output-1"
            },
            "target": {
                "operatorID": "Dummy-operator-67949955-9722-49a7-aaa0-f715da72197f",
                "portID": "input-1"
            }
        },
        {
            "linkID": "link-3e045a94-b64f-4d9d-8d0f-609535591d3f",
            "source": {
                "operatorID": "Dummy-operator-4a0eaeca-cb5e-458d-a5a2-f3d501cef900",
                "portID": "output-1"
            },
            "target": {
                "operatorID": "Dummy-operator-28e919af-fa25-4b08-9b0c-4283e79fdb73",
                "portID": "input-1"
            }
        },
        {
            "linkID": "link-9858b49f-7b99-4636-843a-76c7afd1c882",
            "source": {
                "operatorID": "Dummy-operator-28e919af-fa25-4b08-9b0c-4283e79fdb73",
                "portID": "output-1"
            },
            "target": {
                "operatorID": "Dummy-operator-19cc936c-4f71-4410-bedc-6a7fbb7e5a40",
                "portID": "input-1"
            }
        },
        {
            "linkID": "link-0fd73a81-779a-458a-97cb-a17059e6c9a8",
            "source": {
                "operatorID": "Dummy-operator-19cc936c-4f71-4410-bedc-6a7fbb7e5a40",
                "portID": "output-1"
            },
            "target": {
                "operatorID": "Dummy-operator-ad4edcac-e9fb-451a-94de-e26740ff532f",
                "portID": "input-1"
            }
        }
    ],
    "groups": [],
    "breakpoints": {},
    "commentBoxes": [
        {
            "commentBoxID": "commentBox-43e26e41-ba28-4807-9c06-fb3f58f0d006",
            "comments": [
                {
                    "content": "https://hub.knime.com/knime/extensions/org.knime.features.base/latest/org.knime.base.node.io.filehandling.csv.reader.CSVTableReaderNodeFactory",
                    "creatorName": "Bot",
                    "createorID": 1,
                    "creationTime": "2024-03-08T10:36:49.883Z"
                }
            ],
            "commentBoxPosition": {
                "x": 395.0,
                "y": -791.0
            }
        },
        {
            "commentBoxID": "commentBox-6d7be286-cd66-43fe-8486-68a960be463b",
            "comments": [
                {
                    "content": "https://hub.knime.com/knime/extensions/org.knime.features.base/latest/org.knime.base.node.io.filehandling.csv.reader.CSVTableReaderNodeFactory",
                    "creatorName": "Bot",
                    "createorID": 1,
                    "creationTime": "2024-03-08T10:36:49.883Z"
                }
            ],
            "commentBoxPosition": {
                "x": 125.0,
                "y": -801.0
            }
        },
        {
            "commentBoxID": "commentBox-59604b27-f8c2-4c37-bb4a-ce00789f3e9e",
            "comments": [
                {
                    "content": "https://hub.knime.com/knime/extensions/org.knime.features.base/latest/org.knime.base.node.io.filehandling.csv.reader.CSVTableReaderNodeFactory",
                    "creatorName": "Bot",
                    "createorID": 1,
                    "creationTime": "2024-03-08T10:36:49.883Z"
                }
            ],
            "commentBoxPosition": {
                "x": -50.0,
                "y": -806.0
            }
        },
        {
            "commentBoxID": "commentBox-e4ee0ea9-bca9-4827-ae64-c8b8db91cdad",
            "comments": [
                {
                    "content": "https://hub.knime.com/knime/extensions/org.knime.features.base/latest/org.knime.base.node.io.filehandling.csv.reader.CSVTableReaderNodeFactory",
                    "creatorName": "Bot",
                    "createorID": 1,
                    "creationTime": "2024-03-08T10:36:49.883Z"
                }
            ],
            "commentBoxPosition": {
                "x": 560.0,
                "y": -796.0
            }
        },
        {
            "commentBoxID": "commentBox-fff61239-0ca1-4cae-b646-b46394c9b8a3",
            "comments": [
                {
                    "content": "https://hub.knime.com/knime/extensions/org.knime.features.base/latest/org.knime.base.node.io.filehandling.csv.reader.CSVTableReaderNodeFactory",
                    "creatorName": "Bot",
                    "createorID": 1,
                    "creationTime": "2024-03-08T10:36:49.883Z"
                }
            ],
            "commentBoxPosition": {
                "x": -530.0,
                "y": -816.0
            }
        },
        {
            "commentBoxID": "commentBox-3b21e978-6d34-4512-ac05-67a9e87cf15a",
            "comments": [
                {
                    "content": "https://hub.knime.com/knime/extensions/org.knime.features.base/latest/org.knime.base.node.io.filehandling.csv.reader.CSVTableReaderNodeFactory",
                    "creatorName": "Bot",
                    "createorID": 1,
                    "creationTime": "2024-03-08T10:36:49.883Z"
                }
            ],
            "commentBoxPosition": {
                "x": 250.0,
                "y": -896.0
            }
        },
        {
            "commentBoxID": "commentBox-c0b990ec-255e-437e-8052-a26f2a79ecf0",
            "comments": [
                {
                    "content": "https://hub.knime.com/knime/extensions/org.knime.features.base/latest/org.knime.base.node.io.filehandling.csv.reader.CSVTableReaderNodeFactory",
                    "creatorName": "Bot",
                    "createorID": 1,
                    "creationTime": "2024-03-08T10:36:49.883Z"
                }
            ],
            "commentBoxPosition": {
                "x": -535.0,
                "y": -946.0
            }
        },
        {
            "commentBoxID": "commentBox-da424020-a639-47c2-aab6-707c716dfeb3",
            "comments": [
                {
                    "content": "https://hub.knime.com/knime/extensions/org.knime.features.base/latest/org.knime.base.node.io.filehandling.csv.reader.CSVTableReaderNodeFactory",
                    "creatorName": "Bot",
                    "createorID": 1,
                    "creationTime": "2024-03-08T10:36:49.883Z"
                }
            ],
            "commentBoxPosition": {
                "x": -335.0,
                "y": -881.0
            }
        },
        {
            "commentBoxID": "commentBox-5d71670e-ee58-4a51-a577-086693ad9a16",
            "comments": [
                {
                    "content": "https://hub.knime.com/knime/extensions/org.knime.features.base/latest/org.knime.base.node.io.filehandling.csv.reader.CSVTableReaderNodeFactory",
                    "creatorName": "Bot",
                    "createorID": 1,
                    "creationTime": "2024-03-08T10:36:49.883Z"
                }
            ],
            "commentBoxPosition": {
                "x": -185.0,
                "y": -886.0
            }
        },
        {
            "commentBoxID": "commentBox-00180038-d205-4ef0-86b3-90ef9d98286f",
            "comments": [
                {
                    "content": "https://hub.knime.com/knime/extensions/org.knime.features.base/latest/org.knime.base.node.io.filehandling.csv.reader.CSVTableReaderNodeFactory",
                    "creatorName": "Bot",
                    "createorID": 1,
                    "creationTime": "2024-03-08T10:36:49.883Z"
                }
            ],
            "commentBoxPosition": {
                "x": 70.0,
                "y": -941.0
            }
        }
    ]
}