{
    "operators": [
        {
            "operatorID": "Dummy-operator-8406046c-0bfe-48a1-807b-69ddb8f22cc5",
            "operatorType": "Dummy",
            "operatorVersion": "",
            "operatorProperties": {
                "dummyPropertyList": [
                    {
                        "dummyProperty": "Source XML",
                        "dummyValue": "Omitted for license reasons"
                    }
                ]
            },
            "inputPorts": [
                {
                    "portID": "input-0",
                    "displayName": "",
                    "allowMultiInputs": true,
                    "isDynamicPort": true
                }
            ],
            "outputPorts": [
                {
                    "portID": "output-0",
                    "displayName": "",
                    "isDynamicPort": true,
                    "isBlocking": false
                },
                {
                    "portID": "output-1",
                    "displayName": "",
                    "isDynamicPort": true,
                    "isBlocking": false
                }
            ],
            "showAdvanced": false,
            "isDisabled": false,
            "customDisplayName": "List Files_Folders",
            "dynamicInputPorts": true,
            "dynamicOutputPorts": true
        },
        {
            "operatorID": "Dummy-operator-3f271581-cff1-470f-a37e-5c1a3d164807",
            "operatorType": "Dummy",
            "operatorVersion": "",
            "operatorProperties": {
                "dummyPropertyList": [
                    {
                        "dummyProperty": "Source XML",
                        "dummyValue": "Omitted for license reasons"
                    }
                ]
            },
            "inputPorts": [
                {
                    "portID": "input-0",
                    "displayName": "",
                    "allowMultiInputs": true,
                    "isDynamicPort": true
                },
                {
                    "portID": "input-1",
                    "displayName": "",
                    "allowMultiInputs": true,
                    "isDynamicPort": true
                }
            ],
            "outputPorts": [
                {
                    "portID": "output-0",
                    "displayName": "",
                    "isDynamicPort": true,
                    "isBlocking": false
                },
                {
                    "portID": "output-1",
                    "displayName": "",
                    "isDynamicPort": true,
                    "isBlocking": false
                }
            ],
            "showAdvanced": false,
            "isDisabled": false,
            "customDisplayName": "Image Reader _Table_",
            "dynamicInputPorts": true,
            "dynamicOutputPorts": true
        },
        {
            "operatorID": "Dummy-operator-7eedb17a-41bf-4a1b-8d67-74659381336d",
            "operatorType": "Dummy",
            "operatorVersion": "",
            "operatorProperties": {
                "dummyPropertyList": [
                    {
                        "dummyProperty": "Source XML",
                        "dummyValue": "Omitted for license reasons"
                    }
                ]
            },
            "inputPorts": [
                {
                    "portID": "input-0",
                    "displayName": "",
                    "allowMultiInputs": true,
                    "isDynamicPort": true
                },
                {
                    "portID": "input-1",
                    "displayName": "",
                    "allowMultiInputs": true,
                    "isDynamicPort": true
                }
            ],
            "outputPorts": [
                {
                    "portID": "output-0",
                    "displayName": "",
                    "isDynamicPort": true,
                    "isBlocking": true
                },
                {
                    "portID": "output-1",
                    "displayName": "",
                    "isDynamicPort": true,
                    "isBlocking": true
                }
            ],
            "showAdvanced": false,
            "isDisabled": false,
            "customDisplayName": "Sorter",
            "dynamicInputPorts": true,
            "dynamicOutputPorts": true
        },
        {
            "operatorID": "Dummy-operator-01cd0739-6e6a-4fa4-8d35-5e3b231cf7b5",
            "operatorType": "Dummy",
            "operatorVersion": "",
            "operatorProperties": {
                "dummyPropertyList": [
                    {
                        "dummyProperty": "Source XML",
                        "dummyValue": "Omitted for license reasons"
                    }
                ]
            },
            "inputPorts": [
                {
                    "portID": "input-0",
                    "displayName": "",
                    "allowMultiInputs": true,
                    "isDynamicPort": true
                },
                {
                    "portID": "input-1",
                    "displayName": "",
                    "allowMultiInputs": true,
                    "isDynamicPort": true
                }
            ],
            "outputPorts": [
                {
                    "portID": "output-0",
                    "displayName": "",
                    "isDynamicPort": true,
                    "isBlocking": false
                },
                {
                    "portID": "output-1",
                    "displayName": "",
                    "isDynamicPort": true,
                    "isBlocking": false
                }
            ],
            "showAdvanced": false,
            "isDisabled": false,
            "customDisplayName": "Rule Engine",
            "dynamicInputPorts": true,
            "dynamicOutputPorts": true
        },
        {
            "operatorID": "Dummy-operator-1b84a3a9-f9d7-4cef-b12b-09cd40ced66b",
            "operatorType": "Dummy",
            "operatorVersion": "",
            "operatorProperties": {
                "dummyPropertyList": [
                    {
                        "dummyProperty": "Source XML",
                        "dummyValue": "Omitted for license reasons"
                    }
                ]
            },
            "inputPorts": [
                {
                    "portID": "input-0",
                    "displayName": "",
                    "allowMultiInputs": true,
                    "isDynamicPort": true
                },
                {
                    "portID": "input-1",
                    "displayName": "",
                    "allowMultiInputs": true,
                    "isDynamicPort": true
                }
            ],
            "outputPorts": [
                {
                    "portID": "output-0",
                    "displayName": "",
                    "isDynamicPort": true,
                    "isBlocking": false
                },
                {
                    "portID": "output-1",
                    "displayName": "",
                    "isDynamicPort": true,
                    "isBlocking": false
                }
            ],
            "showAdvanced": false,
            "isDisabled": false,
            "customDisplayName": "Path to String",
            "dynamicInputPorts": true,
            "dynamicOutputPorts": true
        },
        {
            "operatorID": "Dummy-operator-239890df-da60-4d05-b237-bef6aa605f0e",
            "operatorType": "Dummy",
            "operatorVersion": "",
            "operatorProperties": {
                "dummyPropertyList": [
                    {
                        "dummyProperty": "Source XML",
                        "dummyValue": "Omitted for license reasons"
                    }
                ]
            },
            "inputPorts": [
                {
                    "portID": "input-0",
                    "displayName": "",
                    "allowMultiInputs": true,
                    "isDynamicPort": true
                },
                {
                    "portID": "input-1",
                    "displayName": "",
                    "allowMultiInputs": true,
                    "isDynamicPort": true
                }
            ],
            "outputPorts": [
                {
                    "portID": "output-0",
                    "displayName": "",
                    "isDynamicPort": true,
                    "isBlocking": false
                },
                {
                    "portID": "output-1",
                    "displayName": "",
                    "isDynamicPort": true,
                    "isBlocking": false
                }
            ],
            "showAdvanced": false,
            "isDisabled": false,
            "customDisplayName": "Image Resizer",
            "dynamicInputPorts": true,
            "dynamicOutputPorts": true
        },
        {
            "operatorID": "Dummy-operator-c93165c5-d054-45c6-9a2e-2b7b4ea87218",
            "operatorType": "Dummy",
            "operatorVersion": "",
            "operatorProperties": {
                "dummyPropertyList": [
                    {
                        "dummyProperty": "Source XML",
                        "dummyValue": "Omitted for license reasons"
                    }
                ]
            },
            "inputPorts": [
                {
                    "portID": "input-0",
                    "displayName": "",
                    "allowMultiInputs": true,
                    "isDynamicPort": true
                },
                {
                    "portID": "input-1",
                    "displayName": "",
                    "allowMultiInputs": true,
                    "isDynamicPort": true
                },
                {
                    "portID": "input-2",
                    "displayName": "",
                    "allowMultiInputs": true,
                    "isDynamicPort": true
                }
            ],
            "outputPorts": [
                {
                    "portID": "output-0",
                    "displayName": "",
                    "isDynamicPort": true,
                    "isBlocking": false
                },
                {
                    "portID": "output-1",
                    "displayName": "",
                    "isDynamicPort": true,
                    "isBlocking": false
                }
            ],
            "showAdvanced": false,
            "isDisabled": false,
            "customDisplayName": "Column Appender",
            "dynamicInputPorts": true,
            "dynamicOutputPorts": true
        },
        {
            "operatorID": "Dummy-operator-7a98ec30-c787-4215-b23d-99e3a0417262",
            "operatorType": "Dummy",
            "operatorVersion": "",
            "operatorProperties": {
                "dummyPropertyList": [
                    {
                        "dummyProperty": "Source XML",
                        "dummyValue": "Omitted for license reasons"
                    }
                ]
            },
            "inputPorts": [
                {
                    "portID": "input-0",
                    "displayName": "",
                    "allowMultiInputs": true,
                    "isDynamicPort": true
                },
                {
                    "portID": "input-1",
                    "displayName": "",
                    "allowMultiInputs": true,
                    "isDynamicPort": true
                }
            ],
            "outputPorts": [
                {
                    "portID": "output-0",
                    "displayName": "",
                    "isDynamicPort": true,
                    "isBlocking": false
                },
                {
                    "portID": "output-1",
                    "displayName": "",
                    "isDynamicPort": true,
                    "isBlocking": false
                }
            ],
            "showAdvanced": false,
            "isDisabled": false,
            "customDisplayName": "Create Collection Column",
            "dynamicInputPorts": true,
            "dynamicOutputPorts": true
        },
        {
            "operatorID": "Dummy-operator-955fe98c-32b3-4d39-b97c-07928af57ccf",
            "operatorType": "Dummy",
            "operatorVersion": "",
            "operatorProperties": {
                "dummyPropertyList": [
                    {
                        "dummyProperty": "Source XML",
                        "dummyValue": "Omitted for license reasons"
                    }
                ]
            },
            "inputPorts": [
                {
                    "portID": "input-0",
                    "displayName": "",
                    "allowMultiInputs": true,
                    "isDynamicPort": true
                },
                {
                    "portID": "input-1",
                    "displayName": "",
                    "allowMultiInputs": true,
                    "isDynamicPort": true
                }
            ],
            "outputPorts": [
                {
                    "portID": "output-0",
                    "displayName": "",
                    "isDynamicPort": true,
                    "isBlocking": false
                },
                {
                    "portID": "output-1",
                    "displayName": "",
                    "isDynamicPort": true,
                    "isBlocking": false
                }
            ],
            "showAdvanced": false,
            "isDisabled": false,
            "customDisplayName": "Image Calculator",
            "dynamicInputPorts": true,
            "dynamicOutputPorts": true
        },
        {
            "operatorID": "Dummy-operator-3657b04d-5b91-4b36-bb5e-1560e1b7aa9b",
            "operatorType": "Dummy",
            "operatorVersion": "",
            "operatorProperties": {
                "dummyPropertyList": [
                    {
                        "dummyProperty": "Source XML",
                        "dummyValue": "Omitted for license reasons"
                    }
                ]
            },
            "inputPorts": [
                {
                    "portID": "input-0",
                    "displayName": "",
                    "allowMultiInputs": true,
                    "isDynamicPort": true
                },
                {
                    "portID": "input-1",
                    "displayName": "",
                    "allowMultiInputs": true,
                    "isDynamicPort": true
                }
            ],
            "outputPorts": [
                {
                    "portID": "output-0",
                    "displayName": "",
                    "isDynamicPort": true,
                    "isBlocking": false
                },
                {
                    "portID": "output-1",
                    "displayName": "",
                    "isDynamicPort": true,
                    "isBlocking": false
                }
            ],
            "showAdvanced": false,
            "isDisabled": false,
            "customDisplayName": "Row Sampling",
            "dynamicInputPorts": true,
            "dynamicOutputPorts": true
        },
        {
            "operatorID": "Dummy-operator-7233c63a-105e-4709-a3dc-f13fe4b5d228",
            "operatorType": "Dummy",
            "operatorVersion": "",
            "operatorProperties": {
                "dummyPropertyList": [
                    {
                        "dummyProperty": "Source XML",
                        "dummyValue": "Omitted for license reasons"
                    }
                ]
            },
            "inputPorts": [
                {
                    "portID": "input-0",
                    "displayName": "",
                    "allowMultiInputs": true,
                    "isDynamicPort": true
                },
                {
                    "portID": "input-1",
                    "displayName": "",
                    "allowMultiInputs": true,
                    "isDynamicPort": true
                },
                {
                    "portID": "input-2",
                    "displayName": "",
                    "allowMultiInputs": true,
                    "isDynamicPort": true
                }
            ],
            "outputPorts": [
                {
                    "portID": "output-0",
                    "displayName": "",
                    "isDynamicPort": true,
                    "isBlocking": false
                },
                {
                    "portID": "output-1",
                    "displayName": "",
                    "isDynamicPort": true,
                    "isBlocking": false
                }
            ],
            "showAdvanced": false,
            "isDisabled": false,
            "customDisplayName": "Column Appender",
            "dynamicInputPorts": true,
            "dynamicOutputPorts": true
        },
        {
            "operatorID": "Dummy-operator-b092eadc-109f-4e22-b252-ae3da3d7023d",
            "operatorType": "Dummy",
            "operatorVersion": "",
            "operatorProperties": {
                "dummyPropertyList": [
                    {
                        "dummyProperty": "Source XML",
                        "dummyValue": "Omitted for license reasons"
                    }
                ]
            },
            "inputPorts": [
                {
                    "portID": "input-0",
                    "displayName": "",
                    "allowMultiInputs": true,
                    "isDynamicPort": true
                },
                {
                    "portID": "input-1",
                    "displayName": "",
                    "allowMultiInputs": true,
                    "isDynamicPort": true
                }
            ],
            "outputPorts": [
                {
                    "portID": "output-0",
                    "displayName": "",
                    "isDynamicPort": true,
                    "isBlocking": true
                },
                {
                    "portID": "output-1",
                    "displayName": "",
                    "isDynamicPort": true,
                    "isBlocking": true
                }
            ],
            "showAdvanced": false,
            "isDisabled": false,
            "customDisplayName": "Table Manipulator",
            "dynamicInputPorts": true,
            "dynamicOutputPorts": true
        },
        {
            "operatorID": "Dummy-operator-3869b9eb-0897-4c7f-ba94-ed628b618610",
            "operatorType": "Dummy",
            "operatorVersion": "",
            "operatorProperties": {
                "dummyPropertyList": [
                    {
                        "dummyProperty": "Source XML",
                        "dummyValue": "Omitted for license reasons"
                    }
                ]
            },
            "inputPorts": [
                {
                    "portID": "input-0",
                    "displayName": "",
                    "allowMultiInputs": true,
                    "isDynamicPort": true
                },
                {
                    "portID": "input-1",
                    "displayName": "",
                    "allowMultiInputs": true,
                    "isDynamicPort": true
                }
            ],
            "outputPorts": [
                {
                    "portID": "output-0",
                    "displayName": "",
                    "isDynamicPort": true,
                    "isBlocking": false
                },
                {
                    "portID": "output-1",
                    "displayName": "",
                    "isDynamicPort": true,
                    "isBlocking": false
                },
                {
                    "portID": "output-2",
                    "displayName": "",
                    "isDynamicPort": true,
                    "isBlocking": false
                }
            ],
            "showAdvanced": false,
            "isDisabled": false,
            "customDisplayName": "Category To Number",
            "dynamicInputPorts": true,
            "dynamicOutputPorts": true
        }
    ],
    "operatorPositions": {
        "Dummy-operator-8406046c-0bfe-48a1-807b-69ddb8f22cc5": {
            "x": 84.0,
            "y": 237.0
        },
        "Dummy-operator-3f271581-cff1-470f-a37e-5c1a3d164807": {
            "x": 724.0,
            "y": 237.0
        },
        "Dummy-operator-7eedb17a-41bf-4a1b-8d67-74659381336d": {
            "x": 184.0,
            "y": 237.0
        },
        "Dummy-operator-01cd0739-6e6a-4fa4-8d35-5e3b231cf7b5": {
            "x": 384.0,
            "y": 117.0
        },
        "Dummy-operator-1b84a3a9-f9d7-4cef-b12b-09cd40ced66b": {
            "x": 284.0,
            "y": 237.0
        },
        "Dummy-operator-239890df-da60-4d05-b237-bef6aa605f0e": {
            "x": 924.0,
            "y": 317.0
        },
        "Dummy-operator-c93165c5-d054-45c6-9a2e-2b7b4ea87218": {
            "x": 1044.0,
            "y": 77.0
        },
        "Dummy-operator-7a98ec30-c787-4215-b23d-99e3a0417262": {
            "x": 1284.0,
            "y": 77.0
        },
        "Dummy-operator-955fe98c-32b3-4d39-b97c-07928af57ccf": {
            "x": 1024.0,
            "y": 317.0
        },
        "Dummy-operator-3657b04d-5b91-4b36-bb5e-1560e1b7aa9b": {
            "x": 604.0,
            "y": 237.0
        },
        "Dummy-operator-7233c63a-105e-4709-a3dc-f13fe4b5d228": {
            "x": 484.0,
            "y": 237.0
        },
        "Dummy-operator-b092eadc-109f-4e22-b252-ae3da3d7023d": {
            "x": 1404.0,
            "y": 77.0
        },
        "Dummy-operator-3869b9eb-0897-4c7f-ba94-ed628b618610": {
            "x": 1164.0,
            "y": 77.0
        }
    },
    "links": [
        {
            "linkID": "link-2169e26e-fbf3-4846-9d74-9efe9f32a69a",
            "source": {
                "operatorID": "Dummy-operator-8406046c-0bfe-48a1-807b-69ddb8f22cc5",
                "portID": "output-1"
            },
            "target": {
                "operatorID": "Dummy-operator-7eedb17a-41bf-4a1b-8d67-74659381336d",
                "portID": "input-1"
            }
        },
        {
            "linkID": "link-ee1d1d93-50db-487a-9f61-194045534957",
            "source": {
                "operatorID": "Dummy-operator-3f271581-cff1-470f-a37e-5c1a3d164807",
                "portID": "output-1"
            },
            "target": {
                "operatorID": "Dummy-operator-239890df-da60-4d05-b237-bef6aa605f0e",
                "portID": "input-1"
            }
        },
        {
            "linkID": "link-82787cee-68d7-4301-92a1-f2f8322dd966",
            "source": {
                "operatorID": "Dummy-operator-7eedb17a-41bf-4a1b-8d67-74659381336d",
                "portID": "output-1"
            },
            "target": {
                "operatorID": "Dummy-operator-1b84a3a9-f9d7-4cef-b12b-09cd40ced66b",
                "portID": "input-1"
            }
        },
        {
            "linkID": "link-3584c278-7843-461e-a5a8-26835b94a17c",
            "source": {
                "operatorID": "Dummy-operator-01cd0739-6e6a-4fa4-8d35-5e3b231cf7b5",
                "portID": "output-1"
            },
            "target": {
                "operatorID": "Dummy-operator-7233c63a-105e-4709-a3dc-f13fe4b5d228",
                "portID": "input-1"
            }
        },
        {
            "linkID": "link-1562b65d-7c51-4f72-a0c0-15ee4bbe0eea",
            "source": {
                "operatorID": "Dummy-operator-1b84a3a9-f9d7-4cef-b12b-09cd40ced66b",
                "portID": "output-1"
            },
            "target": {
                "operatorID": "Dummy-operator-01cd0739-6e6a-4fa4-8d35-5e3b231cf7b5",
                "portID": "input-1"
            }
        },
        {
            "linkID": "link-432a411a-0f2e-454e-b75d-c9960f47a51e",
            "source": {
                "operatorID": "Dummy-operator-1b84a3a9-f9d7-4cef-b12b-09cd40ced66b",
                "portID": "output-1"
            },
            "target": {
                "operatorID": "Dummy-operator-7233c63a-105e-4709-a3dc-f13fe4b5d228",
                "portID": "input-2"
            }
        },
        {
            "linkID": "link-72a26739-8dab-44ba-8c82-76c93c09faed",
            "source": {
                "operatorID": "Dummy-operator-239890df-da60-4d05-b237-bef6aa605f0e",
                "portID": "output-1"
            },
            "target": {
                "operatorID": "Dummy-operator-955fe98c-32b3-4d39-b97c-07928af57ccf",
                "portID": "input-1"
            }
        },
        {
            "linkID": "link-eaab46be-3776-415d-a61b-bc6fb4325f60",
            "source": {
                "operatorID": "Dummy-operator-c93165c5-d054-45c6-9a2e-2b7b4ea87218",
                "portID": "output-1"
            },
            "target": {
                "operatorID": "Dummy-operator-3869b9eb-0897-4c7f-ba94-ed628b618610",
                "portID": "input-1"
            }
        },
        {
            "linkID": "link-6442bcd5-3be5-41a7-aa50-81321631c0c0",
            "source": {
                "operatorID": "Dummy-operator-7a98ec30-c787-4215-b23d-99e3a0417262",
                "portID": "output-1"
            },
            "target": {
                "operatorID": "Dummy-operator-b092eadc-109f-4e22-b252-ae3da3d7023d",
                "portID": "input-1"
            }
        },
        {
            "linkID": "link-180ac88e-c1e4-421c-8d80-9233256d646e",
            "source": {
                "operatorID": "Dummy-operator-955fe98c-32b3-4d39-b97c-07928af57ccf",
                "portID": "output-1"
            },
            "target": {
                "operatorID": "Dummy-operator-c93165c5-d054-45c6-9a2e-2b7b4ea87218",
                "portID": "input-2"
            }
        },
        {
            "linkID": "link-f83c2063-ed8b-4f30-b25e-ce10510d8a22",
            "source": {
                "operatorID": "Dummy-operator-3657b04d-5b91-4b36-bb5e-1560e1b7aa9b",
                "portID": "output-1"
            },
            "target": {
                "operatorID": "Dummy-operator-3f271581-cff1-470f-a37e-5c1a3d164807",
                "portID": "input-1"
            }
        },
        {
            "linkID": "link-994e354f-3d56-4ba4-8359-3a1344da576c",
            "source": {
                "operatorID": "Dummy-operator-3657b04d-5b91-4b36-bb5e-1560e1b7aa9b",
                "portID": "output-1"
            },
            "target": {
                "operatorID": "Dummy-operator-c93165c5-d054-45c6-9a2e-2b7b4ea87218",
                "portID": "input-1"
            }
        },
        {
            "linkID": "link-dc8f65c8-43fc-4cc8-9646-2f2950b77375",
            "source": {
                "operatorID": "Dummy-operator-7233c63a-105e-4709-a3dc-f13fe4b5d228",
                "portID": "output-1"
            },
            "target": {
                "operatorID": "Dummy-operator-3657b04d-5b91-4b36-bb5e-1560e1b7aa9b",
                "portID": "input-1"
            }
        },
        {
            "linkID": "link-b8cec5c5-d42f-476e-b430-f8aec4d0b8c2",
            "source": {
                "operatorID": "Dummy-operator-3869b9eb-0897-4c7f-ba94-ed628b618610",
                "portID": "output-1"
            },
            "target": {
                "operatorID": "Dummy-operator-7a98ec30-c787-4215-b23d-99e3a0417262",
                "portID": "input-1"
            }
        }
    ],
    "groups": [],
    "breakpoints": {},
    "commentBoxes": [
        {
            "commentBoxID": "commentBox-db856886-d138-4fa0-80d9-4e459b2b4a7c",
            "comments": [
                {
                    "content": "https://hub.knime.com/knime/extensions/org.knime.features.base/latest/org.knime.base.node.io.filehandling.csv.reader.CSVTableReaderNodeFactory",
                    "creatorName": "Bot",
                    "createorID": 1,
                    "creationTime": "2024-03-08T10:36:49.883Z"
                }
            ],
            "commentBoxPosition": {
                "x": 144.0,
                "y": 267.0
            }
        },
        {
            "commentBoxID": "commentBox-7d911478-3ba5-4332-9a1b-9ff3c2c5462c",
            "comments": [
                {
                    "content": "https://hub.knime.com/knime/extensions/org.knime.features.base/latest/org.knime.base.node.io.filehandling.csv.reader.CSVTableReaderNodeFactory",
                    "creatorName": "Bot",
                    "createorID": 1,
                    "creationTime": "2024-03-08T10:36:49.883Z"
                }
            ],
            "commentBoxPosition": {
                "x": 784.0,
                "y": 267.0
            }
        },
        {
            "commentBoxID": "commentBox-50ccfef0-bd4b-4b0a-9d5a-fd69a5f612f1",
            "comments": [
                {
                    "content": "https://hub.knime.com/knime/extensions/org.knime.features.base/latest/org.knime.base.node.io.filehandling.csv.reader.CSVTableReaderNodeFactory",
                    "creatorName": "Bot",
                    "createorID": 1,
                    "creationTime": "2024-03-08T10:36:49.883Z"
                }
            ],
            "commentBoxPosition": {
                "x": 244.0,
                "y": 267.0
            }
        },
        {
            "commentBoxID": "commentBox-59572abf-82e0-4cfc-8f35-2ac3149c8942",
            "comments": [
                {
                    "content": "https://hub.knime.com/knime/extensions/org.knime.features.base/latest/org.knime.base.node.io.filehandling.csv.reader.CSVTableReaderNodeFactory",
                    "creatorName": "Bot",
                    "createorID": 1,
                    "creationTime": "2024-03-08T10:36:49.883Z"
                }
            ],
            "commentBoxPosition": {
                "x": 444.0,
                "y": 147.0
            }
        },
        {
            "commentBoxID": "commentBox-33a02e32-6542-4680-ba7b-4523cd290c26",
            "comments": [
                {
                    "content": "https://hub.knime.com/knime/extensions/org.knime.features.base/latest/org.knime.base.node.io.filehandling.csv.reader.CSVTableReaderNodeFactory",
                    "creatorName": "Bot",
                    "createorID": 1,
                    "creationTime": "2024-03-08T10:36:49.883Z"
                }
            ],
            "commentBoxPosition": {
                "x": 344.0,
                "y": 267.0
            }
        },
        {
            "commentBoxID": "commentBox-9a42ef48-7df4-45fc-af3e-30ef6416359b",
            "comments": [
                {
                    "content": "https://hub.knime.com/knime/extensions/org.knime.features.base/latest/org.knime.base.node.io.filehandling.csv.reader.CSVTableReaderNodeFactory",
                    "creatorName": "Bot",
                    "createorID": 1,
                    "creationTime": "2024-03-08T10:36:49.883Z"
                }
            ],
            "commentBoxPosition": {
                "x": 984.0,
                "y": 347.0
            }
        },
        {
            "commentBoxID": "commentBox-e0251a80-b1da-40cd-a960-d416ae61ceb9",
            "comments": [
                {
                    "content": "https://hub.knime.com/knime/extensions/org.knime.features.base/latest/org.knime.base.node.io.filehandling.csv.reader.CSVTableReaderNodeFactory",
                    "creatorName": "Bot",
                    "createorID": 1,
                    "creationTime": "2024-03-08T10:36:49.883Z"
                }
            ],
            "commentBoxPosition": {
                "x": 1104.0,
                "y": 107.0
            }
        },
        {
            "commentBoxID": "commentBox-dc3bc65e-fba8-4108-9281-17de6073942a",
            "comments": [
                {
                    "content": "https://hub.knime.com/knime/extensions/org.knime.features.base/latest/org.knime.base.node.io.filehandling.csv.reader.CSVTableReaderNodeFactory",
                    "creatorName": "Bot",
                    "createorID": 1,
                    "creationTime": "2024-03-08T10:36:49.883Z"
                }
            ],
            "commentBoxPosition": {
                "x": 1344.0,
                "y": 107.0
            }
        },
        {
            "commentBoxID": "commentBox-94323af8-e8f2-419b-949e-b4aa579def01",
            "comments": [
                {
                    "content": "https://hub.knime.com/knime/extensions/org.knime.features.base/latest/org.knime.base.node.io.filehandling.csv.reader.CSVTableReaderNodeFactory",
                    "creatorName": "Bot",
                    "createorID": 1,
                    "creationTime": "2024-03-08T10:36:49.883Z"
                }
            ],
            "commentBoxPosition": {
                "x": 1084.0,
                "y": 347.0
            }
        },
        {
            "commentBoxID": "commentBox-eed90af3-9ec1-420d-b43b-a271b61cccfe",
            "comments": [
                {
                    "content": "https://hub.knime.com/knime/extensions/org.knime.features.base/latest/org.knime.base.node.io.filehandling.csv.reader.CSVTableReaderNodeFactory",
                    "creatorName": "Bot",
                    "createorID": 1,
                    "creationTime": "2024-03-08T10:36:49.883Z"
                }
            ],
            "commentBoxPosition": {
                "x": 664.0,
                "y": 267.0
            }
        },
        {
            "commentBoxID": "commentBox-70732429-b499-4f0d-a380-f9209156938a",
            "comments": [
                {
                    "content": "https://hub.knime.com/knime/extensions/org.knime.features.base/latest/org.knime.base.node.io.filehandling.csv.reader.CSVTableReaderNodeFactory",
                    "creatorName": "Bot",
                    "createorID": 1,
                    "creationTime": "2024-03-08T10:36:49.883Z"
                }
            ],
            "commentBoxPosition": {
                "x": 544.0,
                "y": 267.0
            }
        },
        {
            "commentBoxID": "commentBox-335f524c-e1de-407a-a722-ce34580580b2",
            "comments": [
                {
                    "content": "https://hub.knime.com/knime/extensions/org.knime.features.base/latest/org.knime.base.node.io.filehandling.csv.reader.CSVTableReaderNodeFactory",
                    "creatorName": "Bot",
                    "createorID": 1,
                    "creationTime": "2024-03-08T10:36:49.883Z"
                }
            ],
            "commentBoxPosition": {
                "x": 1464.0,
                "y": 107.0
            }
        },
        {
            "commentBoxID": "commentBox-4d266812-3f42-4d33-b343-4c96b7438bb6",
            "comments": [
                {
                    "content": "https://hub.knime.com/knime/extensions/org.knime.features.base/latest/org.knime.base.node.io.filehandling.csv.reader.CSVTableReaderNodeFactory",
                    "creatorName": "Bot",
                    "createorID": 1,
                    "creationTime": "2024-03-08T10:36:49.883Z"
                }
            ],
            "commentBoxPosition": {
                "x": 1224.0,
                "y": 107.0
            }
        }
    ]
}