{
    "operators": [
        {
            "operatorID": "Dummy-operator-d2a48e32-0795-427e-99dd-3281e4749695",
            "operatorType": "Dummy",
            "operatorVersion": "",
            "operatorProperties": {
                "dummyPropertyList": [
                    {
                        "dummyProperty": "Source XML",
                        "dummyValue": "Omitted for license reasons"
                    }
                ]
            },
            "inputPorts": [
                {
                    "portID": "input-0",
                    "displayName": "",
                    "allowMultiInputs": true,
                    "isDynamicPort": true
                }
            ],
            "outputPorts": [
                {
                    "portID": "output-0",
                    "displayName": "",
                    "isDynamicPort": true,
                    "isBlocking": false
                },
                {
                    "portID": "output-1",
                    "displayName": "",
                    "isDynamicPort": true,
                    "isBlocking": false,
                    "materializationSize": 6.1689453125
                },
                {
                    "portID": "output-2",
                    "displayName": "",
                    "isDynamicPort": true,
                    "isBlocking": false,
                    "materializationSize": 2.84375
                }
            ],
            "showAdvanced": false,
            "isDisabled": false,
            "customDisplayName": "SDF Reader",
            "dynamicInputPorts": true,
            "dynamicOutputPorts": true
        },
        {
            "operatorID": "Dummy-operator-c4263501-f908-4e86-a006-f293d3558bfe",
            "operatorType": "Dummy",
            "operatorVersion": "",
            "operatorProperties": {
                "dummyPropertyList": [
                    {
                        "dummyProperty": "Source XML",
                        "dummyValue": "Omitted for license reasons"
                    }
                ]
            },
            "inputPorts": [
                {
                    "portID": "input-0",
                    "displayName": "",
                    "allowMultiInputs": true,
                    "isDynamicPort": true
                },
                {
                    "portID": "input-1",
                    "displayName": "",
                    "allowMultiInputs": true,
                    "isDynamicPort": true
                }
            ],
            "outputPorts": [
                {
                    "portID": "output-0",
                    "displayName": "",
                    "isDynamicPort": true,
                    "isBlocking": false
                }
            ],
            "showAdvanced": false,
            "isDisabled": false,
            "customDisplayName": "Run Maestro",
            "dynamicInputPorts": true,
            "dynamicOutputPorts": true
        },
        {
            "operatorID": "Dummy-operator-80536e6c-220a-4104-bfe3-9b6534671d3b",
            "operatorType": "Dummy",
            "operatorVersion": "",
            "operatorProperties": {
                "dummyPropertyList": [
                    {
                        "dummyProperty": "Source XML",
                        "dummyValue": "Omitted for license reasons"
                    }
                ]
            },
            "inputPorts": [
                {
                    "portID": "input-0",
                    "displayName": "",
                    "allowMultiInputs": true,
                    "isDynamicPort": true
                },
                {
                    "portID": "input-1",
                    "displayName": "",
                    "allowMultiInputs": true,
                    "isDynamicPort": true
                }
            ],
            "outputPorts": [
                {
                    "portID": "output-0",
                    "displayName": "",
                    "isDynamicPort": true,
                    "isBlocking": false
                }
            ],
            "showAdvanced": false,
            "isDisabled": false,
            "customDisplayName": "Table Viewer",
            "dynamicInputPorts": true,
            "dynamicOutputPorts": true
        },
        {
            "operatorID": "Dummy-operator-ab61e2cf-f1f7-43d5-9659-3a9dc98197e4",
            "operatorType": "Dummy",
            "operatorVersion": "",
            "operatorProperties": {
                "dummyPropertyList": [
                    {
                        "dummyProperty": "Source XML",
                        "dummyValue": "Omitted for license reasons"
                    }
                ]
            },
            "inputPorts": [
                {
                    "portID": "input-0",
                    "displayName": "",
                    "allowMultiInputs": true,
                    "isDynamicPort": true
                }
            ],
            "outputPorts": [
                {
                    "portID": "output-0",
                    "displayName": "",
                    "isDynamicPort": true,
                    "isBlocking": false
                },
                {
                    "portID": "output-1",
                    "displayName": "",
                    "isDynamicPort": true,
                    "isBlocking": false,
                    "materializationSize": 5.58203125
                }
            ],
            "showAdvanced": false,
            "isDisabled": false,
            "customDisplayName": "Get Help",
            "dynamicInputPorts": true,
            "dynamicOutputPorts": true
        },
        {
            "operatorID": "Dummy-operator-54aa5cba-5516-4271-bfe9-ae16801374e9",
            "operatorType": "Dummy",
            "operatorVersion": "",
            "operatorProperties": {
                "dummyPropertyList": [
                    {
                        "dummyProperty": "Source XML",
                        "dummyValue": "Omitted for license reasons"
                    }
                ]
            },
            "inputPorts": [
                {
                    "portID": "input-0",
                    "displayName": "",
                    "allowMultiInputs": true,
                    "isDynamicPort": true
                }
            ],
            "outputPorts": [
                {
                    "portID": "output-0",
                    "displayName": "",
                    "isDynamicPort": true,
                    "isBlocking": true
                },
                {
                    "portID": "output-1",
                    "displayName": "",
                    "isDynamicPort": true,
                    "isBlocking": true,
                    "materializationSize": 4.0439453125
                }
            ],
            "showAdvanced": false,
            "isDisabled": false,
            "customDisplayName": "Table Creator",
            "dynamicInputPorts": true,
            "dynamicOutputPorts": true
        },
        {
            "operatorID": "Dummy-operator-f399908a-ac54-46c6-abd2-5f5b5adeff6e",
            "operatorType": "Dummy",
            "operatorVersion": "",
            "operatorProperties": {
                "dummyPropertyList": [
                    {
                        "dummyProperty": "Source XML",
                        "dummyValue": "Omitted for license reasons"
                    }
                ]
            },
            "inputPorts": [
                {
                    "portID": "input-0",
                    "displayName": "",
                    "allowMultiInputs": true,
                    "isDynamicPort": true
                },
                {
                    "portID": "input-1",
                    "displayName": "",
                    "allowMultiInputs": true,
                    "isDynamicPort": true
                },
                {
                    "portID": "input-2",
                    "displayName": "",
                    "allowMultiInputs": true,
                    "isDynamicPort": true
                }
            ],
            "outputPorts": [
                {
                    "portID": "output-0",
                    "displayName": "",
                    "isDynamicPort": true,
                    "isBlocking": false
                },
                {
                    "portID": "output-1",
                    "displayName": "",
                    "isDynamicPort": true,
                    "isBlocking": false,
                    "materializationSize": 12.3671875
                },
                {
                    "portID": "output-2",
                    "displayName": "",
                    "isDynamicPort": true,
                    "isBlocking": false,
                    "materializationSize": 3.7998046875
                },
                {
                    "portID": "output-3",
                    "displayName": "",
                    "isDynamicPort": true,
                    "isBlocking": false,
                    "materializationSize": 2.087890625
                }
            ],
            "showAdvanced": false,
            "isDisabled": false,
            "customDisplayName": "Chemistry External Tool",
            "dynamicInputPorts": true,
            "dynamicOutputPorts": true
        },
        {
            "operatorID": "Dummy-operator-d001ebcb-053b-4794-a3c3-a972f02043e8",
            "operatorType": "Dummy",
            "operatorVersion": "",
            "operatorProperties": {
                "dummyPropertyList": [
                    {
                        "dummyProperty": "Source XML",
                        "dummyValue": "Omitted for license reasons"
                    }
                ]
            },
            "inputPorts": [
                {
                    "portID": "input-0",
                    "displayName": "",
                    "allowMultiInputs": true,
                    "isDynamicPort": true
                },
                {
                    "portID": "input-1",
                    "displayName": "",
                    "allowMultiInputs": true,
                    "isDynamicPort": true
                }
            ],
            "outputPorts": [
                {
                    "portID": "output-0",
                    "displayName": "",
                    "isDynamicPort": true,
                    "isBlocking": false
                }
            ],
            "showAdvanced": false,
            "isDisabled": false,
            "customDisplayName": "Upload as LiveDesign Protocol",
            "dynamicInputPorts": true,
            "dynamicOutputPorts": true
        },
        {
            "operatorID": "Dummy-operator-6a6e2616-c8e7-4c40-befe-6ac2d7d3bc6e",
            "operatorType": "Dummy",
            "operatorVersion": "",
            "operatorProperties": {
                "dummyPropertyList": [
                    {
                        "dummyProperty": "Source XML",
                        "dummyValue": "Omitted for license reasons"
                    }
                ]
            },
            "inputPorts": [
                {
                    "portID": "input-0",
                    "displayName": "",
                    "allowMultiInputs": true,
                    "isDynamicPort": true
                },
                {
                    "portID": "input-1",
                    "displayName": "",
                    "allowMultiInputs": true,
                    "isDynamicPort": true
                }
            ],
            "outputPorts": [
                {
                    "portID": "output-0",
                    "displayName": "",
                    "isDynamicPort": true,
                    "isBlocking": false
                },
                {
                    "portID": "output-1",
                    "displayName": "",
                    "isDynamicPort": true,
                    "isBlocking": true,
                    "materializationSize": 0.28125
                },
                {
                    "portID": "output-2",
                    "displayName": "",
                    "isDynamicPort": true,
                    "isBlocking": true,
                    "materializationSize": 0.28125
                },
                {
                    "portID": "output-3",
                    "displayName": "",
                    "isDynamicPort": true,
                    "isBlocking": true,
                    "materializationSize": 0.28125
                }
            ],
            "showAdvanced": false,
            "isDisabled": false,
            "customDisplayName": "Chemistry External Tool",
            "dynamicInputPorts": true,
            "dynamicOutputPorts": true
        },
        {
            "operatorID": "Dummy-operator-325c3fb0-d5b2-4ab4-a5ce-93b019f67c19",
            "operatorType": "Dummy",
            "operatorVersion": "",
            "operatorProperties": {
                "dummyPropertyList": [
                    {
                        "dummyProperty": "Source XML",
                        "dummyValue": "Omitted for license reasons"
                    }
                ]
            },
            "inputPorts": [
                {
                    "portID": "input-0",
                    "displayName": "",
                    "allowMultiInputs": true,
                    "isDynamicPort": true
                }
            ],
            "outputPorts": [
                {
                    "portID": "output-0",
                    "displayName": "",
                    "isDynamicPort": true,
                    "isBlocking": false
                },
                {
                    "portID": "output-1",
                    "displayName": "",
                    "isDynamicPort": true,
                    "isBlocking": false,
                    "materializationSize": 3.0546875
                }
            ],
            "showAdvanced": false,
            "isDisabled": false,
            "customDisplayName": "Get Help",
            "dynamicInputPorts": true,
            "dynamicOutputPorts": true
        },
        {
            "operatorID": "Dummy-operator-5a063516-2296-4745-8614-9d7caca9e28b",
            "operatorType": "Dummy",
            "operatorVersion": "",
            "operatorProperties": {
                "dummyPropertyList": [
                    {
                        "dummyProperty": "Source XML",
                        "dummyValue": "Omitted for license reasons"
                    }
                ]
            },
            "inputPorts": [
                {
                    "portID": "input-0",
                    "displayName": "",
                    "allowMultiInputs": true,
                    "isDynamicPort": true
                },
                {
                    "portID": "input-1",
                    "displayName": "",
                    "allowMultiInputs": true,
                    "isDynamicPort": true
                }
            ],
            "outputPorts": [
                {
                    "portID": "output-0",
                    "displayName": "",
                    "isDynamicPort": true,
                    "isBlocking": false
                }
            ],
            "showAdvanced": false,
            "isDisabled": false,
            "customDisplayName": "Table Viewer",
            "dynamicInputPorts": true,
            "dynamicOutputPorts": true
        },
        {
            "operatorID": "Dummy-operator-fa6a9e05-c881-4c83-94a8-45f89f2a58d1",
            "operatorType": "Dummy",
            "operatorVersion": "",
            "operatorProperties": {
                "dummyPropertyList": [
                    {
                        "dummyProperty": "Source XML",
                        "dummyValue": "Omitted for license reasons"
                    }
                ]
            },
            "inputPorts": [
                {
                    "portID": "input-0",
                    "displayName": "",
                    "allowMultiInputs": true,
                    "isDynamicPort": true
                },
                {
                    "portID": "input-1",
                    "displayName": "",
                    "allowMultiInputs": true,
                    "isDynamicPort": true
                }
            ],
            "outputPorts": [
                {
                    "portID": "output-0",
                    "displayName": "",
                    "isDynamicPort": true,
                    "isBlocking": false
                },
                {
                    "portID": "output-1",
                    "displayName": "",
                    "isDynamicPort": true,
                    "isBlocking": false,
                    "materializationSize": 4.1298828125
                }
            ],
            "showAdvanced": false,
            "isDisabled": false,
            "customDisplayName": "RowID",
            "dynamicInputPorts": true,
            "dynamicOutputPorts": true
        },
        {
            "operatorID": "Dummy-operator-7f4509ab-5111-4ba6-9325-1bff8604930d",
            "operatorType": "Dummy",
            "operatorVersion": "",
            "operatorProperties": {
                "dummyPropertyList": [
                    {
                        "dummyProperty": "Source XML",
                        "dummyValue": "Omitted for license reasons"
                    }
                ]
            },
            "inputPorts": [
                {
                    "portID": "input-0",
                    "displayName": "",
                    "allowMultiInputs": true,
                    "isDynamicPort": true
                }
            ],
            "outputPorts": [
                {
                    "portID": "output-0",
                    "displayName": "",
                    "isDynamicPort": true,
                    "isBlocking": true
                },
                {
                    "portID": "output-1",
                    "displayName": "",
                    "isDynamicPort": true,
                    "isBlocking": true,
                    "materializationSize": 6.7177734375
                }
            ],
            "showAdvanced": false,
            "isDisabled": false,
            "customDisplayName": "Table Creator",
            "dynamicInputPorts": true,
            "dynamicOutputPorts": true
        },
        {
            "operatorID": "Dummy-operator-20113d7d-3852-4c85-8723-9dea5432ff4b",
            "operatorType": "Dummy",
            "operatorVersion": "",
            "operatorProperties": {
                "dummyPropertyList": [
                    {
                        "dummyProperty": "Source XML",
                        "dummyValue": "Omitted for license reasons"
                    }
                ]
            },
            "inputPorts": [
                {
                    "portID": "input-0",
                    "displayName": "",
                    "allowMultiInputs": true,
                    "isDynamicPort": true
                }
            ],
            "outputPorts": [
                {
                    "portID": "output-0",
                    "displayName": "",
                    "isDynamicPort": true,
                    "isBlocking": true
                },
                {
                    "portID": "output-1",
                    "displayName": "",
                    "isDynamicPort": true,
                    "isBlocking": true,
                    "materializationSize": 43.75
                }
            ],
            "showAdvanced": false,
            "isDisabled": false,
            "customDisplayName": "Table Creator",
            "dynamicInputPorts": true,
            "dynamicOutputPorts": true
        },
        {
            "operatorID": "Dummy-operator-30fbc342-bd2d-427e-b406-55f15be20cb8",
            "operatorType": "Dummy",
            "operatorVersion": "",
            "operatorProperties": {
                "dummyPropertyList": [
                    {
                        "dummyProperty": "Source XML",
                        "dummyValue": "Omitted for license reasons"
                    }
                ]
            },
            "inputPorts": [
                {
                    "portID": "input-0",
                    "displayName": "",
                    "allowMultiInputs": true,
                    "isDynamicPort": true
                },
                {
                    "portID": "input-1",
                    "displayName": "",
                    "allowMultiInputs": true,
                    "isDynamicPort": true
                }
            ],
            "outputPorts": [
                {
                    "portID": "output-0",
                    "displayName": "",
                    "isDynamicPort": true,
                    "isBlocking": false
                },
                {
                    "portID": "output-1",
                    "displayName": "",
                    "isDynamicPort": true,
                    "isBlocking": false,
                    "materializationSize": 3.904296875
                },
                {
                    "portID": "output-2",
                    "displayName": "",
                    "isDynamicPort": true,
                    "isBlocking": false,
                    "materializationSize": 3.8349609375
                },
                {
                    "portID": "output-3",
                    "displayName": "",
                    "isDynamicPort": true,
                    "isBlocking": false,
                    "materializationSize": 3.10546875
                }
            ],
            "showAdvanced": false,
            "isDisabled": false,
            "customDisplayName": "Chemistry External Tool",
            "dynamicInputPorts": true,
            "dynamicOutputPorts": true
        },
        {
            "operatorID": "Dummy-operator-6ddefd97-dacb-4265-8ddf-c1a3cec29b41",
            "operatorType": "Dummy",
            "operatorVersion": "",
            "operatorProperties": {
                "dummyPropertyList": [
                    {
                        "dummyProperty": "Source XML",
                        "dummyValue": "Omitted for license reasons"
                    }
                ]
            },
            "inputPorts": [
                {
                    "portID": "input-0",
                    "displayName": "",
                    "allowMultiInputs": true,
                    "isDynamicPort": true
                },
                {
                    "portID": "input-1",
                    "displayName": "",
                    "allowMultiInputs": true,
                    "isDynamicPort": true
                }
            ],
            "outputPorts": [
                {
                    "portID": "output-0",
                    "displayName": "",
                    "isDynamicPort": true,
                    "isBlocking": false
                },
                {
                    "portID": "output-1",
                    "displayName": "",
                    "isDynamicPort": true,
                    "isBlocking": false,
                    "materializationSize": 9.9248046875
                },
                {
                    "portID": "output-2",
                    "displayName": "",
                    "isDynamicPort": true,
                    "isBlocking": false,
                    "materializationSize": 3.80078125
                },
                {
                    "portID": "output-3",
                    "displayName": "",
                    "isDynamicPort": true,
                    "isBlocking": false,
                    "materializationSize": 2.087890625
                }
            ],
            "showAdvanced": false,
            "isDisabled": false,
            "customDisplayName": "Chemistry External Tool",
            "dynamicInputPorts": true,
            "dynamicOutputPorts": true
        },
        {
            "operatorID": "Dummy-operator-0538ec0b-9a6e-4a2f-aea5-e8b9b68e1638",
            "operatorType": "Dummy",
            "operatorVersion": "",
            "operatorProperties": {
                "dummyPropertyList": [
                    {
                        "dummyProperty": "Source XML",
                        "dummyValue": "Omitted for license reasons"
                    }
                ]
            },
            "inputPorts": [
                {
                    "portID": "input-0",
                    "displayName": "",
                    "allowMultiInputs": true,
                    "isDynamicPort": true
                },
                {
                    "portID": "input-1",
                    "displayName": "",
                    "allowMultiInputs": true,
                    "isDynamicPort": true
                },
                {
                    "portID": "input-2",
                    "displayName": "",
                    "allowMultiInputs": true,
                    "isDynamicPort": true
                }
            ],
            "outputPorts": [
                {
                    "portID": "output-0",
                    "displayName": "",
                    "isDynamicPort": true,
                    "isBlocking": false
                },
                {
                    "portID": "output-1",
                    "displayName": "",
                    "isDynamicPort": true,
                    "isBlocking": false,
                    "materializationSize": 9.9990234375
                },
                {
                    "portID": "output-2",
                    "displayName": "",
                    "isDynamicPort": true,
                    "isBlocking": false,
                    "materializationSize": 3.80078125
                },
                {
                    "portID": "output-3",
                    "displayName": "",
                    "isDynamicPort": true,
                    "isBlocking": false,
                    "materializationSize": 2.087890625
                }
            ],
            "showAdvanced": false,
            "isDisabled": false,
            "customDisplayName": "Chemistry External Tool",
            "dynamicInputPorts": true,
            "dynamicOutputPorts": true
        },
        {
            "operatorID": "Dummy-operator-868da32b-d3b1-43b3-9282-00186316b7b7",
            "operatorType": "Dummy",
            "operatorVersion": "",
            "operatorProperties": {
                "dummyPropertyList": [
                    {
                        "dummyProperty": "Source XML",
                        "dummyValue": "Omitted for license reasons"
                    }
                ]
            },
            "inputPorts": [
                {
                    "portID": "input-0",
                    "displayName": "",
                    "allowMultiInputs": true,
                    "isDynamicPort": true
                },
                {
                    "portID": "input-1",
                    "displayName": "",
                    "allowMultiInputs": true,
                    "isDynamicPort": true
                }
            ],
            "outputPorts": [
                {
                    "portID": "output-0",
                    "displayName": "",
                    "isDynamicPort": true,
                    "isBlocking": false
                }
            ],
            "showAdvanced": false,
            "isDisabled": false,
            "customDisplayName": "Molecule Writer _from MAE_",
            "dynamicInputPorts": true,
            "dynamicOutputPorts": true
        },
        {
            "operatorID": "Dummy-operator-a488096a-9461-45a5-8f7c-3abc4b9f4fe8",
            "operatorType": "Dummy",
            "operatorVersion": "",
            "operatorProperties": {
                "dummyPropertyList": [
                    {
                        "dummyProperty": "Source XML",
                        "dummyValue": "Omitted for license reasons"
                    }
                ]
            },
            "inputPorts": [
                {
                    "portID": "input-0",
                    "displayName": "",
                    "allowMultiInputs": true,
                    "isDynamicPort": true
                },
                {
                    "portID": "input-1",
                    "displayName": "",
                    "allowMultiInputs": true,
                    "isDynamicPort": true
                }
            ],
            "outputPorts": [
                {
                    "portID": "output-0",
                    "displayName": "",
                    "isDynamicPort": true,
                    "isBlocking": false
                },
                {
                    "portID": "output-1",
                    "displayName": "",
                    "isDynamicPort": true,
                    "isBlocking": false,
                    "materializationSize": 1.693359375
                },
                {
                    "portID": "output-2",
                    "displayName": "",
                    "isDynamicPort": true,
                    "isBlocking": true,
                    "materializationSize": 0.28125
                },
                {
                    "portID": "output-3",
                    "displayName": "",
                    "isDynamicPort": true,
                    "isBlocking": true,
                    "materializationSize": 0.28125
                }
            ],
            "showAdvanced": false,
            "isDisabled": false,
            "customDisplayName": "CASE Switch Data _Start_ _deprecated_",
            "dynamicInputPorts": true,
            "dynamicOutputPorts": true
        },
        {
            "operatorID": "Dummy-operator-3e993ef9-f07f-4539-b7e0-4eba3a1ced14",
            "operatorType": "Dummy",
            "operatorVersion": "",
            "operatorProperties": {
                "dummyPropertyList": [
                    {
                        "dummyProperty": "Source XML",
                        "dummyValue": "Omitted for license reasons"
                    }
                ]
            },
            "inputPorts": [
                {
                    "portID": "input-0",
                    "displayName": "",
                    "allowMultiInputs": true,
                    "isDynamicPort": true
                },
                {
                    "portID": "input-1",
                    "displayName": "",
                    "allowMultiInputs": true,
                    "isDynamicPort": true
                }
            ],
            "outputPorts": [
                {
                    "portID": "output-0",
                    "displayName": "",
                    "isDynamicPort": true,
                    "isBlocking": false
                },
                {
                    "portID": "output-1",
                    "displayName": "",
                    "isDynamicPort": true,
                    "isBlocking": true,
                    "materializationSize": 0.28125
                },
                {
                    "portID": "output-2",
                    "displayName": "",
                    "isDynamicPort": true,
                    "isBlocking": false,
                    "materializationSize": 3.453125
                },
                {
                    "portID": "output-3",
                    "displayName": "",
                    "isDynamicPort": true,
                    "isBlocking": true,
                    "materializationSize": 0.28125
                }
            ],
            "showAdvanced": false,
            "isDisabled": false,
            "customDisplayName": "CASE Switch Data _Start_ _deprecated_",
            "dynamicInputPorts": true,
            "dynamicOutputPorts": true
        },
        {
            "operatorID": "Dummy-operator-d61ab6d2-3ac9-4093-ad44-447cc332958f",
            "operatorType": "Dummy",
            "operatorVersion": "",
            "operatorProperties": {
                "dummyPropertyList": [
                    {
                        "dummyProperty": "Source XML",
                        "dummyValue": "Omitted for license reasons"
                    }
                ]
            },
            "inputPorts": [
                {
                    "portID": "input-0",
                    "displayName": "",
                    "allowMultiInputs": true,
                    "isDynamicPort": true
                },
                {
                    "portID": "input-1",
                    "displayName": "",
                    "allowMultiInputs": true,
                    "isDynamicPort": true
                },
                {
                    "portID": "input-2",
                    "displayName": "",
                    "allowMultiInputs": true,
                    "isDynamicPort": true
                }
            ],
            "outputPorts": [
                {
                    "portID": "output-0",
                    "displayName": "",
                    "isDynamicPort": true,
                    "isBlocking": false
                },
                {
                    "portID": "output-1",
                    "displayName": "",
                    "isDynamicPort": true,
                    "isBlocking": false,
                    "materializationSize": 11.9853515625
                },
                {
                    "portID": "output-2",
                    "displayName": "",
                    "isDynamicPort": true,
                    "isBlocking": false,
                    "materializationSize": 6.1708984375
                },
                {
                    "portID": "output-3",
                    "displayName": "",
                    "isDynamicPort": true,
                    "isBlocking": false,
                    "materializationSize": 3.1044921875
                }
            ],
            "showAdvanced": false,
            "isDisabled": false,
            "customDisplayName": "Chemistry External Tool",
            "dynamicInputPorts": true,
            "dynamicOutputPorts": true
        },
        {
            "operatorID": "Dummy-operator-2d45b9bc-08d8-49cb-994a-bf4565f1cf92",
            "operatorType": "Dummy",
            "operatorVersion": "",
            "operatorProperties": {
                "dummyPropertyList": [
                    {
                        "dummyProperty": "Source XML",
                        "dummyValue": "Omitted for license reasons"
                    }
                ]
            },
            "inputPorts": [
                {
                    "portID": "input-0",
                    "displayName": "",
                    "allowMultiInputs": true,
                    "isDynamicPort": true
                }
            ],
            "outputPorts": [
                {
                    "portID": "output-0",
                    "displayName": "",
                    "isDynamicPort": true,
                    "isBlocking": false
                },
                {
                    "portID": "output-1",
                    "displayName": "",
                    "isDynamicPort": true,
                    "isBlocking": true,
                    "materializationSize": 0.28125
                }
            ],
            "showAdvanced": false,
            "isDisabled": false,
            "customDisplayName": "Credentials Configuration",
            "dynamicInputPorts": true,
            "dynamicOutputPorts": true
        },
        {
            "operatorID": "Dummy-operator-88a67a72-588e-460a-b52e-a29531e9d105",
            "operatorType": "Dummy",
            "operatorVersion": "",
            "operatorProperties": {
                "dummyPropertyList": [
                    {
                        "dummyProperty": "Source XML",
                        "dummyValue": "Omitted for license reasons"
                    }
                ]
            },
            "inputPorts": [
                {
                    "portID": "input-0",
                    "displayName": "",
                    "allowMultiInputs": true,
                    "isDynamicPort": true
                },
                {
                    "portID": "input-1",
                    "displayName": "",
                    "allowMultiInputs": true,
                    "isDynamicPort": true
                }
            ],
            "outputPorts": [
                {
                    "portID": "output-0",
                    "displayName": "",
                    "isDynamicPort": true,
                    "isBlocking": false
                },
                {
                    "portID": "output-1",
                    "displayName": "",
                    "isDynamicPort": true,
                    "isBlocking": false,
                    "materializationSize": 5.03515625
                }
            ],
            "showAdvanced": false,
            "isDisabled": false,
            "customDisplayName": "String to Path",
            "dynamicInputPorts": true,
            "dynamicOutputPorts": true
        },
        {
            "operatorID": "Dummy-operator-8de3f2f0-5151-42c6-8803-f03acdb6a3df",
            "operatorType": "Dummy",
            "operatorVersion": "",
            "operatorProperties": {
                "dummyPropertyList": [
                    {
                        "dummyProperty": "Source XML",
                        "dummyValue": "Omitted for license reasons"
                    }
                ]
            },
            "inputPorts": [
                {
                    "portID": "input-0",
                    "displayName": "",
                    "allowMultiInputs": true,
                    "isDynamicPort": true
                },
                {
                    "portID": "input-1",
                    "displayName": "",
                    "allowMultiInputs": true,
                    "isDynamicPort": true
                }
            ],
            "outputPorts": [
                {
                    "portID": "output-0",
                    "displayName": "",
                    "isDynamicPort": true,
                    "isBlocking": false
                },
                {
                    "portID": "output-1",
                    "displayName": "",
                    "isDynamicPort": true,
                    "isBlocking": false,
                    "materializationSize": 10.705078125
                }
            ],
            "showAdvanced": false,
            "isDisabled": false,
            "customDisplayName": "Add Hydrogens",
            "dynamicInputPorts": true,
            "dynamicOutputPorts": true
        }
    ],
    "operatorPositions": {
        "Dummy-operator-d2a48e32-0795-427e-99dd-3281e4749695": {
            "x": 84.0,
            "y": 117.0
        },
        "Dummy-operator-c4263501-f908-4e86-a006-f293d3558bfe": {
            "x": 184.0,
            "y": 277.0
        },
        "Dummy-operator-80536e6c-220a-4104-bfe3-9b6534671d3b": {
            "x": 464.0,
            "y": 277.0
        },
        "Dummy-operator-ab61e2cf-f1f7-43d5-9659-3a9dc98197e4": {
            "x": 384.0,
            "y": 277.0
        },
        "Dummy-operator-54aa5cba-5516-4271-bfe9-ae16801374e9": {
            "x": 384.0,
            "y": 117.0
        },
        "Dummy-operator-f399908a-ac54-46c6-abd2-5f5b5adeff6e": {
            "x": 484.0,
            "y": 117.0
        },
        "Dummy-operator-d001ebcb-053b-4794-a3c3-a972f02043e8": {
            "x": 824.0,
            "y": 117.0
        },
        "Dummy-operator-6a6e2616-c8e7-4c40-befe-6ac2d7d3bc6e": {
            "x": 544.0,
            "y": 737.0
        },
        "Dummy-operator-325c3fb0-d5b2-4ab4-a5ce-93b019f67c19": {
            "x": 324.0,
            "y": 157.0
        },
        "Dummy-operator-5a063516-2296-4745-8614-9d7caca9e28b": {
            "x": 424.0,
            "y": 157.0
        },
        "Dummy-operator-fa6a9e05-c881-4c83-94a8-45f89f2a58d1": {
            "x": 204.0,
            "y": 297.0
        },
        "Dummy-operator-7f4509ab-5111-4ba6-9325-1bff8604930d": {
            "x": 144.0,
            "y": 437.0
        },
        "Dummy-operator-20113d7d-3852-4c85-8723-9dea5432ff4b": {
            "x": 264.0,
            "y": 437.0
        },
        "Dummy-operator-30fbc342-bd2d-427e-b406-55f15be20cb8": {
            "x": 624.0,
            "y": 297.0
        },
        "Dummy-operator-6ddefd97-dacb-4265-8ddf-c1a3cec29b41": {
            "x": 544.0,
            "y": 457.0
        },
        "Dummy-operator-0538ec0b-9a6e-4a2f-aea5-e8b9b68e1638": {
            "x": 324.0,
            "y": 357.0
        },
        "Dummy-operator-868da32b-d3b1-43b3-9282-00186316b7b7": {
            "x": 544.0,
            "y": 597.0
        },
        "Dummy-operator-a488096a-9461-45a5-8f7c-3abc4b9f4fe8": {
            "x": 424.0,
            "y": 417.0
        },
        "Dummy-operator-3e993ef9-f07f-4539-b7e0-4eba3a1ced14": {
            "x": 444.0,
            "y": 737.0
        },
        "Dummy-operator-d61ab6d2-3ac9-4093-ad44-447cc332958f": {
            "x": 284.0,
            "y": 117.0
        },
        "Dummy-operator-2d45b9bc-08d8-49cb-994a-bf4565f1cf92": {
            "x": 724.0,
            "y": 97.0
        },
        "Dummy-operator-88a67a72-588e-460a-b52e-a29531e9d105": {
            "x": 644.0,
            "y": 117.0
        },
        "Dummy-operator-8de3f2f0-5151-42c6-8803-f03acdb6a3df": {
            "x": 184.0,
            "y": 117.0
        }
    },
    "links": [
        {
            "linkID": "link-6ae1ffcd-b4f8-45e5-a564-8fb5fedcec1a",
            "source": {
                "operatorID": "Dummy-operator-325c3fb0-d5b2-4ab4-a5ce-93b019f67c19",
                "portID": "output-1"
            },
            "target": {
                "operatorID": "Dummy-operator-5a063516-2296-4745-8614-9d7caca9e28b",
                "portID": "input-1"
            }
        },
        {
            "linkID": "link-c594323a-cb39-4fbf-90e5-d55730a1eacf",
            "source": {
                "operatorID": "Dummy-operator-fa6a9e05-c881-4c83-94a8-45f89f2a58d1",
                "portID": "output-1"
            },
            "target": {
                "operatorID": "Dummy-operator-3e993ef9-f07f-4539-b7e0-4eba3a1ced14",
                "portID": "input-1"
            }
        },
        {
            "linkID": "link-a428aa5d-0bf2-4335-98c0-5f72fbf54691",
            "source": {
                "operatorID": "Dummy-operator-fa6a9e05-c881-4c83-94a8-45f89f2a58d1",
                "portID": "output-0"
            },
            "target": {
                "operatorID": "Dummy-operator-0538ec0b-9a6e-4a2f-aea5-e8b9b68e1638",
                "portID": "input-0"
            }
        },
        {
            "linkID": "link-239354f5-e719-4624-bdd9-5517881e7194",
            "source": {
                "operatorID": "Dummy-operator-fa6a9e05-c881-4c83-94a8-45f89f2a58d1",
                "portID": "output-1"
            },
            "target": {
                "operatorID": "Dummy-operator-30fbc342-bd2d-427e-b406-55f15be20cb8",
                "portID": "input-1"
            }
        },
        {
            "linkID": "link-c4c18de3-732c-404f-856d-e1540e8af498",
            "source": {
                "operatorID": "Dummy-operator-7f4509ab-5111-4ba6-9325-1bff8604930d",
                "portID": "output-1"
            },
            "target": {
                "operatorID": "Dummy-operator-0538ec0b-9a6e-4a2f-aea5-e8b9b68e1638",
                "portID": "input-2"
            }
        },
        {
            "linkID": "link-39075aa3-58ab-4af5-ace8-3ac329435d19",
            "source": {
                "operatorID": "Dummy-operator-20113d7d-3852-4c85-8723-9dea5432ff4b",
                "portID": "output-1"
            },
            "target": {
                "operatorID": "Dummy-operator-0538ec0b-9a6e-4a2f-aea5-e8b9b68e1638",
                "portID": "input-1"
            }
        },
        {
            "linkID": "link-40c04b5e-2de9-4c72-8a7a-be26090022ee",
            "source": {
                "operatorID": "Dummy-operator-6ddefd97-dacb-4265-8ddf-c1a3cec29b41",
                "portID": "output-0"
            },
            "target": {
                "operatorID": "Dummy-operator-30fbc342-bd2d-427e-b406-55f15be20cb8",
                "portID": "input-0"
            }
        },
        {
            "linkID": "link-5c829acc-fd19-49fd-956e-d0e358d4acf0",
            "source": {
                "operatorID": "Dummy-operator-0538ec0b-9a6e-4a2f-aea5-e8b9b68e1638",
                "portID": "output-1"
            },
            "target": {
                "operatorID": "Dummy-operator-a488096a-9461-45a5-8f7c-3abc4b9f4fe8",
                "portID": "input-1"
            }
        },
        {
            "linkID": "link-75923cda-2411-4fec-a4ce-158dc3cf3a78",
            "source": {
                "operatorID": "Dummy-operator-a488096a-9461-45a5-8f7c-3abc4b9f4fe8",
                "portID": "output-3"
            },
            "target": {
                "operatorID": "Dummy-operator-868da32b-d3b1-43b3-9282-00186316b7b7",
                "portID": "input-1"
            }
        },
        {
            "linkID": "link-9f2c44d4-3f96-46b8-ad79-9074733b3d28",
            "source": {
                "operatorID": "Dummy-operator-a488096a-9461-45a5-8f7c-3abc4b9f4fe8",
                "portID": "output-1"
            },
            "target": {
                "operatorID": "Dummy-operator-6ddefd97-dacb-4265-8ddf-c1a3cec29b41",
                "portID": "input-1"
            }
        },
        {
            "linkID": "link-62ee1a52-cd16-44a0-a6e9-028d3771b3ea",
            "source": {
                "operatorID": "Dummy-operator-3e993ef9-f07f-4539-b7e0-4eba3a1ced14",
                "portID": "output-1"
            },
            "target": {
                "operatorID": "Dummy-operator-6a6e2616-c8e7-4c40-befe-6ac2d7d3bc6e",
                "portID": "input-1"
            }
        },
        {
            "linkID": "link-d0977f80-ada0-48fe-ad97-7b1eea9bf74f",
            "source": {
                "operatorID": "Dummy-operator-d2a48e32-0795-427e-99dd-3281e4749695",
                "portID": "output-1"
            },
            "target": {
                "operatorID": "Dummy-operator-c4263501-f908-4e86-a006-f293d3558bfe",
                "portID": "input-1"
            }
        },
        {
            "linkID": "link-5cd906ca-a36e-4ea3-a9a6-860968fdac57",
            "source": {
                "operatorID": "Dummy-operator-d2a48e32-0795-427e-99dd-3281e4749695",
                "portID": "output-1"
            },
            "target": {
                "operatorID": "Dummy-operator-8de3f2f0-5151-42c6-8803-f03acdb6a3df",
                "portID": "input-1"
            }
        },
        {
            "linkID": "link-0fc9b170-3f8a-49d1-9aa1-f85634a8451c",
            "source": {
                "operatorID": "Dummy-operator-ab61e2cf-f1f7-43d5-9659-3a9dc98197e4",
                "portID": "output-1"
            },
            "target": {
                "operatorID": "Dummy-operator-80536e6c-220a-4104-bfe3-9b6534671d3b",
                "portID": "input-1"
            }
        },
        {
            "linkID": "link-1e072c0c-7174-4119-a709-d8776b7b0969",
            "source": {
                "operatorID": "Dummy-operator-54aa5cba-5516-4271-bfe9-ae16801374e9",
                "portID": "output-1"
            },
            "target": {
                "operatorID": "Dummy-operator-f399908a-ac54-46c6-abd2-5f5b5adeff6e",
                "portID": "input-2"
            }
        },
        {
            "linkID": "link-fd11c1cc-9cb9-4375-bd0a-3455bbc2f9c2",
            "source": {
                "operatorID": "Dummy-operator-f399908a-ac54-46c6-abd2-5f5b5adeff6e",
                "portID": "output-1"
            },
            "target": {
                "operatorID": "Dummy-operator-fa6a9e05-c881-4c83-94a8-45f89f2a58d1",
                "portID": "input-1"
            }
        },
        {
            "linkID": "link-0ba34bd9-8979-4ea4-a290-cf8e4b39715c",
            "source": {
                "operatorID": "Dummy-operator-30fbc342-bd2d-427e-b406-55f15be20cb8",
                "portID": "output-1"
            },
            "target": {
                "operatorID": "Dummy-operator-88a67a72-588e-460a-b52e-a29531e9d105",
                "portID": "input-1"
            }
        },
        {
            "linkID": "link-7a55d39c-bc6e-4f23-9706-b13d5e10a58e",
            "source": {
                "operatorID": "Dummy-operator-d61ab6d2-3ac9-4093-ad44-447cc332958f",
                "portID": "output-1"
            },
            "target": {
                "operatorID": "Dummy-operator-f399908a-ac54-46c6-abd2-5f5b5adeff6e",
                "portID": "input-1"
            }
        },
        {
            "linkID": "link-177a2284-5103-446b-a83d-151ac16fdd24",
            "source": {
                "operatorID": "Dummy-operator-2d45b9bc-08d8-49cb-994a-bf4565f1cf92",
                "portID": "output-1"
            },
            "target": {
                "operatorID": "Dummy-operator-d001ebcb-053b-4794-a3c3-a972f02043e8",
                "portID": "input-0"
            }
        },
        {
            "linkID": "link-9eeca5f5-1db2-4a2d-8082-7249a9b79a22",
            "source": {
                "operatorID": "Dummy-operator-88a67a72-588e-460a-b52e-a29531e9d105",
                "portID": "output-1"
            },
            "target": {
                "operatorID": "Dummy-operator-d001ebcb-053b-4794-a3c3-a972f02043e8",
                "portID": "input-1"
            }
        },
        {
            "linkID": "link-51127a07-448a-4c95-8d14-4e91316d8c88",
            "source": {
                "operatorID": "Dummy-operator-8de3f2f0-5151-42c6-8803-f03acdb6a3df",
                "portID": "output-1"
            },
            "target": {
                "operatorID": "Dummy-operator-d61ab6d2-3ac9-4093-ad44-447cc332958f",
                "portID": "input-1"
            }
        },
        {
            "linkID": "link-e33cec8f-9462-4917-8317-7c0bbd104b5b",
            "source": {
                "operatorID": "Dummy-operator-8de3f2f0-5151-42c6-8803-f03acdb6a3df",
                "portID": "output-1"
            },
            "target": {
                "operatorID": "Dummy-operator-d61ab6d2-3ac9-4093-ad44-447cc332958f",
                "portID": "input-2"
            }
        }
    ],
    "groups": [],
    "breakpoints": {},
    "commentBoxes": [
        {
            "commentBoxID": "commentBox-d0e927f1-fa49-4fab-8fed-d82131e84840",
            "comments": [
                {
                    "content": "https://hub.knime.com/knime/extensions/org.knime.features.base/latest/org.knime.base.node.io.filehandling.csv.reader.CSVTableReaderNodeFactory",
                    "creatorName": "Bot",
                    "createorID": 1,
                    "creationTime": "2024-03-08T10:36:49.883Z"
                }
            ],
            "commentBoxPosition": {
                "x": 144.0,
                "y": 147.0
            }
        },
        {
            "commentBoxID": "commentBox-11f8df40-352d-4f6b-9b45-b0792664832f",
            "comments": [
                {
                    "content": "https://hub.knime.com/knime/extensions/org.knime.features.base/latest/org.knime.base.node.io.filehandling.csv.reader.CSVTableReaderNodeFactory",
                    "creatorName": "Bot",
                    "createorID": 1,
                    "creationTime": "2024-03-08T10:36:49.883Z"
                }
            ],
            "commentBoxPosition": {
                "x": 244.0,
                "y": 307.0
            }
        },
        {
            "commentBoxID": "commentBox-d85a0d64-f1c2-4856-bb07-0b2e5bed351d",
            "comments": [
                {
                    "content": "https://hub.knime.com/knime/extensions/org.knime.features.base/latest/org.knime.base.node.io.filehandling.csv.reader.CSVTableReaderNodeFactory",
                    "creatorName": "Bot",
                    "createorID": 1,
                    "creationTime": "2024-03-08T10:36:49.883Z"
                }
            ],
            "commentBoxPosition": {
                "x": 524.0,
                "y": 307.0
            }
        },
        {
            "commentBoxID": "commentBox-61f15b03-dc64-4a99-897e-6a735caaa351",
            "comments": [
                {
                    "content": "https://hub.knime.com/knime/extensions/org.knime.features.base/latest/org.knime.base.node.io.filehandling.csv.reader.CSVTableReaderNodeFactory",
                    "creatorName": "Bot",
                    "createorID": 1,
                    "creationTime": "2024-03-08T10:36:49.883Z"
                }
            ],
            "commentBoxPosition": {
                "x": 444.0,
                "y": 307.0
            }
        },
        {
            "commentBoxID": "commentBox-a9bcdd6b-eb37-4375-908d-2e39009f5f77",
            "comments": [
                {
                    "content": "https://hub.knime.com/knime/extensions/org.knime.features.base/latest/org.knime.base.node.io.filehandling.csv.reader.CSVTableReaderNodeFactory",
                    "creatorName": "Bot",
                    "createorID": 1,
                    "creationTime": "2024-03-08T10:36:49.883Z"
                }
            ],
            "commentBoxPosition": {
                "x": 444.0,
                "y": 147.0
            }
        },
        {
            "commentBoxID": "commentBox-2e8cbeeb-42ad-4f2a-a9b4-732f8321cd50",
            "comments": [
                {
                    "content": "https://hub.knime.com/knime/extensions/org.knime.features.base/latest/org.knime.base.node.io.filehandling.csv.reader.CSVTableReaderNodeFactory",
                    "creatorName": "Bot",
                    "createorID": 1,
                    "creationTime": "2024-03-08T10:36:49.883Z"
                }
            ],
            "commentBoxPosition": {
                "x": 544.0,
                "y": 147.0
            }
        },
        {
            "commentBoxID": "commentBox-d48087c2-48de-4242-a069-e94912a54dde",
            "comments": [
                {
                    "content": "https://hub.knime.com/knime/extensions/org.knime.features.base/latest/org.knime.base.node.io.filehandling.csv.reader.CSVTableReaderNodeFactory",
                    "creatorName": "Bot",
                    "createorID": 1,
                    "creationTime": "2024-03-08T10:36:49.883Z"
                }
            ],
            "commentBoxPosition": {
                "x": 884.0,
                "y": 147.0
            }
        },
        {
            "commentBoxID": "commentBox-d3f0d258-92c5-4aa9-8051-4ab49d1874bd",
            "comments": [
                {
                    "content": "https://hub.knime.com/knime/extensions/org.knime.features.base/latest/org.knime.base.node.io.filehandling.csv.reader.CSVTableReaderNodeFactory",
                    "creatorName": "Bot",
                    "createorID": 1,
                    "creationTime": "2024-03-08T10:36:49.883Z"
                }
            ],
            "commentBoxPosition": {
                "x": 604.0,
                "y": 767.0
            }
        },
        {
            "commentBoxID": "commentBox-56aad7df-4e06-4deb-af4e-8242990c8e1a",
            "comments": [
                {
                    "content": "https://hub.knime.com/knime/extensions/org.knime.features.base/latest/org.knime.base.node.io.filehandling.csv.reader.CSVTableReaderNodeFactory",
                    "creatorName": "Bot",
                    "createorID": 1,
                    "creationTime": "2024-03-08T10:36:49.883Z"
                }
            ],
            "commentBoxPosition": {
                "x": 384.0,
                "y": 187.0
            }
        },
        {
            "commentBoxID": "commentBox-d66d5f1b-2f2e-4f90-9421-eaa98c5acbd9",
            "comments": [
                {
                    "content": "https://hub.knime.com/knime/extensions/org.knime.features.base/latest/org.knime.base.node.io.filehandling.csv.reader.CSVTableReaderNodeFactory",
                    "creatorName": "Bot",
                    "createorID": 1,
                    "creationTime": "2024-03-08T10:36:49.883Z"
                }
            ],
            "commentBoxPosition": {
                "x": 484.0,
                "y": 187.0
            }
        },
        {
            "commentBoxID": "commentBox-9d74e7b9-d9b1-477a-8b30-0fa85e5f3771",
            "comments": [
                {
                    "content": "https://hub.knime.com/knime/extensions/org.knime.features.base/latest/org.knime.base.node.io.filehandling.csv.reader.CSVTableReaderNodeFactory",
                    "creatorName": "Bot",
                    "createorID": 1,
                    "creationTime": "2024-03-08T10:36:49.883Z"
                }
            ],
            "commentBoxPosition": {
                "x": 264.0,
                "y": 327.0
            }
        },
        {
            "commentBoxID": "commentBox-ef0a2494-b4e4-4177-aafc-eda209683c98",
            "comments": [
                {
                    "content": "https://hub.knime.com/knime/extensions/org.knime.features.base/latest/org.knime.base.node.io.filehandling.csv.reader.CSVTableReaderNodeFactory",
                    "creatorName": "Bot",
                    "createorID": 1,
                    "creationTime": "2024-03-08T10:36:49.883Z"
                }
            ],
            "commentBoxPosition": {
                "x": 204.0,
                "y": 467.0
            }
        },
        {
            "commentBoxID": "commentBox-77b234e4-20ec-4c92-b1e1-f9dff25c6045",
            "comments": [
                {
                    "content": "https://hub.knime.com/knime/extensions/org.knime.features.base/latest/org.knime.base.node.io.filehandling.csv.reader.CSVTableReaderNodeFactory",
                    "creatorName": "Bot",
                    "createorID": 1,
                    "creationTime": "2024-03-08T10:36:49.883Z"
                }
            ],
            "commentBoxPosition": {
                "x": 324.0,
                "y": 467.0
            }
        },
        {
            "commentBoxID": "commentBox-c55fd697-0e1b-4b77-886a-addb09f0eb74",
            "comments": [
                {
                    "content": "https://hub.knime.com/knime/extensions/org.knime.features.base/latest/org.knime.base.node.io.filehandling.csv.reader.CSVTableReaderNodeFactory",
                    "creatorName": "Bot",
                    "createorID": 1,
                    "creationTime": "2024-03-08T10:36:49.883Z"
                }
            ],
            "commentBoxPosition": {
                "x": 684.0,
                "y": 327.0
            }
        },
        {
            "commentBoxID": "commentBox-231a2943-8283-4266-b29a-8a8e69b20354",
            "comments": [
                {
                    "content": "https://hub.knime.com/knime/extensions/org.knime.features.base/latest/org.knime.base.node.io.filehandling.csv.reader.CSVTableReaderNodeFactory",
                    "creatorName": "Bot",
                    "createorID": 1,
                    "creationTime": "2024-03-08T10:36:49.883Z"
                }
            ],
            "commentBoxPosition": {
                "x": 604.0,
                "y": 487.0
            }
        },
        {
            "commentBoxID": "commentBox-2baaf796-7a66-4e4f-8d9b-73c7b08ad4d4",
            "comments": [
                {
                    "content": "https://hub.knime.com/knime/extensions/org.knime.features.base/latest/org.knime.base.node.io.filehandling.csv.reader.CSVTableReaderNodeFactory",
                    "creatorName": "Bot",
                    "createorID": 1,
                    "creationTime": "2024-03-08T10:36:49.883Z"
                }
            ],
            "commentBoxPosition": {
                "x": 384.0,
                "y": 387.0
            }
        },
        {
            "commentBoxID": "commentBox-e3fb650a-cb0f-4f57-8ca7-de449c8dc6f6",
            "comments": [
                {
                    "content": "https://hub.knime.com/knime/extensions/org.knime.features.base/latest/org.knime.base.node.io.filehandling.csv.reader.CSVTableReaderNodeFactory",
                    "creatorName": "Bot",
                    "createorID": 1,
                    "creationTime": "2024-03-08T10:36:49.883Z"
                }
            ],
            "commentBoxPosition": {
                "x": 604.0,
                "y": 627.0
            }
        },
        {
            "commentBoxID": "commentBox-91823d3a-54af-4f57-b2c6-55e5e78062f2",
            "comments": [
                {
                    "content": "https://hub.knime.com/knime/extensions/org.knime.features.base/latest/org.knime.base.node.io.filehandling.csv.reader.CSVTableReaderNodeFactory",
                    "creatorName": "Bot",
                    "createorID": 1,
                    "creationTime": "2024-03-08T10:36:49.883Z"
                }
            ],
            "commentBoxPosition": {
                "x": 484.0,
                "y": 447.0
            }
        },
        {
            "commentBoxID": "commentBox-4f576d9a-dd30-41ac-a27f-9f6670f21670",
            "comments": [
                {
                    "content": "https://hub.knime.com/knime/extensions/org.knime.features.base/latest/org.knime.base.node.io.filehandling.csv.reader.CSVTableReaderNodeFactory",
                    "creatorName": "Bot",
                    "createorID": 1,
                    "creationTime": "2024-03-08T10:36:49.883Z"
                }
            ],
            "commentBoxPosition": {
                "x": 504.0,
                "y": 767.0
            }
        },
        {
            "commentBoxID": "commentBox-747edef6-3b02-4e13-9d71-23066bdef26d",
            "comments": [
                {
                    "content": "https://hub.knime.com/knime/extensions/org.knime.features.base/latest/org.knime.base.node.io.filehandling.csv.reader.CSVTableReaderNodeFactory",
                    "creatorName": "Bot",
                    "createorID": 1,
                    "creationTime": "2024-03-08T10:36:49.883Z"
                }
            ],
            "commentBoxPosition": {
                "x": 344.0,
                "y": 147.0
            }
        },
        {
            "commentBoxID": "commentBox-da6869cd-4d54-4e65-8b49-7f078e256064",
            "comments": [
                {
                    "content": "https://hub.knime.com/knime/extensions/org.knime.features.base/latest/org.knime.base.node.io.filehandling.csv.reader.CSVTableReaderNodeFactory",
                    "creatorName": "Bot",
                    "createorID": 1,
                    "creationTime": "2024-03-08T10:36:49.883Z"
                }
            ],
            "commentBoxPosition": {
                "x": 784.0,
                "y": 127.0
            }
        },
        {
            "commentBoxID": "commentBox-6e78d6e8-11fe-4b47-adab-43e4e3b43c80",
            "comments": [
                {
                    "content": "https://hub.knime.com/knime/extensions/org.knime.features.base/latest/org.knime.base.node.io.filehandling.csv.reader.CSVTableReaderNodeFactory",
                    "creatorName": "Bot",
                    "createorID": 1,
                    "creationTime": "2024-03-08T10:36:49.883Z"
                }
            ],
            "commentBoxPosition": {
                "x": 704.0,
                "y": 147.0
            }
        },
        {
            "commentBoxID": "commentBox-1a40ec1f-212a-40a9-a04c-0060d2444004",
            "comments": [
                {
                    "content": "https://hub.knime.com/knime/extensions/org.knime.features.base/latest/org.knime.base.node.io.filehandling.csv.reader.CSVTableReaderNodeFactory",
                    "creatorName": "Bot",
                    "createorID": 1,
                    "creationTime": "2024-03-08T10:36:49.883Z"
                }
            ],
            "commentBoxPosition": {
                "x": 244.0,
                "y": 147.0
            }
        }
    ]
}