{
    "operators": [
        {
            "operatorID": "Dummy-operator-3af99415-c35f-458b-8c91-0c3cf1904c73",
            "operatorType": "Dummy",
            "operatorVersion": "",
            "operatorProperties": {
                "dummyPropertyList": [
                    {
                        "dummyProperty": "Source XML",
                        "dummyValue": "Omitted for license reasons"
                    }
                ]
            },
            "inputPorts": [
                {
                    "portID": "input-0",
                    "displayName": "",
                    "allowMultiInputs": true,
                    "isDynamicPort": true
                },
                {
                    "portID": "input-1",
                    "displayName": "",
                    "allowMultiInputs": true,
                    "isDynamicPort": true
                }
            ],
            "outputPorts": [
                {
                    "portID": "output-0",
                    "displayName": "",
                    "isDynamicPort": true,
                    "isBlocking": false
                },
                {
                    "portID": "output-1",
                    "displayName": "",
                    "isDynamicPort": true,
                    "isBlocking": false
                }
            ],
            "showAdvanced": false,
            "isDisabled": false,
            "customDisplayName": "DB Table Selector",
            "dynamicInputPorts": true,
            "dynamicOutputPorts": true
        },
        {
            "operatorID": "Dummy-operator-01ccf91a-10ff-4d37-9471-062203b26341",
            "operatorType": "Dummy",
            "operatorVersion": "",
            "operatorProperties": {
                "dummyPropertyList": [
                    {
                        "dummyProperty": "Source XML",
                        "dummyValue": "Omitted for license reasons"
                    }
                ]
            },
            "inputPorts": [
                {
                    "portID": "input-0",
                    "displayName": "",
                    "allowMultiInputs": true,
                    "isDynamicPort": true
                },
                {
                    "portID": "input-1",
                    "displayName": "",
                    "allowMultiInputs": true,
                    "isDynamicPort": true
                },
                {
                    "portID": "input-2",
                    "displayName": "",
                    "allowMultiInputs": true,
                    "isDynamicPort": true
                },
                {
                    "portID": "input-3",
                    "displayName": "",
                    "allowMultiInputs": true,
                    "isDynamicPort": true
                }
            ],
            "outputPorts": [
                {
                    "portID": "output-0",
                    "displayName": "",
                    "isDynamicPort": true,
                    "isBlocking": false
                },
                {
                    "portID": "output-1",
                    "displayName": "",
                    "isDynamicPort": true,
                    "isBlocking": false
                }
            ],
            "showAdvanced": false,
            "isDisabled": false,
            "customDisplayName": "DB Loader",
            "dynamicInputPorts": true,
            "dynamicOutputPorts": true
        },
        {
            "operatorID": "Dummy-operator-84a7805d-d630-40b9-8274-4649e425195b",
            "operatorType": "Dummy",
            "operatorVersion": "",
            "operatorProperties": {
                "dummyPropertyList": [
                    {
                        "dummyProperty": "Source XML",
                        "dummyValue": "Omitted for license reasons"
                    }
                ]
            },
            "inputPorts": [
                {
                    "portID": "input-0",
                    "displayName": "",
                    "allowMultiInputs": true,
                    "isDynamicPort": true
                },
                {
                    "portID": "input-1",
                    "displayName": "",
                    "allowMultiInputs": true,
                    "isDynamicPort": true
                }
            ],
            "outputPorts": [
                {
                    "portID": "output-0",
                    "displayName": "",
                    "isDynamicPort": true,
                    "isBlocking": false
                },
                {
                    "portID": "output-1",
                    "displayName": "",
                    "isDynamicPort": true,
                    "isBlocking": false
                }
            ],
            "showAdvanced": false,
            "isDisabled": false,
            "customDisplayName": "Table Reader",
            "dynamicInputPorts": true,
            "dynamicOutputPorts": true
        },
        {
            "operatorID": "Dummy-operator-b524076c-e048-47bd-b232-b69c05353fa1",
            "operatorType": "Dummy",
            "operatorVersion": "",
            "operatorProperties": {
                "dummyPropertyList": [
                    {
                        "dummyProperty": "Source XML",
                        "dummyValue": "Omitted for license reasons"
                    }
                ]
            },
            "inputPorts": [
                {
                    "portID": "input-0",
                    "displayName": "",
                    "allowMultiInputs": true,
                    "isDynamicPort": true
                },
                {
                    "portID": "input-1",
                    "displayName": "",
                    "allowMultiInputs": true,
                    "isDynamicPort": true
                },
                {
                    "portID": "input-2",
                    "displayName": "",
                    "allowMultiInputs": true,
                    "isDynamicPort": true
                }
            ],
            "outputPorts": [
                {
                    "portID": "output-0",
                    "displayName": "",
                    "isDynamicPort": true,
                    "isBlocking": false
                },
                {
                    "portID": "output-1",
                    "displayName": "",
                    "isDynamicPort": true,
                    "isBlocking": false
                },
                {
                    "portID": "output-2",
                    "displayName": "",
                    "isDynamicPort": true,
                    "isBlocking": false
                }
            ],
            "showAdvanced": false,
            "isDisabled": false,
            "customDisplayName": "DB Table Creator",
            "dynamicInputPorts": true,
            "dynamicOutputPorts": true
        },
        {
            "operatorID": "Dummy-operator-85736b9b-2ca3-4daa-a2e2-32ad02e9cab5",
            "operatorType": "Dummy",
            "operatorVersion": "",
            "operatorProperties": {
                "dummyPropertyList": [
                    {
                        "dummyProperty": "Source XML",
                        "dummyValue": "Omitted for license reasons"
                    }
                ]
            },
            "inputPorts": [
                {
                    "portID": "input-0",
                    "displayName": "",
                    "allowMultiInputs": true,
                    "isDynamicPort": true
                }
            ],
            "outputPorts": [
                {
                    "portID": "output-0",
                    "displayName": "",
                    "isDynamicPort": true,
                    "isBlocking": false
                },
                {
                    "portID": "output-1",
                    "displayName": "",
                    "isDynamicPort": true,
                    "isBlocking": false,
                    "materializationSize": 164.1259765625
                }
            ],
            "showAdvanced": false,
            "isDisabled": false,
            "customDisplayName": "CSV Reader",
            "dynamicInputPorts": true,
            "dynamicOutputPorts": true
        },
        {
            "operatorID": "Dummy-operator-ffc460d5-b0e3-4d08-84a6-3de1ea809226",
            "operatorType": "Dummy",
            "operatorVersion": "",
            "operatorProperties": {
                "dummyPropertyList": [
                    {
                        "dummyProperty": "Source XML",
                        "dummyValue": "Omitted for license reasons"
                    }
                ]
            },
            "inputPorts": [
                {
                    "portID": "input-0",
                    "displayName": "",
                    "allowMultiInputs": true,
                    "isDynamicPort": true
                },
                {
                    "portID": "input-1",
                    "displayName": "",
                    "allowMultiInputs": true,
                    "isDynamicPort": true
                },
                {
                    "portID": "input-2",
                    "displayName": "",
                    "allowMultiInputs": true,
                    "isDynamicPort": true
                }
            ],
            "outputPorts": [
                {
                    "portID": "output-0",
                    "displayName": "",
                    "isDynamicPort": true,
                    "isBlocking": false
                }
            ],
            "showAdvanced": false,
            "isDisabled": false,
            "customDisplayName": "Table Writer",
            "dynamicInputPorts": true,
            "dynamicOutputPorts": true
        },
        {
            "operatorID": "Dummy-operator-f559d6d9-2996-4bd0-a630-aab8b35bc5e8",
            "operatorType": "Dummy",
            "operatorVersion": "",
            "operatorProperties": {
                "dummyPropertyList": [
                    {
                        "dummyProperty": "Source XML",
                        "dummyValue": "Omitted for license reasons"
                    }
                ]
            },
            "inputPorts": [
                {
                    "portID": "input-0",
                    "displayName": "",
                    "allowMultiInputs": true,
                    "isDynamicPort": true
                }
            ],
            "outputPorts": [
                {
                    "portID": "output-0",
                    "displayName": "",
                    "isDynamicPort": true,
                    "isBlocking": false
                },
                {
                    "portID": "output-1",
                    "displayName": "",
                    "isDynamicPort": true,
                    "isBlocking": true,
                    "materializationSize": 1.1171875
                }
            ],
            "showAdvanced": false,
            "isDisabled": false,
            "customDisplayName": "HDFS Connector",
            "dynamicInputPorts": true,
            "dynamicOutputPorts": true
        },
        {
            "operatorID": "Dummy-operator-2b022ff4-d2be-4fd1-9ae5-26e05fd3a8dd",
            "operatorType": "Dummy",
            "operatorVersion": "",
            "operatorProperties": {
                "dummyPropertyList": [
                    {
                        "dummyProperty": "Source XML",
                        "dummyValue": "Omitted for license reasons"
                    }
                ]
            },
            "inputPorts": [
                {
                    "portID": "input-0",
                    "displayName": "",
                    "allowMultiInputs": true,
                    "isDynamicPort": true
                }
            ],
            "outputPorts": [
                {
                    "portID": "output-0",
                    "displayName": "",
                    "isDynamicPort": true,
                    "isBlocking": false
                },
                {
                    "portID": "output-1",
                    "displayName": "",
                    "isDynamicPort": true,
                    "isBlocking": true,
                    "materializationSize": 3.7021484375
                }
            ],
            "showAdvanced": false,
            "isDisabled": false,
            "customDisplayName": "Hive Connector",
            "dynamicInputPorts": true,
            "dynamicOutputPorts": true
        },
        {
            "operatorID": "Dummy-operator-e3ea133b-e478-4c20-ae27-fbc80b24ef0d",
            "operatorType": "Dummy",
            "operatorVersion": "",
            "operatorProperties": {
                "dummyPropertyList": [
                    {
                        "dummyProperty": "Source XML",
                        "dummyValue": "Omitted for license reasons"
                    }
                ]
            },
            "inputPorts": [
                {
                    "portID": "input-0",
                    "displayName": "",
                    "allowMultiInputs": true,
                    "isDynamicPort": true
                },
                {
                    "portID": "input-1",
                    "displayName": "",
                    "allowMultiInputs": true,
                    "isDynamicPort": true
                }
            ],
            "outputPorts": [
                {
                    "portID": "output-0",
                    "displayName": "",
                    "isDynamicPort": true,
                    "isBlocking": false
                },
                {
                    "portID": "output-1",
                    "displayName": "",
                    "isDynamicPort": true,
                    "isBlocking": false
                }
            ],
            "showAdvanced": false,
            "isDisabled": false,
            "customDisplayName": "Set Files_Folders Permissions",
            "dynamicInputPorts": true,
            "dynamicOutputPorts": true
        },
        {
            "operatorID": "Dummy-operator-592113eb-bb30-4051-9f53-93e74311544a",
            "operatorType": "Dummy",
            "operatorVersion": "",
            "operatorProperties": {
                "dummyPropertyList": [
                    {
                        "dummyProperty": "Source XML",
                        "dummyValue": "Omitted for license reasons"
                    }
                ]
            },
            "inputPorts": [
                {
                    "portID": "input-0",
                    "displayName": "",
                    "allowMultiInputs": true,
                    "isDynamicPort": true
                },
                {
                    "portID": "input-1",
                    "displayName": "",
                    "allowMultiInputs": true,
                    "isDynamicPort": true
                }
            ],
            "outputPorts": [
                {
                    "portID": "output-0",
                    "displayName": "",
                    "isDynamicPort": true,
                    "isBlocking": false
                },
                {
                    "portID": "output-1",
                    "displayName": "",
                    "isDynamicPort": true,
                    "isBlocking": false
                }
            ],
            "showAdvanced": false,
            "isDisabled": false,
            "customDisplayName": "CSV Reader",
            "dynamicInputPorts": true,
            "dynamicOutputPorts": true
        },
        {
            "operatorID": "Dummy-operator-65500c0a-bf49-48c1-bf1f-44dfe2729049",
            "operatorType": "Dummy",
            "operatorVersion": "",
            "operatorProperties": {
                "dummyPropertyList": [
                    {
                        "dummyProperty": "Source XML",
                        "dummyValue": "Omitted for license reasons"
                    }
                ]
            },
            "inputPorts": [
                {
                    "portID": "input-0",
                    "displayName": "",
                    "allowMultiInputs": true,
                    "isDynamicPort": true
                },
                {
                    "portID": "input-1",
                    "displayName": "",
                    "allowMultiInputs": true,
                    "isDynamicPort": true
                },
                {
                    "portID": "input-2",
                    "displayName": "",
                    "allowMultiInputs": true,
                    "isDynamicPort": true
                }
            ],
            "outputPorts": [
                {
                    "portID": "output-0",
                    "displayName": "",
                    "isDynamicPort": true,
                    "isBlocking": false
                }
            ],
            "showAdvanced": false,
            "isDisabled": false,
            "customDisplayName": "CSV Writer",
            "dynamicInputPorts": true,
            "dynamicOutputPorts": true
        },
        {
            "operatorID": "Dummy-operator-dcb497d9-4c52-419a-83a9-fa21e8b9b3b1",
            "operatorType": "Dummy",
            "operatorVersion": "",
            "operatorProperties": {
                "dummyPropertyList": [
                    {
                        "dummyProperty": "Source XML",
                        "dummyValue": "Omitted for license reasons"
                    }
                ]
            },
            "inputPorts": [
                {
                    "portID": "input-0",
                    "displayName": "",
                    "allowMultiInputs": true,
                    "isDynamicPort": true
                },
                {
                    "portID": "input-1",
                    "displayName": "",
                    "allowMultiInputs": true,
                    "isDynamicPort": true
                }
            ],
            "outputPorts": [
                {
                    "portID": "output-0",
                    "displayName": "",
                    "isDynamicPort": true,
                    "isBlocking": false
                },
                {
                    "portID": "output-1",
                    "displayName": "",
                    "isDynamicPort": true,
                    "isBlocking": true,
                    "materializationSize": 4.572265625
                }
            ],
            "showAdvanced": false,
            "isDisabled": false,
            "customDisplayName": "DB Table Selector",
            "dynamicInputPorts": true,
            "dynamicOutputPorts": true
        },
        {
            "operatorID": "Dummy-operator-ebb09884-596b-49d0-868d-bf56ae5b1856",
            "operatorType": "Dummy",
            "operatorVersion": "",
            "operatorProperties": {
                "dummyPropertyList": [
                    {
                        "dummyProperty": "Source XML",
                        "dummyValue": "Omitted for license reasons"
                    }
                ]
            },
            "inputPorts": [
                {
                    "portID": "input-0",
                    "displayName": "",
                    "allowMultiInputs": true,
                    "isDynamicPort": true
                },
                {
                    "portID": "input-1",
                    "displayName": "",
                    "allowMultiInputs": true,
                    "isDynamicPort": true
                }
            ],
            "outputPorts": [
                {
                    "portID": "output-0",
                    "displayName": "",
                    "isDynamicPort": true,
                    "isBlocking": false
                },
                {
                    "portID": "output-1",
                    "displayName": "",
                    "isDynamicPort": true,
                    "isBlocking": false,
                    "materializationSize": 164.1533203125
                }
            ],
            "showAdvanced": false,
            "isDisabled": false,
            "customDisplayName": "DB Query Reader",
            "dynamicInputPorts": true,
            "dynamicOutputPorts": true
        }
    ],
    "operatorPositions": {
        "Dummy-operator-3af99415-c35f-458b-8c91-0c3cf1904c73": {
            "x": 964.0,
            "y": 257.0
        },
        "Dummy-operator-01ccf91a-10ff-4d37-9471-062203b26341": {
            "x": 764.0,
            "y": 257.0
        },
        "Dummy-operator-84a7805d-d630-40b9-8274-4649e425195b": {
            "x": 304.0,
            "y": 117.0
        },
        "Dummy-operator-b524076c-e048-47bd-b232-b69c05353fa1": {
            "x": 504.0,
            "y": 257.0
        },
        "Dummy-operator-85736b9b-2ca3-4daa-a2e2-32ad02e9cab5": {
            "x": 124.0,
            "y": 457.0
        },
        "Dummy-operator-ffc460d5-b0e3-4d08-84a6-3de1ea809226": {
            "x": 324.0,
            "y": 417.0
        },
        "Dummy-operator-f559d6d9-2996-4bd0-a630-aab8b35bc5e8": {
            "x": 124.0,
            "y": 117.0
        },
        "Dummy-operator-2b022ff4-d2be-4fd1-9ae5-26e05fd3a8dd": {
            "x": 124.0,
            "y": 257.0
        },
        "Dummy-operator-e3ea133b-e478-4c20-ae27-fbc80b24ef0d": {
            "x": 304.0,
            "y": -3.0
        },
        "Dummy-operator-592113eb-bb30-4051-9f53-93e74311544a": {
            "x": 464.0,
            "y": 457.0
        },
        "Dummy-operator-65500c0a-bf49-48c1-bf1f-44dfe2729049": {
            "x": 664.0,
            "y": 417.0
        },
        "Dummy-operator-dcb497d9-4c52-419a-83a9-fa21e8b9b3b1": {
            "x": 544.0,
            "y": 117.0
        },
        "Dummy-operator-ebb09884-596b-49d0-868d-bf56ae5b1856": {
            "x": 684.0,
            "y": 177.0
        }
    },
    "links": [
        {
            "linkID": "link-0561e244-2058-40aa-85bd-0ccd9a02294f",
            "source": {
                "operatorID": "Dummy-operator-01ccf91a-10ff-4d37-9471-062203b26341",
                "portID": "output-1"
            },
            "target": {
                "operatorID": "Dummy-operator-3af99415-c35f-458b-8c91-0c3cf1904c73",
                "portID": "input-1"
            }
        },
        {
            "linkID": "link-e3a027c1-bf69-4f3c-b92c-1f9fabd0f84f",
            "source": {
                "operatorID": "Dummy-operator-84a7805d-d630-40b9-8274-4649e425195b",
                "portID": "output-1"
            },
            "target": {
                "operatorID": "Dummy-operator-b524076c-e048-47bd-b232-b69c05353fa1",
                "portID": "input-1"
            }
        },
        {
            "linkID": "link-5bf89838-aa56-426c-87a1-c6d722caf578",
            "source": {
                "operatorID": "Dummy-operator-84a7805d-d630-40b9-8274-4649e425195b",
                "portID": "output-1"
            },
            "target": {
                "operatorID": "Dummy-operator-01ccf91a-10ff-4d37-9471-062203b26341",
                "portID": "input-2"
            }
        },
        {
            "linkID": "link-395dd6f8-8ebf-428c-8f8a-cc8c458ec6cb",
            "source": {
                "operatorID": "Dummy-operator-b524076c-e048-47bd-b232-b69c05353fa1",
                "portID": "output-2"
            },
            "target": {
                "operatorID": "Dummy-operator-01ccf91a-10ff-4d37-9471-062203b26341",
                "portID": "input-3"
            }
        },
        {
            "linkID": "link-2c3b15db-4e52-45e8-8bdb-8d5dcc149a38",
            "source": {
                "operatorID": "Dummy-operator-85736b9b-2ca3-4daa-a2e2-32ad02e9cab5",
                "portID": "output-1"
            },
            "target": {
                "operatorID": "Dummy-operator-ffc460d5-b0e3-4d08-84a6-3de1ea809226",
                "portID": "input-2"
            }
        },
        {
            "linkID": "link-f8576dc5-9a61-44af-8a33-ed32985d0d4b",
            "source": {
                "operatorID": "Dummy-operator-85736b9b-2ca3-4daa-a2e2-32ad02e9cab5",
                "portID": "output-1"
            },
            "target": {
                "operatorID": "Dummy-operator-65500c0a-bf49-48c1-bf1f-44dfe2729049",
                "portID": "input-2"
            }
        },
        {
            "linkID": "link-26e384f9-862a-4086-8abd-d4a8516795ca",
            "source": {
                "operatorID": "Dummy-operator-f559d6d9-2996-4bd0-a630-aab8b35bc5e8",
                "portID": "output-1"
            },
            "target": {
                "operatorID": "Dummy-operator-84a7805d-d630-40b9-8274-4649e425195b",
                "portID": "input-1"
            }
        },
        {
            "linkID": "link-4778720e-5e24-44f1-bbc8-ddb7a674dfb2",
            "source": {
                "operatorID": "Dummy-operator-f559d6d9-2996-4bd0-a630-aab8b35bc5e8",
                "portID": "output-1"
            },
            "target": {
                "operatorID": "Dummy-operator-ffc460d5-b0e3-4d08-84a6-3de1ea809226",
                "portID": "input-1"
            }
        },
        {
            "linkID": "link-6ca058de-c310-4fe9-917e-f8f31dd00ef3",
            "source": {
                "operatorID": "Dummy-operator-f559d6d9-2996-4bd0-a630-aab8b35bc5e8",
                "portID": "output-1"
            },
            "target": {
                "operatorID": "Dummy-operator-01ccf91a-10ff-4d37-9471-062203b26341",
                "portID": "input-1"
            }
        },
        {
            "linkID": "link-de0940ad-c22a-42c8-b0aa-3face5803a13",
            "source": {
                "operatorID": "Dummy-operator-f559d6d9-2996-4bd0-a630-aab8b35bc5e8",
                "portID": "output-1"
            },
            "target": {
                "operatorID": "Dummy-operator-e3ea133b-e478-4c20-ae27-fbc80b24ef0d",
                "portID": "input-1"
            }
        },
        {
            "linkID": "link-155ee4c6-150a-4dec-9073-6c14694969db",
            "source": {
                "operatorID": "Dummy-operator-f559d6d9-2996-4bd0-a630-aab8b35bc5e8",
                "portID": "output-1"
            },
            "target": {
                "operatorID": "Dummy-operator-592113eb-bb30-4051-9f53-93e74311544a",
                "portID": "input-1"
            }
        },
        {
            "linkID": "link-61385567-6922-4335-9ddf-bf069aadd6da",
            "source": {
                "operatorID": "Dummy-operator-f559d6d9-2996-4bd0-a630-aab8b35bc5e8",
                "portID": "output-1"
            },
            "target": {
                "operatorID": "Dummy-operator-65500c0a-bf49-48c1-bf1f-44dfe2729049",
                "portID": "input-1"
            }
        },
        {
            "linkID": "link-0e0780a6-8e75-4bf7-8469-6181bfd8ac42",
            "source": {
                "operatorID": "Dummy-operator-2b022ff4-d2be-4fd1-9ae5-26e05fd3a8dd",
                "portID": "output-1"
            },
            "target": {
                "operatorID": "Dummy-operator-b524076c-e048-47bd-b232-b69c05353fa1",
                "portID": "input-2"
            }
        },
        {
            "linkID": "link-b19015ff-7c85-466d-8a7a-189c860f20d1",
            "source": {
                "operatorID": "Dummy-operator-2b022ff4-d2be-4fd1-9ae5-26e05fd3a8dd",
                "portID": "output-1"
            },
            "target": {
                "operatorID": "Dummy-operator-dcb497d9-4c52-419a-83a9-fa21e8b9b3b1",
                "portID": "input-1"
            }
        },
        {
            "linkID": "link-dd6cfd36-3d4b-4634-bf39-403ead65d824",
            "source": {
                "operatorID": "Dummy-operator-2b022ff4-d2be-4fd1-9ae5-26e05fd3a8dd",
                "portID": "output-1"
            },
            "target": {
                "operatorID": "Dummy-operator-ebb09884-596b-49d0-868d-bf56ae5b1856",
                "portID": "input-1"
            }
        }
    ],
    "groups": [],
    "breakpoints": {},
    "commentBoxes": [
        {
            "commentBoxID": "commentBox-50cd6d12-04f9-4a85-bf56-194a9322df70",
            "comments": [
                {
                    "content": "https://hub.knime.com/knime/extensions/org.knime.features.base/latest/org.knime.base.node.io.filehandling.csv.reader.CSVTableReaderNodeFactory",
                    "creatorName": "Bot",
                    "createorID": 1,
                    "creationTime": "2024-03-08T10:36:49.883Z"
                }
            ],
            "commentBoxPosition": {
                "x": 1024.0,
                "y": 287.0
            }
        },
        {
            "commentBoxID": "commentBox-5d62e135-5fb3-4f51-b4a4-3c3f1f4e4d94",
            "comments": [
                {
                    "content": "https://hub.knime.com/knime/extensions/org.knime.features.base/latest/org.knime.base.node.io.filehandling.csv.reader.CSVTableReaderNodeFactory",
                    "creatorName": "Bot",
                    "createorID": 1,
                    "creationTime": "2024-03-08T10:36:49.883Z"
                }
            ],
            "commentBoxPosition": {
                "x": 824.0,
                "y": 287.0
            }
        },
        {
            "commentBoxID": "commentBox-1b9e48c9-999d-49d5-9fd4-6c306ef06a8f",
            "comments": [
                {
                    "content": "https://hub.knime.com/knime/extensions/org.knime.features.base/latest/org.knime.base.node.io.filehandling.csv.reader.CSVTableReaderNodeFactory",
                    "creatorName": "Bot",
                    "createorID": 1,
                    "creationTime": "2024-03-08T10:36:49.883Z"
                }
            ],
            "commentBoxPosition": {
                "x": 364.0,
                "y": 147.0
            }
        },
        {
            "commentBoxID": "commentBox-c6a4f633-29dc-4200-b493-ad9c66442311",
            "comments": [
                {
                    "content": "https://hub.knime.com/knime/extensions/org.knime.features.base/latest/org.knime.base.node.io.filehandling.csv.reader.CSVTableReaderNodeFactory",
                    "creatorName": "Bot",
                    "createorID": 1,
                    "creationTime": "2024-03-08T10:36:49.883Z"
                }
            ],
            "commentBoxPosition": {
                "x": 564.0,
                "y": 287.0
            }
        },
        {
            "commentBoxID": "commentBox-6a552584-0912-4270-a3c6-f72fbd62605a",
            "comments": [
                {
                    "content": "https://hub.knime.com/knime/extensions/org.knime.features.base/latest/org.knime.base.node.io.filehandling.csv.reader.CSVTableReaderNodeFactory",
                    "creatorName": "Bot",
                    "createorID": 1,
                    "creationTime": "2024-03-08T10:36:49.883Z"
                }
            ],
            "commentBoxPosition": {
                "x": 184.0,
                "y": 487.0
            }
        },
        {
            "commentBoxID": "commentBox-0cf7133d-0444-45a2-b152-792e3cb72bc3",
            "comments": [
                {
                    "content": "https://hub.knime.com/knime/extensions/org.knime.features.base/latest/org.knime.base.node.io.filehandling.csv.reader.CSVTableReaderNodeFactory",
                    "creatorName": "Bot",
                    "createorID": 1,
                    "creationTime": "2024-03-08T10:36:49.883Z"
                }
            ],
            "commentBoxPosition": {
                "x": 384.0,
                "y": 447.0
            }
        },
        {
            "commentBoxID": "commentBox-dfc74121-99f7-4d80-a727-4acd92f5e458",
            "comments": [
                {
                    "content": "https://hub.knime.com/knime/extensions/org.knime.features.base/latest/org.knime.base.node.io.filehandling.csv.reader.CSVTableReaderNodeFactory",
                    "creatorName": "Bot",
                    "createorID": 1,
                    "creationTime": "2024-03-08T10:36:49.883Z"
                }
            ],
            "commentBoxPosition": {
                "x": 184.0,
                "y": 147.0
            }
        },
        {
            "commentBoxID": "commentBox-7c1ab074-b3f0-40cf-803c-1794b117fbfb",
            "comments": [
                {
                    "content": "https://hub.knime.com/knime/extensions/org.knime.features.base/latest/org.knime.base.node.io.filehandling.csv.reader.CSVTableReaderNodeFactory",
                    "creatorName": "Bot",
                    "createorID": 1,
                    "creationTime": "2024-03-08T10:36:49.883Z"
                }
            ],
            "commentBoxPosition": {
                "x": 184.0,
                "y": 287.0
            }
        },
        {
            "commentBoxID": "commentBox-4f07fe9d-8bc8-470e-83e0-0c644084758c",
            "comments": [
                {
                    "content": "https://hub.knime.com/knime/extensions/org.knime.features.base/latest/org.knime.base.node.io.filehandling.csv.reader.CSVTableReaderNodeFactory",
                    "creatorName": "Bot",
                    "createorID": 1,
                    "creationTime": "2024-03-08T10:36:49.883Z"
                }
            ],
            "commentBoxPosition": {
                "x": 364.0,
                "y": 27.0
            }
        },
        {
            "commentBoxID": "commentBox-417dbc2d-1e58-43c5-958b-0081e39d3897",
            "comments": [
                {
                    "content": "https://hub.knime.com/knime/extensions/org.knime.features.base/latest/org.knime.base.node.io.filehandling.csv.reader.CSVTableReaderNodeFactory",
                    "creatorName": "Bot",
                    "createorID": 1,
                    "creationTime": "2024-03-08T10:36:49.883Z"
                }
            ],
            "commentBoxPosition": {
                "x": 524.0,
                "y": 487.0
            }
        },
        {
            "commentBoxID": "commentBox-89ef8cd0-a68f-4bdd-aed5-16d752ea17ac",
            "comments": [
                {
                    "content": "https://hub.knime.com/knime/extensions/org.knime.features.base/latest/org.knime.base.node.io.filehandling.csv.reader.CSVTableReaderNodeFactory",
                    "creatorName": "Bot",
                    "createorID": 1,
                    "creationTime": "2024-03-08T10:36:49.883Z"
                }
            ],
            "commentBoxPosition": {
                "x": 724.0,
                "y": 447.0
            }
        },
        {
            "commentBoxID": "commentBox-fb5b0735-42e5-4ca0-ab8a-e2bee765fa25",
            "comments": [
                {
                    "content": "https://hub.knime.com/knime/extensions/org.knime.features.base/latest/org.knime.base.node.io.filehandling.csv.reader.CSVTableReaderNodeFactory",
                    "creatorName": "Bot",
                    "createorID": 1,
                    "creationTime": "2024-03-08T10:36:49.883Z"
                }
            ],
            "commentBoxPosition": {
                "x": 604.0,
                "y": 147.0
            }
        },
        {
            "commentBoxID": "commentBox-a2a925b9-fd77-48ff-8dff-bae045db6814",
            "comments": [
                {
                    "content": "https://hub.knime.com/knime/extensions/org.knime.features.base/latest/org.knime.base.node.io.filehandling.csv.reader.CSVTableReaderNodeFactory",
                    "creatorName": "Bot",
                    "createorID": 1,
                    "creationTime": "2024-03-08T10:36:49.883Z"
                }
            ],
            "commentBoxPosition": {
                "x": 744.0,
                "y": 207.0
            }
        }
    ]
}