{
    "operators": [
        {
            "operatorID": "Dummy-operator-cc66b165-8bbc-4a86-bbe7-a48867705d2f",
            "operatorType": "Dummy",
            "operatorVersion": "",
            "operatorProperties": {
                "dummyPropertyList": [
                    {
                        "dummyProperty": "Source XML",
                        "dummyValue": "Omitted for license reasons"
                    }
                ]
            },
            "inputPorts": [
                {
                    "portID": "input-0",
                    "displayName": "",
                    "allowMultiInputs": true,
                    "isDynamicPort": true
                },
                {
                    "portID": "input-1",
                    "displayName": "",
                    "allowMultiInputs": true,
                    "isDynamicPort": true
                }
            ],
            "outputPorts": [
                {
                    "portID": "output-0",
                    "displayName": "",
                    "isDynamicPort": true,
                    "isBlocking": false
                },
                {
                    "portID": "output-1",
                    "displayName": "",
                    "isDynamicPort": true,
                    "isBlocking": false
                }
            ],
            "showAdvanced": false,
            "isDisabled": false,
            "customDisplayName": "HTML Parser",
            "dynamicInputPorts": true,
            "dynamicOutputPorts": true
        },
        {
            "operatorID": "Dummy-operator-49f9dc77-2e45-40eb-a308-eb7a4666d123",
            "operatorType": "Dummy",
            "operatorVersion": "",
            "operatorProperties": {
                "dummyPropertyList": [
                    {
                        "dummyProperty": "Source XML",
                        "dummyValue": "Omitted for license reasons"
                    }
                ]
            },
            "inputPorts": [
                {
                    "portID": "input-0",
                    "displayName": "",
                    "allowMultiInputs": true,
                    "isDynamicPort": true
                }
            ],
            "outputPorts": [
                {
                    "portID": "output-0",
                    "displayName": "",
                    "isDynamicPort": true,
                    "isBlocking": true
                },
                {
                    "portID": "output-1",
                    "displayName": "",
                    "isDynamicPort": true,
                    "isBlocking": true,
                    "materializationSize": 272.2841796875
                }
            ],
            "showAdvanced": false,
            "isDisabled": false,
            "customDisplayName": "Table Creator",
            "dynamicInputPorts": true,
            "dynamicOutputPorts": true
        },
        {
            "operatorID": "Dummy-operator-bc273218-26ee-4f5c-8a5e-fd998272802b",
            "operatorType": "Dummy",
            "operatorVersion": "",
            "operatorProperties": {
                "dummyPropertyList": [
                    {
                        "dummyProperty": "Source XML",
                        "dummyValue": "Omitted for license reasons"
                    }
                ]
            },
            "inputPorts": [
                {
                    "portID": "input-0",
                    "displayName": "",
                    "allowMultiInputs": true,
                    "isDynamicPort": true
                },
                {
                    "portID": "input-1",
                    "displayName": "",
                    "allowMultiInputs": true,
                    "isDynamicPort": true
                }
            ],
            "outputPorts": [
                {
                    "portID": "output-0",
                    "displayName": "",
                    "isDynamicPort": true,
                    "isBlocking": false
                },
                {
                    "portID": "output-1",
                    "displayName": "",
                    "isDynamicPort": true,
                    "isBlocking": false
                }
            ],
            "showAdvanced": false,
            "isDisabled": false,
            "customDisplayName": "XPath",
            "dynamicInputPorts": true,
            "dynamicOutputPorts": true
        }
    ],
    "operatorPositions": {
        "Dummy-operator-cc66b165-8bbc-4a86-bbe7-a48867705d2f": {
            "x": 264.0,
            "y": 217.0
        },
        "Dummy-operator-49f9dc77-2e45-40eb-a308-eb7a4666d123": {
            "x": 144.0,
            "y": 217.0
        },
        "Dummy-operator-bc273218-26ee-4f5c-8a5e-fd998272802b": {
            "x": 364.0,
            "y": 217.0
        }
    },
    "links": [
        {
            "linkID": "link-725b4a83-f267-4814-982b-442f78953192",
            "source": {
                "operatorID": "Dummy-operator-cc66b165-8bbc-4a86-bbe7-a48867705d2f",
                "portID": "output-1"
            },
            "target": {
                "operatorID": "Dummy-operator-bc273218-26ee-4f5c-8a5e-fd998272802b",
                "portID": "input-1"
            }
        },
        {
            "linkID": "link-b58e6dec-bc80-4465-ac28-fb2c1e4094c7",
            "source": {
                "operatorID": "Dummy-operator-49f9dc77-2e45-40eb-a308-eb7a4666d123",
                "portID": "output-1"
            },
            "target": {
                "operatorID": "Dummy-operator-cc66b165-8bbc-4a86-bbe7-a48867705d2f",
                "portID": "input-1"
            }
        }
    ],
    "groups": [],
    "breakpoints": {},
    "commentBoxes": [
        {
            "commentBoxID": "commentBox-0c7acb9c-ab42-4257-98f5-21c6baa511b8",
            "comments": [
                {
                    "content": "https://hub.knime.com/knime/extensions/org.knime.features.base/latest/org.knime.base.node.io.filehandling.csv.reader.CSVTableReaderNodeFactory",
                    "creatorName": "Bot",
                    "createorID": 1,
                    "creationTime": "2024-03-08T10:36:49.883Z"
                }
            ],
            "commentBoxPosition": {
                "x": 324.0,
                "y": 247.0
            }
        },
        {
            "commentBoxID": "commentBox-a15d2fb9-3dc8-4acb-84ae-3ccf170446e8",
            "comments": [
                {
                    "content": "https://hub.knime.com/knime/extensions/org.knime.features.base/latest/org.knime.base.node.io.filehandling.csv.reader.CSVTableReaderNodeFactory",
                    "creatorName": "Bot",
                    "createorID": 1,
                    "creationTime": "2024-03-08T10:36:49.883Z"
                }
            ],
            "commentBoxPosition": {
                "x": 204.0,
                "y": 247.0
            }
        },
        {
            "commentBoxID": "commentBox-845b1c85-5331-4e7f-985d-feed9a973c5b",
            "comments": [
                {
                    "content": "https://hub.knime.com/knime/extensions/org.knime.features.base/latest/org.knime.base.node.io.filehandling.csv.reader.CSVTableReaderNodeFactory",
                    "creatorName": "Bot",
                    "createorID": 1,
                    "creationTime": "2024-03-08T10:36:49.883Z"
                }
            ],
            "commentBoxPosition": {
                "x": 424.0,
                "y": 247.0
            }
        }
    ]
}