{
    "operators": [
        {
            "operatorID": "Dummy-operator-58536f38-a45b-4ea2-ae95-4e6e038aad84",
            "operatorType": "Dummy",
            "operatorVersion": "",
            "operatorProperties": {
                "dummyPropertyList": [
                    {
                        "dummyProperty": "Source XML",
                        "dummyValue": "Omitted for license reasons"
                    }
                ]
            },
            "inputPorts": [
                {
                    "portID": "input-0",
                    "displayName": "",
                    "allowMultiInputs": true,
                    "isDynamicPort": true
                }
            ],
            "outputPorts": [
                {
                    "portID": "output-0",
                    "displayName": "",
                    "isDynamicPort": true,
                    "isBlocking": false
                },
                {
                    "portID": "output-1",
                    "displayName": "",
                    "isDynamicPort": true,
                    "isBlocking": false,
                    "materializationSize": 25.4619140625
                }
            ],
            "showAdvanced": false,
            "isDisabled": false,
            "customDisplayName": "Excel Reader",
            "dynamicInputPorts": true,
            "dynamicOutputPorts": true
        },
        {
            "operatorID": "Dummy-operator-0f4280c8-d1ef-4215-aeb0-a7e6157333f8",
            "operatorType": "Dummy",
            "operatorVersion": "",
            "operatorProperties": {
                "dummyPropertyList": [
                    {
                        "dummyProperty": "Source XML",
                        "dummyValue": "Omitted for license reasons"
                    }
                ]
            },
            "inputPorts": [
                {
                    "portID": "input-0",
                    "displayName": "",
                    "allowMultiInputs": true,
                    "isDynamicPort": true
                }
            ],
            "outputPorts": [
                {
                    "portID": "output-0",
                    "displayName": "",
                    "isDynamicPort": true,
                    "isBlocking": false
                },
                {
                    "portID": "output-1",
                    "displayName": "",
                    "isDynamicPort": true,
                    "isBlocking": false,
                    "materializationSize": 7.2109375
                }
            ],
            "showAdvanced": false,
            "isDisabled": false,
            "customDisplayName": "Excel Reader",
            "dynamicInputPorts": true,
            "dynamicOutputPorts": true
        },
        {
            "operatorID": "Dummy-operator-bb45e5c1-e6d5-45ba-ad10-f602c02b35a4",
            "operatorType": "Dummy",
            "operatorVersion": "",
            "operatorProperties": {
                "dummyPropertyList": [
                    {
                        "dummyProperty": "Source XML",
                        "dummyValue": "Omitted for license reasons"
                    }
                ]
            },
            "inputPorts": [
                {
                    "portID": "input-0",
                    "displayName": "",
                    "allowMultiInputs": true,
                    "isDynamicPort": true
                },
                {
                    "portID": "input-1",
                    "displayName": "",
                    "allowMultiInputs": true,
                    "isDynamicPort": true
                }
            ],
            "outputPorts": [
                {
                    "portID": "output-0",
                    "displayName": "",
                    "isDynamicPort": true,
                    "isBlocking": false
                },
                {
                    "portID": "output-1",
                    "displayName": "",
                    "isDynamicPort": true,
                    "isBlocking": false,
                    "materializationSize": 7.8212890625
                }
            ],
            "showAdvanced": false,
            "isDisabled": false,
            "customDisplayName": "String Manipulation",
            "dynamicInputPorts": true,
            "dynamicOutputPorts": true
        },
        {
            "operatorID": "Dummy-operator-ef712382-038e-4d2f-ba87-c9bb8ff79f4f",
            "operatorType": "Dummy",
            "operatorVersion": "",
            "operatorProperties": {
                "dummyPropertyList": [
                    {
                        "dummyProperty": "Source XML",
                        "dummyValue": "Omitted for license reasons"
                    }
                ]
            },
            "inputPorts": [
                {
                    "portID": "input-0",
                    "displayName": "",
                    "allowMultiInputs": true,
                    "isDynamicPort": true
                },
                {
                    "portID": "input-1",
                    "displayName": "",
                    "allowMultiInputs": true,
                    "isDynamicPort": true
                }
            ],
            "outputPorts": [
                {
                    "portID": "output-0",
                    "displayName": "",
                    "isDynamicPort": true,
                    "isBlocking": false
                },
                {
                    "portID": "output-1",
                    "displayName": "",
                    "isDynamicPort": true,
                    "isBlocking": true,
                    "materializationSize": 0.28125
                }
            ],
            "showAdvanced": false,
            "isDisabled": false,
            "customDisplayName": "Table Row To Variable Loop Start",
            "dynamicInputPorts": true,
            "dynamicOutputPorts": true
        },
        {
            "operatorID": "Dummy-operator-393dc5e1-e039-4a21-8b0a-81d333925f40",
            "operatorType": "Dummy",
            "operatorVersion": "",
            "operatorProperties": {
                "dummyPropertyList": [
                    {
                        "dummyProperty": "Source XML",
                        "dummyValue": "Omitted for license reasons"
                    }
                ]
            },
            "inputPorts": [
                {
                    "portID": "input-0",
                    "displayName": "",
                    "allowMultiInputs": true,
                    "isDynamicPort": true
                },
                {
                    "portID": "input-1",
                    "displayName": "",
                    "allowMultiInputs": true,
                    "isDynamicPort": true
                }
            ],
            "outputPorts": [
                {
                    "portID": "output-0",
                    "displayName": "",
                    "isDynamicPort": true,
                    "isBlocking": false
                },
                {
                    "portID": "output-1",
                    "displayName": "",
                    "isDynamicPort": true,
                    "isBlocking": false,
                    "materializationSize": 24.19140625
                }
            ],
            "showAdvanced": false,
            "isDisabled": false,
            "customDisplayName": "Row Filter",
            "dynamicInputPorts": true,
            "dynamicOutputPorts": true
        },
        {
            "operatorID": "Dummy-operator-dfdea8d8-50ea-4a0f-b6cd-c5c927b817e8",
            "operatorType": "Dummy",
            "operatorVersion": "",
            "operatorProperties": {
                "dummyPropertyList": [
                    {
                        "dummyProperty": "Source XML",
                        "dummyValue": "Omitted for license reasons"
                    }
                ]
            },
            "inputPorts": [
                {
                    "portID": "input-0",
                    "displayName": "",
                    "allowMultiInputs": true,
                    "isDynamicPort": true
                },
                {
                    "portID": "input-1",
                    "displayName": "",
                    "allowMultiInputs": true,
                    "isDynamicPort": true
                }
            ],
            "outputPorts": [
                {
                    "portID": "output-0",
                    "displayName": "",
                    "isDynamicPort": true,
                    "isBlocking": false
                },
                {
                    "portID": "output-1",
                    "displayName": "",
                    "isDynamicPort": true,
                    "isBlocking": false,
                    "materializationSize": 26.177734375
                }
            ],
            "showAdvanced": false,
            "isDisabled": false,
            "customDisplayName": "Constant Value Column",
            "dynamicInputPorts": true,
            "dynamicOutputPorts": true
        },
        {
            "operatorID": "Dummy-operator-67702434-1a90-42db-ac1a-ffec90a86825",
            "operatorType": "Dummy",
            "operatorVersion": "",
            "operatorProperties": {
                "dummyPropertyList": [
                    {
                        "dummyProperty": "Source XML",
                        "dummyValue": "Omitted for license reasons"
                    }
                ]
            },
            "inputPorts": [
                {
                    "portID": "input-0",
                    "displayName": "",
                    "allowMultiInputs": true,
                    "isDynamicPort": true
                },
                {
                    "portID": "input-1",
                    "displayName": "",
                    "allowMultiInputs": true,
                    "isDynamicPort": true
                }
            ],
            "outputPorts": [
                {
                    "portID": "output-0",
                    "displayName": "",
                    "isDynamicPort": true,
                    "isBlocking": true
                },
                {
                    "portID": "output-1",
                    "displayName": "",
                    "isDynamicPort": true,
                    "isBlocking": true,
                    "materializationSize": 56.4619140625
                }
            ],
            "showAdvanced": false,
            "isDisabled": false,
            "customDisplayName": "Loop End",
            "dynamicInputPorts": true,
            "dynamicOutputPorts": true
        },
        {
            "operatorID": "Dummy-operator-94c81d81-dece-4db9-983c-1a1aae26e6d2",
            "operatorType": "Dummy",
            "operatorVersion": "",
            "operatorProperties": {
                "dummyPropertyList": [
                    {
                        "dummyProperty": "Source XML",
                        "dummyValue": "Omitted for license reasons"
                    }
                ]
            },
            "inputPorts": [
                {
                    "portID": "input-0",
                    "displayName": "",
                    "allowMultiInputs": true,
                    "isDynamicPort": true
                },
                {
                    "portID": "input-1",
                    "displayName": "",
                    "allowMultiInputs": true,
                    "isDynamicPort": true
                }
            ],
            "outputPorts": [
                {
                    "portID": "output-0",
                    "displayName": "",
                    "isDynamicPort": true,
                    "isBlocking": false
                },
                {
                    "portID": "output-1",
                    "displayName": "",
                    "isDynamicPort": true,
                    "isBlocking": false,
                    "materializationSize": 28.984375
                }
            ],
            "showAdvanced": false,
            "isDisabled": false,
            "customDisplayName": "String Manipulation",
            "dynamicInputPorts": true,
            "dynamicOutputPorts": true
        }
    ],
    "operatorPositions": {
        "Dummy-operator-58536f38-a45b-4ea2-ae95-4e6e038aad84": {
            "x": 184.0,
            "y": 457.0
        },
        "Dummy-operator-0f4280c8-d1ef-4215-aeb0-a7e6157333f8": {
            "x": 184.0,
            "y": 317.0
        },
        "Dummy-operator-bb45e5c1-e6d5-45ba-ad10-f602c02b35a4": {
            "x": 304.0,
            "y": 317.0
        },
        "Dummy-operator-ef712382-038e-4d2f-ba87-c9bb8ff79f4f": {
            "x": 424.0,
            "y": 317.0
        },
        "Dummy-operator-393dc5e1-e039-4a21-8b0a-81d333925f40": {
            "x": 544.0,
            "y": 457.0
        },
        "Dummy-operator-dfdea8d8-50ea-4a0f-b6cd-c5c927b817e8": {
            "x": 684.0,
            "y": 457.0
        },
        "Dummy-operator-67702434-1a90-42db-ac1a-ffec90a86825": {
            "x": 804.0,
            "y": 457.0
        },
        "Dummy-operator-94c81d81-dece-4db9-983c-1a1aae26e6d2": {
            "x": 944.0,
            "y": 457.0
        }
    },
    "links": [
        {
            "linkID": "link-0ec2c7c8-7e55-425f-98c5-4fa7309ef16a",
            "source": {
                "operatorID": "Dummy-operator-58536f38-a45b-4ea2-ae95-4e6e038aad84",
                "portID": "output-1"
            },
            "target": {
                "operatorID": "Dummy-operator-393dc5e1-e039-4a21-8b0a-81d333925f40",
                "portID": "input-1"
            }
        },
        {
            "linkID": "link-3c5146d6-6955-4065-82cb-061bd3abc7b2",
            "source": {
                "operatorID": "Dummy-operator-0f4280c8-d1ef-4215-aeb0-a7e6157333f8",
                "portID": "output-1"
            },
            "target": {
                "operatorID": "Dummy-operator-bb45e5c1-e6d5-45ba-ad10-f602c02b35a4",
                "portID": "input-1"
            }
        },
        {
            "linkID": "link-78640011-4df9-41bb-b0b9-dc6f9c86f1cd",
            "source": {
                "operatorID": "Dummy-operator-bb45e5c1-e6d5-45ba-ad10-f602c02b35a4",
                "portID": "output-1"
            },
            "target": {
                "operatorID": "Dummy-operator-ef712382-038e-4d2f-ba87-c9bb8ff79f4f",
                "portID": "input-1"
            }
        },
        {
            "linkID": "link-74e5cd4c-d7f7-4893-b7d5-7177f8a6b048",
            "source": {
                "operatorID": "Dummy-operator-ef712382-038e-4d2f-ba87-c9bb8ff79f4f",
                "portID": "output-1"
            },
            "target": {
                "operatorID": "Dummy-operator-393dc5e1-e039-4a21-8b0a-81d333925f40",
                "portID": "input-0"
            }
        },
        {
            "linkID": "link-1e1fec64-2b7b-4764-8685-a32a5473fc8e",
            "source": {
                "operatorID": "Dummy-operator-393dc5e1-e039-4a21-8b0a-81d333925f40",
                "portID": "output-1"
            },
            "target": {
                "operatorID": "Dummy-operator-dfdea8d8-50ea-4a0f-b6cd-c5c927b817e8",
                "portID": "input-1"
            }
        },
        {
            "linkID": "link-6bcfa0c1-83b1-438a-90ec-837170c09110",
            "source": {
                "operatorID": "Dummy-operator-dfdea8d8-50ea-4a0f-b6cd-c5c927b817e8",
                "portID": "output-1"
            },
            "target": {
                "operatorID": "Dummy-operator-67702434-1a90-42db-ac1a-ffec90a86825",
                "portID": "input-1"
            }
        },
        {
            "linkID": "link-36eb102f-81a0-4cbd-b89f-28a1958dbdd3",
            "source": {
                "operatorID": "Dummy-operator-67702434-1a90-42db-ac1a-ffec90a86825",
                "portID": "output-1"
            },
            "target": {
                "operatorID": "Dummy-operator-94c81d81-dece-4db9-983c-1a1aae26e6d2",
                "portID": "input-1"
            }
        }
    ],
    "groups": [],
    "breakpoints": {},
    "commentBoxes": [
        {
            "commentBoxID": "commentBox-36f608aa-29c1-46d8-8976-d9eb4322673a",
            "comments": [
                {
                    "content": "https://hub.knime.com/knime/extensions/org.knime.features.base/latest/org.knime.base.node.io.filehandling.csv.reader.CSVTableReaderNodeFactory",
                    "creatorName": "Bot",
                    "createorID": 1,
                    "creationTime": "2024-03-08T10:36:49.883Z"
                }
            ],
            "commentBoxPosition": {
                "x": 244.0,
                "y": 487.0
            }
        },
        {
            "commentBoxID": "commentBox-72cb37eb-2a60-4d4c-a93d-a147fb2fd625",
            "comments": [
                {
                    "content": "https://hub.knime.com/knime/extensions/org.knime.features.base/latest/org.knime.base.node.io.filehandling.csv.reader.CSVTableReaderNodeFactory",
                    "creatorName": "Bot",
                    "createorID": 1,
                    "creationTime": "2024-03-08T10:36:49.883Z"
                }
            ],
            "commentBoxPosition": {
                "x": 244.0,
                "y": 347.0
            }
        },
        {
            "commentBoxID": "commentBox-0f173a75-ac0d-46ca-a460-697bcb676796",
            "comments": [
                {
                    "content": "https://hub.knime.com/knime/extensions/org.knime.features.base/latest/org.knime.base.node.io.filehandling.csv.reader.CSVTableReaderNodeFactory",
                    "creatorName": "Bot",
                    "createorID": 1,
                    "creationTime": "2024-03-08T10:36:49.883Z"
                }
            ],
            "commentBoxPosition": {
                "x": 364.0,
                "y": 347.0
            }
        },
        {
            "commentBoxID": "commentBox-7a688415-7654-4d31-a75c-8a22827daf87",
            "comments": [
                {
                    "content": "https://hub.knime.com/knime/extensions/org.knime.features.base/latest/org.knime.base.node.io.filehandling.csv.reader.CSVTableReaderNodeFactory",
                    "creatorName": "Bot",
                    "createorID": 1,
                    "creationTime": "2024-03-08T10:36:49.883Z"
                }
            ],
            "commentBoxPosition": {
                "x": 484.0,
                "y": 347.0
            }
        },
        {
            "commentBoxID": "commentBox-efc55892-ada9-4f9d-b2ba-6b6a90fe9fc7",
            "comments": [
                {
                    "content": "https://hub.knime.com/knime/extensions/org.knime.features.base/latest/org.knime.base.node.io.filehandling.csv.reader.CSVTableReaderNodeFactory",
                    "creatorName": "Bot",
                    "createorID": 1,
                    "creationTime": "2024-03-08T10:36:49.883Z"
                }
            ],
            "commentBoxPosition": {
                "x": 604.0,
                "y": 487.0
            }
        },
        {
            "commentBoxID": "commentBox-b4e1d091-af8c-4678-90c9-f362cf40bec4",
            "comments": [
                {
                    "content": "https://hub.knime.com/knime/extensions/org.knime.features.base/latest/org.knime.base.node.io.filehandling.csv.reader.CSVTableReaderNodeFactory",
                    "creatorName": "Bot",
                    "createorID": 1,
                    "creationTime": "2024-03-08T10:36:49.883Z"
                }
            ],
            "commentBoxPosition": {
                "x": 744.0,
                "y": 487.0
            }
        },
        {
            "commentBoxID": "commentBox-916027d8-545e-4d99-a647-9571041f115b",
            "comments": [
                {
                    "content": "https://hub.knime.com/knime/extensions/org.knime.features.base/latest/org.knime.base.node.io.filehandling.csv.reader.CSVTableReaderNodeFactory",
                    "creatorName": "Bot",
                    "createorID": 1,
                    "creationTime": "2024-03-08T10:36:49.883Z"
                }
            ],
            "commentBoxPosition": {
                "x": 864.0,
                "y": 487.0
            }
        },
        {
            "commentBoxID": "commentBox-a581b0e8-13d2-4cf9-b088-34db13f56efe",
            "comments": [
                {
                    "content": "https://hub.knime.com/knime/extensions/org.knime.features.base/latest/org.knime.base.node.io.filehandling.csv.reader.CSVTableReaderNodeFactory",
                    "creatorName": "Bot",
                    "createorID": 1,
                    "creationTime": "2024-03-08T10:36:49.883Z"
                }
            ],
            "commentBoxPosition": {
                "x": 1004.0,
                "y": 487.0
            }
        }
    ]
}