{
    "operators": [
        {
            "operatorID": "Dummy-operator-dd9619b1-3300-4cb6-8cfb-7de1713bf28a",
            "operatorType": "Dummy",
            "operatorVersion": "",
            "operatorProperties": {
                "dummyPropertyList": [
                    {
                        "dummyProperty": "Source XML",
                        "dummyValue": "Omitted for license reasons"
                    }
                ]
            },
            "inputPorts": [
                {
                    "portID": "input-0",
                    "displayName": "",
                    "allowMultiInputs": true,
                    "isDynamicPort": true
                }
            ],
            "outputPorts": [
                {
                    "portID": "output-0",
                    "displayName": "",
                    "isDynamicPort": true,
                    "isBlocking": false
                },
                {
                    "portID": "output-1",
                    "displayName": "",
                    "isDynamicPort": true,
                    "isBlocking": false
                }
            ],
            "showAdvanced": false,
            "isDisabled": false,
            "customDisplayName": "Image Reader",
            "dynamicInputPorts": true,
            "dynamicOutputPorts": true
        },
        {
            "operatorID": "Dummy-operator-c5cfc54e-7284-4bba-aec4-886a7b922ae6",
            "operatorType": "Dummy",
            "operatorVersion": "",
            "operatorProperties": {
                "dummyPropertyList": [
                    {
                        "dummyProperty": "Source XML",
                        "dummyValue": "Omitted for license reasons"
                    }
                ]
            },
            "inputPorts": [
                {
                    "portID": "input-0",
                    "displayName": "",
                    "allowMultiInputs": true,
                    "isDynamicPort": true
                },
                {
                    "portID": "input-1",
                    "displayName": "",
                    "allowMultiInputs": true,
                    "isDynamicPort": true
                }
            ],
            "outputPorts": [
                {
                    "portID": "output-0",
                    "displayName": "",
                    "isDynamicPort": true,
                    "isBlocking": false
                },
                {
                    "portID": "output-1",
                    "displayName": "",
                    "isDynamicPort": true,
                    "isBlocking": false
                }
            ],
            "showAdvanced": false,
            "isDisabled": false,
            "customDisplayName": "Image Segment Features",
            "dynamicInputPorts": true,
            "dynamicOutputPorts": true
        },
        {
            "operatorID": "Dummy-operator-6aabf345-5bce-4794-b99b-e38834152b97",
            "operatorType": "Dummy",
            "operatorVersion": "",
            "operatorProperties": {
                "dummyPropertyList": [
                    {
                        "dummyProperty": "Source XML",
                        "dummyValue": "Omitted for license reasons"
                    }
                ]
            },
            "inputPorts": [
                {
                    "portID": "input-0",
                    "displayName": "",
                    "allowMultiInputs": true,
                    "isDynamicPort": true
                },
                {
                    "portID": "input-1",
                    "displayName": "",
                    "allowMultiInputs": true,
                    "isDynamicPort": true
                }
            ],
            "outputPorts": [
                {
                    "portID": "output-0",
                    "displayName": "",
                    "isDynamicPort": true,
                    "isBlocking": false
                },
                {
                    "portID": "output-1",
                    "displayName": "",
                    "isDynamicPort": true,
                    "isBlocking": false
                }
            ],
            "showAdvanced": false,
            "isDisabled": false,
            "customDisplayName": "Global Thresholder",
            "dynamicInputPorts": true,
            "dynamicOutputPorts": true
        },
        {
            "operatorID": "Dummy-operator-a4138f9b-2056-42ce-9121-49a92defbeee",
            "operatorType": "Dummy",
            "operatorVersion": "",
            "operatorProperties": {
                "dummyPropertyList": [
                    {
                        "dummyProperty": "Source XML",
                        "dummyValue": "Omitted for license reasons"
                    }
                ]
            },
            "inputPorts": [
                {
                    "portID": "input-0",
                    "displayName": "",
                    "allowMultiInputs": true,
                    "isDynamicPort": true
                },
                {
                    "portID": "input-1",
                    "displayName": "",
                    "allowMultiInputs": true,
                    "isDynamicPort": true
                }
            ],
            "outputPorts": [
                {
                    "portID": "output-0",
                    "displayName": "",
                    "isDynamicPort": true,
                    "isBlocking": false
                },
                {
                    "portID": "output-1",
                    "displayName": "",
                    "isDynamicPort": true,
                    "isBlocking": false
                }
            ],
            "showAdvanced": false,
            "isDisabled": false,
            "customDisplayName": "Connected Component Analysis",
            "dynamicInputPorts": true,
            "dynamicOutputPorts": true
        },
        {
            "operatorID": "Dummy-operator-1d582ff8-ea3c-4348-80ce-9986de603062",
            "operatorType": "Dummy",
            "operatorVersion": "",
            "operatorProperties": {
                "dummyPropertyList": [
                    {
                        "dummyProperty": "Source XML",
                        "dummyValue": "Omitted for license reasons"
                    }
                ]
            },
            "inputPorts": [
                {
                    "portID": "input-0",
                    "displayName": "",
                    "allowMultiInputs": true,
                    "isDynamicPort": true
                },
                {
                    "portID": "input-1",
                    "displayName": "",
                    "allowMultiInputs": true,
                    "isDynamicPort": true
                }
            ],
            "outputPorts": [
                {
                    "portID": "output-0",
                    "displayName": "",
                    "isDynamicPort": true,
                    "isBlocking": false
                },
                {
                    "portID": "output-1",
                    "displayName": "",
                    "isDynamicPort": true,
                    "isBlocking": false
                },
                {
                    "portID": "output-2",
                    "displayName": "",
                    "isDynamicPort": true,
                    "isBlocking": false
                },
                {
                    "portID": "output-3",
                    "displayName": "",
                    "isDynamicPort": true,
                    "isBlocking": false
                }
            ],
            "showAdvanced": false,
            "isDisabled": false,
            "customDisplayName": "k_Means",
            "dynamicInputPorts": true,
            "dynamicOutputPorts": true
        },
        {
            "operatorID": "Dummy-operator-3059decd-19d3-4d66-acff-0df055311474",
            "operatorType": "Dummy",
            "operatorVersion": "",
            "operatorProperties": {
                "dummyPropertyList": [
                    {
                        "dummyProperty": "Source XML",
                        "dummyValue": "Omitted for license reasons"
                    }
                ]
            },
            "inputPorts": [
                {
                    "portID": "input-0",
                    "displayName": "",
                    "allowMultiInputs": true,
                    "isDynamicPort": true
                },
                {
                    "portID": "input-1",
                    "displayName": "",
                    "allowMultiInputs": true,
                    "isDynamicPort": true
                }
            ],
            "outputPorts": [
                {
                    "portID": "output-0",
                    "displayName": "",
                    "isDynamicPort": true,
                    "isBlocking": false
                },
                {
                    "portID": "output-1",
                    "displayName": "",
                    "isDynamicPort": true,
                    "isBlocking": false
                }
            ],
            "showAdvanced": false,
            "isDisabled": false,
            "customDisplayName": "Splitter",
            "dynamicInputPorts": true,
            "dynamicOutputPorts": true
        },
        {
            "operatorID": "Dummy-operator-315b5d31-9035-435f-8f08-86a78be828a5",
            "operatorType": "Dummy",
            "operatorVersion": "",
            "operatorProperties": {
                "dummyPropertyList": [
                    {
                        "dummyProperty": "Source XML",
                        "dummyValue": "Omitted for license reasons"
                    }
                ]
            },
            "inputPorts": [
                {
                    "portID": "input-0",
                    "displayName": "",
                    "allowMultiInputs": true,
                    "isDynamicPort": true
                },
                {
                    "portID": "input-1",
                    "displayName": "",
                    "allowMultiInputs": true,
                    "isDynamicPort": true
                }
            ],
            "outputPorts": [
                {
                    "portID": "output-0",
                    "displayName": "",
                    "isDynamicPort": true,
                    "isBlocking": false
                },
                {
                    "portID": "output-1",
                    "displayName": "",
                    "isDynamicPort": true,
                    "isBlocking": false
                },
                {
                    "portID": "output-2",
                    "displayName": "",
                    "isDynamicPort": true,
                    "isBlocking": false
                }
            ],
            "showAdvanced": false,
            "isDisabled": false,
            "customDisplayName": "Row Splitter",
            "dynamicInputPorts": true,
            "dynamicOutputPorts": true
        },
        {
            "operatorID": "Dummy-operator-52d1dbff-b34b-49d0-95d3-8942b9100510",
            "operatorType": "Dummy",
            "operatorVersion": "",
            "operatorProperties": {
                "dummyPropertyList": [
                    {
                        "dummyProperty": "Source XML",
                        "dummyValue": "Omitted for license reasons"
                    }
                ]
            },
            "inputPorts": [
                {
                    "portID": "input-0",
                    "displayName": "",
                    "allowMultiInputs": true,
                    "isDynamicPort": true
                },
                {
                    "portID": "input-1",
                    "displayName": "",
                    "allowMultiInputs": true,
                    "isDynamicPort": true
                }
            ],
            "outputPorts": [
                {
                    "portID": "output-0",
                    "displayName": "",
                    "isDynamicPort": true,
                    "isBlocking": false
                },
                {
                    "portID": "output-1",
                    "displayName": "",
                    "isDynamicPort": true,
                    "isBlocking": false
                }
            ],
            "showAdvanced": false,
            "isDisabled": false,
            "customDisplayName": "Column Rename",
            "dynamicInputPorts": true,
            "dynamicOutputPorts": true
        },
        {
            "operatorID": "Dummy-operator-bfd40be4-6a54-454a-93d7-ff7f9f76b2a3",
            "operatorType": "Dummy",
            "operatorVersion": "",
            "operatorProperties": {
                "dummyPropertyList": [
                    {
                        "dummyProperty": "Source XML",
                        "dummyValue": "Omitted for license reasons"
                    }
                ]
            },
            "inputPorts": [
                {
                    "portID": "input-0",
                    "displayName": "",
                    "allowMultiInputs": true,
                    "isDynamicPort": true
                },
                {
                    "portID": "input-1",
                    "displayName": "",
                    "allowMultiInputs": true,
                    "isDynamicPort": true
                }
            ],
            "outputPorts": [
                {
                    "portID": "output-0",
                    "displayName": "",
                    "isDynamicPort": true,
                    "isBlocking": false
                },
                {
                    "portID": "output-1",
                    "displayName": "",
                    "isDynamicPort": true,
                    "isBlocking": false
                }
            ],
            "showAdvanced": false,
            "isDisabled": false,
            "customDisplayName": "Column Filter",
            "dynamicInputPorts": true,
            "dynamicOutputPorts": true
        },
        {
            "operatorID": "Dummy-operator-5fbdba77-bfd5-4067-8e57-8592787ad816",
            "operatorType": "Dummy",
            "operatorVersion": "",
            "operatorProperties": {
                "dummyPropertyList": [
                    {
                        "dummyProperty": "Source XML",
                        "dummyValue": "Omitted for license reasons"
                    }
                ]
            },
            "inputPorts": [
                {
                    "portID": "input-0",
                    "displayName": "",
                    "allowMultiInputs": true,
                    "isDynamicPort": true
                },
                {
                    "portID": "input-1",
                    "displayName": "",
                    "allowMultiInputs": true,
                    "isDynamicPort": true
                }
            ],
            "outputPorts": [
                {
                    "portID": "output-0",
                    "displayName": "",
                    "isDynamicPort": true,
                    "isBlocking": false
                },
                {
                    "portID": "output-1",
                    "displayName": "",
                    "isDynamicPort": true,
                    "isBlocking": false
                },
                {
                    "portID": "output-2",
                    "displayName": "",
                    "isDynamicPort": true,
                    "isBlocking": false
                }
            ],
            "showAdvanced": false,
            "isDisabled": false,
            "customDisplayName": "Bubble Chart _Plotly_",
            "dynamicInputPorts": true,
            "dynamicOutputPorts": true
        },
        {
            "operatorID": "Dummy-operator-9c93d058-248f-41f2-8010-6755d3ebc59f",
            "operatorType": "Dummy",
            "operatorVersion": "",
            "operatorProperties": {
                "dummyPropertyList": [
                    {
                        "dummyProperty": "Source XML",
                        "dummyValue": "Omitted for license reasons"
                    }
                ]
            },
            "inputPorts": [
                {
                    "portID": "input-0",
                    "displayName": "",
                    "allowMultiInputs": true,
                    "isDynamicPort": true
                },
                {
                    "portID": "input-1",
                    "displayName": "",
                    "allowMultiInputs": true,
                    "isDynamicPort": true
                }
            ],
            "outputPorts": [
                {
                    "portID": "output-0",
                    "displayName": "",
                    "isDynamicPort": true,
                    "isBlocking": false
                },
                {
                    "portID": "output-1",
                    "displayName": "",
                    "isDynamicPort": true,
                    "isBlocking": false
                },
                {
                    "portID": "output-2",
                    "displayName": "",
                    "isDynamicPort": true,
                    "isBlocking": false
                }
            ],
            "showAdvanced": false,
            "isDisabled": false,
            "customDisplayName": "Color Manager",
            "dynamicInputPorts": true,
            "dynamicOutputPorts": true
        },
        {
            "operatorID": "Dummy-operator-e6534291-c9b7-4043-a1bf-182cf71a8ba8",
            "operatorType": "Dummy",
            "operatorVersion": "",
            "operatorProperties": {
                "dummyPropertyList": [
                    {
                        "dummyProperty": "Source XML",
                        "dummyValue": "Omitted for license reasons"
                    }
                ]
            },
            "inputPorts": [
                {
                    "portID": "input-0",
                    "displayName": "",
                    "allowMultiInputs": true,
                    "isDynamicPort": true
                },
                {
                    "portID": "input-1",
                    "displayName": "",
                    "allowMultiInputs": true,
                    "isDynamicPort": true
                }
            ],
            "outputPorts": [
                {
                    "portID": "output-0",
                    "displayName": "",
                    "isDynamicPort": true,
                    "isBlocking": false
                },
                {
                    "portID": "output-1",
                    "displayName": "",
                    "isDynamicPort": true,
                    "isBlocking": false
                }
            ],
            "showAdvanced": false,
            "isDisabled": false,
            "customDisplayName": "Labeling Filter",
            "dynamicInputPorts": true,
            "dynamicOutputPorts": true
        },
        {
            "operatorID": "Dummy-operator-e7e57d7e-292f-4a7d-a95c-a3a373d6aa9e",
            "operatorType": "Dummy",
            "operatorVersion": "",
            "operatorProperties": {
                "dummyPropertyList": [
                    {
                        "dummyProperty": "Source XML",
                        "dummyValue": "Omitted for license reasons"
                    }
                ]
            },
            "inputPorts": [
                {
                    "portID": "input-0",
                    "displayName": "",
                    "allowMultiInputs": true,
                    "isDynamicPort": true
                },
                {
                    "portID": "input-1",
                    "displayName": "",
                    "allowMultiInputs": true,
                    "isDynamicPort": true
                }
            ],
            "outputPorts": [
                {
                    "portID": "output-0",
                    "displayName": "",
                    "isDynamicPort": true,
                    "isBlocking": false
                },
                {
                    "portID": "output-1",
                    "displayName": "",
                    "isDynamicPort": true,
                    "isBlocking": false
                }
            ],
            "showAdvanced": false,
            "isDisabled": false,
            "customDisplayName": "Table Row To Variable Loop Start",
            "dynamicInputPorts": true,
            "dynamicOutputPorts": true
        },
        {
            "operatorID": "Dummy-operator-79321a09-0aa1-4cca-a1f3-a31614acdd52",
            "operatorType": "Dummy",
            "operatorVersion": "",
            "operatorProperties": {
                "dummyPropertyList": [
                    {
                        "dummyProperty": "Source XML",
                        "dummyValue": "Omitted for license reasons"
                    }
                ]
            },
            "inputPorts": [
                {
                    "portID": "input-0",
                    "displayName": "",
                    "allowMultiInputs": true,
                    "isDynamicPort": true
                },
                {
                    "portID": "input-1",
                    "displayName": "",
                    "allowMultiInputs": true,
                    "isDynamicPort": true
                }
            ],
            "outputPorts": [
                {
                    "portID": "output-0",
                    "displayName": "",
                    "isDynamicPort": true,
                    "isBlocking": true
                },
                {
                    "portID": "output-1",
                    "displayName": "",
                    "isDynamicPort": true,
                    "isBlocking": true
                }
            ],
            "showAdvanced": false,
            "isDisabled": false,
            "customDisplayName": "Loop End",
            "dynamicInputPorts": true,
            "dynamicOutputPorts": true
        },
        {
            "operatorID": "Dummy-operator-739462eb-ceb2-474b-8973-741256ff6378",
            "operatorType": "Dummy",
            "operatorVersion": "",
            "operatorProperties": {
                "dummyPropertyList": [
                    {
                        "dummyProperty": "Source XML",
                        "dummyValue": "Omitted for license reasons"
                    }
                ]
            },
            "inputPorts": [
                {
                    "portID": "input-0",
                    "displayName": "",
                    "allowMultiInputs": true,
                    "isDynamicPort": true
                },
                {
                    "portID": "input-1",
                    "displayName": "",
                    "allowMultiInputs": true,
                    "isDynamicPort": true
                }
            ],
            "outputPorts": [
                {
                    "portID": "output-0",
                    "displayName": "",
                    "isDynamicPort": true,
                    "isBlocking": false
                },
                {
                    "portID": "output-1",
                    "displayName": "",
                    "isDynamicPort": true,
                    "isBlocking": false
                }
            ],
            "showAdvanced": false,
            "isDisabled": false,
            "customDisplayName": "Tile View",
            "dynamicInputPorts": true,
            "dynamicOutputPorts": true
        },
        {
            "operatorID": "Dummy-operator-120b319d-2527-446f-aa07-25af8c790efe",
            "operatorType": "Dummy",
            "operatorVersion": "",
            "operatorProperties": {
                "dummyPropertyList": [
                    {
                        "dummyProperty": "Source XML",
                        "dummyValue": "Omitted for license reasons"
                    }
                ]
            },
            "inputPorts": [
                {
                    "portID": "input-0",
                    "displayName": "",
                    "allowMultiInputs": true,
                    "isDynamicPort": true
                },
                {
                    "portID": "input-1",
                    "displayName": "",
                    "allowMultiInputs": true,
                    "isDynamicPort": true
                }
            ],
            "outputPorts": [
                {
                    "portID": "output-0",
                    "displayName": "",
                    "isDynamicPort": true,
                    "isBlocking": false
                },
                {
                    "portID": "output-1",
                    "displayName": "",
                    "isDynamicPort": true,
                    "isBlocking": false
                }
            ],
            "showAdvanced": false,
            "isDisabled": false,
            "customDisplayName": "Renderer to Image",
            "dynamicInputPorts": true,
            "dynamicOutputPorts": true
        },
        {
            "operatorID": "Dummy-operator-25fee7c8-2a15-4319-8512-8012cef08e18",
            "operatorType": "Dummy",
            "operatorVersion": "",
            "operatorProperties": {
                "dummyPropertyList": [
                    {
                        "dummyProperty": "Source XML",
                        "dummyValue": "Omitted for license reasons"
                    }
                ]
            },
            "inputPorts": [
                {
                    "portID": "input-0",
                    "displayName": "",
                    "allowMultiInputs": true,
                    "isDynamicPort": true
                },
                {
                    "portID": "input-1",
                    "displayName": "",
                    "allowMultiInputs": true,
                    "isDynamicPort": true
                }
            ],
            "outputPorts": [
                {
                    "portID": "output-0",
                    "displayName": "",
                    "isDynamicPort": true,
                    "isBlocking": false
                },
                {
                    "portID": "output-1",
                    "displayName": "",
                    "isDynamicPort": true,
                    "isBlocking": false
                }
            ],
            "showAdvanced": false,
            "isDisabled": false,
            "customDisplayName": "Labeling to RGB Img",
            "dynamicInputPorts": true,
            "dynamicOutputPorts": true
        },
        {
            "operatorID": "Dummy-operator-828ddeb4-a42d-4e0f-bed5-5349cfa281bb",
            "operatorType": "Dummy",
            "operatorVersion": "",
            "operatorProperties": {
                "dummyPropertyList": [
                    {
                        "dummyProperty": "Source XML",
                        "dummyValue": "Omitted for license reasons"
                    }
                ]
            },
            "inputPorts": [
                {
                    "portID": "input-0",
                    "displayName": "",
                    "allowMultiInputs": true,
                    "isDynamicPort": true
                },
                {
                    "portID": "input-1",
                    "displayName": "",
                    "allowMultiInputs": true,
                    "isDynamicPort": true
                }
            ],
            "outputPorts": [
                {
                    "portID": "output-0",
                    "displayName": "",
                    "isDynamicPort": true,
                    "isBlocking": false
                },
                {
                    "portID": "output-1",
                    "displayName": "",
                    "isDynamicPort": true,
                    "isBlocking": false
                }
            ],
            "showAdvanced": false,
            "isDisabled": false,
            "customDisplayName": "Column Aggregator",
            "dynamicInputPorts": true,
            "dynamicOutputPorts": true
        }
    ],
    "operatorPositions": {
        "Dummy-operator-dd9619b1-3300-4cb6-8cfb-7de1713bf28a": {
            "x": 57.0,
            "y": 197.0
        },
        "Dummy-operator-c5cfc54e-7284-4bba-aec4-886a7b922ae6": {
            "x": 736.0,
            "y": 397.0
        },
        "Dummy-operator-6aabf345-5bce-4794-b99b-e38834152b97": {
            "x": 504.0,
            "y": 197.0
        },
        "Dummy-operator-a4138f9b-2056-42ce-9121-49a92defbeee": {
            "x": 624.0,
            "y": 198.0
        },
        "Dummy-operator-1d582ff8-ea3c-4348-80ce-9986de603062": {
            "x": 876.0,
            "y": 397.0
        },
        "Dummy-operator-3059decd-19d3-4d66-acff-0df055311474": {
            "x": 176.0,
            "y": 197.0
        },
        "Dummy-operator-315b5d31-9035-435f-8f08-86a78be828a5": {
            "x": 976.0,
            "y": 397.0
        },
        "Dummy-operator-52d1dbff-b34b-49d0-95d3-8942b9100510": {
            "x": 396.0,
            "y": 317.0
        },
        "Dummy-operator-bfd40be4-6a54-454a-93d7-ff7f9f76b2a3": {
            "x": 276.0,
            "y": 317.0
        },
        "Dummy-operator-5fbdba77-bfd5-4067-8e57-8592787ad816": {
            "x": 865.0,
            "y": 578.0
        },
        "Dummy-operator-9c93d058-248f-41f2-8010-6755d3ebc59f": {
            "x": 736.0,
            "y": 577.0
        },
        "Dummy-operator-e6534291-c9b7-4043-a1bf-182cf71a8ba8": {
            "x": 1204.0,
            "y": 198.0
        },
        "Dummy-operator-e7e57d7e-292f-4a7d-a95c-a3a373d6aa9e": {
            "x": 1105.0,
            "y": 398.0
        },
        "Dummy-operator-79321a09-0aa1-4cca-a1f3-a31614acdd52": {
            "x": 1305.0,
            "y": 198.0
        },
        "Dummy-operator-739462eb-ceb2-474b-8973-741256ff6378": {
            "x": 1564.0,
            "y": 557.0
        },
        "Dummy-operator-120b319d-2527-446f-aa07-25af8c790efe": {
            "x": 1404.0,
            "y": 558.0
        },
        "Dummy-operator-25fee7c8-2a15-4319-8512-8012cef08e18": {
            "x": 1404.0,
            "y": 397.0
        },
        "Dummy-operator-828ddeb4-a42d-4e0f-bed5-5349cfa281bb": {
            "x": 1564.0,
            "y": 397.0
        }
    },
    "links": [
        {
            "linkID": "link-e370aa41-1dd3-4b0c-a625-7c98752c8ff0",
            "source": {
                "operatorID": "Dummy-operator-dd9619b1-3300-4cb6-8cfb-7de1713bf28a",
                "portID": "output-1"
            },
            "target": {
                "operatorID": "Dummy-operator-3059decd-19d3-4d66-acff-0df055311474",
                "portID": "input-1"
            }
        },
        {
            "linkID": "link-81d7d8b0-d83e-4dc0-9621-0585acf9768b",
            "source": {
                "operatorID": "Dummy-operator-c5cfc54e-7284-4bba-aec4-886a7b922ae6",
                "portID": "output-1"
            },
            "target": {
                "operatorID": "Dummy-operator-1d582ff8-ea3c-4348-80ce-9986de603062",
                "portID": "input-1"
            }
        },
        {
            "linkID": "link-3bdef8f4-35f0-4275-9454-ab813eb46c18",
            "source": {
                "operatorID": "Dummy-operator-6aabf345-5bce-4794-b99b-e38834152b97",
                "portID": "output-1"
            },
            "target": {
                "operatorID": "Dummy-operator-a4138f9b-2056-42ce-9121-49a92defbeee",
                "portID": "input-1"
            }
        },
        {
            "linkID": "link-8838c390-cee4-49e9-b905-f18ea47a7a6f",
            "source": {
                "operatorID": "Dummy-operator-a4138f9b-2056-42ce-9121-49a92defbeee",
                "portID": "output-1"
            },
            "target": {
                "operatorID": "Dummy-operator-e6534291-c9b7-4043-a1bf-182cf71a8ba8",
                "portID": "input-1"
            }
        },
        {
            "linkID": "link-be69726e-1b47-417a-9523-1fc5d78653b4",
            "source": {
                "operatorID": "Dummy-operator-a4138f9b-2056-42ce-9121-49a92defbeee",
                "portID": "output-1"
            },
            "target": {
                "operatorID": "Dummy-operator-c5cfc54e-7284-4bba-aec4-886a7b922ae6",
                "portID": "input-1"
            }
        },
        {
            "linkID": "link-75657a1f-6393-4824-ac8a-49ef04c7cd88",
            "source": {
                "operatorID": "Dummy-operator-1d582ff8-ea3c-4348-80ce-9986de603062",
                "portID": "output-1"
            },
            "target": {
                "operatorID": "Dummy-operator-9c93d058-248f-41f2-8010-6755d3ebc59f",
                "portID": "input-1"
            }
        },
        {
            "linkID": "link-00905783-44e0-4c7f-b75e-68e4d6b26393",
            "source": {
                "operatorID": "Dummy-operator-1d582ff8-ea3c-4348-80ce-9986de603062",
                "portID": "output-1"
            },
            "target": {
                "operatorID": "Dummy-operator-315b5d31-9035-435f-8f08-86a78be828a5",
                "portID": "input-1"
            }
        },
        {
            "linkID": "link-e4b7d6bc-e9e4-4282-901a-10d40350976b",
            "source": {
                "operatorID": "Dummy-operator-3059decd-19d3-4d66-acff-0df055311474",
                "portID": "output-1"
            },
            "target": {
                "operatorID": "Dummy-operator-bfd40be4-6a54-454a-93d7-ff7f9f76b2a3",
                "portID": "input-1"
            }
        },
        {
            "linkID": "link-27540fd4-a004-4ca9-bdde-ece20e6071dc",
            "source": {
                "operatorID": "Dummy-operator-315b5d31-9035-435f-8f08-86a78be828a5",
                "portID": "output-1"
            },
            "target": {
                "operatorID": "Dummy-operator-e7e57d7e-292f-4a7d-a95c-a3a373d6aa9e",
                "portID": "input-1"
            }
        },
        {
            "linkID": "link-5ac69ed9-e3b3-4924-8409-2df313c7bc9d",
            "source": {
                "operatorID": "Dummy-operator-52d1dbff-b34b-49d0-95d3-8942b9100510",
                "portID": "output-1"
            },
            "target": {
                "operatorID": "Dummy-operator-6aabf345-5bce-4794-b99b-e38834152b97",
                "portID": "input-1"
            }
        },
        {
            "linkID": "link-70179603-b243-4ae3-a522-6f6bb72c299b",
            "source": {
                "operatorID": "Dummy-operator-bfd40be4-6a54-454a-93d7-ff7f9f76b2a3",
                "portID": "output-1"
            },
            "target": {
                "operatorID": "Dummy-operator-52d1dbff-b34b-49d0-95d3-8942b9100510",
                "portID": "input-1"
            }
        },
        {
            "linkID": "link-39d6f112-1c6e-41f0-9161-2662a586cae4",
            "source": {
                "operatorID": "Dummy-operator-9c93d058-248f-41f2-8010-6755d3ebc59f",
                "portID": "output-1"
            },
            "target": {
                "operatorID": "Dummy-operator-5fbdba77-bfd5-4067-8e57-8592787ad816",
                "portID": "input-1"
            }
        },
        {
            "linkID": "link-91f4e8b7-e4fd-4333-934e-bee36ee80e23",
            "source": {
                "operatorID": "Dummy-operator-e6534291-c9b7-4043-a1bf-182cf71a8ba8",
                "portID": "output-1"
            },
            "target": {
                "operatorID": "Dummy-operator-79321a09-0aa1-4cca-a1f3-a31614acdd52",
                "portID": "input-1"
            }
        },
        {
            "linkID": "link-abcad1f0-5396-49e4-8f87-459fe9b81e56",
            "source": {
                "operatorID": "Dummy-operator-e7e57d7e-292f-4a7d-a95c-a3a373d6aa9e",
                "portID": "output-1"
            },
            "target": {
                "operatorID": "Dummy-operator-e6534291-c9b7-4043-a1bf-182cf71a8ba8",
                "portID": "input-0"
            }
        },
        {
            "linkID": "link-0dafacf6-9644-4ace-a44d-b5f8164026f4",
            "source": {
                "operatorID": "Dummy-operator-79321a09-0aa1-4cca-a1f3-a31614acdd52",
                "portID": "output-1"
            },
            "target": {
                "operatorID": "Dummy-operator-25fee7c8-2a15-4319-8512-8012cef08e18",
                "portID": "input-1"
            }
        },
        {
            "linkID": "link-2694295b-e915-4eee-8c40-ff52251a58d1",
            "source": {
                "operatorID": "Dummy-operator-120b319d-2527-446f-aa07-25af8c790efe",
                "portID": "output-1"
            },
            "target": {
                "operatorID": "Dummy-operator-739462eb-ceb2-474b-8973-741256ff6378",
                "portID": "input-1"
            }
        },
        {
            "linkID": "link-e7e45b1b-2396-49ef-9b85-aeaab88e49ea",
            "source": {
                "operatorID": "Dummy-operator-25fee7c8-2a15-4319-8512-8012cef08e18",
                "portID": "output-1"
            },
            "target": {
                "operatorID": "Dummy-operator-828ddeb4-a42d-4e0f-bed5-5349cfa281bb",
                "portID": "input-1"
            }
        },
        {
            "linkID": "link-9e498ced-8c24-4295-800c-4ac2beaa6e32",
            "source": {
                "operatorID": "Dummy-operator-828ddeb4-a42d-4e0f-bed5-5349cfa281bb",
                "portID": "output-1"
            },
            "target": {
                "operatorID": "Dummy-operator-120b319d-2527-446f-aa07-25af8c790efe",
                "portID": "input-1"
            }
        }
    ],
    "groups": [],
    "breakpoints": {},
    "commentBoxes": [
        {
            "commentBoxID": "commentBox-563c7eb5-b5d5-4734-9da1-d74d17ef24a3",
            "comments": [
                {
                    "content": "https://hub.knime.com/knime/extensions/org.knime.features.base/latest/org.knime.base.node.io.filehandling.csv.reader.CSVTableReaderNodeFactory",
                    "creatorName": "Bot",
                    "createorID": 1,
                    "creationTime": "2024-03-08T10:36:49.883Z"
                }
            ],
            "commentBoxPosition": {
                "x": 117.0,
                "y": 227.0
            }
        },
        {
            "commentBoxID": "commentBox-f80c71ab-7152-41e2-906f-2b406bc42d77",
            "comments": [
                {
                    "content": "https://hub.knime.com/knime/extensions/org.knime.features.base/latest/org.knime.base.node.io.filehandling.csv.reader.CSVTableReaderNodeFactory",
                    "creatorName": "Bot",
                    "createorID": 1,
                    "creationTime": "2024-03-08T10:36:49.883Z"
                }
            ],
            "commentBoxPosition": {
                "x": 796.0,
                "y": 427.0
            }
        },
        {
            "commentBoxID": "commentBox-a3efe715-3fe8-45cf-b885-9eda5be26b85",
            "comments": [
                {
                    "content": "https://hub.knime.com/knime/extensions/org.knime.features.base/latest/org.knime.base.node.io.filehandling.csv.reader.CSVTableReaderNodeFactory",
                    "creatorName": "Bot",
                    "createorID": 1,
                    "creationTime": "2024-03-08T10:36:49.883Z"
                }
            ],
            "commentBoxPosition": {
                "x": 564.0,
                "y": 227.0
            }
        },
        {
            "commentBoxID": "commentBox-1fcc4f13-b712-4fcb-a062-1b12d5171340",
            "comments": [
                {
                    "content": "https://hub.knime.com/knime/extensions/org.knime.features.base/latest/org.knime.base.node.io.filehandling.csv.reader.CSVTableReaderNodeFactory",
                    "creatorName": "Bot",
                    "createorID": 1,
                    "creationTime": "2024-03-08T10:36:49.883Z"
                }
            ],
            "commentBoxPosition": {
                "x": 684.0,
                "y": 228.0
            }
        },
        {
            "commentBoxID": "commentBox-742aa55d-c4d9-4c0b-88c0-9779e6616306",
            "comments": [
                {
                    "content": "https://hub.knime.com/knime/extensions/org.knime.features.base/latest/org.knime.base.node.io.filehandling.csv.reader.CSVTableReaderNodeFactory",
                    "creatorName": "Bot",
                    "createorID": 1,
                    "creationTime": "2024-03-08T10:36:49.883Z"
                }
            ],
            "commentBoxPosition": {
                "x": 936.0,
                "y": 427.0
            }
        },
        {
            "commentBoxID": "commentBox-515dd978-ecec-42da-8313-786f34e51223",
            "comments": [
                {
                    "content": "https://hub.knime.com/knime/extensions/org.knime.features.base/latest/org.knime.base.node.io.filehandling.csv.reader.CSVTableReaderNodeFactory",
                    "creatorName": "Bot",
                    "createorID": 1,
                    "creationTime": "2024-03-08T10:36:49.883Z"
                }
            ],
            "commentBoxPosition": {
                "x": 236.0,
                "y": 227.0
            }
        },
        {
            "commentBoxID": "commentBox-abc6238b-780e-43d2-a765-20013e7dd5d3",
            "comments": [
                {
                    "content": "https://hub.knime.com/knime/extensions/org.knime.features.base/latest/org.knime.base.node.io.filehandling.csv.reader.CSVTableReaderNodeFactory",
                    "creatorName": "Bot",
                    "createorID": 1,
                    "creationTime": "2024-03-08T10:36:49.883Z"
                }
            ],
            "commentBoxPosition": {
                "x": 1036.0,
                "y": 427.0
            }
        },
        {
            "commentBoxID": "commentBox-85a83bd8-c8bc-4ca6-879e-f9e61de40dfd",
            "comments": [
                {
                    "content": "https://hub.knime.com/knime/extensions/org.knime.features.base/latest/org.knime.base.node.io.filehandling.csv.reader.CSVTableReaderNodeFactory",
                    "creatorName": "Bot",
                    "createorID": 1,
                    "creationTime": "2024-03-08T10:36:49.883Z"
                }
            ],
            "commentBoxPosition": {
                "x": 456.0,
                "y": 347.0
            }
        },
        {
            "commentBoxID": "commentBox-e413d531-aebf-4cb7-b61c-4c74b50a6b81",
            "comments": [
                {
                    "content": "https://hub.knime.com/knime/extensions/org.knime.features.base/latest/org.knime.base.node.io.filehandling.csv.reader.CSVTableReaderNodeFactory",
                    "creatorName": "Bot",
                    "createorID": 1,
                    "creationTime": "2024-03-08T10:36:49.883Z"
                }
            ],
            "commentBoxPosition": {
                "x": 336.0,
                "y": 347.0
            }
        },
        {
            "commentBoxID": "commentBox-912d95f7-a5a2-45e3-b60f-2daae746e3ba",
            "comments": [
                {
                    "content": "https://hub.knime.com/knime/extensions/org.knime.features.base/latest/org.knime.base.node.io.filehandling.csv.reader.CSVTableReaderNodeFactory",
                    "creatorName": "Bot",
                    "createorID": 1,
                    "creationTime": "2024-03-08T10:36:49.883Z"
                }
            ],
            "commentBoxPosition": {
                "x": 925.0,
                "y": 608.0
            }
        },
        {
            "commentBoxID": "commentBox-a6c3fd4e-34fd-4225-bc68-c7ad28c1a2eb",
            "comments": [
                {
                    "content": "https://hub.knime.com/knime/extensions/org.knime.features.base/latest/org.knime.base.node.io.filehandling.csv.reader.CSVTableReaderNodeFactory",
                    "creatorName": "Bot",
                    "createorID": 1,
                    "creationTime": "2024-03-08T10:36:49.883Z"
                }
            ],
            "commentBoxPosition": {
                "x": 796.0,
                "y": 607.0
            }
        },
        {
            "commentBoxID": "commentBox-40061dda-2b44-4bfa-8f31-d857aa14439b",
            "comments": [
                {
                    "content": "https://hub.knime.com/knime/extensions/org.knime.features.base/latest/org.knime.base.node.io.filehandling.csv.reader.CSVTableReaderNodeFactory",
                    "creatorName": "Bot",
                    "createorID": 1,
                    "creationTime": "2024-03-08T10:36:49.883Z"
                }
            ],
            "commentBoxPosition": {
                "x": 1264.0,
                "y": 228.0
            }
        },
        {
            "commentBoxID": "commentBox-dccf7541-4f7e-4d28-bb57-8e73315b3dd1",
            "comments": [
                {
                    "content": "https://hub.knime.com/knime/extensions/org.knime.features.base/latest/org.knime.base.node.io.filehandling.csv.reader.CSVTableReaderNodeFactory",
                    "creatorName": "Bot",
                    "createorID": 1,
                    "creationTime": "2024-03-08T10:36:49.883Z"
                }
            ],
            "commentBoxPosition": {
                "x": 1165.0,
                "y": 428.0
            }
        },
        {
            "commentBoxID": "commentBox-9fe78f70-fcdc-464f-a92b-1f5574857163",
            "comments": [
                {
                    "content": "https://hub.knime.com/knime/extensions/org.knime.features.base/latest/org.knime.base.node.io.filehandling.csv.reader.CSVTableReaderNodeFactory",
                    "creatorName": "Bot",
                    "createorID": 1,
                    "creationTime": "2024-03-08T10:36:49.883Z"
                }
            ],
            "commentBoxPosition": {
                "x": 1365.0,
                "y": 228.0
            }
        },
        {
            "commentBoxID": "commentBox-8346b96d-630c-422f-bfa8-c9328506ab04",
            "comments": [
                {
                    "content": "https://hub.knime.com/knime/extensions/org.knime.features.base/latest/org.knime.base.node.io.filehandling.csv.reader.CSVTableReaderNodeFactory",
                    "creatorName": "Bot",
                    "createorID": 1,
                    "creationTime": "2024-03-08T10:36:49.883Z"
                }
            ],
            "commentBoxPosition": {
                "x": 1624.0,
                "y": 587.0
            }
        },
        {
            "commentBoxID": "commentBox-9e490326-b453-4363-9483-e91e85815434",
            "comments": [
                {
                    "content": "https://hub.knime.com/knime/extensions/org.knime.features.base/latest/org.knime.base.node.io.filehandling.csv.reader.CSVTableReaderNodeFactory",
                    "creatorName": "Bot",
                    "createorID": 1,
                    "creationTime": "2024-03-08T10:36:49.883Z"
                }
            ],
            "commentBoxPosition": {
                "x": 1464.0,
                "y": 588.0
            }
        },
        {
            "commentBoxID": "commentBox-7a1ac23f-fe8e-4986-be64-53ae6c6b20ff",
            "comments": [
                {
                    "content": "https://hub.knime.com/knime/extensions/org.knime.features.base/latest/org.knime.base.node.io.filehandling.csv.reader.CSVTableReaderNodeFactory",
                    "creatorName": "Bot",
                    "createorID": 1,
                    "creationTime": "2024-03-08T10:36:49.883Z"
                }
            ],
            "commentBoxPosition": {
                "x": 1464.0,
                "y": 427.0
            }
        },
        {
            "commentBoxID": "commentBox-12bdbcd5-4f7f-4c6b-b8a7-33b6b31ed5e7",
            "comments": [
                {
                    "content": "https://hub.knime.com/knime/extensions/org.knime.features.base/latest/org.knime.base.node.io.filehandling.csv.reader.CSVTableReaderNodeFactory",
                    "creatorName": "Bot",
                    "createorID": 1,
                    "creationTime": "2024-03-08T10:36:49.883Z"
                }
            ],
            "commentBoxPosition": {
                "x": 1624.0,
                "y": 427.0
            }
        }
    ]
}