{
    "operators": [
        {
            "operatorID": "Dummy-operator-ca5852f0-60f4-4105-ad12-d6797348fca9",
            "operatorType": "Dummy",
            "operatorVersion": "",
            "operatorProperties": {
                "dummyPropertyList": [
                    {
                        "dummyProperty": "Source XML",
                        "dummyValue": "Omitted for license reasons"
                    }
                ]
            },
            "inputPorts": [
                {
                    "portID": "input-0",
                    "displayName": "",
                    "allowMultiInputs": true,
                    "isDynamicPort": true
                },
                {
                    "portID": "input-1",
                    "displayName": "",
                    "allowMultiInputs": true,
                    "isDynamicPort": true
                }
            ],
            "outputPorts": [
                {
                    "portID": "output-0",
                    "displayName": "",
                    "isDynamicPort": true,
                    "isBlocking": false
                },
                {
                    "portID": "output-1",
                    "displayName": "",
                    "isDynamicPort": true,
                    "isBlocking": false,
                    "materializationSize": 13.025390625
                }
            ],
            "showAdvanced": false,
            "isDisabled": false,
            "customDisplayName": "String Manipulation",
            "dynamicInputPorts": true,
            "dynamicOutputPorts": true
        },
        {
            "operatorID": "Dummy-operator-39c74f2b-c29f-40ac-b240-f240a448e1c1",
            "operatorType": "Dummy",
            "operatorVersion": "",
            "operatorProperties": {
                "dummyPropertyList": [
                    {
                        "dummyProperty": "Source XML",
                        "dummyValue": "Omitted for license reasons"
                    }
                ]
            },
            "inputPorts": [
                {
                    "portID": "input-0",
                    "displayName": "",
                    "allowMultiInputs": true,
                    "isDynamicPort": true
                },
                {
                    "portID": "input-1",
                    "displayName": "",
                    "allowMultiInputs": true,
                    "isDynamicPort": true
                }
            ],
            "outputPorts": [
                {
                    "portID": "output-0",
                    "displayName": "",
                    "isDynamicPort": true,
                    "isBlocking": false
                },
                {
                    "portID": "output-1",
                    "displayName": "",
                    "isDynamicPort": true,
                    "isBlocking": false,
                    "materializationSize": 11.623046875
                }
            ],
            "showAdvanced": false,
            "isDisabled": false,
            "customDisplayName": "String to JSON",
            "dynamicInputPorts": true,
            "dynamicOutputPorts": true
        },
        {
            "operatorID": "Dummy-operator-0e6fcb02-ea3a-4183-8dc9-5b4ad012dc54",
            "operatorType": "Dummy",
            "operatorVersion": "",
            "operatorProperties": {
                "dummyPropertyList": [
                    {
                        "dummyProperty": "Source XML",
                        "dummyValue": "Omitted for license reasons"
                    }
                ]
            },
            "inputPorts": [
                {
                    "portID": "input-0",
                    "displayName": "",
                    "allowMultiInputs": true,
                    "isDynamicPort": true
                }
            ],
            "outputPorts": [
                {
                    "portID": "output-0",
                    "displayName": "",
                    "isDynamicPort": true,
                    "isBlocking": true
                },
                {
                    "portID": "output-1",
                    "displayName": "",
                    "isDynamicPort": true,
                    "isBlocking": true,
                    "materializationSize": 4.2353515625
                }
            ],
            "showAdvanced": false,
            "isDisabled": false,
            "customDisplayName": "Table Creator",
            "dynamicInputPorts": true,
            "dynamicOutputPorts": true
        }
    ],
    "operatorPositions": {
        "Dummy-operator-ca5852f0-60f4-4105-ad12-d6797348fca9": {
            "x": 484.0,
            "y": 277.0
        },
        "Dummy-operator-39c74f2b-c29f-40ac-b240-f240a448e1c1": {
            "x": 324.0,
            "y": 277.0
        },
        "Dummy-operator-0e6fcb02-ea3a-4183-8dc9-5b4ad012dc54": {
            "x": 184.0,
            "y": 277.0
        }
    },
    "links": [
        {
            "linkID": "link-6e9967e4-970e-47bc-badf-1f350f9ed997",
            "source": {
                "operatorID": "Dummy-operator-39c74f2b-c29f-40ac-b240-f240a448e1c1",
                "portID": "output-1"
            },
            "target": {
                "operatorID": "Dummy-operator-ca5852f0-60f4-4105-ad12-d6797348fca9",
                "portID": "input-1"
            }
        },
        {
            "linkID": "link-a6da00ea-e442-4c22-a409-70b8063d298d",
            "source": {
                "operatorID": "Dummy-operator-0e6fcb02-ea3a-4183-8dc9-5b4ad012dc54",
                "portID": "output-1"
            },
            "target": {
                "operatorID": "Dummy-operator-39c74f2b-c29f-40ac-b240-f240a448e1c1",
                "portID": "input-1"
            }
        }
    ],
    "groups": [],
    "breakpoints": {},
    "commentBoxes": [
        {
            "commentBoxID": "commentBox-301dd695-a0bc-4f7a-997e-b20b822d9a09",
            "comments": [
                {
                    "content": "https://hub.knime.com/knime/extensions/org.knime.features.base/latest/org.knime.base.node.io.filehandling.csv.reader.CSVTableReaderNodeFactory",
                    "creatorName": "Bot",
                    "createorID": 1,
                    "creationTime": "2024-03-08T10:36:49.883Z"
                }
            ],
            "commentBoxPosition": {
                "x": 544.0,
                "y": 307.0
            }
        },
        {
            "commentBoxID": "commentBox-0b00d8ae-6c7f-4b5d-9664-971e88f6b55d",
            "comments": [
                {
                    "content": "https://hub.knime.com/knime/extensions/org.knime.features.base/latest/org.knime.base.node.io.filehandling.csv.reader.CSVTableReaderNodeFactory",
                    "creatorName": "Bot",
                    "createorID": 1,
                    "creationTime": "2024-03-08T10:36:49.883Z"
                }
            ],
            "commentBoxPosition": {
                "x": 384.0,
                "y": 307.0
            }
        },
        {
            "commentBoxID": "commentBox-a12b470d-635e-4f77-83a5-97bbcc941f9e",
            "comments": [
                {
                    "content": "https://hub.knime.com/knime/extensions/org.knime.features.base/latest/org.knime.base.node.io.filehandling.csv.reader.CSVTableReaderNodeFactory",
                    "creatorName": "Bot",
                    "createorID": 1,
                    "creationTime": "2024-03-08T10:36:49.883Z"
                }
            ],
            "commentBoxPosition": {
                "x": 244.0,
                "y": 307.0
            }
        }
    ]
}