{
    "operators": [
        {
            "operatorID": "Dummy-operator-2ce9ddca-0c40-4f76-9a7e-4a558a5cd547",
            "operatorType": "Dummy",
            "operatorVersion": "",
            "operatorProperties": {
                "dummyPropertyList": [
                    {
                        "dummyProperty": "Source XML",
                        "dummyValue": "Omitted for license reasons"
                    }
                ]
            },
            "inputPorts": [
                {
                    "portID": "input-0",
                    "displayName": "",
                    "allowMultiInputs": true,
                    "isDynamicPort": true
                }
            ],
            "outputPorts": [
                {
                    "portID": "output-0",
                    "displayName": "",
                    "isDynamicPort": true,
                    "isBlocking": false
                },
                {
                    "portID": "output-1",
                    "displayName": "",
                    "isDynamicPort": true,
                    "isBlocking": false,
                    "materializationSize": 10.2724609375
                }
            ],
            "showAdvanced": false,
            "isDisabled": false,
            "customDisplayName": "CSV Reader",
            "dynamicInputPorts": true,
            "dynamicOutputPorts": true
        },
        {
            "operatorID": "Dummy-operator-21dee46d-a69b-44d0-ad97-983ccb662805",
            "operatorType": "Dummy",
            "operatorVersion": "",
            "operatorProperties": {
                "dummyPropertyList": [
                    {
                        "dummyProperty": "Source XML",
                        "dummyValue": "Omitted for license reasons"
                    }
                ]
            },
            "inputPorts": [
                {
                    "portID": "input-0",
                    "displayName": "",
                    "allowMultiInputs": true,
                    "isDynamicPort": true
                },
                {
                    "portID": "input-1",
                    "displayName": "",
                    "allowMultiInputs": true,
                    "isDynamicPort": true
                }
            ],
            "outputPorts": [
                {
                    "portID": "output-0",
                    "displayName": "",
                    "isDynamicPort": true,
                    "isBlocking": false
                },
                {
                    "portID": "output-1",
                    "displayName": "",
                    "isDynamicPort": true,
                    "isBlocking": false,
                    "materializationSize": 8.611328125
                }
            ],
            "showAdvanced": false,
            "isDisabled": false,
            "customDisplayName": "String to Date_Time",
            "dynamicInputPorts": true,
            "dynamicOutputPorts": true
        },
        {
            "operatorID": "Dummy-operator-543fcba7-2ee1-4702-9c13-1299517c45ab",
            "operatorType": "Dummy",
            "operatorVersion": "",
            "operatorProperties": {
                "dummyPropertyList": [
                    {
                        "dummyProperty": "Source XML",
                        "dummyValue": "Omitted for license reasons"
                    }
                ]
            },
            "inputPorts": [
                {
                    "portID": "input-0",
                    "displayName": "",
                    "allowMultiInputs": true,
                    "isDynamicPort": true
                },
                {
                    "portID": "input-1",
                    "displayName": "",
                    "allowMultiInputs": true,
                    "isDynamicPort": true
                }
            ],
            "outputPorts": [
                {
                    "portID": "output-0",
                    "displayName": "",
                    "isDynamicPort": true,
                    "isBlocking": false
                },
                {
                    "portID": "output-1",
                    "displayName": "",
                    "isDynamicPort": true,
                    "isBlocking": false,
                    "materializationSize": 12.3544921875
                }
            ],
            "showAdvanced": false,
            "isDisabled": false,
            "customDisplayName": "Lag Column",
            "dynamicInputPorts": true,
            "dynamicOutputPorts": true
        },
        {
            "operatorID": "Dummy-operator-60e52646-cac3-4852-a95b-005a38b2784f",
            "operatorType": "Dummy",
            "operatorVersion": "",
            "operatorProperties": {
                "dummyPropertyList": [
                    {
                        "dummyProperty": "Source XML",
                        "dummyValue": "Omitted for license reasons"
                    }
                ]
            },
            "inputPorts": [
                {
                    "portID": "input-0",
                    "displayName": "",
                    "allowMultiInputs": true,
                    "isDynamicPort": true
                },
                {
                    "portID": "input-1",
                    "displayName": "",
                    "allowMultiInputs": true,
                    "isDynamicPort": true
                }
            ],
            "outputPorts": [
                {
                    "portID": "output-0",
                    "displayName": "",
                    "isDynamicPort": true,
                    "isBlocking": false
                },
                {
                    "portID": "output-1",
                    "displayName": "",
                    "isDynamicPort": true,
                    "isBlocking": false,
                    "materializationSize": 7.9384765625
                }
            ],
            "showAdvanced": false,
            "isDisabled": false,
            "customDisplayName": "Rule Engine",
            "dynamicInputPorts": true,
            "dynamicOutputPorts": true
        },
        {
            "operatorID": "Dummy-operator-b791bab5-edc5-4176-bb16-c1c9ef1c839e",
            "operatorType": "Dummy",
            "operatorVersion": "",
            "operatorProperties": {
                "dummyPropertyList": [
                    {
                        "dummyProperty": "Source XML",
                        "dummyValue": "Omitted for license reasons"
                    }
                ]
            },
            "inputPorts": [
                {
                    "portID": "input-0",
                    "displayName": "",
                    "allowMultiInputs": true,
                    "isDynamicPort": true
                },
                {
                    "portID": "input-1",
                    "displayName": "",
                    "allowMultiInputs": true,
                    "isDynamicPort": true
                }
            ],
            "outputPorts": [
                {
                    "portID": "output-0",
                    "displayName": "",
                    "isDynamicPort": true,
                    "isBlocking": false
                },
                {
                    "portID": "output-1",
                    "displayName": "",
                    "isDynamicPort": true,
                    "isBlocking": false,
                    "materializationSize": 5.44140625
                }
            ],
            "showAdvanced": false,
            "isDisabled": false,
            "customDisplayName": "Column Filter",
            "dynamicInputPorts": true,
            "dynamicOutputPorts": true
        }
    ],
    "operatorPositions": {
        "Dummy-operator-2ce9ddca-0c40-4f76-9a7e-4a558a5cd547": {
            "x": 264.0,
            "y": 537.0
        },
        "Dummy-operator-21dee46d-a69b-44d0-ad97-983ccb662805": {
            "x": 384.0,
            "y": 537.0
        },
        "Dummy-operator-543fcba7-2ee1-4702-9c13-1299517c45ab": {
            "x": 524.0,
            "y": 537.0
        },
        "Dummy-operator-60e52646-cac3-4852-a95b-005a38b2784f": {
            "x": 664.0,
            "y": 537.0
        },
        "Dummy-operator-b791bab5-edc5-4176-bb16-c1c9ef1c839e": {
            "x": 804.0,
            "y": 537.0
        }
    },
    "links": [
        {
            "linkID": "link-ac1c8dcf-737e-4583-9817-a156d85be46e",
            "source": {
                "operatorID": "Dummy-operator-2ce9ddca-0c40-4f76-9a7e-4a558a5cd547",
                "portID": "output-1"
            },
            "target": {
                "operatorID": "Dummy-operator-21dee46d-a69b-44d0-ad97-983ccb662805",
                "portID": "input-1"
            }
        },
        {
            "linkID": "link-f37b7f2f-d787-4219-a99c-374042e960bd",
            "source": {
                "operatorID": "Dummy-operator-21dee46d-a69b-44d0-ad97-983ccb662805",
                "portID": "output-1"
            },
            "target": {
                "operatorID": "Dummy-operator-543fcba7-2ee1-4702-9c13-1299517c45ab",
                "portID": "input-1"
            }
        },
        {
            "linkID": "link-b1e43718-6662-4e46-9442-788159b07008",
            "source": {
                "operatorID": "Dummy-operator-543fcba7-2ee1-4702-9c13-1299517c45ab",
                "portID": "output-1"
            },
            "target": {
                "operatorID": "Dummy-operator-60e52646-cac3-4852-a95b-005a38b2784f",
                "portID": "input-1"
            }
        },
        {
            "linkID": "link-1df71468-dbbf-4b6b-a40d-fb052d3f60a7",
            "source": {
                "operatorID": "Dummy-operator-60e52646-cac3-4852-a95b-005a38b2784f",
                "portID": "output-1"
            },
            "target": {
                "operatorID": "Dummy-operator-b791bab5-edc5-4176-bb16-c1c9ef1c839e",
                "portID": "input-1"
            }
        }
    ],
    "groups": [],
    "breakpoints": {},
    "commentBoxes": [
        {
            "commentBoxID": "commentBox-2a85c3ab-8410-4310-a19d-39d7830e2f80",
            "comments": [
                {
                    "content": "https://hub.knime.com/knime/extensions/org.knime.features.base/latest/org.knime.base.node.io.filehandling.csv.reader.CSVTableReaderNodeFactory",
                    "creatorName": "Bot",
                    "createorID": 1,
                    "creationTime": "2024-03-08T10:36:49.883Z"
                }
            ],
            "commentBoxPosition": {
                "x": 324.0,
                "y": 567.0
            }
        },
        {
            "commentBoxID": "commentBox-e31a261f-20ec-4ae1-b15a-0493eb7e7973",
            "comments": [
                {
                    "content": "https://hub.knime.com/knime/extensions/org.knime.features.base/latest/org.knime.base.node.io.filehandling.csv.reader.CSVTableReaderNodeFactory",
                    "creatorName": "Bot",
                    "createorID": 1,
                    "creationTime": "2024-03-08T10:36:49.883Z"
                }
            ],
            "commentBoxPosition": {
                "x": 444.0,
                "y": 567.0
            }
        },
        {
            "commentBoxID": "commentBox-db8bb998-237d-4632-8c83-ab70dca18018",
            "comments": [
                {
                    "content": "https://hub.knime.com/knime/extensions/org.knime.features.base/latest/org.knime.base.node.io.filehandling.csv.reader.CSVTableReaderNodeFactory",
                    "creatorName": "Bot",
                    "createorID": 1,
                    "creationTime": "2024-03-08T10:36:49.883Z"
                }
            ],
            "commentBoxPosition": {
                "x": 584.0,
                "y": 567.0
            }
        },
        {
            "commentBoxID": "commentBox-5f9ed1f7-8702-45b4-b427-95b55d92506f",
            "comments": [
                {
                    "content": "https://hub.knime.com/knime/extensions/org.knime.features.base/latest/org.knime.base.node.io.filehandling.csv.reader.CSVTableReaderNodeFactory",
                    "creatorName": "Bot",
                    "createorID": 1,
                    "creationTime": "2024-03-08T10:36:49.883Z"
                }
            ],
            "commentBoxPosition": {
                "x": 724.0,
                "y": 567.0
            }
        },
        {
            "commentBoxID": "commentBox-1cf8e90d-c049-405d-8f3f-67b371c3b422",
            "comments": [
                {
                    "content": "https://hub.knime.com/knime/extensions/org.knime.features.base/latest/org.knime.base.node.io.filehandling.csv.reader.CSVTableReaderNodeFactory",
                    "creatorName": "Bot",
                    "createorID": 1,
                    "creationTime": "2024-03-08T10:36:49.883Z"
                }
            ],
            "commentBoxPosition": {
                "x": 864.0,
                "y": 567.0
            }
        }
    ]
}