{
    "operators": [
        {
            "operatorID": "Dummy-operator-73c76b6c-b19d-43f8-a2df-41247f1da78d",
            "operatorType": "Dummy",
            "operatorVersion": "",
            "operatorProperties": {
                "dummyPropertyList": [
                    {
                        "dummyProperty": "Source XML",
                        "dummyValue": "Omitted for license reasons"
                    }
                ]
            },
            "inputPorts": [
                {
                    "portID": "input-0",
                    "displayName": "",
                    "allowMultiInputs": true,
                    "isDynamicPort": true
                }
            ],
            "outputPorts": [
                {
                    "portID": "output-0",
                    "displayName": "",
                    "isDynamicPort": true,
                    "isBlocking": false
                },
                {
                    "portID": "output-1",
                    "displayName": "",
                    "isDynamicPort": true,
                    "isBlocking": true,
                    "materializationSize": 3.8251953125
                }
            ],
            "showAdvanced": false,
            "isDisabled": false,
            "customDisplayName": "MySQL Connector",
            "dynamicInputPorts": true,
            "dynamicOutputPorts": true
        },
        {
            "operatorID": "Dummy-operator-cc70875a-046d-493d-83c1-110f1d53bba3",
            "operatorType": "Dummy",
            "operatorVersion": "",
            "operatorProperties": {
                "dummyPropertyList": [
                    {
                        "dummyProperty": "Source XML",
                        "dummyValue": "Omitted for license reasons"
                    }
                ]
            },
            "inputPorts": [
                {
                    "portID": "input-0",
                    "displayName": "",
                    "allowMultiInputs": true,
                    "isDynamicPort": true
                },
                {
                    "portID": "input-1",
                    "displayName": "",
                    "allowMultiInputs": true,
                    "isDynamicPort": true
                }
            ],
            "outputPorts": [
                {
                    "portID": "output-0",
                    "displayName": "",
                    "isDynamicPort": true,
                    "isBlocking": false
                },
                {
                    "portID": "output-1",
                    "displayName": "",
                    "isDynamicPort": true,
                    "isBlocking": false
                }
            ],
            "showAdvanced": false,
            "isDisabled": false,
            "customDisplayName": "DB SQL Executor",
            "dynamicInputPorts": true,
            "dynamicOutputPorts": true
        },
        {
            "operatorID": "Dummy-operator-dacf1e84-bcb9-44c2-a3c5-45dcd26afa3c",
            "operatorType": "Dummy",
            "operatorVersion": "",
            "operatorProperties": {
                "dummyPropertyList": [
                    {
                        "dummyProperty": "Source XML",
                        "dummyValue": "Omitted for license reasons"
                    }
                ]
            },
            "inputPorts": [
                {
                    "portID": "input-0",
                    "displayName": "",
                    "allowMultiInputs": true,
                    "isDynamicPort": true
                }
            ],
            "outputPorts": [
                {
                    "portID": "output-0",
                    "displayName": "",
                    "isDynamicPort": true,
                    "isBlocking": false
                }
            ],
            "showAdvanced": false,
            "isDisabled": false,
            "customDisplayName": "Table View",
            "dynamicInputPorts": true,
            "dynamicOutputPorts": true
        },
        {
            "operatorID": "Dummy-operator-ff3d57ad-5763-4643-9983-b58673569aca",
            "operatorType": "Dummy",
            "operatorVersion": "",
            "operatorProperties": {
                "dummyPropertyList": [
                    {
                        "dummyProperty": "Source XML",
                        "dummyValue": "Omitted for license reasons"
                    }
                ]
            },
            "inputPorts": [
                {
                    "portID": "input-0",
                    "displayName": "",
                    "allowMultiInputs": true,
                    "isDynamicPort": true
                },
                {
                    "portID": "input-1",
                    "displayName": "",
                    "allowMultiInputs": true,
                    "isDynamicPort": true
                }
            ],
            "outputPorts": [
                {
                    "portID": "output-0",
                    "displayName": "",
                    "isDynamicPort": true,
                    "isBlocking": false
                },
                {
                    "portID": "output-1",
                    "displayName": "",
                    "isDynamicPort": true,
                    "isBlocking": true,
                    "materializationSize": 4.4072265625
                }
            ],
            "showAdvanced": false,
            "isDisabled": false,
            "customDisplayName": "DB Table Selector",
            "dynamicInputPorts": true,
            "dynamicOutputPorts": true
        },
        {
            "operatorID": "Dummy-operator-0c5c2e08-3ef5-4adf-9984-f5eab43bac41",
            "operatorType": "Dummy",
            "operatorVersion": "",
            "operatorProperties": {
                "dummyPropertyList": [
                    {
                        "dummyProperty": "Source XML",
                        "dummyValue": "Omitted for license reasons"
                    }
                ]
            },
            "inputPorts": [
                {
                    "portID": "input-0",
                    "displayName": "",
                    "allowMultiInputs": true,
                    "isDynamicPort": true
                },
                {
                    "portID": "input-1",
                    "displayName": "",
                    "allowMultiInputs": true,
                    "isDynamicPort": true
                }
            ],
            "outputPorts": [
                {
                    "portID": "output-0",
                    "displayName": "",
                    "isDynamicPort": true,
                    "isBlocking": false
                },
                {
                    "portID": "output-1",
                    "displayName": "",
                    "isDynamicPort": true,
                    "isBlocking": true,
                    "materializationSize": 4.1591796875
                }
            ],
            "showAdvanced": false,
            "isDisabled": false,
            "customDisplayName": "DB Table Selector",
            "dynamicInputPorts": true,
            "dynamicOutputPorts": true
        },
        {
            "operatorID": "Dummy-operator-82b93fab-6b3d-4da7-b4b1-670754b562f9",
            "operatorType": "Dummy",
            "operatorVersion": "",
            "operatorProperties": {
                "dummyPropertyList": [
                    {
                        "dummyProperty": "Source XML",
                        "dummyValue": "Omitted for license reasons"
                    }
                ]
            },
            "inputPorts": [
                {
                    "portID": "input-0",
                    "displayName": "",
                    "allowMultiInputs": true,
                    "isDynamicPort": true
                },
                {
                    "portID": "input-1",
                    "displayName": "",
                    "allowMultiInputs": true,
                    "isDynamicPort": true
                }
            ],
            "outputPorts": [
                {
                    "portID": "output-0",
                    "displayName": "",
                    "isDynamicPort": true,
                    "isBlocking": false
                },
                {
                    "portID": "output-1",
                    "displayName": "",
                    "isDynamicPort": true,
                    "isBlocking": true,
                    "materializationSize": 4.1591796875
                }
            ],
            "showAdvanced": false,
            "isDisabled": false,
            "customDisplayName": "DB Column Filter",
            "dynamicInputPorts": true,
            "dynamicOutputPorts": true
        },
        {
            "operatorID": "Dummy-operator-7ef2696e-4f40-446f-8c39-5f5da7985c21",
            "operatorType": "Dummy",
            "operatorVersion": "",
            "operatorProperties": {
                "dummyPropertyList": [
                    {
                        "dummyProperty": "Source XML",
                        "dummyValue": "Omitted for license reasons"
                    }
                ]
            },
            "inputPorts": [
                {
                    "portID": "input-0",
                    "displayName": "",
                    "allowMultiInputs": true,
                    "isDynamicPort": true
                }
            ],
            "outputPorts": [
                {
                    "portID": "output-0",
                    "displayName": "",
                    "isDynamicPort": true,
                    "isBlocking": false
                },
                {
                    "portID": "output-1",
                    "displayName": "",
                    "isDynamicPort": true,
                    "isBlocking": false
                }
            ],
            "showAdvanced": false,
            "isDisabled": false,
            "customDisplayName": "Correlation Filter",
            "dynamicInputPorts": true,
            "dynamicOutputPorts": true
        },
        {
            "operatorID": "Dummy-operator-11a456eb-7121-4bb0-8f48-d16f1fba8333",
            "operatorType": "Dummy",
            "operatorVersion": "",
            "operatorProperties": {
                "dummyPropertyList": [
                    {
                        "dummyProperty": "Source XML",
                        "dummyValue": "Omitted for license reasons"
                    }
                ]
            },
            "inputPorts": [
                {
                    "portID": "input-0",
                    "displayName": "",
                    "allowMultiInputs": true,
                    "isDynamicPort": true
                }
            ],
            "outputPorts": [
                {
                    "portID": "output-0",
                    "displayName": "",
                    "isDynamicPort": true,
                    "isBlocking": false
                },
                {
                    "portID": "output-1",
                    "displayName": "",
                    "isDynamicPort": true,
                    "isBlocking": false
                }
            ],
            "showAdvanced": false,
            "isDisabled": false,
            "customDisplayName": "Top k Row Filter",
            "dynamicInputPorts": true,
            "dynamicOutputPorts": true
        },
        {
            "operatorID": "Dummy-operator-b9cc5071-8bc0-45d2-b798-237d81b23730",
            "operatorType": "Dummy",
            "operatorVersion": "",
            "operatorProperties": {
                "dummyPropertyList": [
                    {
                        "dummyProperty": "Source XML",
                        "dummyValue": "Omitted for license reasons"
                    }
                ]
            },
            "inputPorts": [
                {
                    "portID": "input-0",
                    "displayName": "",
                    "allowMultiInputs": true,
                    "isDynamicPort": true
                },
                {
                    "portID": "input-1",
                    "displayName": "",
                    "allowMultiInputs": true,
                    "isDynamicPort": true
                }
            ],
            "outputPorts": [
                {
                    "portID": "output-0",
                    "displayName": "",
                    "isDynamicPort": true,
                    "isBlocking": false
                },
                {
                    "portID": "output-1",
                    "displayName": "",
                    "isDynamicPort": true,
                    "isBlocking": true,
                    "materializationSize": 0.28125
                },
                {
                    "portID": "output-2",
                    "displayName": "",
                    "isDynamicPort": true,
                    "isBlocking": false,
                    "materializationSize": 2.65234375
                }
            ],
            "showAdvanced": false,
            "isDisabled": false,
            "customDisplayName": "DB Query Extractor",
            "dynamicInputPorts": true,
            "dynamicOutputPorts": true
        }
    ],
    "operatorPositions": {
        "Dummy-operator-73c76b6c-b19d-43f8-a2df-41247f1da78d": {
            "x": -585.0,
            "y": 14.0
        },
        "Dummy-operator-cc70875a-046d-493d-83c1-110f1d53bba3": {
            "x": -405.0,
            "y": 14.0
        },
        "Dummy-operator-dacf1e84-bcb9-44c2-a3c5-45dcd26afa3c": {
            "x": 260.0,
            "y": -161.0
        },
        "Dummy-operator-ff3d57ad-5763-4643-9983-b58673569aca": {
            "x": -400.0,
            "y": -126.0
        },
        "Dummy-operator-0c5c2e08-3ef5-4adf-9984-f5eab43bac41": {
            "x": -390.0,
            "y": 179.0
        },
        "Dummy-operator-82b93fab-6b3d-4da7-b4b1-670754b562f9": {
            "x": -230.0,
            "y": 124.0
        },
        "Dummy-operator-7ef2696e-4f40-446f-8c39-5f5da7985c21": {
            "x": 165.0,
            "y": -161.0
        },
        "Dummy-operator-11a456eb-7121-4bb0-8f48-d16f1fba8333": {
            "x": -145.0,
            "y": -6.0
        },
        "Dummy-operator-b9cc5071-8bc0-45d2-b798-237d81b23730": {
            "x": -235.0,
            "y": -81.0
        }
    },
    "links": [
        {
            "linkID": "link-d0ffdd2f-2879-4f53-8586-3096e649d338",
            "source": {
                "operatorID": "Dummy-operator-73c76b6c-b19d-43f8-a2df-41247f1da78d",
                "portID": "output-1"
            },
            "target": {
                "operatorID": "Dummy-operator-cc70875a-046d-493d-83c1-110f1d53bba3",
                "portID": "input-1"
            }
        },
        {
            "linkID": "link-84f111be-7dcb-4b88-9d94-26f573112f7b",
            "source": {
                "operatorID": "Dummy-operator-73c76b6c-b19d-43f8-a2df-41247f1da78d",
                "portID": "output-1"
            },
            "target": {
                "operatorID": "Dummy-operator-0c5c2e08-3ef5-4adf-9984-f5eab43bac41",
                "portID": "input-1"
            }
        },
        {
            "linkID": "link-e4972e4a-89ec-4f42-af5b-21a46d7a8e19",
            "source": {
                "operatorID": "Dummy-operator-73c76b6c-b19d-43f8-a2df-41247f1da78d",
                "portID": "output-1"
            },
            "target": {
                "operatorID": "Dummy-operator-ff3d57ad-5763-4643-9983-b58673569aca",
                "portID": "input-1"
            }
        },
        {
            "linkID": "link-c821daac-4091-467c-b050-11355ee463a1",
            "source": {
                "operatorID": "Dummy-operator-ff3d57ad-5763-4643-9983-b58673569aca",
                "portID": "output-1"
            },
            "target": {
                "operatorID": "Dummy-operator-b9cc5071-8bc0-45d2-b798-237d81b23730",
                "portID": "input-1"
            }
        },
        {
            "linkID": "link-b5c2bf4c-bb01-4da8-a47b-db66b6f2b8dc",
            "source": {
                "operatorID": "Dummy-operator-0c5c2e08-3ef5-4adf-9984-f5eab43bac41",
                "portID": "output-1"
            },
            "target": {
                "operatorID": "Dummy-operator-82b93fab-6b3d-4da7-b4b1-670754b562f9",
                "portID": "input-1"
            }
        }
    ],
    "groups": [],
    "breakpoints": {},
    "commentBoxes": [
        {
            "commentBoxID": "commentBox-55e9f4e9-c98e-4dbb-bfb8-953c4ea8206b",
            "comments": [
                {
                    "content": "https://hub.knime.com/knime/extensions/org.knime.features.base/latest/org.knime.base.node.io.filehandling.csv.reader.CSVTableReaderNodeFactory",
                    "creatorName": "Bot",
                    "createorID": 1,
                    "creationTime": "2024-03-08T10:36:49.883Z"
                }
            ],
            "commentBoxPosition": {
                "x": -525.0,
                "y": 44.0
            }
        },
        {
            "commentBoxID": "commentBox-83e899a3-6af5-4f57-9343-54eee19782b4",
            "comments": [
                {
                    "content": "https://hub.knime.com/knime/extensions/org.knime.features.base/latest/org.knime.base.node.io.filehandling.csv.reader.CSVTableReaderNodeFactory",
                    "creatorName": "Bot",
                    "createorID": 1,
                    "creationTime": "2024-03-08T10:36:49.883Z"
                }
            ],
            "commentBoxPosition": {
                "x": -345.0,
                "y": 44.0
            }
        },
        {
            "commentBoxID": "commentBox-04182049-4750-4847-b69b-c2a5afb286b4",
            "comments": [
                {
                    "content": "https://hub.knime.com/knime/extensions/org.knime.features.base/latest/org.knime.base.node.io.filehandling.csv.reader.CSVTableReaderNodeFactory",
                    "creatorName": "Bot",
                    "createorID": 1,
                    "creationTime": "2024-03-08T10:36:49.883Z"
                }
            ],
            "commentBoxPosition": {
                "x": 320.0,
                "y": -131.0
            }
        },
        {
            "commentBoxID": "commentBox-fea4b92e-b74f-4ed4-a798-528000e2e74c",
            "comments": [
                {
                    "content": "https://hub.knime.com/knime/extensions/org.knime.features.base/latest/org.knime.base.node.io.filehandling.csv.reader.CSVTableReaderNodeFactory",
                    "creatorName": "Bot",
                    "createorID": 1,
                    "creationTime": "2024-03-08T10:36:49.883Z"
                }
            ],
            "commentBoxPosition": {
                "x": -340.0,
                "y": -96.0
            }
        },
        {
            "commentBoxID": "commentBox-17ae9387-c56e-4980-9822-73b15e473432",
            "comments": [
                {
                    "content": "https://hub.knime.com/knime/extensions/org.knime.features.base/latest/org.knime.base.node.io.filehandling.csv.reader.CSVTableReaderNodeFactory",
                    "creatorName": "Bot",
                    "createorID": 1,
                    "creationTime": "2024-03-08T10:36:49.883Z"
                }
            ],
            "commentBoxPosition": {
                "x": -330.0,
                "y": 209.0
            }
        },
        {
            "commentBoxID": "commentBox-f7635eea-d914-4355-a2f0-84b49a32e617",
            "comments": [
                {
                    "content": "https://hub.knime.com/knime/extensions/org.knime.features.base/latest/org.knime.base.node.io.filehandling.csv.reader.CSVTableReaderNodeFactory",
                    "creatorName": "Bot",
                    "createorID": 1,
                    "creationTime": "2024-03-08T10:36:49.883Z"
                }
            ],
            "commentBoxPosition": {
                "x": -170.0,
                "y": 154.0
            }
        },
        {
            "commentBoxID": "commentBox-7c0923f6-0205-4005-8df8-3f2fb2e86118",
            "comments": [
                {
                    "content": "https://hub.knime.com/knime/extensions/org.knime.features.base/latest/org.knime.base.node.io.filehandling.csv.reader.CSVTableReaderNodeFactory",
                    "creatorName": "Bot",
                    "createorID": 1,
                    "creationTime": "2024-03-08T10:36:49.883Z"
                }
            ],
            "commentBoxPosition": {
                "x": 225.0,
                "y": -131.0
            }
        },
        {
            "commentBoxID": "commentBox-cc07a8a8-8750-4074-90dc-baf106152472",
            "comments": [
                {
                    "content": "https://hub.knime.com/knime/extensions/org.knime.features.base/latest/org.knime.base.node.io.filehandling.csv.reader.CSVTableReaderNodeFactory",
                    "creatorName": "Bot",
                    "createorID": 1,
                    "creationTime": "2024-03-08T10:36:49.883Z"
                }
            ],
            "commentBoxPosition": {
                "x": -85.0,
                "y": 24.0
            }
        },
        {
            "commentBoxID": "commentBox-1835a3b0-e962-4f30-b54f-51bc0e860b24",
            "comments": [
                {
                    "content": "https://hub.knime.com/knime/extensions/org.knime.features.base/latest/org.knime.base.node.io.filehandling.csv.reader.CSVTableReaderNodeFactory",
                    "creatorName": "Bot",
                    "createorID": 1,
                    "creationTime": "2024-03-08T10:36:49.883Z"
                }
            ],
            "commentBoxPosition": {
                "x": -175.0,
                "y": -51.0
            }
        }
    ]
}