{
    "operators": [
        {
            "operatorID": "Dummy-operator-dee1ae3e-426a-4963-b938-e7ee2fb61015",
            "operatorType": "Dummy",
            "operatorVersion": "",
            "operatorProperties": {
                "dummyPropertyList": [
                    {
                        "dummyProperty": "Source XML",
                        "dummyValue": "Omitted for license reasons"
                    }
                ]
            },
            "inputPorts": [
                {
                    "portID": "input-0",
                    "displayName": "",
                    "allowMultiInputs": true,
                    "isDynamicPort": true
                }
            ],
            "outputPorts": [
                {
                    "portID": "output-0",
                    "displayName": "",
                    "isDynamicPort": true,
                    "isBlocking": false
                },
                {
                    "portID": "output-1",
                    "displayName": "",
                    "isDynamicPort": true,
                    "isBlocking": false,
                    "materializationSize": 3.1572265625
                }
            ],
            "showAdvanced": false,
            "isDisabled": false,
            "customDisplayName": "List Files_Folders",
            "dynamicInputPorts": true,
            "dynamicOutputPorts": true
        },
        {
            "operatorID": "Dummy-operator-7a1b4572-aaf8-429e-ab34-7b2c8c52f792",
            "operatorType": "Dummy",
            "operatorVersion": "",
            "operatorProperties": {
                "dummyPropertyList": [
                    {
                        "dummyProperty": "Source XML",
                        "dummyValue": "Omitted for license reasons"
                    }
                ]
            },
            "inputPorts": [
                {
                    "portID": "input-0",
                    "displayName": "",
                    "allowMultiInputs": true,
                    "isDynamicPort": true
                },
                {
                    "portID": "input-1",
                    "displayName": "",
                    "allowMultiInputs": true,
                    "isDynamicPort": true
                }
            ],
            "outputPorts": [
                {
                    "portID": "output-0",
                    "displayName": "",
                    "isDynamicPort": true,
                    "isBlocking": false
                },
                {
                    "portID": "output-1",
                    "displayName": "",
                    "isDynamicPort": true,
                    "isBlocking": false,
                    "materializationSize": 3.1796875
                }
            ],
            "showAdvanced": false,
            "isDisabled": false,
            "customDisplayName": "Path to URI",
            "dynamicInputPorts": true,
            "dynamicOutputPorts": true
        },
        {
            "operatorID": "Dummy-operator-e9c2778c-b9a0-4ac3-902d-a8e88b109775",
            "operatorType": "Dummy",
            "operatorVersion": "",
            "operatorProperties": {
                "dummyPropertyList": [
                    {
                        "dummyProperty": "Source XML",
                        "dummyValue": "Omitted for license reasons"
                    }
                ]
            },
            "inputPorts": [
                {
                    "portID": "input-0",
                    "displayName": "",
                    "allowMultiInputs": true,
                    "isDynamicPort": true
                },
                {
                    "portID": "input-1",
                    "displayName": "",
                    "allowMultiInputs": true,
                    "isDynamicPort": true
                }
            ],
            "outputPorts": [
                {
                    "portID": "output-0",
                    "displayName": "",
                    "isDynamicPort": true,
                    "isBlocking": false
                },
                {
                    "portID": "output-1",
                    "displayName": "",
                    "isDynamicPort": true,
                    "isBlocking": false,
                    "materializationSize": 2693.9384765625
                }
            ],
            "showAdvanced": false,
            "isDisabled": false,
            "customDisplayName": "Renderer to Image",
            "dynamicInputPorts": true,
            "dynamicOutputPorts": true
        },
        {
            "operatorID": "Dummy-operator-9c9fb94d-9db7-44fe-aadf-1f9ccd23dedf",
            "operatorType": "Dummy",
            "operatorVersion": "",
            "operatorProperties": {
                "dummyPropertyList": [
                    {
                        "dummyProperty": "Source XML",
                        "dummyValue": "Omitted for license reasons"
                    }
                ]
            },
            "inputPorts": [
                {
                    "portID": "input-0",
                    "displayName": "",
                    "allowMultiInputs": true,
                    "isDynamicPort": true
                },
                {
                    "portID": "input-1",
                    "displayName": "",
                    "allowMultiInputs": true,
                    "isDynamicPort": true
                }
            ],
            "outputPorts": [
                {
                    "portID": "output-0",
                    "displayName": "",
                    "isDynamicPort": true,
                    "isBlocking": false
                },
                {
                    "portID": "output-1",
                    "displayName": "",
                    "isDynamicPort": true,
                    "isBlocking": false,
                    "materializationSize": 7.6318359375
                }
            ],
            "showAdvanced": false,
            "isDisabled": false,
            "customDisplayName": "Tile View",
            "dynamicInputPorts": true,
            "dynamicOutputPorts": true
        },
        {
            "operatorID": "Dummy-operator-ce84c70b-de41-4e23-b74e-c6b83afd83b6",
            "operatorType": "Dummy",
            "operatorVersion": "",
            "operatorProperties": {
                "dummyPropertyList": [
                    {
                        "dummyProperty": "Source XML",
                        "dummyValue": "Omitted for license reasons"
                    }
                ]
            },
            "inputPorts": [
                {
                    "portID": "input-0",
                    "displayName": "",
                    "allowMultiInputs": true,
                    "isDynamicPort": true
                },
                {
                    "portID": "input-1",
                    "displayName": "",
                    "allowMultiInputs": true,
                    "isDynamicPort": true
                }
            ],
            "outputPorts": [
                {
                    "portID": "output-0",
                    "displayName": "",
                    "isDynamicPort": true,
                    "isBlocking": false
                },
                {
                    "portID": "output-1",
                    "displayName": "",
                    "isDynamicPort": true,
                    "isBlocking": false,
                    "materializationSize": 4.61328125
                }
            ],
            "showAdvanced": false,
            "isDisabled": false,
            "customDisplayName": "Image Reader _Table_",
            "dynamicInputPorts": true,
            "dynamicOutputPorts": true
        },
        {
            "operatorID": "Dummy-operator-727c185b-c7f8-4e6f-8b88-e6bf37a4dcb8",
            "operatorType": "Dummy",
            "operatorVersion": "",
            "operatorProperties": {
                "dummyPropertyList": [
                    {
                        "dummyProperty": "Source XML",
                        "dummyValue": "Omitted for license reasons"
                    }
                ]
            },
            "inputPorts": [
                {
                    "portID": "input-0",
                    "displayName": "",
                    "allowMultiInputs": true,
                    "isDynamicPort": true
                },
                {
                    "portID": "input-1",
                    "displayName": "",
                    "allowMultiInputs": true,
                    "isDynamicPort": true
                }
            ],
            "outputPorts": [
                {
                    "portID": "output-0",
                    "displayName": "",
                    "isDynamicPort": true,
                    "isBlocking": false
                },
                {
                    "portID": "output-1",
                    "displayName": "",
                    "isDynamicPort": true,
                    "isBlocking": false,
                    "materializationSize": 112.26171875
                }
            ],
            "showAdvanced": false,
            "isDisabled": false,
            "customDisplayName": "Row Filter",
            "dynamicInputPorts": true,
            "dynamicOutputPorts": true
        }
    ],
    "operatorPositions": {
        "Dummy-operator-dee1ae3e-426a-4963-b938-e7ee2fb61015": {
            "x": 84.0,
            "y": 97.0
        },
        "Dummy-operator-7a1b4572-aaf8-429e-ab34-7b2c8c52f792": {
            "x": 184.0,
            "y": 97.0
        },
        "Dummy-operator-e9c2778c-b9a0-4ac3-902d-a8e88b109775": {
            "x": 384.0,
            "y": 97.0
        },
        "Dummy-operator-9c9fb94d-9db7-44fe-aadf-1f9ccd23dedf": {
            "x": 484.0,
            "y": 97.0
        },
        "Dummy-operator-ce84c70b-de41-4e23-b74e-c6b83afd83b6": {
            "x": 284.0,
            "y": 97.0
        },
        "Dummy-operator-727c185b-c7f8-4e6f-8b88-e6bf37a4dcb8": {
            "x": 584.0,
            "y": 97.0
        }
    },
    "links": [
        {
            "linkID": "link-ebb4e9d3-5778-4b60-b1f3-0f9b9610ff9c",
            "source": {
                "operatorID": "Dummy-operator-dee1ae3e-426a-4963-b938-e7ee2fb61015",
                "portID": "output-1"
            },
            "target": {
                "operatorID": "Dummy-operator-7a1b4572-aaf8-429e-ab34-7b2c8c52f792",
                "portID": "input-1"
            }
        },
        {
            "linkID": "link-98e7fd84-2175-44b1-9c05-d50d9dacb3fa",
            "source": {
                "operatorID": "Dummy-operator-7a1b4572-aaf8-429e-ab34-7b2c8c52f792",
                "portID": "output-1"
            },
            "target": {
                "operatorID": "Dummy-operator-ce84c70b-de41-4e23-b74e-c6b83afd83b6",
                "portID": "input-1"
            }
        },
        {
            "linkID": "link-3f36faf6-f120-4e0f-b93c-01b5f589aecc",
            "source": {
                "operatorID": "Dummy-operator-e9c2778c-b9a0-4ac3-902d-a8e88b109775",
                "portID": "output-1"
            },
            "target": {
                "operatorID": "Dummy-operator-9c9fb94d-9db7-44fe-aadf-1f9ccd23dedf",
                "portID": "input-1"
            }
        },
        {
            "linkID": "link-a77bca32-e12f-4340-8e1f-e8891c04b552",
            "source": {
                "operatorID": "Dummy-operator-9c9fb94d-9db7-44fe-aadf-1f9ccd23dedf",
                "portID": "output-1"
            },
            "target": {
                "operatorID": "Dummy-operator-727c185b-c7f8-4e6f-8b88-e6bf37a4dcb8",
                "portID": "input-1"
            }
        },
        {
            "linkID": "link-924e1c35-07ec-418d-ade5-ca5b740ef23d",
            "source": {
                "operatorID": "Dummy-operator-ce84c70b-de41-4e23-b74e-c6b83afd83b6",
                "portID": "output-1"
            },
            "target": {
                "operatorID": "Dummy-operator-e9c2778c-b9a0-4ac3-902d-a8e88b109775",
                "portID": "input-1"
            }
        }
    ],
    "groups": [],
    "breakpoints": {},
    "commentBoxes": [
        {
            "commentBoxID": "commentBox-656ec9a2-003e-4201-8a8b-e8928160e78e",
            "comments": [
                {
                    "content": "https://hub.knime.com/knime/extensions/org.knime.features.base/latest/org.knime.base.node.io.filehandling.csv.reader.CSVTableReaderNodeFactory",
                    "creatorName": "Bot",
                    "createorID": 1,
                    "creationTime": "2024-03-08T10:36:49.883Z"
                }
            ],
            "commentBoxPosition": {
                "x": 144.0,
                "y": 127.0
            }
        },
        {
            "commentBoxID": "commentBox-2e6246ff-f1fc-4c99-9dc2-90041550da9e",
            "comments": [
                {
                    "content": "https://hub.knime.com/knime/extensions/org.knime.features.base/latest/org.knime.base.node.io.filehandling.csv.reader.CSVTableReaderNodeFactory",
                    "creatorName": "Bot",
                    "createorID": 1,
                    "creationTime": "2024-03-08T10:36:49.883Z"
                }
            ],
            "commentBoxPosition": {
                "x": 244.0,
                "y": 127.0
            }
        },
        {
            "commentBoxID": "commentBox-9dd5aa3d-5dea-4e92-a21b-fa0fa2255c68",
            "comments": [
                {
                    "content": "https://hub.knime.com/knime/extensions/org.knime.features.base/latest/org.knime.base.node.io.filehandling.csv.reader.CSVTableReaderNodeFactory",
                    "creatorName": "Bot",
                    "createorID": 1,
                    "creationTime": "2024-03-08T10:36:49.883Z"
                }
            ],
            "commentBoxPosition": {
                "x": 444.0,
                "y": 127.0
            }
        },
        {
            "commentBoxID": "commentBox-0ce9746a-efe7-4b9b-8432-024281607271",
            "comments": [
                {
                    "content": "https://hub.knime.com/knime/extensions/org.knime.features.base/latest/org.knime.base.node.io.filehandling.csv.reader.CSVTableReaderNodeFactory",
                    "creatorName": "Bot",
                    "createorID": 1,
                    "creationTime": "2024-03-08T10:36:49.883Z"
                }
            ],
            "commentBoxPosition": {
                "x": 544.0,
                "y": 127.0
            }
        },
        {
            "commentBoxID": "commentBox-5815f942-7377-4e12-a805-104a78086d45",
            "comments": [
                {
                    "content": "https://hub.knime.com/knime/extensions/org.knime.features.base/latest/org.knime.base.node.io.filehandling.csv.reader.CSVTableReaderNodeFactory",
                    "creatorName": "Bot",
                    "createorID": 1,
                    "creationTime": "2024-03-08T10:36:49.883Z"
                }
            ],
            "commentBoxPosition": {
                "x": 344.0,
                "y": 127.0
            }
        },
        {
            "commentBoxID": "commentBox-1f24b4f0-b040-4793-8b03-ce365dc42856",
            "comments": [
                {
                    "content": "https://hub.knime.com/knime/extensions/org.knime.features.base/latest/org.knime.base.node.io.filehandling.csv.reader.CSVTableReaderNodeFactory",
                    "creatorName": "Bot",
                    "createorID": 1,
                    "creationTime": "2024-03-08T10:36:49.883Z"
                }
            ],
            "commentBoxPosition": {
                "x": 644.0,
                "y": 127.0
            }
        }
    ]
}