{
    "operators": [
        {
            "operatorID": "Dummy-operator-bbe401c1-9b0e-46f8-b7d5-ff9ee60c1949",
            "operatorType": "Dummy",
            "operatorVersion": "",
            "operatorProperties": {
                "dummyPropertyList": [
                    {
                        "dummyProperty": "Source XML",
                        "dummyValue": "Omitted for license reasons"
                    }
                ]
            },
            "inputPorts": [
                {
                    "portID": "input-0",
                    "displayName": "",
                    "allowMultiInputs": true,
                    "isDynamicPort": true
                }
            ],
            "outputPorts": [
                {
                    "portID": "output-0",
                    "displayName": "",
                    "isDynamicPort": true,
                    "isBlocking": true
                },
                {
                    "portID": "output-1",
                    "displayName": "",
                    "isDynamicPort": true,
                    "isBlocking": true,
                    "materializationSize": 6.1142578125
                }
            ],
            "showAdvanced": false,
            "isDisabled": false,
            "customDisplayName": "Table Creator",
            "dynamicInputPorts": true,
            "dynamicOutputPorts": true
        },
        {
            "operatorID": "Dummy-operator-97c7fa4e-434f-4b2b-9e53-9626952703e5",
            "operatorType": "Dummy",
            "operatorVersion": "",
            "operatorProperties": {
                "dummyPropertyList": [
                    {
                        "dummyProperty": "Source XML",
                        "dummyValue": "Omitted for license reasons"
                    }
                ]
            },
            "inputPorts": [
                {
                    "portID": "input-0",
                    "displayName": "",
                    "allowMultiInputs": true,
                    "isDynamicPort": true
                },
                {
                    "portID": "input-1",
                    "displayName": "",
                    "allowMultiInputs": true,
                    "isDynamicPort": true
                }
            ],
            "outputPorts": [
                {
                    "portID": "output-0",
                    "displayName": "",
                    "isDynamicPort": true,
                    "isBlocking": false
                },
                {
                    "portID": "output-1",
                    "displayName": "",
                    "isDynamicPort": true,
                    "isBlocking": false,
                    "materializationSize": 5.267578125
                }
            ],
            "showAdvanced": false,
            "isDisabled": false,
            "customDisplayName": "String to Date_Time",
            "dynamicInputPorts": true,
            "dynamicOutputPorts": true
        },
        {
            "operatorID": "Dummy-operator-8b87f0fe-d41e-4576-a0aa-15ac0801412c",
            "operatorType": "Dummy",
            "operatorVersion": "",
            "operatorProperties": {
                "dummyPropertyList": [
                    {
                        "dummyProperty": "Source XML",
                        "dummyValue": "Omitted for license reasons"
                    }
                ]
            },
            "inputPorts": [
                {
                    "portID": "input-0",
                    "displayName": "",
                    "allowMultiInputs": true,
                    "isDynamicPort": true
                },
                {
                    "portID": "input-1",
                    "displayName": "",
                    "allowMultiInputs": true,
                    "isDynamicPort": true
                }
            ],
            "outputPorts": [
                {
                    "portID": "output-0",
                    "displayName": "",
                    "isDynamicPort": true,
                    "isBlocking": false
                },
                {
                    "portID": "output-1",
                    "displayName": "",
                    "isDynamicPort": true,
                    "isBlocking": false,
                    "materializationSize": 6.54296875
                }
            ],
            "showAdvanced": false,
            "isDisabled": false,
            "customDisplayName": "Column Expressions",
            "dynamicInputPorts": true,
            "dynamicOutputPorts": true
        },
        {
            "operatorID": "Dummy-operator-2532d4ba-5f3f-4b8b-92ca-d40e45a59627",
            "operatorType": "Dummy",
            "operatorVersion": "",
            "operatorProperties": {
                "dummyPropertyList": [
                    {
                        "dummyProperty": "Source XML",
                        "dummyValue": "Omitted for license reasons"
                    }
                ]
            },
            "inputPorts": [
                {
                    "portID": "input-0",
                    "displayName": "",
                    "allowMultiInputs": true,
                    "isDynamicPort": true
                },
                {
                    "portID": "input-1",
                    "displayName": "",
                    "allowMultiInputs": true,
                    "isDynamicPort": true
                }
            ],
            "outputPorts": [
                {
                    "portID": "output-0",
                    "displayName": "",
                    "isDynamicPort": true,
                    "isBlocking": true
                },
                {
                    "portID": "output-1",
                    "displayName": "",
                    "isDynamicPort": true,
                    "isBlocking": true,
                    "materializationSize": 4.587890625
                }
            ],
            "showAdvanced": false,
            "isDisabled": false,
            "customDisplayName": "Sorter",
            "dynamicInputPorts": true,
            "dynamicOutputPorts": true
        },
        {
            "operatorID": "Dummy-operator-4a7a6a79-1779-4ae9-b354-911f64b7fc83",
            "operatorType": "Dummy",
            "operatorVersion": "",
            "operatorProperties": {
                "dummyPropertyList": [
                    {
                        "dummyProperty": "Source XML",
                        "dummyValue": "Omitted for license reasons"
                    }
                ]
            },
            "inputPorts": [
                {
                    "portID": "input-0",
                    "displayName": "",
                    "allowMultiInputs": true,
                    "isDynamicPort": true
                },
                {
                    "portID": "input-1",
                    "displayName": "",
                    "allowMultiInputs": true,
                    "isDynamicPort": true
                }
            ],
            "outputPorts": [
                {
                    "portID": "output-0",
                    "displayName": "",
                    "isDynamicPort": true,
                    "isBlocking": true
                },
                {
                    "portID": "output-1",
                    "displayName": "",
                    "isDynamicPort": true,
                    "isBlocking": true,
                    "materializationSize": 4.208984375
                }
            ],
            "showAdvanced": false,
            "isDisabled": false,
            "customDisplayName": "GroupBy",
            "dynamicInputPorts": true,
            "dynamicOutputPorts": true
        },
        {
            "operatorID": "Dummy-operator-a2a22880-91fc-4df9-859a-65168b2ce0f0",
            "operatorType": "Dummy",
            "operatorVersion": "",
            "operatorProperties": {
                "dummyPropertyList": [
                    {
                        "dummyProperty": "Source XML",
                        "dummyValue": "Omitted for license reasons"
                    }
                ]
            },
            "inputPorts": [
                {
                    "portID": "input-0",
                    "displayName": "",
                    "allowMultiInputs": true,
                    "isDynamicPort": true
                },
                {
                    "portID": "input-1",
                    "displayName": "",
                    "allowMultiInputs": true,
                    "isDynamicPort": true
                },
                {
                    "portID": "input-2",
                    "displayName": "",
                    "allowMultiInputs": true,
                    "isDynamicPort": true
                }
            ],
            "outputPorts": [
                {
                    "portID": "output-0",
                    "displayName": "",
                    "isDynamicPort": true,
                    "isBlocking": true
                },
                {
                    "portID": "output-1",
                    "displayName": "",
                    "isDynamicPort": true,
                    "isBlocking": true,
                    "materializationSize": 7.0634765625
                },
                {
                    "portID": "output-2",
                    "displayName": "",
                    "isDynamicPort": true,
                    "isBlocking": true,
                    "materializationSize": 0.28125
                },
                {
                    "portID": "output-3",
                    "displayName": "",
                    "isDynamicPort": true,
                    "isBlocking": true,
                    "materializationSize": 0.28125
                }
            ],
            "showAdvanced": false,
            "isDisabled": false,
            "customDisplayName": "Joiner",
            "dynamicInputPorts": true,
            "dynamicOutputPorts": true
        },
        {
            "operatorID": "Dummy-operator-8c76fb6d-9c23-4810-8b4d-c0531cb490d9",
            "operatorType": "Dummy",
            "operatorVersion": "",
            "operatorProperties": {
                "dummyPropertyList": [
                    {
                        "dummyProperty": "Source XML",
                        "dummyValue": "Omitted for license reasons"
                    }
                ]
            },
            "inputPorts": [
                {
                    "portID": "input-0",
                    "displayName": "",
                    "allowMultiInputs": true,
                    "isDynamicPort": true
                },
                {
                    "portID": "input-1",
                    "displayName": "",
                    "allowMultiInputs": true,
                    "isDynamicPort": true
                }
            ],
            "outputPorts": [
                {
                    "portID": "output-0",
                    "displayName": "",
                    "isDynamicPort": true,
                    "isBlocking": false
                },
                {
                    "portID": "output-1",
                    "displayName": "",
                    "isDynamicPort": true,
                    "isBlocking": false,
                    "materializationSize": 6.2158203125
                }
            ],
            "showAdvanced": false,
            "isDisabled": false,
            "customDisplayName": "Column Rename",
            "dynamicInputPorts": true,
            "dynamicOutputPorts": true
        }
    ],
    "operatorPositions": {
        "Dummy-operator-bbe401c1-9b0e-46f8-b7d5-ff9ee60c1949": {
            "x": 45.0,
            "y": 117.0
        },
        "Dummy-operator-97c7fa4e-434f-4b2b-9e53-9626952703e5": {
            "x": 164.0,
            "y": 117.0
        },
        "Dummy-operator-8b87f0fe-d41e-4576-a0aa-15ac0801412c": {
            "x": 424.0,
            "y": 117.0
        },
        "Dummy-operator-2532d4ba-5f3f-4b8b-92ca-d40e45a59627": {
            "x": 265.0,
            "y": 117.0
        },
        "Dummy-operator-4a7a6a79-1779-4ae9-b354-911f64b7fc83": {
            "x": 604.0,
            "y": 237.0
        },
        "Dummy-operator-a2a22880-91fc-4df9-859a-65168b2ce0f0": {
            "x": 724.0,
            "y": 117.0
        },
        "Dummy-operator-8c76fb6d-9c23-4810-8b4d-c0531cb490d9": {
            "x": 825.0,
            "y": 117.0
        }
    },
    "links": [
        {
            "linkID": "link-285e5288-2280-444c-8e11-43b4b911382e",
            "source": {
                "operatorID": "Dummy-operator-bbe401c1-9b0e-46f8-b7d5-ff9ee60c1949",
                "portID": "output-1"
            },
            "target": {
                "operatorID": "Dummy-operator-97c7fa4e-434f-4b2b-9e53-9626952703e5",
                "portID": "input-1"
            }
        },
        {
            "linkID": "link-4dd8b27b-3d8c-481b-8d85-8a9faf6fd7bd",
            "source": {
                "operatorID": "Dummy-operator-97c7fa4e-434f-4b2b-9e53-9626952703e5",
                "portID": "output-1"
            },
            "target": {
                "operatorID": "Dummy-operator-2532d4ba-5f3f-4b8b-92ca-d40e45a59627",
                "portID": "input-1"
            }
        },
        {
            "linkID": "link-1e7f625d-25fb-42e7-a973-4d3be683144d",
            "source": {
                "operatorID": "Dummy-operator-8b87f0fe-d41e-4576-a0aa-15ac0801412c",
                "portID": "output-1"
            },
            "target": {
                "operatorID": "Dummy-operator-4a7a6a79-1779-4ae9-b354-911f64b7fc83",
                "portID": "input-1"
            }
        },
        {
            "linkID": "link-07273734-4b28-4696-9462-a06d20d4465b",
            "source": {
                "operatorID": "Dummy-operator-8b87f0fe-d41e-4576-a0aa-15ac0801412c",
                "portID": "output-1"
            },
            "target": {
                "operatorID": "Dummy-operator-a2a22880-91fc-4df9-859a-65168b2ce0f0",
                "portID": "input-1"
            }
        },
        {
            "linkID": "link-b4efd6e7-a9f6-4bd4-b5bb-2216758744a3",
            "source": {
                "operatorID": "Dummy-operator-2532d4ba-5f3f-4b8b-92ca-d40e45a59627",
                "portID": "output-1"
            },
            "target": {
                "operatorID": "Dummy-operator-8b87f0fe-d41e-4576-a0aa-15ac0801412c",
                "portID": "input-1"
            }
        },
        {
            "linkID": "link-8a9481df-88a1-4cb8-b602-17d4b0b5c16d",
            "source": {
                "operatorID": "Dummy-operator-4a7a6a79-1779-4ae9-b354-911f64b7fc83",
                "portID": "output-1"
            },
            "target": {
                "operatorID": "Dummy-operator-a2a22880-91fc-4df9-859a-65168b2ce0f0",
                "portID": "input-2"
            }
        },
        {
            "linkID": "link-ceb8f6c4-9e4b-439c-813c-e2626136e072",
            "source": {
                "operatorID": "Dummy-operator-a2a22880-91fc-4df9-859a-65168b2ce0f0",
                "portID": "output-1"
            },
            "target": {
                "operatorID": "Dummy-operator-8c76fb6d-9c23-4810-8b4d-c0531cb490d9",
                "portID": "input-1"
            }
        }
    ],
    "groups": [],
    "breakpoints": {},
    "commentBoxes": [
        {
            "commentBoxID": "commentBox-d74ab75f-5d0f-4ec2-ac2c-387357214267",
            "comments": [
                {
                    "content": "https://hub.knime.com/knime/extensions/org.knime.features.base/latest/org.knime.base.node.io.filehandling.csv.reader.CSVTableReaderNodeFactory",
                    "creatorName": "Bot",
                    "createorID": 1,
                    "creationTime": "2024-03-08T10:36:49.883Z"
                }
            ],
            "commentBoxPosition": {
                "x": 105.0,
                "y": 147.0
            }
        },
        {
            "commentBoxID": "commentBox-d07e4034-6d8d-4be8-9939-5e4f73b743c7",
            "comments": [
                {
                    "content": "https://hub.knime.com/knime/extensions/org.knime.features.base/latest/org.knime.base.node.io.filehandling.csv.reader.CSVTableReaderNodeFactory",
                    "creatorName": "Bot",
                    "createorID": 1,
                    "creationTime": "2024-03-08T10:36:49.883Z"
                }
            ],
            "commentBoxPosition": {
                "x": 224.0,
                "y": 147.0
            }
        },
        {
            "commentBoxID": "commentBox-08d7ea3f-a450-4c99-8ae6-e56fc9c8a5b5",
            "comments": [
                {
                    "content": "https://hub.knime.com/knime/extensions/org.knime.features.base/latest/org.knime.base.node.io.filehandling.csv.reader.CSVTableReaderNodeFactory",
                    "creatorName": "Bot",
                    "createorID": 1,
                    "creationTime": "2024-03-08T10:36:49.883Z"
                }
            ],
            "commentBoxPosition": {
                "x": 484.0,
                "y": 147.0
            }
        },
        {
            "commentBoxID": "commentBox-5e49720f-a453-4729-97ea-acf3fc39368e",
            "comments": [
                {
                    "content": "https://hub.knime.com/knime/extensions/org.knime.features.base/latest/org.knime.base.node.io.filehandling.csv.reader.CSVTableReaderNodeFactory",
                    "creatorName": "Bot",
                    "createorID": 1,
                    "creationTime": "2024-03-08T10:36:49.883Z"
                }
            ],
            "commentBoxPosition": {
                "x": 325.0,
                "y": 147.0
            }
        },
        {
            "commentBoxID": "commentBox-4d1d39c7-76f5-41c9-948e-bad4853b8fbd",
            "comments": [
                {
                    "content": "https://hub.knime.com/knime/extensions/org.knime.features.base/latest/org.knime.base.node.io.filehandling.csv.reader.CSVTableReaderNodeFactory",
                    "creatorName": "Bot",
                    "createorID": 1,
                    "creationTime": "2024-03-08T10:36:49.883Z"
                }
            ],
            "commentBoxPosition": {
                "x": 664.0,
                "y": 267.0
            }
        },
        {
            "commentBoxID": "commentBox-89ea3360-ae9a-4d37-a9c6-c723c925c326",
            "comments": [
                {
                    "content": "https://hub.knime.com/knime/extensions/org.knime.features.base/latest/org.knime.base.node.io.filehandling.csv.reader.CSVTableReaderNodeFactory",
                    "creatorName": "Bot",
                    "createorID": 1,
                    "creationTime": "2024-03-08T10:36:49.883Z"
                }
            ],
            "commentBoxPosition": {
                "x": 784.0,
                "y": 147.0
            }
        },
        {
            "commentBoxID": "commentBox-97b54f57-8645-41fb-9482-4286a93ce28e",
            "comments": [
                {
                    "content": "https://hub.knime.com/knime/extensions/org.knime.features.base/latest/org.knime.base.node.io.filehandling.csv.reader.CSVTableReaderNodeFactory",
                    "creatorName": "Bot",
                    "createorID": 1,
                    "creationTime": "2024-03-08T10:36:49.883Z"
                }
            ],
            "commentBoxPosition": {
                "x": 885.0,
                "y": 147.0
            }
        }
    ]
}