{
    "operators": [
        {
            "operatorID": "Dummy-operator-37555c28-b1ca-4e38-8731-d15bb0a7c332",
            "operatorType": "Dummy",
            "operatorVersion": "",
            "operatorProperties": {
                "dummyPropertyList": [
                    {
                        "dummyProperty": "Source XML",
                        "dummyValue": "Omitted for license reasons"
                    }
                ]
            },
            "inputPorts": [
                {
                    "portID": "input-0",
                    "displayName": "",
                    "allowMultiInputs": true,
                    "isDynamicPort": true
                }
            ],
            "outputPorts": [
                {
                    "portID": "output-0",
                    "displayName": "",
                    "isDynamicPort": true,
                    "isBlocking": false
                },
                {
                    "portID": "output-1",
                    "displayName": "",
                    "isDynamicPort": true,
                    "isBlocking": false,
                    "materializationSize": 1179.3291015625
                }
            ],
            "showAdvanced": false,
            "isDisabled": false,
            "customDisplayName": "CSV Reader",
            "dynamicInputPorts": true,
            "dynamicOutputPorts": true
        },
        {
            "operatorID": "Dummy-operator-22e8bad3-cc84-430d-aafc-43f9c0597b0f",
            "operatorType": "Dummy",
            "operatorVersion": "",
            "operatorProperties": {
                "dummyPropertyList": [
                    {
                        "dummyProperty": "Source XML",
                        "dummyValue": "Omitted for license reasons"
                    }
                ]
            },
            "inputPorts": [
                {
                    "portID": "input-0",
                    "displayName": "",
                    "allowMultiInputs": true,
                    "isDynamicPort": true
                },
                {
                    "portID": "input-1",
                    "displayName": "",
                    "allowMultiInputs": true,
                    "isDynamicPort": true
                }
            ],
            "outputPorts": [
                {
                    "portID": "output-0",
                    "displayName": "",
                    "isDynamicPort": true,
                    "isBlocking": false
                },
                {
                    "portID": "output-1",
                    "displayName": "",
                    "isDynamicPort": true,
                    "isBlocking": false,
                    "materializationSize": 57.5146484375
                },
                {
                    "portID": "output-2",
                    "displayName": "",
                    "isDynamicPort": true,
                    "isBlocking": false,
                    "materializationSize": 1105.4990234375
                },
                {
                    "portID": "output-3",
                    "displayName": "",
                    "isDynamicPort": true,
                    "isBlocking": false,
                    "materializationSize": 651.3935546875
                }
            ],
            "showAdvanced": false,
            "isDisabled": false,
            "customDisplayName": "Statistics",
            "dynamicInputPorts": true,
            "dynamicOutputPorts": true
        },
        {
            "operatorID": "Dummy-operator-ed6cf9d2-af2b-45ca-bd71-86cca5b13818",
            "operatorType": "Dummy",
            "operatorVersion": "",
            "operatorProperties": {
                "dummyPropertyList": [
                    {
                        "dummyProperty": "Source XML",
                        "dummyValue": "Omitted for license reasons"
                    }
                ]
            },
            "inputPorts": [
                {
                    "portID": "input-0",
                    "displayName": "",
                    "allowMultiInputs": true,
                    "isDynamicPort": true
                },
                {
                    "portID": "input-1",
                    "displayName": "",
                    "allowMultiInputs": true,
                    "isDynamicPort": true
                }
            ],
            "outputPorts": [
                {
                    "portID": "output-0",
                    "displayName": "",
                    "isDynamicPort": true,
                    "isBlocking": true
                },
                {
                    "portID": "output-1",
                    "displayName": "",
                    "isDynamicPort": true,
                    "isBlocking": true,
                    "materializationSize": 1179.4775390625
                },
                {
                    "portID": "output-2",
                    "displayName": "",
                    "isDynamicPort": true,
                    "isBlocking": true,
                    "materializationSize": 3.20703125
                }
            ],
            "showAdvanced": false,
            "isDisabled": false,
            "customDisplayName": "Missing Value",
            "dynamicInputPorts": true,
            "dynamicOutputPorts": true
        }
    ],
    "operatorPositions": {
        "Dummy-operator-37555c28-b1ca-4e38-8731-d15bb0a7c332": {
            "x": 64.0,
            "y": 317.0
        },
        "Dummy-operator-22e8bad3-cc84-430d-aafc-43f9c0597b0f": {
            "x": 324.0,
            "y": 297.0
        },
        "Dummy-operator-ed6cf9d2-af2b-45ca-bd71-86cca5b13818": {
            "x": 164.0,
            "y": 317.0
        }
    },
    "links": [
        {
            "linkID": "link-9f0f0e98-a739-458c-8000-36a65dbff042",
            "source": {
                "operatorID": "Dummy-operator-37555c28-b1ca-4e38-8731-d15bb0a7c332",
                "portID": "output-1"
            },
            "target": {
                "operatorID": "Dummy-operator-ed6cf9d2-af2b-45ca-bd71-86cca5b13818",
                "portID": "input-1"
            }
        },
        {
            "linkID": "link-2f073e76-e57a-42d9-98e0-97f579678b24",
            "source": {
                "operatorID": "Dummy-operator-ed6cf9d2-af2b-45ca-bd71-86cca5b13818",
                "portID": "output-1"
            },
            "target": {
                "operatorID": "Dummy-operator-22e8bad3-cc84-430d-aafc-43f9c0597b0f",
                "portID": "input-1"
            }
        }
    ],
    "groups": [],
    "breakpoints": {},
    "commentBoxes": [
        {
            "commentBoxID": "commentBox-ef5b8eb9-fe2c-48a0-96ab-4c9fc65a8e57",
            "comments": [
                {
                    "content": "https://hub.knime.com/knime/extensions/org.knime.features.base/latest/org.knime.base.node.io.filehandling.csv.reader.CSVTableReaderNodeFactory",
                    "creatorName": "Bot",
                    "createorID": 1,
                    "creationTime": "2024-03-08T10:36:49.883Z"
                }
            ],
            "commentBoxPosition": {
                "x": 124.0,
                "y": 347.0
            }
        },
        {
            "commentBoxID": "commentBox-f03e36df-c979-4823-ace7-d4228b498b9e",
            "comments": [
                {
                    "content": "https://hub.knime.com/knime/extensions/org.knime.features.base/latest/org.knime.base.node.io.filehandling.csv.reader.CSVTableReaderNodeFactory",
                    "creatorName": "Bot",
                    "createorID": 1,
                    "creationTime": "2024-03-08T10:36:49.883Z"
                }
            ],
            "commentBoxPosition": {
                "x": 384.0,
                "y": 327.0
            }
        },
        {
            "commentBoxID": "commentBox-8ea43925-23d7-4e15-9c13-93839fea197c",
            "comments": [
                {
                    "content": "https://hub.knime.com/knime/extensions/org.knime.features.base/latest/org.knime.base.node.io.filehandling.csv.reader.CSVTableReaderNodeFactory",
                    "creatorName": "Bot",
                    "createorID": 1,
                    "creationTime": "2024-03-08T10:36:49.883Z"
                }
            ],
            "commentBoxPosition": {
                "x": 224.0,
                "y": 347.0
            }
        }
    ]
}