{
    "operators": [
        {
            "operatorID": "Dummy-operator-bcb04fea-eda8-4078-9a15-c78f6e187125",
            "operatorType": "Dummy",
            "operatorVersion": "",
            "operatorProperties": {
                "dummyPropertyList": [
                    {
                        "dummyProperty": "Source XML",
                        "dummyValue": "Omitted for license reasons"
                    }
                ]
            },
            "inputPorts": [
                {
                    "portID": "input-0",
                    "displayName": "",
                    "allowMultiInputs": true,
                    "isDynamicPort": true
                }
            ],
            "outputPorts": [
                {
                    "portID": "output-0",
                    "displayName": "",
                    "isDynamicPort": true,
                    "isBlocking": false
                },
                {
                    "portID": "output-1",
                    "displayName": "",
                    "isDynamicPort": true,
                    "isBlocking": false,
                    "materializationSize": 13.32421875
                }
            ],
            "showAdvanced": false,
            "isDisabled": false,
            "customDisplayName": "Empty Table Creator",
            "dynamicInputPorts": true,
            "dynamicOutputPorts": true
        },
        {
            "operatorID": "Dummy-operator-66781059-f864-462c-b054-f1a73d94c290",
            "operatorType": "Dummy",
            "operatorVersion": "",
            "operatorProperties": {
                "dummyPropertyList": [
                    {
                        "dummyProperty": "Source XML",
                        "dummyValue": "Omitted for license reasons"
                    }
                ]
            },
            "inputPorts": [
                {
                    "portID": "input-0",
                    "displayName": "",
                    "allowMultiInputs": true,
                    "isDynamicPort": true
                },
                {
                    "portID": "input-1",
                    "displayName": "",
                    "allowMultiInputs": true,
                    "isDynamicPort": true
                }
            ],
            "outputPorts": [
                {
                    "portID": "output-0",
                    "displayName": "",
                    "isDynamicPort": true,
                    "isBlocking": false
                },
                {
                    "portID": "output-1",
                    "displayName": "",
                    "isDynamicPort": true,
                    "isBlocking": false,
                    "materializationSize": 15.0615234375
                }
            ],
            "showAdvanced": false,
            "isDisabled": false,
            "customDisplayName": "Counter Generation",
            "dynamicInputPorts": true,
            "dynamicOutputPorts": true
        },
        {
            "operatorID": "Dummy-operator-b6581c14-0f26-4d2a-9cb3-49bb1a9694d5",
            "operatorType": "Dummy",
            "operatorVersion": "",
            "operatorProperties": {
                "dummyPropertyList": [
                    {
                        "dummyProperty": "Source XML",
                        "dummyValue": "Omitted for license reasons"
                    }
                ]
            },
            "inputPorts": [
                {
                    "portID": "input-0",
                    "displayName": "",
                    "allowMultiInputs": true,
                    "isDynamicPort": true
                },
                {
                    "portID": "input-1",
                    "displayName": "",
                    "allowMultiInputs": true,
                    "isDynamicPort": true
                }
            ],
            "outputPorts": [
                {
                    "portID": "output-0",
                    "displayName": "",
                    "isDynamicPort": true,
                    "isBlocking": false
                },
                {
                    "portID": "output-1",
                    "displayName": "",
                    "isDynamicPort": true,
                    "isBlocking": false,
                    "materializationSize": 8.6591796875
                }
            ],
            "showAdvanced": false,
            "isDisabled": false,
            "customDisplayName": "Random Boolean Assigner",
            "dynamicInputPorts": true,
            "dynamicOutputPorts": true
        },
        {
            "operatorID": "Dummy-operator-a3914a07-b891-4ff7-94fa-1c8237e319b9",
            "operatorType": "Dummy",
            "operatorVersion": "",
            "operatorProperties": {
                "dummyPropertyList": [
                    {
                        "dummyProperty": "Source XML",
                        "dummyValue": "Omitted for license reasons"
                    }
                ]
            },
            "inputPorts": [
                {
                    "portID": "input-0",
                    "displayName": "",
                    "allowMultiInputs": true,
                    "isDynamicPort": true
                },
                {
                    "portID": "input-1",
                    "displayName": "",
                    "allowMultiInputs": true,
                    "isDynamicPort": true
                }
            ],
            "outputPorts": [
                {
                    "portID": "output-0",
                    "displayName": "",
                    "isDynamicPort": true,
                    "isBlocking": false
                },
                {
                    "portID": "output-1",
                    "displayName": "",
                    "isDynamicPort": true,
                    "isBlocking": false,
                    "materializationSize": 10.8466796875
                }
            ],
            "showAdvanced": false,
            "isDisabled": false,
            "customDisplayName": "Column Expressions",
            "dynamicInputPorts": true,
            "dynamicOutputPorts": true
        },
        {
            "operatorID": "Dummy-operator-b593a740-cc4e-4d6e-bb0b-60030ac8dd0a",
            "operatorType": "Dummy",
            "operatorVersion": "",
            "operatorProperties": {
                "dummyPropertyList": [
                    {
                        "dummyProperty": "Source XML",
                        "dummyValue": "Omitted for license reasons"
                    }
                ]
            },
            "inputPorts": [
                {
                    "portID": "input-0",
                    "displayName": "",
                    "allowMultiInputs": true,
                    "isDynamicPort": true
                },
                {
                    "portID": "input-1",
                    "displayName": "",
                    "allowMultiInputs": true,
                    "isDynamicPort": true
                }
            ],
            "outputPorts": [
                {
                    "portID": "output-0",
                    "displayName": "",
                    "isDynamicPort": true,
                    "isBlocking": false
                },
                {
                    "portID": "output-1",
                    "displayName": "",
                    "isDynamicPort": true,
                    "isBlocking": false,
                    "materializationSize": 18.51171875
                }
            ],
            "showAdvanced": false,
            "isDisabled": false,
            "customDisplayName": "Row Filter",
            "dynamicInputPorts": true,
            "dynamicOutputPorts": true
        },
        {
            "operatorID": "Dummy-operator-51485f77-f281-4390-a4f8-896dc9c3e0fb",
            "operatorType": "Dummy",
            "operatorVersion": "",
            "operatorProperties": {
                "dummyPropertyList": [
                    {
                        "dummyProperty": "Source XML",
                        "dummyValue": "Omitted for license reasons"
                    }
                ]
            },
            "inputPorts": [
                {
                    "portID": "input-0",
                    "displayName": "",
                    "allowMultiInputs": true,
                    "isDynamicPort": true
                },
                {
                    "portID": "input-1",
                    "displayName": "",
                    "allowMultiInputs": true,
                    "isDynamicPort": true
                }
            ],
            "outputPorts": [
                {
                    "portID": "output-0",
                    "displayName": "",
                    "isDynamicPort": true,
                    "isBlocking": false
                },
                {
                    "portID": "output-1",
                    "displayName": "",
                    "isDynamicPort": true,
                    "isBlocking": false,
                    "materializationSize": 10.998046875
                }
            ],
            "showAdvanced": false,
            "isDisabled": false,
            "customDisplayName": "Column Expressions",
            "dynamicInputPorts": true,
            "dynamicOutputPorts": true
        }
    ],
    "operatorPositions": {
        "Dummy-operator-bcb04fea-eda8-4078-9a15-c78f6e187125": {
            "x": 204.0,
            "y": 117.0
        },
        "Dummy-operator-66781059-f864-462c-b054-f1a73d94c290": {
            "x": 344.0,
            "y": 117.0
        },
        "Dummy-operator-b6581c14-0f26-4d2a-9cb3-49bb1a9694d5": {
            "x": 464.0,
            "y": 117.0
        },
        "Dummy-operator-a3914a07-b891-4ff7-94fa-1c8237e319b9": {
            "x": 684.0,
            "y": 117.0
        },
        "Dummy-operator-b593a740-cc4e-4d6e-bb0b-60030ac8dd0a": {
            "x": 804.0,
            "y": 117.0
        },
        "Dummy-operator-51485f77-f281-4390-a4f8-896dc9c3e0fb": {
            "x": 924.0,
            "y": 117.0
        }
    },
    "links": [
        {
            "linkID": "link-9d59aac3-8269-4069-a33b-a7e7e4f5d9e2",
            "source": {
                "operatorID": "Dummy-operator-bcb04fea-eda8-4078-9a15-c78f6e187125",
                "portID": "output-1"
            },
            "target": {
                "operatorID": "Dummy-operator-66781059-f864-462c-b054-f1a73d94c290",
                "portID": "input-1"
            }
        },
        {
            "linkID": "link-8b9b54ba-a194-4584-b216-802cd66e699c",
            "source": {
                "operatorID": "Dummy-operator-66781059-f864-462c-b054-f1a73d94c290",
                "portID": "output-1"
            },
            "target": {
                "operatorID": "Dummy-operator-b6581c14-0f26-4d2a-9cb3-49bb1a9694d5",
                "portID": "input-1"
            }
        },
        {
            "linkID": "link-84e612ed-3a79-4844-92b5-3cab939823fd",
            "source": {
                "operatorID": "Dummy-operator-b6581c14-0f26-4d2a-9cb3-49bb1a9694d5",
                "portID": "output-1"
            },
            "target": {
                "operatorID": "Dummy-operator-a3914a07-b891-4ff7-94fa-1c8237e319b9",
                "portID": "input-1"
            }
        },
        {
            "linkID": "link-15afc47a-c89a-4ce2-8da1-142f607f9bc3",
            "source": {
                "operatorID": "Dummy-operator-a3914a07-b891-4ff7-94fa-1c8237e319b9",
                "portID": "output-1"
            },
            "target": {
                "operatorID": "Dummy-operator-b593a740-cc4e-4d6e-bb0b-60030ac8dd0a",
                "portID": "input-1"
            }
        },
        {
            "linkID": "link-6425197a-32be-419d-961d-447b88d70cd9",
            "source": {
                "operatorID": "Dummy-operator-b593a740-cc4e-4d6e-bb0b-60030ac8dd0a",
                "portID": "output-1"
            },
            "target": {
                "operatorID": "Dummy-operator-51485f77-f281-4390-a4f8-896dc9c3e0fb",
                "portID": "input-1"
            }
        }
    ],
    "groups": [],
    "breakpoints": {},
    "commentBoxes": [
        {
            "commentBoxID": "commentBox-b80c7cd5-3736-42e3-b1eb-44d7d3f4814f",
            "comments": [
                {
                    "content": "https://hub.knime.com/knime/extensions/org.knime.features.base/latest/org.knime.base.node.io.filehandling.csv.reader.CSVTableReaderNodeFactory",
                    "creatorName": "Bot",
                    "createorID": 1,
                    "creationTime": "2024-03-08T10:36:49.883Z"
                }
            ],
            "commentBoxPosition": {
                "x": 264.0,
                "y": 147.0
            }
        },
        {
            "commentBoxID": "commentBox-56c4b910-9c0f-4fa2-a8ea-92e34e3f92d3",
            "comments": [
                {
                    "content": "https://hub.knime.com/knime/extensions/org.knime.features.base/latest/org.knime.base.node.io.filehandling.csv.reader.CSVTableReaderNodeFactory",
                    "creatorName": "Bot",
                    "createorID": 1,
                    "creationTime": "2024-03-08T10:36:49.883Z"
                }
            ],
            "commentBoxPosition": {
                "x": 404.0,
                "y": 147.0
            }
        },
        {
            "commentBoxID": "commentBox-8c99395a-890f-43f1-b851-763f0845495e",
            "comments": [
                {
                    "content": "https://hub.knime.com/knime/extensions/org.knime.features.base/latest/org.knime.base.node.io.filehandling.csv.reader.CSVTableReaderNodeFactory",
                    "creatorName": "Bot",
                    "createorID": 1,
                    "creationTime": "2024-03-08T10:36:49.883Z"
                }
            ],
            "commentBoxPosition": {
                "x": 524.0,
                "y": 147.0
            }
        },
        {
            "commentBoxID": "commentBox-7e107c71-1387-49d4-8427-0d6392472962",
            "comments": [
                {
                    "content": "https://hub.knime.com/knime/extensions/org.knime.features.base/latest/org.knime.base.node.io.filehandling.csv.reader.CSVTableReaderNodeFactory",
                    "creatorName": "Bot",
                    "createorID": 1,
                    "creationTime": "2024-03-08T10:36:49.883Z"
                }
            ],
            "commentBoxPosition": {
                "x": 744.0,
                "y": 147.0
            }
        },
        {
            "commentBoxID": "commentBox-af0d3757-3215-4753-af8f-3e6162a68e7e",
            "comments": [
                {
                    "content": "https://hub.knime.com/knime/extensions/org.knime.features.base/latest/org.knime.base.node.io.filehandling.csv.reader.CSVTableReaderNodeFactory",
                    "creatorName": "Bot",
                    "createorID": 1,
                    "creationTime": "2024-03-08T10:36:49.883Z"
                }
            ],
            "commentBoxPosition": {
                "x": 864.0,
                "y": 147.0
            }
        },
        {
            "commentBoxID": "commentBox-92b72ef4-f0cb-4135-bcec-4a166b524400",
            "comments": [
                {
                    "content": "https://hub.knime.com/knime/extensions/org.knime.features.base/latest/org.knime.base.node.io.filehandling.csv.reader.CSVTableReaderNodeFactory",
                    "creatorName": "Bot",
                    "createorID": 1,
                    "creationTime": "2024-03-08T10:36:49.883Z"
                }
            ],
            "commentBoxPosition": {
                "x": 984.0,
                "y": 147.0
            }
        }
    ]
}