{
    "operators": [
        {
            "operatorID": "Dummy-operator-cbcfd20c-9fb8-4ea6-87a8-dcb5d274d3a2",
            "operatorType": "Dummy",
            "operatorVersion": "",
            "operatorProperties": {
                "dummyPropertyList": [
                    {
                        "dummyProperty": "Source XML",
                        "dummyValue": "Omitted for license reasons"
                    }
                ]
            },
            "inputPorts": [
                {
                    "portID": "input-0",
                    "displayName": "",
                    "allowMultiInputs": true,
                    "isDynamicPort": true
                },
                {
                    "portID": "input-1",
                    "displayName": "",
                    "allowMultiInputs": true,
                    "isDynamicPort": true
                }
            ],
            "outputPorts": [
                {
                    "portID": "output-0",
                    "displayName": "",
                    "isDynamicPort": true,
                    "isBlocking": false
                },
                {
                    "portID": "output-1",
                    "displayName": "",
                    "isDynamicPort": true,
                    "isBlocking": false
                }
            ],
            "showAdvanced": false,
            "isDisabled": false,
            "customDisplayName": "JSON Path",
            "dynamicInputPorts": true,
            "dynamicOutputPorts": true
        },
        {
            "operatorID": "Dummy-operator-de192784-5eee-4f08-9752-280c703039ba",
            "operatorType": "Dummy",
            "operatorVersion": "",
            "operatorProperties": {
                "dummyPropertyList": [
                    {
                        "dummyProperty": "Source XML",
                        "dummyValue": "Omitted for license reasons"
                    }
                ]
            },
            "inputPorts": [
                {
                    "portID": "input-0",
                    "displayName": "",
                    "allowMultiInputs": true,
                    "isDynamicPort": true
                },
                {
                    "portID": "input-1",
                    "displayName": "",
                    "allowMultiInputs": true,
                    "isDynamicPort": true
                }
            ],
            "outputPorts": [
                {
                    "portID": "output-0",
                    "displayName": "",
                    "isDynamicPort": true,
                    "isBlocking": false
                },
                {
                    "portID": "output-1",
                    "displayName": "",
                    "isDynamicPort": true,
                    "isBlocking": false
                }
            ],
            "showAdvanced": false,
            "isDisabled": false,
            "customDisplayName": "Column Filter",
            "dynamicInputPorts": true,
            "dynamicOutputPorts": true
        },
        {
            "operatorID": "Dummy-operator-1e86bb40-03e8-44e4-b5cf-658de08e7289",
            "operatorType": "Dummy",
            "operatorVersion": "",
            "operatorProperties": {
                "dummyPropertyList": [
                    {
                        "dummyProperty": "Source XML",
                        "dummyValue": "Omitted for license reasons"
                    }
                ]
            },
            "inputPorts": [
                {
                    "portID": "input-0",
                    "displayName": "",
                    "allowMultiInputs": true,
                    "isDynamicPort": true
                },
                {
                    "portID": "input-1",
                    "displayName": "",
                    "allowMultiInputs": true,
                    "isDynamicPort": true
                }
            ],
            "outputPorts": [
                {
                    "portID": "output-0",
                    "displayName": "",
                    "isDynamicPort": true,
                    "isBlocking": false
                },
                {
                    "portID": "output-1",
                    "displayName": "",
                    "isDynamicPort": true,
                    "isBlocking": false
                }
            ],
            "showAdvanced": false,
            "isDisabled": false,
            "customDisplayName": "Ungroup",
            "dynamicInputPorts": true,
            "dynamicOutputPorts": true
        },
        {
            "operatorID": "Dummy-operator-7a8eb3c5-7f01-4a4a-be89-f68093d687f2",
            "operatorType": "Dummy",
            "operatorVersion": "",
            "operatorProperties": {
                "dummyPropertyList": [
                    {
                        "dummyProperty": "Source XML",
                        "dummyValue": "Omitted for license reasons"
                    }
                ]
            },
            "inputPorts": [
                {
                    "portID": "input-0",
                    "displayName": "",
                    "allowMultiInputs": true,
                    "isDynamicPort": true
                },
                {
                    "portID": "input-1",
                    "displayName": "",
                    "allowMultiInputs": true,
                    "isDynamicPort": true
                }
            ],
            "outputPorts": [
                {
                    "portID": "output-0",
                    "displayName": "",
                    "isDynamicPort": true,
                    "isBlocking": false
                },
                {
                    "portID": "output-1",
                    "displayName": "",
                    "isDynamicPort": true,
                    "isBlocking": false
                }
            ],
            "showAdvanced": false,
            "isDisabled": false,
            "customDisplayName": "JSON Path",
            "dynamicInputPorts": true,
            "dynamicOutputPorts": true
        },
        {
            "operatorID": "Dummy-operator-54916e8e-4d9c-46a9-9467-b8a851225d51",
            "operatorType": "Dummy",
            "operatorVersion": "",
            "operatorProperties": {
                "dummyPropertyList": [
                    {
                        "dummyProperty": "Source XML",
                        "dummyValue": "Omitted for license reasons"
                    }
                ]
            },
            "inputPorts": [
                {
                    "portID": "input-0",
                    "displayName": "",
                    "allowMultiInputs": true,
                    "isDynamicPort": true
                },
                {
                    "portID": "input-1",
                    "displayName": "",
                    "allowMultiInputs": true,
                    "isDynamicPort": true
                }
            ],
            "outputPorts": [
                {
                    "portID": "output-0",
                    "displayName": "",
                    "isDynamicPort": true,
                    "isBlocking": false
                },
                {
                    "portID": "output-1",
                    "displayName": "",
                    "isDynamicPort": true,
                    "isBlocking": false
                }
            ],
            "showAdvanced": false,
            "isDisabled": false,
            "customDisplayName": "Ungroup",
            "dynamicInputPorts": true,
            "dynamicOutputPorts": true
        },
        {
            "operatorID": "Dummy-operator-87b628e1-5c64-4cb4-a0fe-3e279f33c909",
            "operatorType": "Dummy",
            "operatorVersion": "",
            "operatorProperties": {
                "dummyPropertyList": [
                    {
                        "dummyProperty": "Source XML",
                        "dummyValue": "Omitted for license reasons"
                    }
                ]
            },
            "inputPorts": [
                {
                    "portID": "input-0",
                    "displayName": "",
                    "allowMultiInputs": true,
                    "isDynamicPort": true
                }
            ],
            "outputPorts": [
                {
                    "portID": "output-0",
                    "displayName": "",
                    "isDynamicPort": true,
                    "isBlocking": true
                },
                {
                    "portID": "output-1",
                    "displayName": "",
                    "isDynamicPort": true,
                    "isBlocking": true
                }
            ],
            "showAdvanced": false,
            "isDisabled": false,
            "customDisplayName": "Table Creator",
            "dynamicInputPorts": true,
            "dynamicOutputPorts": true
        },
        {
            "operatorID": "Dummy-operator-dd02ecb4-216b-4460-8240-74d5cfb26798",
            "operatorType": "Dummy",
            "operatorVersion": "",
            "operatorProperties": {
                "dummyPropertyList": [
                    {
                        "dummyProperty": "Source XML",
                        "dummyValue": "Omitted for license reasons"
                    }
                ]
            },
            "inputPorts": [
                {
                    "portID": "input-0",
                    "displayName": "",
                    "allowMultiInputs": true,
                    "isDynamicPort": true
                },
                {
                    "portID": "input-1",
                    "displayName": "",
                    "allowMultiInputs": true,
                    "isDynamicPort": true
                }
            ],
            "outputPorts": [
                {
                    "portID": "output-0",
                    "displayName": "",
                    "isDynamicPort": true,
                    "isBlocking": false
                },
                {
                    "portID": "output-1",
                    "displayName": "",
                    "isDynamicPort": true,
                    "isBlocking": false
                }
            ],
            "showAdvanced": false,
            "isDisabled": false,
            "customDisplayName": "Constant Value Column",
            "dynamicInputPorts": true,
            "dynamicOutputPorts": true
        },
        {
            "operatorID": "Dummy-operator-8c63f223-2817-454e-a03d-bf7f8e157dda",
            "operatorType": "Dummy",
            "operatorVersion": "",
            "operatorProperties": {
                "dummyPropertyList": [
                    {
                        "dummyProperty": "Source XML",
                        "dummyValue": "Omitted for license reasons"
                    }
                ]
            },
            "inputPorts": [
                {
                    "portID": "input-0",
                    "displayName": "",
                    "allowMultiInputs": true,
                    "isDynamicPort": true
                },
                {
                    "portID": "input-1",
                    "displayName": "",
                    "allowMultiInputs": true,
                    "isDynamicPort": true
                }
            ],
            "outputPorts": [
                {
                    "portID": "output-0",
                    "displayName": "",
                    "isDynamicPort": true,
                    "isBlocking": false
                },
                {
                    "portID": "output-1",
                    "displayName": "",
                    "isDynamicPort": true,
                    "isBlocking": false
                }
            ],
            "showAdvanced": false,
            "isDisabled": false,
            "customDisplayName": "Constant Value Column",
            "dynamicInputPorts": true,
            "dynamicOutputPorts": true
        },
        {
            "operatorID": "Dummy-operator-7c07e52c-af10-4472-910a-fbc6303c6cdf",
            "operatorType": "Dummy",
            "operatorVersion": "",
            "operatorProperties": {
                "dummyPropertyList": [
                    {
                        "dummyProperty": "Source XML",
                        "dummyValue": "Omitted for license reasons"
                    }
                ]
            },
            "inputPorts": [
                {
                    "portID": "input-0",
                    "displayName": "",
                    "allowMultiInputs": true,
                    "isDynamicPort": true
                },
                {
                    "portID": "input-1",
                    "displayName": "",
                    "allowMultiInputs": true,
                    "isDynamicPort": true
                }
            ],
            "outputPorts": [
                {
                    "portID": "output-0",
                    "displayName": "",
                    "isDynamicPort": true,
                    "isBlocking": false
                },
                {
                    "portID": "output-1",
                    "displayName": "",
                    "isDynamicPort": true,
                    "isBlocking": false
                }
            ],
            "showAdvanced": false,
            "isDisabled": false,
            "customDisplayName": "String Manipulation",
            "dynamicInputPorts": true,
            "dynamicOutputPorts": true
        },
        {
            "operatorID": "Dummy-operator-6d0f98df-2077-456b-86e7-b17ffd6ad3bc",
            "operatorType": "Dummy",
            "operatorVersion": "",
            "operatorProperties": {
                "dummyPropertyList": [
                    {
                        "dummyProperty": "Source XML",
                        "dummyValue": "Omitted for license reasons"
                    }
                ]
            },
            "inputPorts": [
                {
                    "portID": "input-0",
                    "displayName": "",
                    "allowMultiInputs": true,
                    "isDynamicPort": true
                },
                {
                    "portID": "input-1",
                    "displayName": "",
                    "allowMultiInputs": true,
                    "isDynamicPort": true
                }
            ],
            "outputPorts": [
                {
                    "portID": "output-0",
                    "displayName": "",
                    "isDynamicPort": true,
                    "isBlocking": true
                },
                {
                    "portID": "output-1",
                    "displayName": "",
                    "isDynamicPort": true,
                    "isBlocking": true
                }
            ],
            "showAdvanced": false,
            "isDisabled": false,
            "customDisplayName": "Sorter",
            "dynamicInputPorts": true,
            "dynamicOutputPorts": true
        },
        {
            "operatorID": "Dummy-operator-611cd7c0-6ec8-4ca7-9be7-b078f2cd883a",
            "operatorType": "Dummy",
            "operatorVersion": "",
            "operatorProperties": {
                "dummyPropertyList": [
                    {
                        "dummyProperty": "Source XML",
                        "dummyValue": "Omitted for license reasons"
                    }
                ]
            },
            "inputPorts": [
                {
                    "portID": "input-0",
                    "displayName": "",
                    "allowMultiInputs": true,
                    "isDynamicPort": true
                },
                {
                    "portID": "input-1",
                    "displayName": "",
                    "allowMultiInputs": true,
                    "isDynamicPort": true
                }
            ],
            "outputPorts": [
                {
                    "portID": "output-0",
                    "displayName": "",
                    "isDynamicPort": true,
                    "isBlocking": true
                },
                {
                    "portID": "output-1",
                    "displayName": "",
                    "isDynamicPort": true,
                    "isBlocking": true
                }
            ],
            "showAdvanced": false,
            "isDisabled": false,
            "customDisplayName": "Group Loop Start",
            "dynamicInputPorts": true,
            "dynamicOutputPorts": true
        },
        {
            "operatorID": "Dummy-operator-b333ca48-b7a0-4414-8f2c-a7be754bacbb",
            "operatorType": "Dummy",
            "operatorVersion": "",
            "operatorProperties": {
                "dummyPropertyList": [
                    {
                        "dummyProperty": "Source XML",
                        "dummyValue": "Omitted for license reasons"
                    }
                ]
            },
            "inputPorts": [
                {
                    "portID": "input-0",
                    "displayName": "",
                    "allowMultiInputs": true,
                    "isDynamicPort": true
                },
                {
                    "portID": "input-1",
                    "displayName": "",
                    "allowMultiInputs": true,
                    "isDynamicPort": true
                }
            ],
            "outputPorts": [
                {
                    "portID": "output-0",
                    "displayName": "",
                    "isDynamicPort": true,
                    "isBlocking": false
                },
                {
                    "portID": "output-1",
                    "displayName": "",
                    "isDynamicPort": true,
                    "isBlocking": false
                }
            ],
            "showAdvanced": false,
            "isDisabled": false,
            "customDisplayName": "GET Request",
            "dynamicInputPorts": true,
            "dynamicOutputPorts": true
        },
        {
            "operatorID": "Dummy-operator-3cba1880-1a55-4874-8fd0-85f3951d107d",
            "operatorType": "Dummy",
            "operatorVersion": "",
            "operatorProperties": {
                "dummyPropertyList": [
                    {
                        "dummyProperty": "Source XML",
                        "dummyValue": "Omitted for license reasons"
                    }
                ]
            },
            "inputPorts": [
                {
                    "portID": "input-0",
                    "displayName": "",
                    "allowMultiInputs": true,
                    "isDynamicPort": true
                },
                {
                    "portID": "input-1",
                    "displayName": "",
                    "allowMultiInputs": true,
                    "isDynamicPort": true
                }
            ],
            "outputPorts": [
                {
                    "portID": "output-0",
                    "displayName": "",
                    "isDynamicPort": true,
                    "isBlocking": true
                },
                {
                    "portID": "output-1",
                    "displayName": "",
                    "isDynamicPort": true,
                    "isBlocking": true
                }
            ],
            "showAdvanced": false,
            "isDisabled": false,
            "customDisplayName": "Loop End",
            "dynamicInputPorts": true,
            "dynamicOutputPorts": true
        },
        {
            "operatorID": "Dummy-operator-dbfb6058-e37a-4d7c-98cf-7970ba122782",
            "operatorType": "Dummy",
            "operatorVersion": "",
            "operatorProperties": {
                "dummyPropertyList": [
                    {
                        "dummyProperty": "Source XML",
                        "dummyValue": "Omitted for license reasons"
                    }
                ]
            },
            "inputPorts": [
                {
                    "portID": "input-0",
                    "displayName": "",
                    "allowMultiInputs": true,
                    "isDynamicPort": true
                },
                {
                    "portID": "input-1",
                    "displayName": "",
                    "allowMultiInputs": true,
                    "isDynamicPort": true
                }
            ],
            "outputPorts": [
                {
                    "portID": "output-0",
                    "displayName": "",
                    "isDynamicPort": true,
                    "isBlocking": true
                },
                {
                    "portID": "output-1",
                    "displayName": "",
                    "isDynamicPort": true,
                    "isBlocking": true
                },
                {
                    "portID": "output-2",
                    "displayName": "",
                    "isDynamicPort": true,
                    "isBlocking": true
                }
            ],
            "showAdvanced": false,
            "isDisabled": false,
            "customDisplayName": "Missing Value",
            "dynamicInputPorts": true,
            "dynamicOutputPorts": true
        },
        {
            "operatorID": "Dummy-operator-687e6c0e-4f6c-4f7c-8d77-b28119f858af",
            "operatorType": "Dummy",
            "operatorVersion": "",
            "operatorProperties": {
                "dummyPropertyList": [
                    {
                        "dummyProperty": "Source XML",
                        "dummyValue": "Omitted for license reasons"
                    }
                ]
            },
            "inputPorts": [
                {
                    "portID": "input-0",
                    "displayName": "",
                    "allowMultiInputs": true,
                    "isDynamicPort": true
                },
                {
                    "portID": "input-1",
                    "displayName": "",
                    "allowMultiInputs": true,
                    "isDynamicPort": true
                }
            ],
            "outputPorts": [
                {
                    "portID": "output-0",
                    "displayName": "",
                    "isDynamicPort": true,
                    "isBlocking": false
                },
                {
                    "portID": "output-1",
                    "displayName": "",
                    "isDynamicPort": true,
                    "isBlocking": false
                }
            ],
            "showAdvanced": false,
            "isDisabled": false,
            "customDisplayName": "Row Sampling",
            "dynamicInputPorts": true,
            "dynamicOutputPorts": true
        },
        {
            "operatorID": "Dummy-operator-b7b1080c-af87-4a46-b66d-5abc0155d0d2",
            "operatorType": "Dummy",
            "operatorVersion": "",
            "operatorProperties": {
                "dummyPropertyList": [
                    {
                        "dummyProperty": "Source XML",
                        "dummyValue": "Omitted for license reasons"
                    }
                ]
            },
            "inputPorts": [
                {
                    "portID": "input-0",
                    "displayName": "",
                    "allowMultiInputs": true,
                    "isDynamicPort": true
                },
                {
                    "portID": "input-1",
                    "displayName": "",
                    "allowMultiInputs": true,
                    "isDynamicPort": true
                }
            ],
            "outputPorts": [
                {
                    "portID": "output-0",
                    "displayName": "",
                    "isDynamicPort": true,
                    "isBlocking": true
                },
                {
                    "portID": "output-1",
                    "displayName": "",
                    "isDynamicPort": true,
                    "isBlocking": true
                },
                {
                    "portID": "output-2",
                    "displayName": "",
                    "isDynamicPort": true,
                    "isBlocking": true
                }
            ],
            "showAdvanced": false,
            "isDisabled": false,
            "customDisplayName": "Missing Value",
            "dynamicInputPorts": true,
            "dynamicOutputPorts": true
        }
    ],
    "operatorPositions": {
        "Dummy-operator-cbcfd20c-9fb8-4ea6-87a8-dcb5d274d3a2": {
            "x": 1119.0,
            "y": 412.0
        },
        "Dummy-operator-de192784-5eee-4f08-9752-280c703039ba": {
            "x": 1284.0,
            "y": 417.0
        },
        "Dummy-operator-1e86bb40-03e8-44e4-b5cf-658de08e7289": {
            "x": 1424.0,
            "y": 417.0
        },
        "Dummy-operator-7a8eb3c5-7f01-4a4a-be89-f68093d687f2": {
            "x": 1564.0,
            "y": 417.0
        },
        "Dummy-operator-54916e8e-4d9c-46a9-9467-b8a851225d51": {
            "x": 1724.0,
            "y": 417.0
        },
        "Dummy-operator-87b628e1-5c64-4cb4-a0fe-3e279f33c909": {
            "x": -133.0,
            "y": 417.0
        },
        "Dummy-operator-dd02ecb4-216b-4460-8240-74d5cfb26798": {
            "x": 286.0,
            "y": 412.0
        },
        "Dummy-operator-8c63f223-2817-454e-a03d-bf7f8e157dda": {
            "x": 386.0,
            "y": 412.0
        },
        "Dummy-operator-7c07e52c-af10-4472-910a-fbc6303c6cdf": {
            "x": 506.0,
            "y": 412.0
        },
        "Dummy-operator-6d0f98df-2077-456b-86e7-b17ffd6ad3bc": {
            "x": 626.0,
            "y": 412.0
        },
        "Dummy-operator-611cd7c0-6ec8-4ca7-9be7-b078f2cd883a": {
            "x": 826.0,
            "y": 412.0
        },
        "Dummy-operator-b333ca48-b7a0-4414-8f2c-a7be754bacbb": {
            "x": 966.0,
            "y": 412.0
        },
        "Dummy-operator-3cba1880-1a55-4874-8fd0-85f3951d107d": {
            "x": 1864.0,
            "y": 417.0
        },
        "Dummy-operator-dbfb6058-e37a-4d7c-98cf-7970ba122782": {
            "x": 26.0,
            "y": 417.0
        },
        "Dummy-operator-687e6c0e-4f6c-4f7c-8d77-b28119f858af": {
            "x": 164.0,
            "y": 417.0
        },
        "Dummy-operator-b7b1080c-af87-4a46-b66d-5abc0155d0d2": {
            "x": 1984.0,
            "y": 417.0
        }
    },
    "links": [
        {
            "linkID": "link-72521966-5558-42f7-a19c-83bb88723514",
            "source": {
                "operatorID": "Dummy-operator-cbcfd20c-9fb8-4ea6-87a8-dcb5d274d3a2",
                "portID": "output-1"
            },
            "target": {
                "operatorID": "Dummy-operator-de192784-5eee-4f08-9752-280c703039ba",
                "portID": "input-1"
            }
        },
        {
            "linkID": "link-fd389761-ce6b-4783-bc21-7e5686a24295",
            "source": {
                "operatorID": "Dummy-operator-de192784-5eee-4f08-9752-280c703039ba",
                "portID": "output-1"
            },
            "target": {
                "operatorID": "Dummy-operator-1e86bb40-03e8-44e4-b5cf-658de08e7289",
                "portID": "input-1"
            }
        },
        {
            "linkID": "link-96aa4469-1495-4e19-91a3-dfd27d8f82d5",
            "source": {
                "operatorID": "Dummy-operator-1e86bb40-03e8-44e4-b5cf-658de08e7289",
                "portID": "output-1"
            },
            "target": {
                "operatorID": "Dummy-operator-7a8eb3c5-7f01-4a4a-be89-f68093d687f2",
                "portID": "input-1"
            }
        },
        {
            "linkID": "link-6263eea0-5be9-4130-b57c-441ba1c0279d",
            "source": {
                "operatorID": "Dummy-operator-7a8eb3c5-7f01-4a4a-be89-f68093d687f2",
                "portID": "output-1"
            },
            "target": {
                "operatorID": "Dummy-operator-54916e8e-4d9c-46a9-9467-b8a851225d51",
                "portID": "input-1"
            }
        },
        {
            "linkID": "link-fed92eb7-5518-4590-8117-da7704353591",
            "source": {
                "operatorID": "Dummy-operator-54916e8e-4d9c-46a9-9467-b8a851225d51",
                "portID": "output-1"
            },
            "target": {
                "operatorID": "Dummy-operator-3cba1880-1a55-4874-8fd0-85f3951d107d",
                "portID": "input-1"
            }
        },
        {
            "linkID": "link-2a06fcd0-87f1-47d7-a609-ecbc795a6819",
            "source": {
                "operatorID": "Dummy-operator-87b628e1-5c64-4cb4-a0fe-3e279f33c909",
                "portID": "output-1"
            },
            "target": {
                "operatorID": "Dummy-operator-dbfb6058-e37a-4d7c-98cf-7970ba122782",
                "portID": "input-1"
            }
        },
        {
            "linkID": "link-902191df-0c1b-4490-bc87-36b532a03a89",
            "source": {
                "operatorID": "Dummy-operator-dd02ecb4-216b-4460-8240-74d5cfb26798",
                "portID": "output-1"
            },
            "target": {
                "operatorID": "Dummy-operator-8c63f223-2817-454e-a03d-bf7f8e157dda",
                "portID": "input-1"
            }
        },
        {
            "linkID": "link-efd646b9-54a9-4b41-a8d1-fb318174f9fb",
            "source": {
                "operatorID": "Dummy-operator-8c63f223-2817-454e-a03d-bf7f8e157dda",
                "portID": "output-1"
            },
            "target": {
                "operatorID": "Dummy-operator-7c07e52c-af10-4472-910a-fbc6303c6cdf",
                "portID": "input-1"
            }
        },
        {
            "linkID": "link-cd3f94ac-ad56-4569-a796-fbcac021fac4",
            "source": {
                "operatorID": "Dummy-operator-7c07e52c-af10-4472-910a-fbc6303c6cdf",
                "portID": "output-1"
            },
            "target": {
                "operatorID": "Dummy-operator-6d0f98df-2077-456b-86e7-b17ffd6ad3bc",
                "portID": "input-1"
            }
        },
        {
            "linkID": "link-82c60b40-db02-4286-9d20-e2564d0256ec",
            "source": {
                "operatorID": "Dummy-operator-6d0f98df-2077-456b-86e7-b17ffd6ad3bc",
                "portID": "output-1"
            },
            "target": {
                "operatorID": "Dummy-operator-611cd7c0-6ec8-4ca7-9be7-b078f2cd883a",
                "portID": "input-1"
            }
        },
        {
            "linkID": "link-ff68069c-84a9-4cff-ba9d-7c7f09c3c594",
            "source": {
                "operatorID": "Dummy-operator-611cd7c0-6ec8-4ca7-9be7-b078f2cd883a",
                "portID": "output-1"
            },
            "target": {
                "operatorID": "Dummy-operator-b333ca48-b7a0-4414-8f2c-a7be754bacbb",
                "portID": "input-1"
            }
        },
        {
            "linkID": "link-c2c3797d-f201-470e-8f4f-c8a72e54aa2f",
            "source": {
                "operatorID": "Dummy-operator-b333ca48-b7a0-4414-8f2c-a7be754bacbb",
                "portID": "output-1"
            },
            "target": {
                "operatorID": "Dummy-operator-cbcfd20c-9fb8-4ea6-87a8-dcb5d274d3a2",
                "portID": "input-1"
            }
        },
        {
            "linkID": "link-14ed2cb9-5fbe-41ec-9b7e-04be84c44a5a",
            "source": {
                "operatorID": "Dummy-operator-3cba1880-1a55-4874-8fd0-85f3951d107d",
                "portID": "output-1"
            },
            "target": {
                "operatorID": "Dummy-operator-b7b1080c-af87-4a46-b66d-5abc0155d0d2",
                "portID": "input-1"
            }
        },
        {
            "linkID": "link-4a4e438e-3cf8-47bd-a60a-b44e625b8a82",
            "source": {
                "operatorID": "Dummy-operator-dbfb6058-e37a-4d7c-98cf-7970ba122782",
                "portID": "output-1"
            },
            "target": {
                "operatorID": "Dummy-operator-687e6c0e-4f6c-4f7c-8d77-b28119f858af",
                "portID": "input-1"
            }
        },
        {
            "linkID": "link-18e4c73d-4af2-403d-8a2a-24dd0b84f1dc",
            "source": {
                "operatorID": "Dummy-operator-687e6c0e-4f6c-4f7c-8d77-b28119f858af",
                "portID": "output-1"
            },
            "target": {
                "operatorID": "Dummy-operator-dd02ecb4-216b-4460-8240-74d5cfb26798",
                "portID": "input-1"
            }
        }
    ],
    "groups": [],
    "breakpoints": {},
    "commentBoxes": [
        {
            "commentBoxID": "commentBox-819e5a58-a10b-4306-a248-da1c40a86e90",
            "comments": [
                {
                    "content": "https://hub.knime.com/knime/extensions/org.knime.features.base/latest/org.knime.base.node.io.filehandling.csv.reader.CSVTableReaderNodeFactory",
                    "creatorName": "Bot",
                    "createorID": 1,
                    "creationTime": "2024-03-08T10:36:49.883Z"
                }
            ],
            "commentBoxPosition": {
                "x": 1179.0,
                "y": 442.0
            }
        },
        {
            "commentBoxID": "commentBox-9f90346c-299e-46ac-8942-a0a3d471af55",
            "comments": [
                {
                    "content": "https://hub.knime.com/knime/extensions/org.knime.features.base/latest/org.knime.base.node.io.filehandling.csv.reader.CSVTableReaderNodeFactory",
                    "creatorName": "Bot",
                    "createorID": 1,
                    "creationTime": "2024-03-08T10:36:49.883Z"
                }
            ],
            "commentBoxPosition": {
                "x": 1344.0,
                "y": 447.0
            }
        },
        {
            "commentBoxID": "commentBox-0937ca62-6006-40c8-83e8-6f6577a9df0a",
            "comments": [
                {
                    "content": "https://hub.knime.com/knime/extensions/org.knime.features.base/latest/org.knime.base.node.io.filehandling.csv.reader.CSVTableReaderNodeFactory",
                    "creatorName": "Bot",
                    "createorID": 1,
                    "creationTime": "2024-03-08T10:36:49.883Z"
                }
            ],
            "commentBoxPosition": {
                "x": 1484.0,
                "y": 447.0
            }
        },
        {
            "commentBoxID": "commentBox-d9d76628-9901-46e8-9f3e-3167615dee22",
            "comments": [
                {
                    "content": "https://hub.knime.com/knime/extensions/org.knime.features.base/latest/org.knime.base.node.io.filehandling.csv.reader.CSVTableReaderNodeFactory",
                    "creatorName": "Bot",
                    "createorID": 1,
                    "creationTime": "2024-03-08T10:36:49.883Z"
                }
            ],
            "commentBoxPosition": {
                "x": 1624.0,
                "y": 447.0
            }
        },
        {
            "commentBoxID": "commentBox-e19c30d7-06b0-4fcb-b3c9-28187e8d39e7",
            "comments": [
                {
                    "content": "https://hub.knime.com/knime/extensions/org.knime.features.base/latest/org.knime.base.node.io.filehandling.csv.reader.CSVTableReaderNodeFactory",
                    "creatorName": "Bot",
                    "createorID": 1,
                    "creationTime": "2024-03-08T10:36:49.883Z"
                }
            ],
            "commentBoxPosition": {
                "x": 1784.0,
                "y": 447.0
            }
        },
        {
            "commentBoxID": "commentBox-7132fc0b-c1b0-44e8-86a4-c0ca5f6b50c7",
            "comments": [
                {
                    "content": "https://hub.knime.com/knime/extensions/org.knime.features.base/latest/org.knime.base.node.io.filehandling.csv.reader.CSVTableReaderNodeFactory",
                    "creatorName": "Bot",
                    "createorID": 1,
                    "creationTime": "2024-03-08T10:36:49.883Z"
                }
            ],
            "commentBoxPosition": {
                "x": -73.0,
                "y": 447.0
            }
        },
        {
            "commentBoxID": "commentBox-b5bbef27-575b-474a-a0c4-6966b3cf5c76",
            "comments": [
                {
                    "content": "https://hub.knime.com/knime/extensions/org.knime.features.base/latest/org.knime.base.node.io.filehandling.csv.reader.CSVTableReaderNodeFactory",
                    "creatorName": "Bot",
                    "createorID": 1,
                    "creationTime": "2024-03-08T10:36:49.883Z"
                }
            ],
            "commentBoxPosition": {
                "x": 346.0,
                "y": 442.0
            }
        },
        {
            "commentBoxID": "commentBox-73e59060-20bf-468d-9888-ff54e09b9180",
            "comments": [
                {
                    "content": "https://hub.knime.com/knime/extensions/org.knime.features.base/latest/org.knime.base.node.io.filehandling.csv.reader.CSVTableReaderNodeFactory",
                    "creatorName": "Bot",
                    "createorID": 1,
                    "creationTime": "2024-03-08T10:36:49.883Z"
                }
            ],
            "commentBoxPosition": {
                "x": 446.0,
                "y": 442.0
            }
        },
        {
            "commentBoxID": "commentBox-d70085d6-4cda-4c2c-9c9d-ef218d32beb1",
            "comments": [
                {
                    "content": "https://hub.knime.com/knime/extensions/org.knime.features.base/latest/org.knime.base.node.io.filehandling.csv.reader.CSVTableReaderNodeFactory",
                    "creatorName": "Bot",
                    "createorID": 1,
                    "creationTime": "2024-03-08T10:36:49.883Z"
                }
            ],
            "commentBoxPosition": {
                "x": 566.0,
                "y": 442.0
            }
        },
        {
            "commentBoxID": "commentBox-5b9c09dd-2561-4af3-96ab-baa8eed219a2",
            "comments": [
                {
                    "content": "https://hub.knime.com/knime/extensions/org.knime.features.base/latest/org.knime.base.node.io.filehandling.csv.reader.CSVTableReaderNodeFactory",
                    "creatorName": "Bot",
                    "createorID": 1,
                    "creationTime": "2024-03-08T10:36:49.883Z"
                }
            ],
            "commentBoxPosition": {
                "x": 686.0,
                "y": 442.0
            }
        },
        {
            "commentBoxID": "commentBox-0d797ead-a6dd-4a24-b946-66840f322bb7",
            "comments": [
                {
                    "content": "https://hub.knime.com/knime/extensions/org.knime.features.base/latest/org.knime.base.node.io.filehandling.csv.reader.CSVTableReaderNodeFactory",
                    "creatorName": "Bot",
                    "createorID": 1,
                    "creationTime": "2024-03-08T10:36:49.883Z"
                }
            ],
            "commentBoxPosition": {
                "x": 886.0,
                "y": 442.0
            }
        },
        {
            "commentBoxID": "commentBox-9208b93a-f6b2-45d0-a913-39d68249a959",
            "comments": [
                {
                    "content": "https://hub.knime.com/knime/extensions/org.knime.features.base/latest/org.knime.base.node.io.filehandling.csv.reader.CSVTableReaderNodeFactory",
                    "creatorName": "Bot",
                    "createorID": 1,
                    "creationTime": "2024-03-08T10:36:49.883Z"
                }
            ],
            "commentBoxPosition": {
                "x": 1026.0,
                "y": 442.0
            }
        },
        {
            "commentBoxID": "commentBox-b37e85f1-d936-401e-8be8-96caaf5d5301",
            "comments": [
                {
                    "content": "https://hub.knime.com/knime/extensions/org.knime.features.base/latest/org.knime.base.node.io.filehandling.csv.reader.CSVTableReaderNodeFactory",
                    "creatorName": "Bot",
                    "createorID": 1,
                    "creationTime": "2024-03-08T10:36:49.883Z"
                }
            ],
            "commentBoxPosition": {
                "x": 1924.0,
                "y": 447.0
            }
        },
        {
            "commentBoxID": "commentBox-503934fa-78b5-41d7-824a-92cb206cd9bd",
            "comments": [
                {
                    "content": "https://hub.knime.com/knime/extensions/org.knime.features.base/latest/org.knime.base.node.io.filehandling.csv.reader.CSVTableReaderNodeFactory",
                    "creatorName": "Bot",
                    "createorID": 1,
                    "creationTime": "2024-03-08T10:36:49.883Z"
                }
            ],
            "commentBoxPosition": {
                "x": 86.0,
                "y": 447.0
            }
        },
        {
            "commentBoxID": "commentBox-5c95245a-9635-4cdb-92a6-48cdd5b478f9",
            "comments": [
                {
                    "content": "https://hub.knime.com/knime/extensions/org.knime.features.base/latest/org.knime.base.node.io.filehandling.csv.reader.CSVTableReaderNodeFactory",
                    "creatorName": "Bot",
                    "createorID": 1,
                    "creationTime": "2024-03-08T10:36:49.883Z"
                }
            ],
            "commentBoxPosition": {
                "x": 224.0,
                "y": 447.0
            }
        },
        {
            "commentBoxID": "commentBox-92c6abd7-7d0c-4262-8383-51ca64c0ac68",
            "comments": [
                {
                    "content": "https://hub.knime.com/knime/extensions/org.knime.features.base/latest/org.knime.base.node.io.filehandling.csv.reader.CSVTableReaderNodeFactory",
                    "creatorName": "Bot",
                    "createorID": 1,
                    "creationTime": "2024-03-08T10:36:49.883Z"
                }
            ],
            "commentBoxPosition": {
                "x": 2044.0,
                "y": 447.0
            }
        }
    ]
}