{
    "operators": [
        {
            "operatorID": "Dummy-operator-36782d06-e105-445e-a9d4-ab6ef86ae6b0",
            "operatorType": "Dummy",
            "operatorVersion": "",
            "operatorProperties": {
                "dummyPropertyList": [
                    {
                        "dummyProperty": "Source XML",
                        "dummyValue": "Omitted for license reasons"
                    }
                ]
            },
            "inputPorts": [
                {
                    "portID": "input-0",
                    "displayName": "",
                    "allowMultiInputs": true,
                    "isDynamicPort": true
                },
                {
                    "portID": "input-1",
                    "displayName": "",
                    "allowMultiInputs": true,
                    "isDynamicPort": true
                }
            ],
            "outputPorts": [
                {
                    "portID": "output-0",
                    "displayName": "",
                    "isDynamicPort": true,
                    "isBlocking": false
                },
                {
                    "portID": "output-1",
                    "displayName": "",
                    "isDynamicPort": true,
                    "isBlocking": false,
                    "materializationSize": 63.1298828125
                }
            ],
            "showAdvanced": false,
            "isDisabled": false,
            "customDisplayName": "XPath",
            "dynamicInputPorts": true,
            "dynamicOutputPorts": true
        },
        {
            "operatorID": "Dummy-operator-b36ccc74-8064-46d0-b232-05e0674c731b",
            "operatorType": "Dummy",
            "operatorVersion": "",
            "operatorProperties": {
                "dummyPropertyList": [
                    {
                        "dummyProperty": "Source XML",
                        "dummyValue": "Omitted for license reasons"
                    }
                ]
            },
            "inputPorts": [
                {
                    "portID": "input-0",
                    "displayName": "",
                    "allowMultiInputs": true,
                    "isDynamicPort": true
                },
                {
                    "portID": "input-1",
                    "displayName": "",
                    "allowMultiInputs": true,
                    "isDynamicPort": true
                }
            ],
            "outputPorts": [
                {
                    "portID": "output-0",
                    "displayName": "",
                    "isDynamicPort": true,
                    "isBlocking": false
                },
                {
                    "portID": "output-1",
                    "displayName": "",
                    "isDynamicPort": true,
                    "isBlocking": false,
                    "materializationSize": 143.029296875
                }
            ],
            "showAdvanced": false,
            "isDisabled": false,
            "customDisplayName": "Webpage Retriever",
            "dynamicInputPorts": true,
            "dynamicOutputPorts": true
        },
        {
            "operatorID": "Dummy-operator-189205e7-606d-4ccd-849d-be3c07fcd8e9",
            "operatorType": "Dummy",
            "operatorVersion": "",
            "operatorProperties": {
                "dummyPropertyList": [
                    {
                        "dummyProperty": "Source XML",
                        "dummyValue": "Omitted for license reasons"
                    }
                ]
            },
            "inputPorts": [
                {
                    "portID": "input-0",
                    "displayName": "",
                    "allowMultiInputs": true,
                    "isDynamicPort": true
                },
                {
                    "portID": "input-1",
                    "displayName": "",
                    "allowMultiInputs": true,
                    "isDynamicPort": true
                }
            ],
            "outputPorts": [
                {
                    "portID": "output-0",
                    "displayName": "",
                    "isDynamicPort": true,
                    "isBlocking": false
                },
                {
                    "portID": "output-1",
                    "displayName": "",
                    "isDynamicPort": true,
                    "isBlocking": false,
                    "materializationSize": 72.42578125
                }
            ],
            "showAdvanced": false,
            "isDisabled": false,
            "customDisplayName": "Ungroup",
            "dynamicInputPorts": true,
            "dynamicOutputPorts": true
        },
        {
            "operatorID": "Dummy-operator-525898fa-6d44-4194-a42b-6a8d185fa8c6",
            "operatorType": "Dummy",
            "operatorVersion": "",
            "operatorProperties": {
                "dummyPropertyList": [
                    {
                        "dummyProperty": "Source XML",
                        "dummyValue": "Omitted for license reasons"
                    }
                ]
            },
            "inputPorts": [
                {
                    "portID": "input-0",
                    "displayName": "",
                    "allowMultiInputs": true,
                    "isDynamicPort": true
                },
                {
                    "portID": "input-1",
                    "displayName": "",
                    "allowMultiInputs": true,
                    "isDynamicPort": true
                }
            ],
            "outputPorts": [
                {
                    "portID": "output-0",
                    "displayName": "",
                    "isDynamicPort": true,
                    "isBlocking": false
                },
                {
                    "portID": "output-1",
                    "displayName": "",
                    "isDynamicPort": true,
                    "isBlocking": false,
                    "materializationSize": 62.2333984375
                }
            ],
            "showAdvanced": false,
            "isDisabled": false,
            "customDisplayName": "String Manipulation",
            "dynamicInputPorts": true,
            "dynamicOutputPorts": true
        },
        {
            "operatorID": "Dummy-operator-c6d50dce-d432-4024-902b-1b089fbc4ccd",
            "operatorType": "Dummy",
            "operatorVersion": "",
            "operatorProperties": {
                "dummyPropertyList": [
                    {
                        "dummyProperty": "Source XML",
                        "dummyValue": "Omitted for license reasons"
                    }
                ]
            },
            "inputPorts": [
                {
                    "portID": "input-0",
                    "displayName": "",
                    "allowMultiInputs": true,
                    "isDynamicPort": true
                },
                {
                    "portID": "input-1",
                    "displayName": "",
                    "allowMultiInputs": true,
                    "isDynamicPort": true
                }
            ],
            "outputPorts": [
                {
                    "portID": "output-0",
                    "displayName": "",
                    "isDynamicPort": true,
                    "isBlocking": false
                },
                {
                    "portID": "output-1",
                    "displayName": "",
                    "isDynamicPort": true,
                    "isBlocking": false,
                    "materializationSize": 64.8212890625
                }
            ],
            "showAdvanced": false,
            "isDisabled": false,
            "customDisplayName": "Row Filter",
            "dynamicInputPorts": true,
            "dynamicOutputPorts": true
        },
        {
            "operatorID": "Dummy-operator-d9d0769e-1b9f-4522-9f11-74ed4e8daea5",
            "operatorType": "Dummy",
            "operatorVersion": "",
            "operatorProperties": {
                "dummyPropertyList": [
                    {
                        "dummyProperty": "Source XML",
                        "dummyValue": "Omitted for license reasons"
                    }
                ]
            },
            "inputPorts": [
                {
                    "portID": "input-0",
                    "displayName": "",
                    "allowMultiInputs": true,
                    "isDynamicPort": true
                },
                {
                    "portID": "input-1",
                    "displayName": "",
                    "allowMultiInputs": true,
                    "isDynamicPort": true
                }
            ],
            "outputPorts": [
                {
                    "portID": "output-0",
                    "displayName": "",
                    "isDynamicPort": true,
                    "isBlocking": false
                },
                {
                    "portID": "output-1",
                    "displayName": "",
                    "isDynamicPort": true,
                    "isBlocking": false,
                    "materializationSize": 56.3671875
                }
            ],
            "showAdvanced": false,
            "isDisabled": false,
            "customDisplayName": "Row Filter",
            "dynamicInputPorts": true,
            "dynamicOutputPorts": true
        },
        {
            "operatorID": "Dummy-operator-1f07a92a-33d7-43d3-a5fd-d264203479be",
            "operatorType": "Dummy",
            "operatorVersion": "",
            "operatorProperties": {
                "dummyPropertyList": [
                    {
                        "dummyProperty": "Source XML",
                        "dummyValue": "Omitted for license reasons"
                    }
                ]
            },
            "inputPorts": [
                {
                    "portID": "input-0",
                    "displayName": "",
                    "allowMultiInputs": true,
                    "isDynamicPort": true
                }
            ],
            "outputPorts": [
                {
                    "portID": "output-0",
                    "displayName": "",
                    "isDynamicPort": true,
                    "isBlocking": false
                },
                {
                    "portID": "output-1",
                    "displayName": "",
                    "isDynamicPort": true,
                    "isBlocking": false,
                    "materializationSize": 31.84375
                }
            ],
            "showAdvanced": false,
            "isDisabled": false,
            "customDisplayName": "Excel Reader _XLS_",
            "dynamicInputPorts": true,
            "dynamicOutputPorts": true
        },
        {
            "operatorID": "Dummy-operator-b0b7d87e-b049-4e57-806f-2fb3cd588038",
            "operatorType": "Dummy",
            "operatorVersion": "",
            "operatorProperties": {
                "dummyPropertyList": [
                    {
                        "dummyProperty": "Source XML",
                        "dummyValue": "Omitted for license reasons"
                    }
                ]
            },
            "inputPorts": [
                {
                    "portID": "input-0",
                    "displayName": "",
                    "allowMultiInputs": true,
                    "isDynamicPort": true
                },
                {
                    "portID": "input-1",
                    "displayName": "",
                    "allowMultiInputs": true,
                    "isDynamicPort": true
                }
            ],
            "outputPorts": [
                {
                    "portID": "output-0",
                    "displayName": "",
                    "isDynamicPort": true,
                    "isBlocking": false
                },
                {
                    "portID": "output-1",
                    "displayName": "",
                    "isDynamicPort": true,
                    "isBlocking": false,
                    "materializationSize": 58.93359375
                }
            ],
            "showAdvanced": false,
            "isDisabled": false,
            "customDisplayName": "Java Snippet",
            "dynamicInputPorts": true,
            "dynamicOutputPorts": true
        },
        {
            "operatorID": "Dummy-operator-ae04b095-ab2d-4867-b3ed-95eb56d6fc9d",
            "operatorType": "Dummy",
            "operatorVersion": "",
            "operatorProperties": {
                "dummyPropertyList": [
                    {
                        "dummyProperty": "Source XML",
                        "dummyValue": "Omitted for license reasons"
                    }
                ]
            },
            "inputPorts": [
                {
                    "portID": "input-0",
                    "displayName": "",
                    "allowMultiInputs": true,
                    "isDynamicPort": true
                },
                {
                    "portID": "input-1",
                    "displayName": "",
                    "allowMultiInputs": true,
                    "isDynamicPort": true
                }
            ],
            "outputPorts": [
                {
                    "portID": "output-0",
                    "displayName": "",
                    "isDynamicPort": true,
                    "isBlocking": false
                },
                {
                    "portID": "output-1",
                    "displayName": "",
                    "isDynamicPort": true,
                    "isBlocking": false,
                    "materializationSize": 61.6376953125
                }
            ],
            "showAdvanced": false,
            "isDisabled": false,
            "customDisplayName": "Java Snippet",
            "dynamicInputPorts": true,
            "dynamicOutputPorts": true
        },
        {
            "operatorID": "Dummy-operator-be312de4-5439-4392-8f1a-7069ba0906e9",
            "operatorType": "Dummy",
            "operatorVersion": "",
            "operatorProperties": {
                "dummyPropertyList": [
                    {
                        "dummyProperty": "Source XML",
                        "dummyValue": "Omitted for license reasons"
                    }
                ]
            },
            "inputPorts": [
                {
                    "portID": "input-0",
                    "displayName": "",
                    "allowMultiInputs": true,
                    "isDynamicPort": true
                },
                {
                    "portID": "input-1",
                    "displayName": "",
                    "allowMultiInputs": true,
                    "isDynamicPort": true
                }
            ],
            "outputPorts": [
                {
                    "portID": "output-0",
                    "displayName": "",
                    "isDynamicPort": true,
                    "isBlocking": false
                },
                {
                    "portID": "output-1",
                    "displayName": "",
                    "isDynamicPort": true,
                    "isBlocking": false,
                    "materializationSize": 36.4619140625
                }
            ],
            "showAdvanced": false,
            "isDisabled": false,
            "customDisplayName": "Column Filter",
            "dynamicInputPorts": true,
            "dynamicOutputPorts": true
        }
    ],
    "operatorPositions": {
        "Dummy-operator-36782d06-e105-445e-a9d4-ab6ef86ae6b0": {
            "x": 564.0,
            "y": 357.0
        },
        "Dummy-operator-b36ccc74-8064-46d0-b232-05e0674c731b": {
            "x": 464.0,
            "y": 357.0
        },
        "Dummy-operator-189205e7-606d-4ccd-849d-be3c07fcd8e9": {
            "x": 684.0,
            "y": 357.0
        },
        "Dummy-operator-525898fa-6d44-4194-a42b-6a8d185fa8c6": {
            "x": 804.0,
            "y": 357.0
        },
        "Dummy-operator-c6d50dce-d432-4024-902b-1b089fbc4ccd": {
            "x": 984.0,
            "y": 357.0
        },
        "Dummy-operator-d9d0769e-1b9f-4522-9f11-74ed4e8daea5": {
            "x": 364.0,
            "y": 357.0
        },
        "Dummy-operator-1f07a92a-33d7-43d3-a5fd-d264203479be": {
            "x": 144.0,
            "y": 357.0
        },
        "Dummy-operator-b0b7d87e-b049-4e57-806f-2fb3cd588038": {
            "x": 264.0,
            "y": 357.0
        },
        "Dummy-operator-ae04b095-ab2d-4867-b3ed-95eb56d6fc9d": {
            "x": 904.0,
            "y": 357.0
        },
        "Dummy-operator-be312de4-5439-4392-8f1a-7069ba0906e9": {
            "x": 1084.0,
            "y": 357.0
        }
    },
    "links": [
        {
            "linkID": "link-6a9343d6-509d-45c8-8840-ffb1c52a3a03",
            "source": {
                "operatorID": "Dummy-operator-36782d06-e105-445e-a9d4-ab6ef86ae6b0",
                "portID": "output-1"
            },
            "target": {
                "operatorID": "Dummy-operator-189205e7-606d-4ccd-849d-be3c07fcd8e9",
                "portID": "input-1"
            }
        },
        {
            "linkID": "link-78dd0512-fcfc-4652-b1fb-98736cd6701e",
            "source": {
                "operatorID": "Dummy-operator-b36ccc74-8064-46d0-b232-05e0674c731b",
                "portID": "output-1"
            },
            "target": {
                "operatorID": "Dummy-operator-36782d06-e105-445e-a9d4-ab6ef86ae6b0",
                "portID": "input-1"
            }
        },
        {
            "linkID": "link-d265f57a-927b-498f-b01f-4ed09569e100",
            "source": {
                "operatorID": "Dummy-operator-189205e7-606d-4ccd-849d-be3c07fcd8e9",
                "portID": "output-1"
            },
            "target": {
                "operatorID": "Dummy-operator-525898fa-6d44-4194-a42b-6a8d185fa8c6",
                "portID": "input-1"
            }
        },
        {
            "linkID": "link-d2e51aac-0947-4438-87c0-ba4458d1b55a",
            "source": {
                "operatorID": "Dummy-operator-525898fa-6d44-4194-a42b-6a8d185fa8c6",
                "portID": "output-1"
            },
            "target": {
                "operatorID": "Dummy-operator-ae04b095-ab2d-4867-b3ed-95eb56d6fc9d",
                "portID": "input-1"
            }
        },
        {
            "linkID": "link-12d1042a-c13a-4e55-85ef-03983bec0d7e",
            "source": {
                "operatorID": "Dummy-operator-c6d50dce-d432-4024-902b-1b089fbc4ccd",
                "portID": "output-1"
            },
            "target": {
                "operatorID": "Dummy-operator-be312de4-5439-4392-8f1a-7069ba0906e9",
                "portID": "input-1"
            }
        },
        {
            "linkID": "link-42d77115-b785-4fed-8525-94693044f259",
            "source": {
                "operatorID": "Dummy-operator-d9d0769e-1b9f-4522-9f11-74ed4e8daea5",
                "portID": "output-1"
            },
            "target": {
                "operatorID": "Dummy-operator-b36ccc74-8064-46d0-b232-05e0674c731b",
                "portID": "input-1"
            }
        },
        {
            "linkID": "link-a3fb6b48-3696-4f18-b7eb-f46caee261e1",
            "source": {
                "operatorID": "Dummy-operator-1f07a92a-33d7-43d3-a5fd-d264203479be",
                "portID": "output-1"
            },
            "target": {
                "operatorID": "Dummy-operator-b0b7d87e-b049-4e57-806f-2fb3cd588038",
                "portID": "input-1"
            }
        },
        {
            "linkID": "link-e8b3dbc4-af00-4deb-8ccf-ce440049bdc7",
            "source": {
                "operatorID": "Dummy-operator-b0b7d87e-b049-4e57-806f-2fb3cd588038",
                "portID": "output-1"
            },
            "target": {
                "operatorID": "Dummy-operator-d9d0769e-1b9f-4522-9f11-74ed4e8daea5",
                "portID": "input-1"
            }
        },
        {
            "linkID": "link-3f05e8b4-e826-430a-96b8-c1c1d7c4e359",
            "source": {
                "operatorID": "Dummy-operator-ae04b095-ab2d-4867-b3ed-95eb56d6fc9d",
                "portID": "output-1"
            },
            "target": {
                "operatorID": "Dummy-operator-c6d50dce-d432-4024-902b-1b089fbc4ccd",
                "portID": "input-1"
            }
        }
    ],
    "groups": [],
    "breakpoints": {},
    "commentBoxes": [
        {
            "commentBoxID": "commentBox-d58aba0e-f2bc-4015-8fa2-8ea3717beb88",
            "comments": [
                {
                    "content": "https://hub.knime.com/knime/extensions/org.knime.features.base/latest/org.knime.base.node.io.filehandling.csv.reader.CSVTableReaderNodeFactory",
                    "creatorName": "Bot",
                    "createorID": 1,
                    "creationTime": "2024-03-08T10:36:49.883Z"
                }
            ],
            "commentBoxPosition": {
                "x": 624.0,
                "y": 387.0
            }
        },
        {
            "commentBoxID": "commentBox-4153b883-5772-498e-a085-ca8cd9608a2b",
            "comments": [
                {
                    "content": "https://hub.knime.com/knime/extensions/org.knime.features.base/latest/org.knime.base.node.io.filehandling.csv.reader.CSVTableReaderNodeFactory",
                    "creatorName": "Bot",
                    "createorID": 1,
                    "creationTime": "2024-03-08T10:36:49.883Z"
                }
            ],
            "commentBoxPosition": {
                "x": 524.0,
                "y": 387.0
            }
        },
        {
            "commentBoxID": "commentBox-36f80869-df95-4ce5-ba24-a3e97b1e7716",
            "comments": [
                {
                    "content": "https://hub.knime.com/knime/extensions/org.knime.features.base/latest/org.knime.base.node.io.filehandling.csv.reader.CSVTableReaderNodeFactory",
                    "creatorName": "Bot",
                    "createorID": 1,
                    "creationTime": "2024-03-08T10:36:49.883Z"
                }
            ],
            "commentBoxPosition": {
                "x": 744.0,
                "y": 387.0
            }
        },
        {
            "commentBoxID": "commentBox-cae19543-1fce-450c-9623-64ba2d39820c",
            "comments": [
                {
                    "content": "https://hub.knime.com/knime/extensions/org.knime.features.base/latest/org.knime.base.node.io.filehandling.csv.reader.CSVTableReaderNodeFactory",
                    "creatorName": "Bot",
                    "createorID": 1,
                    "creationTime": "2024-03-08T10:36:49.883Z"
                }
            ],
            "commentBoxPosition": {
                "x": 864.0,
                "y": 387.0
            }
        },
        {
            "commentBoxID": "commentBox-4519dfdd-299c-4ec8-be45-353f88f19265",
            "comments": [
                {
                    "content": "https://hub.knime.com/knime/extensions/org.knime.features.base/latest/org.knime.base.node.io.filehandling.csv.reader.CSVTableReaderNodeFactory",
                    "creatorName": "Bot",
                    "createorID": 1,
                    "creationTime": "2024-03-08T10:36:49.883Z"
                }
            ],
            "commentBoxPosition": {
                "x": 1044.0,
                "y": 387.0
            }
        },
        {
            "commentBoxID": "commentBox-4c3c0c8d-8dac-4efa-96f7-8eaefb19d7ed",
            "comments": [
                {
                    "content": "https://hub.knime.com/knime/extensions/org.knime.features.base/latest/org.knime.base.node.io.filehandling.csv.reader.CSVTableReaderNodeFactory",
                    "creatorName": "Bot",
                    "createorID": 1,
                    "creationTime": "2024-03-08T10:36:49.883Z"
                }
            ],
            "commentBoxPosition": {
                "x": 424.0,
                "y": 387.0
            }
        },
        {
            "commentBoxID": "commentBox-a801898c-1580-44f7-883e-140131ef0555",
            "comments": [
                {
                    "content": "https://hub.knime.com/knime/extensions/org.knime.features.base/latest/org.knime.base.node.io.filehandling.csv.reader.CSVTableReaderNodeFactory",
                    "creatorName": "Bot",
                    "createorID": 1,
                    "creationTime": "2024-03-08T10:36:49.883Z"
                }
            ],
            "commentBoxPosition": {
                "x": 204.0,
                "y": 387.0
            }
        },
        {
            "commentBoxID": "commentBox-9e9ebb91-39c5-4054-8ad7-59c603e41370",
            "comments": [
                {
                    "content": "https://hub.knime.com/knime/extensions/org.knime.features.base/latest/org.knime.base.node.io.filehandling.csv.reader.CSVTableReaderNodeFactory",
                    "creatorName": "Bot",
                    "createorID": 1,
                    "creationTime": "2024-03-08T10:36:49.883Z"
                }
            ],
            "commentBoxPosition": {
                "x": 324.0,
                "y": 387.0
            }
        },
        {
            "commentBoxID": "commentBox-8f75fece-e7a5-4efc-8920-2419c58caee9",
            "comments": [
                {
                    "content": "https://hub.knime.com/knime/extensions/org.knime.features.base/latest/org.knime.base.node.io.filehandling.csv.reader.CSVTableReaderNodeFactory",
                    "creatorName": "Bot",
                    "createorID": 1,
                    "creationTime": "2024-03-08T10:36:49.883Z"
                }
            ],
            "commentBoxPosition": {
                "x": 964.0,
                "y": 387.0
            }
        },
        {
            "commentBoxID": "commentBox-16ac85f6-532a-4f44-a0a2-c15c4eb6c3b5",
            "comments": [
                {
                    "content": "https://hub.knime.com/knime/extensions/org.knime.features.base/latest/org.knime.base.node.io.filehandling.csv.reader.CSVTableReaderNodeFactory",
                    "creatorName": "Bot",
                    "createorID": 1,
                    "creationTime": "2024-03-08T10:36:49.883Z"
                }
            ],
            "commentBoxPosition": {
                "x": 1144.0,
                "y": 387.0
            }
        }
    ]
}