{
    "operators": [
        {
            "operatorID": "Dummy-operator-8f09bacc-8926-4779-a3b5-299179e2edf9",
            "operatorType": "Dummy",
            "operatorVersion": "",
            "operatorProperties": {
                "dummyPropertyList": [
                    {
                        "dummyProperty": "Source XML",
                        "dummyValue": "Omitted for license reasons"
                    }
                ]
            },
            "inputPorts": [
                {
                    "portID": "input-0",
                    "displayName": "",
                    "allowMultiInputs": true,
                    "isDynamicPort": true
                }
            ],
            "outputPorts": [
                {
                    "portID": "output-0",
                    "displayName": "",
                    "isDynamicPort": true,
                    "isBlocking": false
                },
                {
                    "portID": "output-1",
                    "displayName": "",
                    "isDynamicPort": true,
                    "isBlocking": false,
                    "materializationSize": 55.578125
                }
            ],
            "showAdvanced": false,
            "isDisabled": false,
            "customDisplayName": "CSV Reader",
            "dynamicInputPorts": true,
            "dynamicOutputPorts": true
        },
        {
            "operatorID": "Dummy-operator-a11e2c0e-ebb8-4948-8355-35f6768063e3",
            "operatorType": "Dummy",
            "operatorVersion": "",
            "operatorProperties": {
                "dummyPropertyList": [
                    {
                        "dummyProperty": "Source XML",
                        "dummyValue": "Omitted for license reasons"
                    }
                ]
            },
            "inputPorts": [
                {
                    "portID": "input-0",
                    "displayName": "",
                    "allowMultiInputs": true,
                    "isDynamicPort": true
                },
                {
                    "portID": "input-1",
                    "displayName": "",
                    "allowMultiInputs": true,
                    "isDynamicPort": true
                }
            ],
            "outputPorts": [
                {
                    "portID": "output-0",
                    "displayName": "",
                    "isDynamicPort": true,
                    "isBlocking": false
                },
                {
                    "portID": "output-1",
                    "displayName": "",
                    "isDynamicPort": true,
                    "isBlocking": false,
                    "materializationSize": 8.8154296875
                }
            ],
            "showAdvanced": false,
            "isDisabled": false,
            "customDisplayName": "Column Filter",
            "dynamicInputPorts": true,
            "dynamicOutputPorts": true
        },
        {
            "operatorID": "Dummy-operator-d35ad456-961a-40d6-a537-521186247679",
            "operatorType": "Dummy",
            "operatorVersion": "",
            "operatorProperties": {
                "dummyPropertyList": [
                    {
                        "dummyProperty": "Source XML",
                        "dummyValue": "Omitted for license reasons"
                    }
                ]
            },
            "inputPorts": [
                {
                    "portID": "input-0",
                    "displayName": "",
                    "allowMultiInputs": true,
                    "isDynamicPort": true
                },
                {
                    "portID": "input-1",
                    "displayName": "",
                    "allowMultiInputs": true,
                    "isDynamicPort": true
                }
            ],
            "outputPorts": [
                {
                    "portID": "output-0",
                    "displayName": "",
                    "isDynamicPort": true,
                    "isBlocking": true
                },
                {
                    "portID": "output-1",
                    "displayName": "",
                    "isDynamicPort": true,
                    "isBlocking": true,
                    "materializationSize": 27.9814453125
                },
                {
                    "portID": "output-2",
                    "displayName": "",
                    "isDynamicPort": true,
                    "isBlocking": true,
                    "materializationSize": 11.2236328125
                }
            ],
            "showAdvanced": false,
            "isDisabled": false,
            "customDisplayName": "Partitioning",
            "dynamicInputPorts": true,
            "dynamicOutputPorts": true
        },
        {
            "operatorID": "Dummy-operator-ec63c8bc-ca61-46c6-ad33-4b50da6ec348",
            "operatorType": "Dummy",
            "operatorVersion": "",
            "operatorProperties": {
                "dummyPropertyList": [
                    {
                        "dummyProperty": "Source XML",
                        "dummyValue": "Omitted for license reasons"
                    }
                ]
            },
            "inputPorts": [
                {
                    "portID": "input-0",
                    "displayName": "",
                    "allowMultiInputs": true,
                    "isDynamicPort": true
                },
                {
                    "portID": "input-1",
                    "displayName": "",
                    "allowMultiInputs": true,
                    "isDynamicPort": true
                }
            ],
            "outputPorts": [
                {
                    "portID": "output-0",
                    "displayName": "",
                    "isDynamicPort": true,
                    "isBlocking": false
                },
                {
                    "portID": "output-1",
                    "displayName": "",
                    "isDynamicPort": true,
                    "isBlocking": false,
                    "materializationSize": 30.423828125
                },
                {
                    "portID": "output-2",
                    "displayName": "",
                    "isDynamicPort": true,
                    "isBlocking": false,
                    "materializationSize": 6.5078125
                },
                {
                    "portID": "output-3",
                    "displayName": "",
                    "isDynamicPort": true,
                    "isBlocking": true,
                    "materializationSize": 2.6337890625
                }
            ],
            "showAdvanced": false,
            "isDisabled": false,
            "customDisplayName": "k_Means",
            "dynamicInputPorts": true,
            "dynamicOutputPorts": true
        },
        {
            "operatorID": "Dummy-operator-9f08f1c5-14e1-4b67-aa5d-955a853c9b19",
            "operatorType": "Dummy",
            "operatorVersion": "",
            "operatorProperties": {
                "dummyPropertyList": [
                    {
                        "dummyProperty": "Source XML",
                        "dummyValue": "Omitted for license reasons"
                    }
                ]
            },
            "inputPorts": [
                {
                    "portID": "input-0",
                    "displayName": "",
                    "allowMultiInputs": true,
                    "isDynamicPort": true
                },
                {
                    "portID": "input-1",
                    "displayName": "",
                    "allowMultiInputs": true,
                    "isDynamicPort": true
                },
                {
                    "portID": "input-2",
                    "displayName": "",
                    "allowMultiInputs": true,
                    "isDynamicPort": true
                }
            ],
            "outputPorts": [
                {
                    "portID": "output-0",
                    "displayName": "",
                    "isDynamicPort": true,
                    "isBlocking": false
                },
                {
                    "portID": "output-1",
                    "displayName": "",
                    "isDynamicPort": true,
                    "isBlocking": false,
                    "materializationSize": 11.623046875
                }
            ],
            "showAdvanced": false,
            "isDisabled": false,
            "customDisplayName": "Cluster Assigner",
            "dynamicInputPorts": true,
            "dynamicOutputPorts": true
        },
        {
            "operatorID": "Dummy-operator-827a7ea7-1498-4ef5-ac3c-8d89e9a6f7af",
            "operatorType": "Dummy",
            "operatorVersion": "",
            "operatorProperties": {
                "dummyPropertyList": [
                    {
                        "dummyProperty": "Source XML",
                        "dummyValue": "Omitted for license reasons"
                    }
                ]
            },
            "inputPorts": [
                {
                    "portID": "input-0",
                    "displayName": "",
                    "allowMultiInputs": true,
                    "isDynamicPort": true
                },
                {
                    "portID": "input-1",
                    "displayName": "",
                    "allowMultiInputs": true,
                    "isDynamicPort": true
                }
            ],
            "outputPorts": [
                {
                    "portID": "output-0",
                    "displayName": "",
                    "isDynamicPort": true,
                    "isBlocking": false
                },
                {
                    "portID": "output-1",
                    "displayName": "",
                    "isDynamicPort": true,
                    "isBlocking": false,
                    "materializationSize": 45.1806640625
                },
                {
                    "portID": "output-2",
                    "displayName": "",
                    "isDynamicPort": true,
                    "isBlocking": false,
                    "materializationSize": 2.91015625
                }
            ],
            "showAdvanced": false,
            "isDisabled": false,
            "customDisplayName": "Silhouette Coefficient",
            "dynamicInputPorts": true,
            "dynamicOutputPorts": true
        },
        {
            "operatorID": "Dummy-operator-548dc3c9-27d9-4233-8371-10ac7d7542eb",
            "operatorType": "Dummy",
            "operatorVersion": "",
            "operatorProperties": {
                "dummyPropertyList": [
                    {
                        "dummyProperty": "Source XML",
                        "dummyValue": "Omitted for license reasons"
                    }
                ]
            },
            "inputPorts": [
                {
                    "portID": "input-0",
                    "displayName": "",
                    "allowMultiInputs": true,
                    "isDynamicPort": true
                },
                {
                    "portID": "input-1",
                    "displayName": "",
                    "allowMultiInputs": true,
                    "isDynamicPort": true
                }
            ],
            "outputPorts": [
                {
                    "portID": "output-0",
                    "displayName": "",
                    "isDynamicPort": true,
                    "isBlocking": false
                },
                {
                    "portID": "output-1",
                    "displayName": "",
                    "isDynamicPort": true,
                    "isBlocking": false,
                    "materializationSize": 11.900390625
                },
                {
                    "portID": "output-2",
                    "displayName": "",
                    "isDynamicPort": true,
                    "isBlocking": true,
                    "materializationSize": 1.419921875
                }
            ],
            "showAdvanced": false,
            "isDisabled": false,
            "customDisplayName": "Color Manager",
            "dynamicInputPorts": true,
            "dynamicOutputPorts": true
        },
        {
            "operatorID": "Dummy-operator-e77b676d-3bf4-4046-8c3f-fef33f790022",
            "operatorType": "Dummy",
            "operatorVersion": "",
            "operatorProperties": {
                "dummyPropertyList": [
                    {
                        "dummyProperty": "Source XML",
                        "dummyValue": "Omitted for license reasons"
                    }
                ]
            },
            "inputPorts": [
                {
                    "portID": "input-0",
                    "displayName": "",
                    "allowMultiInputs": true,
                    "isDynamicPort": true
                },
                {
                    "portID": "input-1",
                    "displayName": "",
                    "allowMultiInputs": true,
                    "isDynamicPort": true
                }
            ],
            "outputPorts": [
                {
                    "portID": "output-0",
                    "displayName": "",
                    "isDynamicPort": true,
                    "isBlocking": false
                },
                {
                    "portID": "output-1",
                    "displayName": "",
                    "isDynamicPort": true,
                    "isBlocking": false,
                    "materializationSize": 13.5283203125
                },
                {
                    "portID": "output-2",
                    "displayName": "",
                    "isDynamicPort": true,
                    "isBlocking": true,
                    "materializationSize": 1.5
                }
            ],
            "showAdvanced": false,
            "isDisabled": false,
            "customDisplayName": "Shape Manager",
            "dynamicInputPorts": true,
            "dynamicOutputPorts": true
        },
        {
            "operatorID": "Dummy-operator-b90a2998-a0bf-4138-be05-fb384d4a85da",
            "operatorType": "Dummy",
            "operatorVersion": "",
            "operatorProperties": {
                "dummyPropertyList": [
                    {
                        "dummyProperty": "Source XML",
                        "dummyValue": "Omitted for license reasons"
                    }
                ]
            },
            "inputPorts": [
                {
                    "portID": "input-0",
                    "displayName": "",
                    "allowMultiInputs": true,
                    "isDynamicPort": true
                },
                {
                    "portID": "input-1",
                    "displayName": "",
                    "allowMultiInputs": true,
                    "isDynamicPort": true
                }
            ],
            "outputPorts": [
                {
                    "portID": "output-0",
                    "displayName": "",
                    "isDynamicPort": true,
                    "isBlocking": false
                }
            ],
            "showAdvanced": false,
            "isDisabled": false,
            "customDisplayName": "Scatter Plot _legacy_",
            "dynamicInputPorts": true,
            "dynamicOutputPorts": true
        },
        {
            "operatorID": "Dummy-operator-02f71ec0-11ef-407f-ac37-ab05ef9aaee3",
            "operatorType": "Dummy",
            "operatorVersion": "",
            "operatorProperties": {
                "dummyPropertyList": [
                    {
                        "dummyProperty": "Source XML",
                        "dummyValue": "Omitted for license reasons"
                    }
                ]
            },
            "inputPorts": [
                {
                    "portID": "input-0",
                    "displayName": "",
                    "allowMultiInputs": true,
                    "isDynamicPort": true
                }
            ],
            "outputPorts": [
                {
                    "portID": "output-0",
                    "displayName": "",
                    "isDynamicPort": true,
                    "isBlocking": false
                },
                {
                    "portID": "output-1",
                    "displayName": "",
                    "isDynamicPort": true,
                    "isBlocking": false,
                    "materializationSize": 55.5791015625
                }
            ],
            "showAdvanced": false,
            "isDisabled": false,
            "customDisplayName": "CSV Reader",
            "dynamicInputPorts": true,
            "dynamicOutputPorts": true
        },
        {
            "operatorID": "Dummy-operator-6158f9d4-8ab0-4cc0-9966-c544030a3457",
            "operatorType": "Dummy",
            "operatorVersion": "",
            "operatorProperties": {
                "dummyPropertyList": [
                    {
                        "dummyProperty": "Source XML",
                        "dummyValue": "Omitted for license reasons"
                    }
                ]
            },
            "inputPorts": [
                {
                    "portID": "input-0",
                    "displayName": "",
                    "allowMultiInputs": true,
                    "isDynamicPort": true
                },
                {
                    "portID": "input-1",
                    "displayName": "",
                    "allowMultiInputs": true,
                    "isDynamicPort": true
                }
            ],
            "outputPorts": [
                {
                    "portID": "output-0",
                    "displayName": "",
                    "isDynamicPort": true,
                    "isBlocking": false
                },
                {
                    "portID": "output-1",
                    "displayName": "",
                    "isDynamicPort": true,
                    "isBlocking": false,
                    "materializationSize": 8.8154296875
                }
            ],
            "showAdvanced": false,
            "isDisabled": false,
            "customDisplayName": "Column Filter",
            "dynamicInputPorts": true,
            "dynamicOutputPorts": true
        },
        {
            "operatorID": "Dummy-operator-bc9f3ce6-7042-4560-9e05-b7a767c44415",
            "operatorType": "Dummy",
            "operatorVersion": "",
            "operatorProperties": {
                "dummyPropertyList": [
                    {
                        "dummyProperty": "Source XML",
                        "dummyValue": "Omitted for license reasons"
                    }
                ]
            },
            "inputPorts": [
                {
                    "portID": "input-0",
                    "displayName": "",
                    "allowMultiInputs": true,
                    "isDynamicPort": true
                },
                {
                    "portID": "input-1",
                    "displayName": "",
                    "allowMultiInputs": true,
                    "isDynamicPort": true
                }
            ],
            "outputPorts": [
                {
                    "portID": "output-0",
                    "displayName": "",
                    "isDynamicPort": true,
                    "isBlocking": true
                },
                {
                    "portID": "output-1",
                    "displayName": "",
                    "isDynamicPort": true,
                    "isBlocking": true,
                    "materializationSize": 27.939453125
                },
                {
                    "portID": "output-2",
                    "displayName": "",
                    "isDynamicPort": true,
                    "isBlocking": true,
                    "materializationSize": 11.169921875
                }
            ],
            "showAdvanced": false,
            "isDisabled": false,
            "customDisplayName": "Partitioning",
            "dynamicInputPorts": true,
            "dynamicOutputPorts": true
        },
        {
            "operatorID": "Dummy-operator-6a5e006a-b174-4acc-b6b7-b10ad5e2f540",
            "operatorType": "Dummy",
            "operatorVersion": "",
            "operatorProperties": {
                "dummyPropertyList": [
                    {
                        "dummyProperty": "Source XML",
                        "dummyValue": "Omitted for license reasons"
                    }
                ]
            },
            "inputPorts": [
                {
                    "portID": "input-0",
                    "displayName": "",
                    "allowMultiInputs": true,
                    "isDynamicPort": true
                },
                {
                    "portID": "input-1",
                    "displayName": "",
                    "allowMultiInputs": true,
                    "isDynamicPort": true
                }
            ],
            "outputPorts": [
                {
                    "portID": "output-0",
                    "displayName": "",
                    "isDynamicPort": true,
                    "isBlocking": false
                },
                {
                    "portID": "output-1",
                    "displayName": "",
                    "isDynamicPort": true,
                    "isBlocking": false,
                    "materializationSize": 31.435546875
                }
            ],
            "showAdvanced": false,
            "isDisabled": false,
            "customDisplayName": "Hierarchical Clustering",
            "dynamicInputPorts": true,
            "dynamicOutputPorts": true
        },
        {
            "operatorID": "Dummy-operator-eff87329-f7cb-4a70-aab2-bc3e60dbf844",
            "operatorType": "Dummy",
            "operatorVersion": "",
            "operatorProperties": {
                "dummyPropertyList": [
                    {
                        "dummyProperty": "Source XML",
                        "dummyValue": "Omitted for license reasons"
                    }
                ]
            },
            "inputPorts": [
                {
                    "portID": "input-0",
                    "displayName": "",
                    "allowMultiInputs": true,
                    "isDynamicPort": true
                },
                {
                    "portID": "input-1",
                    "displayName": "",
                    "allowMultiInputs": true,
                    "isDynamicPort": true
                }
            ],
            "outputPorts": [
                {
                    "portID": "output-0",
                    "displayName": "",
                    "isDynamicPort": true,
                    "isBlocking": false
                },
                {
                    "portID": "output-1",
                    "displayName": "",
                    "isDynamicPort": true,
                    "isBlocking": false,
                    "materializationSize": 12.71484375
                },
                {
                    "portID": "output-2",
                    "displayName": "",
                    "isDynamicPort": true,
                    "isBlocking": true,
                    "materializationSize": 1.482421875
                }
            ],
            "showAdvanced": false,
            "isDisabled": false,
            "customDisplayName": "Color Manager",
            "dynamicInputPorts": true,
            "dynamicOutputPorts": true
        },
        {
            "operatorID": "Dummy-operator-fcb1e138-47bd-40d0-99fe-6185ad7491ac",
            "operatorType": "Dummy",
            "operatorVersion": "",
            "operatorProperties": {
                "dummyPropertyList": [
                    {
                        "dummyProperty": "Source XML",
                        "dummyValue": "Omitted for license reasons"
                    }
                ]
            },
            "inputPorts": [
                {
                    "portID": "input-0",
                    "displayName": "",
                    "allowMultiInputs": true,
                    "isDynamicPort": true
                },
                {
                    "portID": "input-1",
                    "displayName": "",
                    "allowMultiInputs": true,
                    "isDynamicPort": true
                }
            ],
            "outputPorts": [
                {
                    "portID": "output-0",
                    "displayName": "",
                    "isDynamicPort": true,
                    "isBlocking": false
                },
                {
                    "portID": "output-1",
                    "displayName": "",
                    "isDynamicPort": true,
                    "isBlocking": false,
                    "materializationSize": 15.240234375
                },
                {
                    "portID": "output-2",
                    "displayName": "",
                    "isDynamicPort": true,
                    "isBlocking": true,
                    "materializationSize": 1.400390625
                }
            ],
            "showAdvanced": false,
            "isDisabled": false,
            "customDisplayName": "Shape Manager",
            "dynamicInputPorts": true,
            "dynamicOutputPorts": true
        },
        {
            "operatorID": "Dummy-operator-761d0bde-190d-4039-88ac-2d2dd3d9b651",
            "operatorType": "Dummy",
            "operatorVersion": "",
            "operatorProperties": {
                "dummyPropertyList": [
                    {
                        "dummyProperty": "Source XML",
                        "dummyValue": "Omitted for license reasons"
                    }
                ]
            },
            "inputPorts": [
                {
                    "portID": "input-0",
                    "displayName": "",
                    "allowMultiInputs": true,
                    "isDynamicPort": true
                },
                {
                    "portID": "input-1",
                    "displayName": "",
                    "allowMultiInputs": true,
                    "isDynamicPort": true
                }
            ],
            "outputPorts": [
                {
                    "portID": "output-0",
                    "displayName": "",
                    "isDynamicPort": true,
                    "isBlocking": false
                }
            ],
            "showAdvanced": false,
            "isDisabled": false,
            "customDisplayName": "Scatter Plot _legacy_",
            "dynamicInputPorts": true,
            "dynamicOutputPorts": true
        }
    ],
    "operatorPositions": {
        "Dummy-operator-8f09bacc-8926-4779-a3b5-299179e2edf9": {
            "x": 44.0,
            "y": 137.0
        },
        "Dummy-operator-a11e2c0e-ebb8-4948-8355-35f6768063e3": {
            "x": 144.0,
            "y": 137.0
        },
        "Dummy-operator-d35ad456-961a-40d6-a537-521186247679": {
            "x": 244.0,
            "y": 157.0
        },
        "Dummy-operator-ec63c8bc-ca61-46c6-ad33-4b50da6ec348": {
            "x": 464.0,
            "y": 117.0
        },
        "Dummy-operator-9f08f1c5-14e1-4b67-aa5d-955a853c9b19": {
            "x": 584.0,
            "y": 217.0
        },
        "Dummy-operator-827a7ea7-1498-4ef5-ac3c-8d89e9a6f7af": {
            "x": 584.0,
            "y": 57.0
        },
        "Dummy-operator-548dc3c9-27d9-4233-8371-10ac7d7542eb": {
            "x": 684.0,
            "y": 137.0
        },
        "Dummy-operator-e77b676d-3bf4-4046-8c3f-fef33f790022": {
            "x": 824.0,
            "y": 117.0
        },
        "Dummy-operator-b90a2998-a0bf-4138-be05-fb384d4a85da": {
            "x": 960.0,
            "y": 132.0
        },
        "Dummy-operator-02f71ec0-11ef-407f-ac37-ab05ef9aaee3": {
            "x": 61.0,
            "y": 477.0
        },
        "Dummy-operator-6158f9d4-8ab0-4cc0-9966-c544030a3457": {
            "x": 164.0,
            "y": 477.0
        },
        "Dummy-operator-bc9f3ce6-7042-4560-9e05-b7a767c44415": {
            "x": 264.0,
            "y": 497.0
        },
        "Dummy-operator-6a5e006a-b174-4acc-b6b7-b10ad5e2f540": {
            "x": 404.0,
            "y": 457.0
        },
        "Dummy-operator-eff87329-f7cb-4a70-aab2-bc3e60dbf844": {
            "x": 544.0,
            "y": 477.0
        },
        "Dummy-operator-fcb1e138-47bd-40d0-99fe-6185ad7491ac": {
            "x": 664.0,
            "y": 477.0
        },
        "Dummy-operator-761d0bde-190d-4039-88ac-2d2dd3d9b651": {
            "x": 784.0,
            "y": 477.0
        }
    },
    "links": [
        {
            "linkID": "link-ffa2c4a2-b744-44b7-9078-893526f0af46",
            "source": {
                "operatorID": "Dummy-operator-8f09bacc-8926-4779-a3b5-299179e2edf9",
                "portID": "output-1"
            },
            "target": {
                "operatorID": "Dummy-operator-a11e2c0e-ebb8-4948-8355-35f6768063e3",
                "portID": "input-1"
            }
        },
        {
            "linkID": "link-ce70ed46-c9bb-49f8-ad81-f522d554d9cb",
            "source": {
                "operatorID": "Dummy-operator-a11e2c0e-ebb8-4948-8355-35f6768063e3",
                "portID": "output-1"
            },
            "target": {
                "operatorID": "Dummy-operator-d35ad456-961a-40d6-a537-521186247679",
                "portID": "input-1"
            }
        },
        {
            "linkID": "link-a5933237-2083-4780-b97d-d11d8df8b067",
            "source": {
                "operatorID": "Dummy-operator-d35ad456-961a-40d6-a537-521186247679",
                "portID": "output-2"
            },
            "target": {
                "operatorID": "Dummy-operator-9f08f1c5-14e1-4b67-aa5d-955a853c9b19",
                "portID": "input-2"
            }
        },
        {
            "linkID": "link-eec13902-1711-4e54-a985-7dc13a1148b0",
            "source": {
                "operatorID": "Dummy-operator-d35ad456-961a-40d6-a537-521186247679",
                "portID": "output-1"
            },
            "target": {
                "operatorID": "Dummy-operator-ec63c8bc-ca61-46c6-ad33-4b50da6ec348",
                "portID": "input-1"
            }
        },
        {
            "linkID": "link-24935d81-3717-440c-86bc-167feb5d79a8",
            "source": {
                "operatorID": "Dummy-operator-ec63c8bc-ca61-46c6-ad33-4b50da6ec348",
                "portID": "output-3"
            },
            "target": {
                "operatorID": "Dummy-operator-9f08f1c5-14e1-4b67-aa5d-955a853c9b19",
                "portID": "input-1"
            }
        },
        {
            "linkID": "link-aadfa9af-2b63-458a-b4cf-a21235ba9fb1",
            "source": {
                "operatorID": "Dummy-operator-ec63c8bc-ca61-46c6-ad33-4b50da6ec348",
                "portID": "output-1"
            },
            "target": {
                "operatorID": "Dummy-operator-827a7ea7-1498-4ef5-ac3c-8d89e9a6f7af",
                "portID": "input-1"
            }
        },
        {
            "linkID": "link-feeab7fb-c691-4adc-8ea9-199152d5944b",
            "source": {
                "operatorID": "Dummy-operator-ec63c8bc-ca61-46c6-ad33-4b50da6ec348",
                "portID": "output-1"
            },
            "target": {
                "operatorID": "Dummy-operator-548dc3c9-27d9-4233-8371-10ac7d7542eb",
                "portID": "input-1"
            }
        },
        {
            "linkID": "link-5bd3e02f-24b2-41b0-8a0f-0e594f81bfa1",
            "source": {
                "operatorID": "Dummy-operator-548dc3c9-27d9-4233-8371-10ac7d7542eb",
                "portID": "output-1"
            },
            "target": {
                "operatorID": "Dummy-operator-e77b676d-3bf4-4046-8c3f-fef33f790022",
                "portID": "input-1"
            }
        },
        {
            "linkID": "link-4d2ef2b2-4ec8-4872-85e8-a98bd821467a",
            "source": {
                "operatorID": "Dummy-operator-e77b676d-3bf4-4046-8c3f-fef33f790022",
                "portID": "output-1"
            },
            "target": {
                "operatorID": "Dummy-operator-b90a2998-a0bf-4138-be05-fb384d4a85da",
                "portID": "input-1"
            }
        },
        {
            "linkID": "link-ca870ef7-b1d8-4271-849a-cf148c572f9a",
            "source": {
                "operatorID": "Dummy-operator-02f71ec0-11ef-407f-ac37-ab05ef9aaee3",
                "portID": "output-1"
            },
            "target": {
                "operatorID": "Dummy-operator-6158f9d4-8ab0-4cc0-9966-c544030a3457",
                "portID": "input-1"
            }
        },
        {
            "linkID": "link-941728d8-e889-43bd-9fcd-99aeb748ee60",
            "source": {
                "operatorID": "Dummy-operator-6158f9d4-8ab0-4cc0-9966-c544030a3457",
                "portID": "output-1"
            },
            "target": {
                "operatorID": "Dummy-operator-bc9f3ce6-7042-4560-9e05-b7a767c44415",
                "portID": "input-1"
            }
        },
        {
            "linkID": "link-b88d3083-5586-4c9e-a009-200188decfaf",
            "source": {
                "operatorID": "Dummy-operator-bc9f3ce6-7042-4560-9e05-b7a767c44415",
                "portID": "output-1"
            },
            "target": {
                "operatorID": "Dummy-operator-6a5e006a-b174-4acc-b6b7-b10ad5e2f540",
                "portID": "input-1"
            }
        },
        {
            "linkID": "link-d832b55b-d491-4ad2-9231-c947763cff2a",
            "source": {
                "operatorID": "Dummy-operator-6a5e006a-b174-4acc-b6b7-b10ad5e2f540",
                "portID": "output-1"
            },
            "target": {
                "operatorID": "Dummy-operator-eff87329-f7cb-4a70-aab2-bc3e60dbf844",
                "portID": "input-1"
            }
        },
        {
            "linkID": "link-ca668d4f-c743-4fbd-b8ab-a10c3515436d",
            "source": {
                "operatorID": "Dummy-operator-eff87329-f7cb-4a70-aab2-bc3e60dbf844",
                "portID": "output-1"
            },
            "target": {
                "operatorID": "Dummy-operator-fcb1e138-47bd-40d0-99fe-6185ad7491ac",
                "portID": "input-1"
            }
        },
        {
            "linkID": "link-9a274aad-31d0-4617-8a25-f970bcf9ae97",
            "source": {
                "operatorID": "Dummy-operator-fcb1e138-47bd-40d0-99fe-6185ad7491ac",
                "portID": "output-1"
            },
            "target": {
                "operatorID": "Dummy-operator-761d0bde-190d-4039-88ac-2d2dd3d9b651",
                "portID": "input-1"
            }
        }
    ],
    "groups": [],
    "breakpoints": {},
    "commentBoxes": [
        {
            "commentBoxID": "commentBox-e6841a8d-3922-418d-9147-b351497fb758",
            "comments": [
                {
                    "content": "https://hub.knime.com/knime/extensions/org.knime.features.base/latest/org.knime.base.node.io.filehandling.csv.reader.CSVTableReaderNodeFactory",
                    "creatorName": "Bot",
                    "createorID": 1,
                    "creationTime": "2024-03-08T10:36:49.883Z"
                }
            ],
            "commentBoxPosition": {
                "x": 104.0,
                "y": 167.0
            }
        },
        {
            "commentBoxID": "commentBox-745e76c2-c447-4caa-8344-bef279a67c31",
            "comments": [
                {
                    "content": "https://hub.knime.com/knime/extensions/org.knime.features.base/latest/org.knime.base.node.io.filehandling.csv.reader.CSVTableReaderNodeFactory",
                    "creatorName": "Bot",
                    "createorID": 1,
                    "creationTime": "2024-03-08T10:36:49.883Z"
                }
            ],
            "commentBoxPosition": {
                "x": 204.0,
                "y": 167.0
            }
        },
        {
            "commentBoxID": "commentBox-bd2c1ea0-f8e2-497d-bd7c-c842a3ec76a2",
            "comments": [
                {
                    "content": "https://hub.knime.com/knime/extensions/org.knime.features.base/latest/org.knime.base.node.io.filehandling.csv.reader.CSVTableReaderNodeFactory",
                    "creatorName": "Bot",
                    "createorID": 1,
                    "creationTime": "2024-03-08T10:36:49.883Z"
                }
            ],
            "commentBoxPosition": {
                "x": 304.0,
                "y": 187.0
            }
        },
        {
            "commentBoxID": "commentBox-482d2774-b6be-4db8-a2ba-b8a302a490c9",
            "comments": [
                {
                    "content": "https://hub.knime.com/knime/extensions/org.knime.features.base/latest/org.knime.base.node.io.filehandling.csv.reader.CSVTableReaderNodeFactory",
                    "creatorName": "Bot",
                    "createorID": 1,
                    "creationTime": "2024-03-08T10:36:49.883Z"
                }
            ],
            "commentBoxPosition": {
                "x": 524.0,
                "y": 147.0
            }
        },
        {
            "commentBoxID": "commentBox-6d4c7b8d-0613-4a1f-87ae-dc12a4d6b36b",
            "comments": [
                {
                    "content": "https://hub.knime.com/knime/extensions/org.knime.features.base/latest/org.knime.base.node.io.filehandling.csv.reader.CSVTableReaderNodeFactory",
                    "creatorName": "Bot",
                    "createorID": 1,
                    "creationTime": "2024-03-08T10:36:49.883Z"
                }
            ],
            "commentBoxPosition": {
                "x": 644.0,
                "y": 247.0
            }
        },
        {
            "commentBoxID": "commentBox-43a7e5c8-2909-4020-83ce-624f191f1076",
            "comments": [
                {
                    "content": "https://hub.knime.com/knime/extensions/org.knime.features.base/latest/org.knime.base.node.io.filehandling.csv.reader.CSVTableReaderNodeFactory",
                    "creatorName": "Bot",
                    "createorID": 1,
                    "creationTime": "2024-03-08T10:36:49.883Z"
                }
            ],
            "commentBoxPosition": {
                "x": 644.0,
                "y": 87.0
            }
        },
        {
            "commentBoxID": "commentBox-71b63ea9-e2a9-4f2a-9d3a-5cb766220927",
            "comments": [
                {
                    "content": "https://hub.knime.com/knime/extensions/org.knime.features.base/latest/org.knime.base.node.io.filehandling.csv.reader.CSVTableReaderNodeFactory",
                    "creatorName": "Bot",
                    "createorID": 1,
                    "creationTime": "2024-03-08T10:36:49.883Z"
                }
            ],
            "commentBoxPosition": {
                "x": 744.0,
                "y": 167.0
            }
        },
        {
            "commentBoxID": "commentBox-3eda3e70-56ea-47aa-9018-187644e2bf2b",
            "comments": [
                {
                    "content": "https://hub.knime.com/knime/extensions/org.knime.features.base/latest/org.knime.base.node.io.filehandling.csv.reader.CSVTableReaderNodeFactory",
                    "creatorName": "Bot",
                    "createorID": 1,
                    "creationTime": "2024-03-08T10:36:49.883Z"
                }
            ],
            "commentBoxPosition": {
                "x": 884.0,
                "y": 147.0
            }
        },
        {
            "commentBoxID": "commentBox-9c23b7dd-088a-476e-a8ae-11e3c605d2c3",
            "comments": [
                {
                    "content": "https://hub.knime.com/knime/extensions/org.knime.features.base/latest/org.knime.base.node.io.filehandling.csv.reader.CSVTableReaderNodeFactory",
                    "creatorName": "Bot",
                    "createorID": 1,
                    "creationTime": "2024-03-08T10:36:49.883Z"
                }
            ],
            "commentBoxPosition": {
                "x": 1020.0,
                "y": 162.0
            }
        },
        {
            "commentBoxID": "commentBox-82f91c1c-bd71-40d1-a4a8-560ec1590180",
            "comments": [
                {
                    "content": "https://hub.knime.com/knime/extensions/org.knime.features.base/latest/org.knime.base.node.io.filehandling.csv.reader.CSVTableReaderNodeFactory",
                    "creatorName": "Bot",
                    "createorID": 1,
                    "creationTime": "2024-03-08T10:36:49.883Z"
                }
            ],
            "commentBoxPosition": {
                "x": 121.0,
                "y": 507.0
            }
        },
        {
            "commentBoxID": "commentBox-32f5eb4b-235d-4305-a140-6a08a61d8f53",
            "comments": [
                {
                    "content": "https://hub.knime.com/knime/extensions/org.knime.features.base/latest/org.knime.base.node.io.filehandling.csv.reader.CSVTableReaderNodeFactory",
                    "creatorName": "Bot",
                    "createorID": 1,
                    "creationTime": "2024-03-08T10:36:49.883Z"
                }
            ],
            "commentBoxPosition": {
                "x": 224.0,
                "y": 507.0
            }
        },
        {
            "commentBoxID": "commentBox-1d61f152-7516-4ec0-a1f6-b70120cc145a",
            "comments": [
                {
                    "content": "https://hub.knime.com/knime/extensions/org.knime.features.base/latest/org.knime.base.node.io.filehandling.csv.reader.CSVTableReaderNodeFactory",
                    "creatorName": "Bot",
                    "createorID": 1,
                    "creationTime": "2024-03-08T10:36:49.883Z"
                }
            ],
            "commentBoxPosition": {
                "x": 324.0,
                "y": 527.0
            }
        },
        {
            "commentBoxID": "commentBox-5396d37b-8844-42a0-8687-955e581226ef",
            "comments": [
                {
                    "content": "https://hub.knime.com/knime/extensions/org.knime.features.base/latest/org.knime.base.node.io.filehandling.csv.reader.CSVTableReaderNodeFactory",
                    "creatorName": "Bot",
                    "createorID": 1,
                    "creationTime": "2024-03-08T10:36:49.883Z"
                }
            ],
            "commentBoxPosition": {
                "x": 464.0,
                "y": 487.0
            }
        },
        {
            "commentBoxID": "commentBox-abeac33a-6f04-4b42-bcb5-7e347e8bc16d",
            "comments": [
                {
                    "content": "https://hub.knime.com/knime/extensions/org.knime.features.base/latest/org.knime.base.node.io.filehandling.csv.reader.CSVTableReaderNodeFactory",
                    "creatorName": "Bot",
                    "createorID": 1,
                    "creationTime": "2024-03-08T10:36:49.883Z"
                }
            ],
            "commentBoxPosition": {
                "x": 604.0,
                "y": 507.0
            }
        },
        {
            "commentBoxID": "commentBox-49dfc24c-df03-4701-985f-90fd21c881d5",
            "comments": [
                {
                    "content": "https://hub.knime.com/knime/extensions/org.knime.features.base/latest/org.knime.base.node.io.filehandling.csv.reader.CSVTableReaderNodeFactory",
                    "creatorName": "Bot",
                    "createorID": 1,
                    "creationTime": "2024-03-08T10:36:49.883Z"
                }
            ],
            "commentBoxPosition": {
                "x": 724.0,
                "y": 507.0
            }
        },
        {
            "commentBoxID": "commentBox-9872ba13-12b5-4ddd-bcde-4e70ff62e4ef",
            "comments": [
                {
                    "content": "https://hub.knime.com/knime/extensions/org.knime.features.base/latest/org.knime.base.node.io.filehandling.csv.reader.CSVTableReaderNodeFactory",
                    "creatorName": "Bot",
                    "createorID": 1,
                    "creationTime": "2024-03-08T10:36:49.883Z"
                }
            ],
            "commentBoxPosition": {
                "x": 844.0,
                "y": 507.0
            }
        }
    ]
}