{
    "operators": [
        {
            "operatorID": "Dummy-operator-b9d801c9-f7c6-4ff1-94fd-8ec2bcb834f4",
            "operatorType": "Dummy",
            "operatorVersion": "",
            "operatorProperties": {
                "dummyPropertyList": [
                    {
                        "dummyProperty": "Source XML",
                        "dummyValue": "Omitted for license reasons"
                    }
                ]
            },
            "inputPorts": [
                {
                    "portID": "input-0",
                    "displayName": "",
                    "allowMultiInputs": true,
                    "isDynamicPort": true
                }
            ],
            "outputPorts": [
                {
                    "portID": "output-0",
                    "displayName": "",
                    "isDynamicPort": true,
                    "isBlocking": false
                },
                {
                    "portID": "output-1",
                    "displayName": "",
                    "isDynamicPort": true,
                    "isBlocking": false,
                    "materializationSize": 4.1142578125
                }
            ],
            "showAdvanced": false,
            "isDisabled": false,
            "customDisplayName": "Create Date_Time Range",
            "dynamicInputPorts": true,
            "dynamicOutputPorts": true
        },
        {
            "operatorID": "Dummy-operator-21f8766f-fcc9-4266-9d8e-140a2cf7524e",
            "operatorType": "Dummy",
            "operatorVersion": "",
            "operatorProperties": {
                "dummyPropertyList": [
                    {
                        "dummyProperty": "Source XML",
                        "dummyValue": "Omitted for license reasons"
                    }
                ]
            },
            "inputPorts": [
                {
                    "portID": "input-0",
                    "displayName": "",
                    "allowMultiInputs": true,
                    "isDynamicPort": true
                },
                {
                    "portID": "input-1",
                    "displayName": "",
                    "allowMultiInputs": true,
                    "isDynamicPort": true
                }
            ],
            "outputPorts": [
                {
                    "portID": "output-0",
                    "displayName": "",
                    "isDynamicPort": true,
                    "isBlocking": false
                },
                {
                    "portID": "output-1",
                    "displayName": "",
                    "isDynamicPort": true,
                    "isBlocking": false,
                    "materializationSize": 6.1787109375
                }
            ],
            "showAdvanced": false,
            "isDisabled": false,
            "customDisplayName": "Math Formula",
            "dynamicInputPorts": true,
            "dynamicOutputPorts": true
        },
        {
            "operatorID": "Dummy-operator-c52e9709-e4ac-43f9-970d-e97f5495642d",
            "operatorType": "Dummy",
            "operatorVersion": "",
            "operatorProperties": {
                "dummyPropertyList": [
                    {
                        "dummyProperty": "Source XML",
                        "dummyValue": "Omitted for license reasons"
                    }
                ]
            },
            "inputPorts": [
                {
                    "portID": "input-0",
                    "displayName": "",
                    "allowMultiInputs": true,
                    "isDynamicPort": true
                },
                {
                    "portID": "input-1",
                    "displayName": "",
                    "allowMultiInputs": true,
                    "isDynamicPort": true
                }
            ],
            "outputPorts": [
                {
                    "portID": "output-0",
                    "displayName": "",
                    "isDynamicPort": true,
                    "isBlocking": false
                },
                {
                    "portID": "output-1",
                    "displayName": "",
                    "isDynamicPort": true,
                    "isBlocking": false,
                    "materializationSize": 3.9833984375
                }
            ],
            "showAdvanced": false,
            "isDisabled": false,
            "customDisplayName": "Recursive Loop Start",
            "dynamicInputPorts": true,
            "dynamicOutputPorts": true
        },
        {
            "operatorID": "Dummy-operator-034074a5-fd49-47a9-aca6-e67e6e7c7385",
            "operatorType": "Dummy",
            "operatorVersion": "",
            "operatorProperties": {
                "dummyPropertyList": [
                    {
                        "dummyProperty": "Source XML",
                        "dummyValue": "Omitted for license reasons"
                    }
                ]
            },
            "inputPorts": [
                {
                    "portID": "input-0",
                    "displayName": "",
                    "allowMultiInputs": true,
                    "isDynamicPort": true
                },
                {
                    "portID": "input-1",
                    "displayName": "",
                    "allowMultiInputs": true,
                    "isDynamicPort": true
                },
                {
                    "portID": "input-2",
                    "displayName": "",
                    "allowMultiInputs": true,
                    "isDynamicPort": true
                }
            ],
            "outputPorts": [
                {
                    "portID": "output-0",
                    "displayName": "",
                    "isDynamicPort": true,
                    "isBlocking": false
                },
                {
                    "portID": "output-1",
                    "displayName": "",
                    "isDynamicPort": true,
                    "isBlocking": false,
                    "materializationSize": 4.412109375
                }
            ],
            "showAdvanced": false,
            "isDisabled": false,
            "customDisplayName": "Recursive Loop End",
            "dynamicInputPorts": true,
            "dynamicOutputPorts": true
        },
        {
            "operatorID": "Dummy-operator-608af53e-e793-471c-8562-202f2a3b16ee",
            "operatorType": "Dummy",
            "operatorVersion": "",
            "operatorProperties": {
                "dummyPropertyList": [
                    {
                        "dummyProperty": "Source XML",
                        "dummyValue": "Omitted for license reasons"
                    }
                ]
            },
            "inputPorts": [
                {
                    "portID": "input-0",
                    "displayName": "",
                    "allowMultiInputs": true,
                    "isDynamicPort": true
                },
                {
                    "portID": "input-1",
                    "displayName": "",
                    "allowMultiInputs": true,
                    "isDynamicPort": true
                }
            ],
            "outputPorts": [
                {
                    "portID": "output-0",
                    "displayName": "",
                    "isDynamicPort": true,
                    "isBlocking": false
                },
                {
                    "portID": "output-1",
                    "displayName": "",
                    "isDynamicPort": true,
                    "isBlocking": false,
                    "materializationSize": 16.9990234375
                }
            ],
            "showAdvanced": false,
            "isDisabled": false,
            "customDisplayName": "Lag Column",
            "dynamicInputPorts": true,
            "dynamicOutputPorts": true
        },
        {
            "operatorID": "Dummy-operator-7eb78575-7e67-4ade-b500-f9f14689f690",
            "operatorType": "Dummy",
            "operatorVersion": "",
            "operatorProperties": {
                "dummyPropertyList": [
                    {
                        "dummyProperty": "Source XML",
                        "dummyValue": "Omitted for license reasons"
                    }
                ]
            },
            "inputPorts": [
                {
                    "portID": "input-0",
                    "displayName": "",
                    "allowMultiInputs": true,
                    "isDynamicPort": true
                },
                {
                    "portID": "input-1",
                    "displayName": "",
                    "allowMultiInputs": true,
                    "isDynamicPort": true
                }
            ],
            "outputPorts": [
                {
                    "portID": "output-0",
                    "displayName": "",
                    "isDynamicPort": true,
                    "isBlocking": false
                },
                {
                    "portID": "output-1",
                    "displayName": "",
                    "isDynamicPort": true,
                    "isBlocking": true,
                    "materializationSize": 2.953125
                },
                {
                    "portID": "output-2",
                    "displayName": "",
                    "isDynamicPort": true,
                    "isBlocking": false,
                    "materializationSize": 19.462890625
                },
                {
                    "portID": "output-3",
                    "displayName": "",
                    "isDynamicPort": true,
                    "isBlocking": false,
                    "materializationSize": 9.896484375
                }
            ],
            "showAdvanced": false,
            "isDisabled": false,
            "customDisplayName": "Polynomial Regression Learner",
            "dynamicInputPorts": true,
            "dynamicOutputPorts": true
        },
        {
            "operatorID": "Dummy-operator-787222f8-56bb-433e-83de-1177ef1c9b42",
            "operatorType": "Dummy",
            "operatorVersion": "",
            "operatorProperties": {
                "dummyPropertyList": [
                    {
                        "dummyProperty": "Source XML",
                        "dummyValue": "Omitted for license reasons"
                    }
                ]
            },
            "inputPorts": [
                {
                    "portID": "input-0",
                    "displayName": "",
                    "allowMultiInputs": true,
                    "isDynamicPort": true
                },
                {
                    "portID": "input-1",
                    "displayName": "",
                    "allowMultiInputs": true,
                    "isDynamicPort": true
                },
                {
                    "portID": "input-2",
                    "displayName": "",
                    "allowMultiInputs": true,
                    "isDynamicPort": true
                }
            ],
            "outputPorts": [
                {
                    "portID": "output-0",
                    "displayName": "",
                    "isDynamicPort": true,
                    "isBlocking": false
                },
                {
                    "portID": "output-1",
                    "displayName": "",
                    "isDynamicPort": true,
                    "isBlocking": false,
                    "materializationSize": 25.9482421875
                }
            ],
            "showAdvanced": false,
            "isDisabled": false,
            "customDisplayName": "Regression Predictor",
            "dynamicInputPorts": true,
            "dynamicOutputPorts": true
        },
        {
            "operatorID": "Dummy-operator-257b5d25-103a-4ab9-bf15-6349a97743ac",
            "operatorType": "Dummy",
            "operatorVersion": "",
            "operatorProperties": {
                "dummyPropertyList": [
                    {
                        "dummyProperty": "Source XML",
                        "dummyValue": "Omitted for license reasons"
                    }
                ]
            },
            "inputPorts": [
                {
                    "portID": "input-0",
                    "displayName": "",
                    "allowMultiInputs": true,
                    "isDynamicPort": true
                },
                {
                    "portID": "input-1",
                    "displayName": "",
                    "allowMultiInputs": true,
                    "isDynamicPort": true
                },
                {
                    "portID": "input-2",
                    "displayName": "",
                    "allowMultiInputs": true,
                    "isDynamicPort": true
                }
            ],
            "outputPorts": [
                {
                    "portID": "output-0",
                    "displayName": "",
                    "isDynamicPort": true,
                    "isBlocking": false
                },
                {
                    "portID": "output-1",
                    "displayName": "",
                    "isDynamicPort": true,
                    "isBlocking": false,
                    "materializationSize": 6.982421875
                }
            ],
            "showAdvanced": false,
            "isDisabled": false,
            "customDisplayName": "Concatenate",
            "dynamicInputPorts": true,
            "dynamicOutputPorts": true
        },
        {
            "operatorID": "Dummy-operator-35b6b508-8f30-431e-915d-03d2bca1e505",
            "operatorType": "Dummy",
            "operatorVersion": "",
            "operatorProperties": {
                "dummyPropertyList": [
                    {
                        "dummyProperty": "Source XML",
                        "dummyValue": "Omitted for license reasons"
                    }
                ]
            },
            "inputPorts": [
                {
                    "portID": "input-0",
                    "displayName": "",
                    "allowMultiInputs": true,
                    "isDynamicPort": true
                },
                {
                    "portID": "input-1",
                    "displayName": "",
                    "allowMultiInputs": true,
                    "isDynamicPort": true
                }
            ],
            "outputPorts": [
                {
                    "portID": "output-0",
                    "displayName": "",
                    "isDynamicPort": true,
                    "isBlocking": false
                },
                {
                    "portID": "output-1",
                    "displayName": "",
                    "isDynamicPort": true,
                    "isBlocking": false,
                    "materializationSize": 3.5283203125
                }
            ],
            "showAdvanced": false,
            "isDisabled": false,
            "customDisplayName": "Column Filter",
            "dynamicInputPorts": true,
            "dynamicOutputPorts": true
        },
        {
            "operatorID": "Dummy-operator-f72fa433-fc90-4e68-8aba-513c434ec51e",
            "operatorType": "Dummy",
            "operatorVersion": "",
            "operatorProperties": {
                "dummyPropertyList": [
                    {
                        "dummyProperty": "Source XML",
                        "dummyValue": "Omitted for license reasons"
                    }
                ]
            },
            "inputPorts": [
                {
                    "portID": "input-0",
                    "displayName": "",
                    "allowMultiInputs": true,
                    "isDynamicPort": true
                },
                {
                    "portID": "input-1",
                    "displayName": "",
                    "allowMultiInputs": true,
                    "isDynamicPort": true
                }
            ],
            "outputPorts": [
                {
                    "portID": "output-0",
                    "displayName": "",
                    "isDynamicPort": true,
                    "isBlocking": false
                },
                {
                    "portID": "output-1",
                    "displayName": "",
                    "isDynamicPort": true,
                    "isBlocking": false,
                    "materializationSize": 3.94921875
                }
            ],
            "showAdvanced": false,
            "isDisabled": false,
            "customDisplayName": "Row Filter",
            "dynamicInputPorts": true,
            "dynamicOutputPorts": true
        },
        {
            "operatorID": "Dummy-operator-4c391723-deee-4f73-a069-d3bf96920bc1",
            "operatorType": "Dummy",
            "operatorVersion": "",
            "operatorProperties": {
                "dummyPropertyList": [
                    {
                        "dummyProperty": "Source XML",
                        "dummyValue": "Omitted for license reasons"
                    }
                ]
            },
            "inputPorts": [
                {
                    "portID": "input-0",
                    "displayName": "",
                    "allowMultiInputs": true,
                    "isDynamicPort": true
                },
                {
                    "portID": "input-1",
                    "displayName": "",
                    "allowMultiInputs": true,
                    "isDynamicPort": true
                }
            ],
            "outputPorts": [
                {
                    "portID": "output-0",
                    "displayName": "",
                    "isDynamicPort": true,
                    "isBlocking": false
                },
                {
                    "portID": "output-1",
                    "displayName": "",
                    "isDynamicPort": true,
                    "isBlocking": false,
                    "materializationSize": 3.9833984375
                }
            ],
            "showAdvanced": false,
            "isDisabled": false,
            "customDisplayName": "Row Filter",
            "dynamicInputPorts": true,
            "dynamicOutputPorts": true
        },
        {
            "operatorID": "Dummy-operator-1c15fbe3-210e-4f5f-b995-180c3f285aaa",
            "operatorType": "Dummy",
            "operatorVersion": "",
            "operatorProperties": {
                "dummyPropertyList": [
                    {
                        "dummyProperty": "Source XML",
                        "dummyValue": "Omitted for license reasons"
                    }
                ]
            },
            "inputPorts": [
                {
                    "portID": "input-0",
                    "displayName": "",
                    "allowMultiInputs": true,
                    "isDynamicPort": true
                },
                {
                    "portID": "input-1",
                    "displayName": "",
                    "allowMultiInputs": true,
                    "isDynamicPort": true
                }
            ],
            "outputPorts": [
                {
                    "portID": "output-0",
                    "displayName": "",
                    "isDynamicPort": true,
                    "isBlocking": false
                },
                {
                    "portID": "output-1",
                    "displayName": "",
                    "isDynamicPort": true,
                    "isBlocking": false,
                    "materializationSize": 12.8583984375
                }
            ],
            "showAdvanced": false,
            "isDisabled": false,
            "customDisplayName": "Lag Column",
            "dynamicInputPorts": true,
            "dynamicOutputPorts": true
        },
        {
            "operatorID": "Dummy-operator-35800533-cd85-424a-8f54-6f865ab8538a",
            "operatorType": "Dummy",
            "operatorVersion": "",
            "operatorProperties": {
                "dummyPropertyList": [
                    {
                        "dummyProperty": "Source XML",
                        "dummyValue": "Omitted for license reasons"
                    }
                ]
            },
            "inputPorts": [
                {
                    "portID": "input-0",
                    "displayName": "",
                    "allowMultiInputs": true,
                    "isDynamicPort": true
                },
                {
                    "portID": "input-1",
                    "displayName": "",
                    "allowMultiInputs": true,
                    "isDynamicPort": true
                }
            ],
            "outputPorts": [
                {
                    "portID": "output-0",
                    "displayName": "",
                    "isDynamicPort": true,
                    "isBlocking": false
                },
                {
                    "portID": "output-1",
                    "displayName": "",
                    "isDynamicPort": true,
                    "isBlocking": false,
                    "materializationSize": 2.4365234375
                }
            ],
            "showAdvanced": false,
            "isDisabled": false,
            "customDisplayName": "Extract Table Dimension",
            "dynamicInputPorts": true,
            "dynamicOutputPorts": true
        },
        {
            "operatorID": "Dummy-operator-c9289453-5148-44e9-94af-f056690bd1d6",
            "operatorType": "Dummy",
            "operatorVersion": "",
            "operatorProperties": {
                "dummyPropertyList": [
                    {
                        "dummyProperty": "Source XML",
                        "dummyValue": "Omitted for license reasons"
                    }
                ]
            },
            "inputPorts": [
                {
                    "portID": "input-0",
                    "displayName": "",
                    "allowMultiInputs": true,
                    "isDynamicPort": true
                },
                {
                    "portID": "input-1",
                    "displayName": "",
                    "allowMultiInputs": true,
                    "isDynamicPort": true
                }
            ],
            "outputPorts": [
                {
                    "portID": "output-0",
                    "displayName": "",
                    "isDynamicPort": true,
                    "isBlocking": false
                },
                {
                    "portID": "output-1",
                    "displayName": "",
                    "isDynamicPort": true,
                    "isBlocking": true,
                    "materializationSize": 0.28125
                }
            ],
            "showAdvanced": false,
            "isDisabled": false,
            "customDisplayName": "Math Formula _Variable_",
            "dynamicInputPorts": true,
            "dynamicOutputPorts": true
        },
        {
            "operatorID": "Dummy-operator-2300cb14-ad51-4c44-81ca-b60ba2e86015",
            "operatorType": "Dummy",
            "operatorVersion": "",
            "operatorProperties": {
                "dummyPropertyList": [
                    {
                        "dummyProperty": "Source XML",
                        "dummyValue": "Omitted for license reasons"
                    }
                ]
            },
            "inputPorts": [
                {
                    "portID": "input-0",
                    "displayName": "",
                    "allowMultiInputs": true,
                    "isDynamicPort": true
                },
                {
                    "portID": "input-1",
                    "displayName": "",
                    "allowMultiInputs": true,
                    "isDynamicPort": true
                }
            ],
            "outputPorts": [
                {
                    "portID": "output-0",
                    "displayName": "",
                    "isDynamicPort": true,
                    "isBlocking": false
                },
                {
                    "portID": "output-1",
                    "displayName": "",
                    "isDynamicPort": true,
                    "isBlocking": false,
                    "materializationSize": 3.982421875
                }
            ],
            "showAdvanced": false,
            "isDisabled": false,
            "customDisplayName": "Row Filter",
            "dynamicInputPorts": true,
            "dynamicOutputPorts": true
        },
        {
            "operatorID": "Dummy-operator-9a3d99c4-d36a-4c6c-80b8-77e1e9785639",
            "operatorType": "Dummy",
            "operatorVersion": "",
            "operatorProperties": {
                "dummyPropertyList": [
                    {
                        "dummyProperty": "Source XML",
                        "dummyValue": "Omitted for license reasons"
                    }
                ]
            },
            "inputPorts": [
                {
                    "portID": "input-0",
                    "displayName": "",
                    "allowMultiInputs": true,
                    "isDynamicPort": true
                },
                {
                    "portID": "input-1",
                    "displayName": "",
                    "allowMultiInputs": true,
                    "isDynamicPort": true
                }
            ],
            "outputPorts": [
                {
                    "portID": "output-0",
                    "displayName": "",
                    "isDynamicPort": true,
                    "isBlocking": true
                },
                {
                    "portID": "output-1",
                    "displayName": "",
                    "isDynamicPort": true,
                    "isBlocking": true,
                    "materializationSize": 2.8837890625
                }
            ],
            "showAdvanced": false,
            "isDisabled": false,
            "customDisplayName": "GroupBy",
            "dynamicInputPorts": true,
            "dynamicOutputPorts": true
        },
        {
            "operatorID": "Dummy-operator-145f59d8-2ba9-4e33-a4f5-c82b5800975b",
            "operatorType": "Dummy",
            "operatorVersion": "",
            "operatorProperties": {
                "dummyPropertyList": [
                    {
                        "dummyProperty": "Source XML",
                        "dummyValue": "Omitted for license reasons"
                    }
                ]
            },
            "inputPorts": [
                {
                    "portID": "input-0",
                    "displayName": "",
                    "allowMultiInputs": true,
                    "isDynamicPort": true
                },
                {
                    "portID": "input-1",
                    "displayName": "",
                    "allowMultiInputs": true,
                    "isDynamicPort": true
                }
            ],
            "outputPorts": [
                {
                    "portID": "output-0",
                    "displayName": "",
                    "isDynamicPort": true,
                    "isBlocking": false
                },
                {
                    "portID": "output-1",
                    "displayName": "",
                    "isDynamicPort": true,
                    "isBlocking": false,
                    "materializationSize": 3.3408203125
                }
            ],
            "showAdvanced": false,
            "isDisabled": false,
            "customDisplayName": "Date_Time Shift",
            "dynamicInputPorts": true,
            "dynamicOutputPorts": true
        },
        {
            "operatorID": "Dummy-operator-f2fa9a89-b9c1-49c0-b812-6881d479e01c",
            "operatorType": "Dummy",
            "operatorVersion": "",
            "operatorProperties": {
                "dummyPropertyList": [
                    {
                        "dummyProperty": "Source XML",
                        "dummyValue": "Omitted for license reasons"
                    }
                ]
            },
            "inputPorts": [
                {
                    "portID": "input-0",
                    "displayName": "",
                    "allowMultiInputs": true,
                    "isDynamicPort": true
                },
                {
                    "portID": "input-1",
                    "displayName": "",
                    "allowMultiInputs": true,
                    "isDynamicPort": true
                },
                {
                    "portID": "input-2",
                    "displayName": "",
                    "allowMultiInputs": true,
                    "isDynamicPort": true
                }
            ],
            "outputPorts": [
                {
                    "portID": "output-0",
                    "displayName": "",
                    "isDynamicPort": true,
                    "isBlocking": false
                },
                {
                    "portID": "output-1",
                    "displayName": "",
                    "isDynamicPort": true,
                    "isBlocking": false,
                    "materializationSize": 3.41015625
                }
            ],
            "showAdvanced": false,
            "isDisabled": false,
            "customDisplayName": "Concatenate",
            "dynamicInputPorts": true,
            "dynamicOutputPorts": true
        },
        {
            "operatorID": "Dummy-operator-33bbd83e-a1f1-4475-9221-4ba59dc17384",
            "operatorType": "Dummy",
            "operatorVersion": "",
            "operatorProperties": {
                "dummyPropertyList": [
                    {
                        "dummyProperty": "Source XML",
                        "dummyValue": "Omitted for license reasons"
                    }
                ]
            },
            "inputPorts": [
                {
                    "portID": "input-0",
                    "displayName": "",
                    "allowMultiInputs": true,
                    "isDynamicPort": true
                },
                {
                    "portID": "input-1",
                    "displayName": "",
                    "allowMultiInputs": true,
                    "isDynamicPort": true
                }
            ],
            "outputPorts": [
                {
                    "portID": "output-0",
                    "displayName": "",
                    "isDynamicPort": true,
                    "isBlocking": false
                },
                {
                    "portID": "output-1",
                    "displayName": "",
                    "isDynamicPort": true,
                    "isBlocking": false,
                    "materializationSize": 12.681640625
                }
            ],
            "showAdvanced": false,
            "isDisabled": false,
            "customDisplayName": "Row Filter",
            "dynamicInputPorts": true,
            "dynamicOutputPorts": true
        },
        {
            "operatorID": "Dummy-operator-01b032fb-e1d6-4fda-b0ab-138f7dabe44b",
            "operatorType": "Dummy",
            "operatorVersion": "",
            "operatorProperties": {
                "dummyPropertyList": [
                    {
                        "dummyProperty": "Source XML",
                        "dummyValue": "Omitted for license reasons"
                    }
                ]
            },
            "inputPorts": [
                {
                    "portID": "input-0",
                    "displayName": "",
                    "allowMultiInputs": true,
                    "isDynamicPort": true
                },
                {
                    "portID": "input-1",
                    "displayName": "",
                    "allowMultiInputs": true,
                    "isDynamicPort": true
                }
            ],
            "outputPorts": [
                {
                    "portID": "output-0",
                    "displayName": "",
                    "isDynamicPort": true,
                    "isBlocking": false
                },
                {
                    "portID": "output-1",
                    "displayName": "",
                    "isDynamicPort": true,
                    "isBlocking": false,
                    "materializationSize": 12.2060546875
                }
            ],
            "showAdvanced": false,
            "isDisabled": false,
            "customDisplayName": "Column Filter",
            "dynamicInputPorts": true,
            "dynamicOutputPorts": true
        }
    ],
    "operatorPositions": {
        "Dummy-operator-b9d801c9-f7c6-4ff1-94fd-8ec2bcb834f4": {
            "x": 144.0,
            "y": 397.0
        },
        "Dummy-operator-21f8766f-fcc9-4266-9d8e-140a2cf7524e": {
            "x": 264.0,
            "y": 397.0
        },
        "Dummy-operator-c52e9709-e4ac-43f9-970d-e97f5495642d": {
            "x": 464.0,
            "y": 397.0
        },
        "Dummy-operator-034074a5-fd49-47a9-aca6-e67e6e7c7385": {
            "x": 1284.0,
            "y": 397.0
        },
        "Dummy-operator-608af53e-e793-471c-8562-202f2a3b16ee": {
            "x": 544.0,
            "y": 217.0
        },
        "Dummy-operator-7eb78575-7e67-4ade-b500-f9f14689f690": {
            "x": 664.0,
            "y": 217.0
        },
        "Dummy-operator-787222f8-56bb-433e-83de-1177ef1c9b42": {
            "x": 844.0,
            "y": 377.0
        },
        "Dummy-operator-257b5d25-103a-4ab9-bf15-6349a97743ac": {
            "x": 1064.0,
            "y": 317.0
        },
        "Dummy-operator-35b6b508-8f30-431e-915d-03d2bca1e505": {
            "x": 944.0,
            "y": 377.0
        },
        "Dummy-operator-f72fa433-fc90-4e68-8aba-513c434ec51e": {
            "x": 384.0,
            "y": 397.0
        },
        "Dummy-operator-4c391723-deee-4f73-a069-d3bf96920bc1": {
            "x": 1164.0,
            "y": 297.0
        },
        "Dummy-operator-1c15fbe3-210e-4f5f-b995-180c3f285aaa": {
            "x": 984.0,
            "y": 597.0
        },
        "Dummy-operator-35800533-cd85-424a-8f54-6f865ab8538a": {
            "x": 424.0,
            "y": 637.0
        },
        "Dummy-operator-c9289453-5148-44e9-94af-f056690bd1d6": {
            "x": 524.0,
            "y": 637.0
        },
        "Dummy-operator-2300cb14-ad51-4c44-81ca-b60ba2e86015": {
            "x": 624.0,
            "y": 577.0
        },
        "Dummy-operator-9a3d99c4-d36a-4c6c-80b8-77e1e9785639": {
            "x": 704.0,
            "y": 657.0
        },
        "Dummy-operator-145f59d8-2ba9-4e33-a4f5-c82b5800975b": {
            "x": 804.0,
            "y": 657.0
        },
        "Dummy-operator-f2fa9a89-b9c1-49c0-b812-6881d479e01c": {
            "x": 904.0,
            "y": 597.0
        },
        "Dummy-operator-33bbd83e-a1f1-4475-9221-4ba59dc17384": {
            "x": 1084.0,
            "y": 597.0
        },
        "Dummy-operator-01b032fb-e1d6-4fda-b0ab-138f7dabe44b": {
            "x": 1184.0,
            "y": 597.0
        }
    },
    "links": [
        {
            "linkID": "link-a0badc3c-7474-42e6-ad3a-5fa58fbb9b0f",
            "source": {
                "operatorID": "Dummy-operator-1c15fbe3-210e-4f5f-b995-180c3f285aaa",
                "portID": "output-1"
            },
            "target": {
                "operatorID": "Dummy-operator-33bbd83e-a1f1-4475-9221-4ba59dc17384",
                "portID": "input-1"
            }
        },
        {
            "linkID": "link-4a8f9f36-567e-4605-a06d-5d9c6804e594",
            "source": {
                "operatorID": "Dummy-operator-35800533-cd85-424a-8f54-6f865ab8538a",
                "portID": "output-0"
            },
            "target": {
                "operatorID": "Dummy-operator-c9289453-5148-44e9-94af-f056690bd1d6",
                "portID": "input-1"
            }
        },
        {
            "linkID": "link-1c3196a3-00d4-40a7-ae27-97a93f3a467e",
            "source": {
                "operatorID": "Dummy-operator-c9289453-5148-44e9-94af-f056690bd1d6",
                "portID": "output-1"
            },
            "target": {
                "operatorID": "Dummy-operator-2300cb14-ad51-4c44-81ca-b60ba2e86015",
                "portID": "input-0"
            }
        },
        {
            "linkID": "link-9a54e087-4797-4345-9fdc-90099f066ba7",
            "source": {
                "operatorID": "Dummy-operator-2300cb14-ad51-4c44-81ca-b60ba2e86015",
                "portID": "output-1"
            },
            "target": {
                "operatorID": "Dummy-operator-9a3d99c4-d36a-4c6c-80b8-77e1e9785639",
                "portID": "input-1"
            }
        },
        {
            "linkID": "link-6ecf818e-f137-4fad-bf5c-1e5d4b54c763",
            "source": {
                "operatorID": "Dummy-operator-2300cb14-ad51-4c44-81ca-b60ba2e86015",
                "portID": "output-1"
            },
            "target": {
                "operatorID": "Dummy-operator-f2fa9a89-b9c1-49c0-b812-6881d479e01c",
                "portID": "input-1"
            }
        },
        {
            "linkID": "link-0f8f6fa2-11a8-4043-bc60-2c1a31d8f780",
            "source": {
                "operatorID": "Dummy-operator-9a3d99c4-d36a-4c6c-80b8-77e1e9785639",
                "portID": "output-1"
            },
            "target": {
                "operatorID": "Dummy-operator-145f59d8-2ba9-4e33-a4f5-c82b5800975b",
                "portID": "input-1"
            }
        },
        {
            "linkID": "link-d5ad4dec-c69f-40f9-9af6-c16802ffe128",
            "source": {
                "operatorID": "Dummy-operator-145f59d8-2ba9-4e33-a4f5-c82b5800975b",
                "portID": "output-1"
            },
            "target": {
                "operatorID": "Dummy-operator-f2fa9a89-b9c1-49c0-b812-6881d479e01c",
                "portID": "input-2"
            }
        },
        {
            "linkID": "link-0f263d08-1fb0-474a-ba8a-f92718e93ee6",
            "source": {
                "operatorID": "Dummy-operator-f2fa9a89-b9c1-49c0-b812-6881d479e01c",
                "portID": "output-1"
            },
            "target": {
                "operatorID": "Dummy-operator-1c15fbe3-210e-4f5f-b995-180c3f285aaa",
                "portID": "input-1"
            }
        },
        {
            "linkID": "link-0877708c-2ead-49ac-ae41-efebbc6bd3d5",
            "source": {
                "operatorID": "Dummy-operator-33bbd83e-a1f1-4475-9221-4ba59dc17384",
                "portID": "output-1"
            },
            "target": {
                "operatorID": "Dummy-operator-01b032fb-e1d6-4fda-b0ab-138f7dabe44b",
                "portID": "input-1"
            }
        },
        {
            "linkID": "link-1b7337b7-b233-4d05-b74b-5e0801480072",
            "source": {
                "operatorID": "Dummy-operator-b9d801c9-f7c6-4ff1-94fd-8ec2bcb834f4",
                "portID": "output-1"
            },
            "target": {
                "operatorID": "Dummy-operator-21f8766f-fcc9-4266-9d8e-140a2cf7524e",
                "portID": "input-1"
            }
        },
        {
            "linkID": "link-e16aa4b7-3040-40a4-9a4b-dc0f4b4a5ee0",
            "source": {
                "operatorID": "Dummy-operator-21f8766f-fcc9-4266-9d8e-140a2cf7524e",
                "portID": "output-1"
            },
            "target": {
                "operatorID": "Dummy-operator-608af53e-e793-471c-8562-202f2a3b16ee",
                "portID": "input-1"
            }
        },
        {
            "linkID": "link-baac9c57-28f1-4dcc-8b36-1b75c3713b9d",
            "source": {
                "operatorID": "Dummy-operator-21f8766f-fcc9-4266-9d8e-140a2cf7524e",
                "portID": "output-1"
            },
            "target": {
                "operatorID": "Dummy-operator-f72fa433-fc90-4e68-8aba-513c434ec51e",
                "portID": "input-1"
            }
        },
        {
            "linkID": "link-1776d5a4-b7d0-443f-8d12-172a5c912414",
            "source": {
                "operatorID": "Dummy-operator-c52e9709-e4ac-43f9-970d-e97f5495642d",
                "portID": "output-1"
            },
            "target": {
                "operatorID": "Dummy-operator-257b5d25-103a-4ab9-bf15-6349a97743ac",
                "portID": "input-1"
            }
        },
        {
            "linkID": "link-ae067a95-1d55-4a6d-a127-6a19de787d03",
            "source": {
                "operatorID": "Dummy-operator-c52e9709-e4ac-43f9-970d-e97f5495642d",
                "portID": "output-1"
            },
            "target": {
                "operatorID": "Dummy-operator-2300cb14-ad51-4c44-81ca-b60ba2e86015",
                "portID": "input-1"
            }
        },
        {
            "linkID": "link-6d95d791-e331-40e8-8ed9-66ccb5935ed3",
            "source": {
                "operatorID": "Dummy-operator-608af53e-e793-471c-8562-202f2a3b16ee",
                "portID": "output-1"
            },
            "target": {
                "operatorID": "Dummy-operator-7eb78575-7e67-4ade-b500-f9f14689f690",
                "portID": "input-1"
            }
        },
        {
            "linkID": "link-248a2cde-d69c-4c4c-aa01-c6540d9a9bfa",
            "source": {
                "operatorID": "Dummy-operator-7eb78575-7e67-4ade-b500-f9f14689f690",
                "portID": "output-1"
            },
            "target": {
                "operatorID": "Dummy-operator-787222f8-56bb-433e-83de-1177ef1c9b42",
                "portID": "input-1"
            }
        },
        {
            "linkID": "link-15d78b87-afaf-45b7-b329-0129d5dcc804",
            "source": {
                "operatorID": "Dummy-operator-787222f8-56bb-433e-83de-1177ef1c9b42",
                "portID": "output-1"
            },
            "target": {
                "operatorID": "Dummy-operator-35b6b508-8f30-431e-915d-03d2bca1e505",
                "portID": "input-1"
            }
        },
        {
            "linkID": "link-9b4ade61-e2c6-4034-9f2a-1d7834038337",
            "source": {
                "operatorID": "Dummy-operator-257b5d25-103a-4ab9-bf15-6349a97743ac",
                "portID": "output-1"
            },
            "target": {
                "operatorID": "Dummy-operator-4c391723-deee-4f73-a069-d3bf96920bc1",
                "portID": "input-1"
            }
        },
        {
            "linkID": "link-e3dea66e-add8-429d-a012-b78c1b8abd87",
            "source": {
                "operatorID": "Dummy-operator-35b6b508-8f30-431e-915d-03d2bca1e505",
                "portID": "output-1"
            },
            "target": {
                "operatorID": "Dummy-operator-034074a5-fd49-47a9-aca6-e67e6e7c7385",
                "portID": "input-1"
            }
        },
        {
            "linkID": "link-37c10171-c80d-4c81-a5ea-f9e97bfc4d10",
            "source": {
                "operatorID": "Dummy-operator-35b6b508-8f30-431e-915d-03d2bca1e505",
                "portID": "output-1"
            },
            "target": {
                "operatorID": "Dummy-operator-257b5d25-103a-4ab9-bf15-6349a97743ac",
                "portID": "input-2"
            }
        },
        {
            "linkID": "link-a1126cc7-3b9e-4aca-8bff-350025eafc5e",
            "source": {
                "operatorID": "Dummy-operator-f72fa433-fc90-4e68-8aba-513c434ec51e",
                "portID": "output-1"
            },
            "target": {
                "operatorID": "Dummy-operator-c52e9709-e4ac-43f9-970d-e97f5495642d",
                "portID": "input-1"
            }
        },
        {
            "linkID": "link-6656b346-a6f5-49a7-b1ba-98ad94e77435",
            "source": {
                "operatorID": "Dummy-operator-4c391723-deee-4f73-a069-d3bf96920bc1",
                "portID": "output-1"
            },
            "target": {
                "operatorID": "Dummy-operator-034074a5-fd49-47a9-aca6-e67e6e7c7385",
                "portID": "input-2"
            }
        },
        {
            "linkID": "link-6d92863b-7bf1-4a9b-8cd1-36f885c59bb6",
            "source": {
                "operatorID": "Dummy-operator-01b032fb-e1d6-4fda-b0ab-138f7dabe44b",
                "portID": "output-1"
            },
            "target": {
                "operatorID": "Dummy-operator-787222f8-56bb-433e-83de-1177ef1c9b42",
                "portID": "input-2"
            }
        }
    ],
    "groups": [],
    "breakpoints": {},
    "commentBoxes": [
        {
            "commentBoxID": "commentBox-a2bd1525-0781-4de0-9325-b3722afcbf21",
            "comments": [
                {
                    "content": "https://hub.knime.com/knime/extensions/org.knime.features.base/latest/org.knime.base.node.io.filehandling.csv.reader.CSVTableReaderNodeFactory",
                    "creatorName": "Bot",
                    "createorID": 1,
                    "creationTime": "2024-03-08T10:36:49.883Z"
                }
            ],
            "commentBoxPosition": {
                "x": 204.0,
                "y": 427.0
            }
        },
        {
            "commentBoxID": "commentBox-46cb8ed5-c6e3-45e1-9142-70b52375745a",
            "comments": [
                {
                    "content": "https://hub.knime.com/knime/extensions/org.knime.features.base/latest/org.knime.base.node.io.filehandling.csv.reader.CSVTableReaderNodeFactory",
                    "creatorName": "Bot",
                    "createorID": 1,
                    "creationTime": "2024-03-08T10:36:49.883Z"
                }
            ],
            "commentBoxPosition": {
                "x": 324.0,
                "y": 427.0
            }
        },
        {
            "commentBoxID": "commentBox-4da001f8-570a-4a1a-a19c-eec1a196ff02",
            "comments": [
                {
                    "content": "https://hub.knime.com/knime/extensions/org.knime.features.base/latest/org.knime.base.node.io.filehandling.csv.reader.CSVTableReaderNodeFactory",
                    "creatorName": "Bot",
                    "createorID": 1,
                    "creationTime": "2024-03-08T10:36:49.883Z"
                }
            ],
            "commentBoxPosition": {
                "x": 524.0,
                "y": 427.0
            }
        },
        {
            "commentBoxID": "commentBox-15b4dba0-5f93-4f99-869f-8cf554ed7db6",
            "comments": [
                {
                    "content": "https://hub.knime.com/knime/extensions/org.knime.features.base/latest/org.knime.base.node.io.filehandling.csv.reader.CSVTableReaderNodeFactory",
                    "creatorName": "Bot",
                    "createorID": 1,
                    "creationTime": "2024-03-08T10:36:49.883Z"
                }
            ],
            "commentBoxPosition": {
                "x": 1344.0,
                "y": 427.0
            }
        },
        {
            "commentBoxID": "commentBox-d7fe5497-b093-482b-98a9-65cc3651c429",
            "comments": [
                {
                    "content": "https://hub.knime.com/knime/extensions/org.knime.features.base/latest/org.knime.base.node.io.filehandling.csv.reader.CSVTableReaderNodeFactory",
                    "creatorName": "Bot",
                    "createorID": 1,
                    "creationTime": "2024-03-08T10:36:49.883Z"
                }
            ],
            "commentBoxPosition": {
                "x": 604.0,
                "y": 247.0
            }
        },
        {
            "commentBoxID": "commentBox-4200cb6b-e714-47f8-8810-35d97c2992f2",
            "comments": [
                {
                    "content": "https://hub.knime.com/knime/extensions/org.knime.features.base/latest/org.knime.base.node.io.filehandling.csv.reader.CSVTableReaderNodeFactory",
                    "creatorName": "Bot",
                    "createorID": 1,
                    "creationTime": "2024-03-08T10:36:49.883Z"
                }
            ],
            "commentBoxPosition": {
                "x": 724.0,
                "y": 247.0
            }
        },
        {
            "commentBoxID": "commentBox-f470b931-844d-4fe9-b636-acab7626addf",
            "comments": [
                {
                    "content": "https://hub.knime.com/knime/extensions/org.knime.features.base/latest/org.knime.base.node.io.filehandling.csv.reader.CSVTableReaderNodeFactory",
                    "creatorName": "Bot",
                    "createorID": 1,
                    "creationTime": "2024-03-08T10:36:49.883Z"
                }
            ],
            "commentBoxPosition": {
                "x": 904.0,
                "y": 407.0
            }
        },
        {
            "commentBoxID": "commentBox-c5c52e4f-7c1a-4181-b447-f7ceae494c60",
            "comments": [
                {
                    "content": "https://hub.knime.com/knime/extensions/org.knime.features.base/latest/org.knime.base.node.io.filehandling.csv.reader.CSVTableReaderNodeFactory",
                    "creatorName": "Bot",
                    "createorID": 1,
                    "creationTime": "2024-03-08T10:36:49.883Z"
                }
            ],
            "commentBoxPosition": {
                "x": 1124.0,
                "y": 347.0
            }
        },
        {
            "commentBoxID": "commentBox-5a757b1c-bdd6-4ff6-aa5a-630c3edcb9c6",
            "comments": [
                {
                    "content": "https://hub.knime.com/knime/extensions/org.knime.features.base/latest/org.knime.base.node.io.filehandling.csv.reader.CSVTableReaderNodeFactory",
                    "creatorName": "Bot",
                    "createorID": 1,
                    "creationTime": "2024-03-08T10:36:49.883Z"
                }
            ],
            "commentBoxPosition": {
                "x": 1004.0,
                "y": 407.0
            }
        },
        {
            "commentBoxID": "commentBox-30f5ff8c-93d1-4816-8814-49c04167b272",
            "comments": [
                {
                    "content": "https://hub.knime.com/knime/extensions/org.knime.features.base/latest/org.knime.base.node.io.filehandling.csv.reader.CSVTableReaderNodeFactory",
                    "creatorName": "Bot",
                    "createorID": 1,
                    "creationTime": "2024-03-08T10:36:49.883Z"
                }
            ],
            "commentBoxPosition": {
                "x": 444.0,
                "y": 427.0
            }
        },
        {
            "commentBoxID": "commentBox-4554c6b9-4a5f-44c8-9660-012f9186961d",
            "comments": [
                {
                    "content": "https://hub.knime.com/knime/extensions/org.knime.features.base/latest/org.knime.base.node.io.filehandling.csv.reader.CSVTableReaderNodeFactory",
                    "creatorName": "Bot",
                    "createorID": 1,
                    "creationTime": "2024-03-08T10:36:49.883Z"
                }
            ],
            "commentBoxPosition": {
                "x": 1224.0,
                "y": 327.0
            }
        },
        {
            "commentBoxID": "commentBox-def6f6f6-7910-4443-9c44-fb3a6b4e78e0",
            "comments": [
                {
                    "content": "https://hub.knime.com/knime/extensions/org.knime.features.base/latest/org.knime.base.node.io.filehandling.csv.reader.CSVTableReaderNodeFactory",
                    "creatorName": "Bot",
                    "createorID": 1,
                    "creationTime": "2024-03-08T10:36:49.883Z"
                }
            ],
            "commentBoxPosition": {
                "x": 1044.0,
                "y": 627.0
            }
        },
        {
            "commentBoxID": "commentBox-7e65984f-8e4f-4752-9f25-76bed910a704",
            "comments": [
                {
                    "content": "https://hub.knime.com/knime/extensions/org.knime.features.base/latest/org.knime.base.node.io.filehandling.csv.reader.CSVTableReaderNodeFactory",
                    "creatorName": "Bot",
                    "createorID": 1,
                    "creationTime": "2024-03-08T10:36:49.883Z"
                }
            ],
            "commentBoxPosition": {
                "x": 484.0,
                "y": 667.0
            }
        },
        {
            "commentBoxID": "commentBox-535f8963-cfb5-44d9-8e44-801e8c363727",
            "comments": [
                {
                    "content": "https://hub.knime.com/knime/extensions/org.knime.features.base/latest/org.knime.base.node.io.filehandling.csv.reader.CSVTableReaderNodeFactory",
                    "creatorName": "Bot",
                    "createorID": 1,
                    "creationTime": "2024-03-08T10:36:49.883Z"
                }
            ],
            "commentBoxPosition": {
                "x": 584.0,
                "y": 667.0
            }
        },
        {
            "commentBoxID": "commentBox-c87daac5-148a-43df-8a86-f1c72283ae84",
            "comments": [
                {
                    "content": "https://hub.knime.com/knime/extensions/org.knime.features.base/latest/org.knime.base.node.io.filehandling.csv.reader.CSVTableReaderNodeFactory",
                    "creatorName": "Bot",
                    "createorID": 1,
                    "creationTime": "2024-03-08T10:36:49.883Z"
                }
            ],
            "commentBoxPosition": {
                "x": 684.0,
                "y": 607.0
            }
        },
        {
            "commentBoxID": "commentBox-8dc09c0e-d353-4f59-a12e-a5e11c477ff0",
            "comments": [
                {
                    "content": "https://hub.knime.com/knime/extensions/org.knime.features.base/latest/org.knime.base.node.io.filehandling.csv.reader.CSVTableReaderNodeFactory",
                    "creatorName": "Bot",
                    "createorID": 1,
                    "creationTime": "2024-03-08T10:36:49.883Z"
                }
            ],
            "commentBoxPosition": {
                "x": 764.0,
                "y": 687.0
            }
        },
        {
            "commentBoxID": "commentBox-1f62991f-4fa0-4f84-8c3d-ded32fdeb7a8",
            "comments": [
                {
                    "content": "https://hub.knime.com/knime/extensions/org.knime.features.base/latest/org.knime.base.node.io.filehandling.csv.reader.CSVTableReaderNodeFactory",
                    "creatorName": "Bot",
                    "createorID": 1,
                    "creationTime": "2024-03-08T10:36:49.883Z"
                }
            ],
            "commentBoxPosition": {
                "x": 864.0,
                "y": 687.0
            }
        },
        {
            "commentBoxID": "commentBox-4977b5ee-d4ca-4a20-8793-d051fa52cf0a",
            "comments": [
                {
                    "content": "https://hub.knime.com/knime/extensions/org.knime.features.base/latest/org.knime.base.node.io.filehandling.csv.reader.CSVTableReaderNodeFactory",
                    "creatorName": "Bot",
                    "createorID": 1,
                    "creationTime": "2024-03-08T10:36:49.883Z"
                }
            ],
            "commentBoxPosition": {
                "x": 964.0,
                "y": 627.0
            }
        },
        {
            "commentBoxID": "commentBox-6faee83d-18a9-41c7-9cea-6ee0cb0e332a",
            "comments": [
                {
                    "content": "https://hub.knime.com/knime/extensions/org.knime.features.base/latest/org.knime.base.node.io.filehandling.csv.reader.CSVTableReaderNodeFactory",
                    "creatorName": "Bot",
                    "createorID": 1,
                    "creationTime": "2024-03-08T10:36:49.883Z"
                }
            ],
            "commentBoxPosition": {
                "x": 1144.0,
                "y": 627.0
            }
        },
        {
            "commentBoxID": "commentBox-c8a5f2fd-9359-46a0-8fd5-6d3c616c4648",
            "comments": [
                {
                    "content": "https://hub.knime.com/knime/extensions/org.knime.features.base/latest/org.knime.base.node.io.filehandling.csv.reader.CSVTableReaderNodeFactory",
                    "creatorName": "Bot",
                    "createorID": 1,
                    "creationTime": "2024-03-08T10:36:49.883Z"
                }
            ],
            "commentBoxPosition": {
                "x": 1244.0,
                "y": 627.0
            }
        }
    ]
}