{
    "operators": [
        {
            "operatorID": "Dummy-operator-5dd74f7c-c4f4-4e8a-ac2a-abe1c3312303",
            "operatorType": "Dummy",
            "operatorVersion": "",
            "operatorProperties": {
                "dummyPropertyList": [
                    {
                        "dummyProperty": "Source XML",
                        "dummyValue": "Omitted for license reasons"
                    }
                ]
            },
            "inputPorts": [
                {
                    "portID": "input-0",
                    "displayName": "",
                    "allowMultiInputs": true,
                    "isDynamicPort": true
                },
                {
                    "portID": "input-1",
                    "displayName": "",
                    "allowMultiInputs": true,
                    "isDynamicPort": true
                }
            ],
            "outputPorts": [
                {
                    "portID": "output-0",
                    "displayName": "",
                    "isDynamicPort": true,
                    "isBlocking": false
                },
                {
                    "portID": "output-1",
                    "displayName": "",
                    "isDynamicPort": true,
                    "isBlocking": false
                }
            ],
            "showAdvanced": false,
            "isDisabled": false,
            "customDisplayName": "CIR",
            "dynamicInputPorts": true,
            "dynamicOutputPorts": true
        },
        {
            "operatorID": "Dummy-operator-113e6aae-9715-4200-a6ca-40b9323ac364",
            "operatorType": "Dummy",
            "operatorVersion": "",
            "operatorProperties": {
                "dummyPropertyList": [
                    {
                        "dummyProperty": "Source XML",
                        "dummyValue": "Omitted for license reasons"
                    }
                ]
            },
            "inputPorts": [
                {
                    "portID": "input-0",
                    "displayName": "",
                    "allowMultiInputs": true,
                    "isDynamicPort": true
                },
                {
                    "portID": "input-1",
                    "displayName": "",
                    "allowMultiInputs": true,
                    "isDynamicPort": true
                }
            ],
            "outputPorts": [
                {
                    "portID": "output-0",
                    "displayName": "",
                    "isDynamicPort": true,
                    "isBlocking": false
                }
            ],
            "showAdvanced": false,
            "isDisabled": false,
            "customDisplayName": "Excel Writer",
            "dynamicInputPorts": true,
            "dynamicOutputPorts": true
        },
        {
            "operatorID": "Dummy-operator-f3305bb3-e13d-49b8-88bd-e99da19cc55a",
            "operatorType": "Dummy",
            "operatorVersion": "",
            "operatorProperties": {
                "dummyPropertyList": [
                    {
                        "dummyProperty": "Source XML",
                        "dummyValue": "Omitted for license reasons"
                    }
                ]
            },
            "inputPorts": [
                {
                    "portID": "input-0",
                    "displayName": "",
                    "allowMultiInputs": true,
                    "isDynamicPort": true
                }
            ],
            "outputPorts": [
                {
                    "portID": "output-0",
                    "displayName": "",
                    "isDynamicPort": true,
                    "isBlocking": false
                },
                {
                    "portID": "output-1",
                    "displayName": "",
                    "isDynamicPort": true,
                    "isBlocking": false
                }
            ],
            "showAdvanced": false,
            "isDisabled": false,
            "customDisplayName": "Excel Reader",
            "dynamicInputPorts": true,
            "dynamicOutputPorts": true
        },
        {
            "operatorID": "Dummy-operator-4c5d5b68-358e-426f-895d-49a09364d9ac",
            "operatorType": "Dummy",
            "operatorVersion": "",
            "operatorProperties": {
                "dummyPropertyList": [
                    {
                        "dummyProperty": "Source XML",
                        "dummyValue": "Omitted for license reasons"
                    }
                ]
            },
            "inputPorts": [
                {
                    "portID": "input-0",
                    "displayName": "",
                    "allowMultiInputs": true,
                    "isDynamicPort": true
                },
                {
                    "portID": "input-1",
                    "displayName": "",
                    "allowMultiInputs": true,
                    "isDynamicPort": true
                }
            ],
            "outputPorts": [
                {
                    "portID": "output-0",
                    "displayName": "",
                    "isDynamicPort": true,
                    "isBlocking": false
                },
                {
                    "portID": "output-1",
                    "displayName": "",
                    "isDynamicPort": true,
                    "isBlocking": false
                }
            ],
            "showAdvanced": false,
            "isDisabled": false,
            "customDisplayName": "Column Filter",
            "dynamicInputPorts": true,
            "dynamicOutputPorts": true
        },
        {
            "operatorID": "Dummy-operator-35c98d14-87b1-4592-a6ca-1088a89e1e03",
            "operatorType": "Dummy",
            "operatorVersion": "",
            "operatorProperties": {
                "dummyPropertyList": [
                    {
                        "dummyProperty": "Source XML",
                        "dummyValue": "Omitted for license reasons"
                    }
                ]
            },
            "inputPorts": [
                {
                    "portID": "input-0",
                    "displayName": "",
                    "allowMultiInputs": true,
                    "isDynamicPort": true
                },
                {
                    "portID": "input-1",
                    "displayName": "",
                    "allowMultiInputs": true,
                    "isDynamicPort": true
                }
            ],
            "outputPorts": [
                {
                    "portID": "output-0",
                    "displayName": "",
                    "isDynamicPort": true,
                    "isBlocking": false
                },
                {
                    "portID": "output-1",
                    "displayName": "",
                    "isDynamicPort": true,
                    "isBlocking": false
                }
            ],
            "showAdvanced": false,
            "isDisabled": false,
            "customDisplayName": "CIR",
            "dynamicInputPorts": true,
            "dynamicOutputPorts": true
        }
    ],
    "operatorPositions": {
        "Dummy-operator-5dd74f7c-c4f4-4e8a-ac2a-abe1c3312303": {
            "x": 389.0,
            "y": 97.0
        },
        "Dummy-operator-113e6aae-9715-4200-a6ca-40b9323ac364": {
            "x": 664.0,
            "y": 177.0
        },
        "Dummy-operator-f3305bb3-e13d-49b8-88bd-e99da19cc55a": {
            "x": 284.0,
            "y": 217.0
        },
        "Dummy-operator-4c5d5b68-358e-426f-895d-49a09364d9ac": {
            "x": 464.0,
            "y": 237.0
        },
        "Dummy-operator-35c98d14-87b1-4592-a6ca-1088a89e1e03": {
            "x": 564.0,
            "y": 217.0
        }
    },
    "links": [
        {
            "linkID": "link-83359d09-254e-4d04-a469-4d05db614f5e",
            "source": {
                "operatorID": "Dummy-operator-5dd74f7c-c4f4-4e8a-ac2a-abe1c3312303",
                "portID": "output-1"
            },
            "target": {
                "operatorID": "Dummy-operator-4c5d5b68-358e-426f-895d-49a09364d9ac",
                "portID": "input-1"
            }
        },
        {
            "linkID": "link-3d0d2063-9fe4-4bce-a286-b9aed8af0c5c",
            "source": {
                "operatorID": "Dummy-operator-f3305bb3-e13d-49b8-88bd-e99da19cc55a",
                "portID": "output-1"
            },
            "target": {
                "operatorID": "Dummy-operator-5dd74f7c-c4f4-4e8a-ac2a-abe1c3312303",
                "portID": "input-1"
            }
        },
        {
            "linkID": "link-0a340704-5465-4fc4-b11f-d00e4c2fdecd",
            "source": {
                "operatorID": "Dummy-operator-4c5d5b68-358e-426f-895d-49a09364d9ac",
                "portID": "output-1"
            },
            "target": {
                "operatorID": "Dummy-operator-35c98d14-87b1-4592-a6ca-1088a89e1e03",
                "portID": "input-1"
            }
        },
        {
            "linkID": "link-56a2edb5-5c9a-4d49-9ee5-9c2440ca0931",
            "source": {
                "operatorID": "Dummy-operator-35c98d14-87b1-4592-a6ca-1088a89e1e03",
                "portID": "output-1"
            },
            "target": {
                "operatorID": "Dummy-operator-113e6aae-9715-4200-a6ca-40b9323ac364",
                "portID": "input-1"
            }
        }
    ],
    "groups": [],
    "breakpoints": {},
    "commentBoxes": [
        {
            "commentBoxID": "commentBox-929237ee-c125-4315-b2fb-16954dbf5b12",
            "comments": [
                {
                    "content": "https://hub.knime.com/knime/extensions/org.knime.features.base/latest/org.knime.base.node.io.filehandling.csv.reader.CSVTableReaderNodeFactory",
                    "creatorName": "Bot",
                    "createorID": 1,
                    "creationTime": "2024-03-08T10:36:49.883Z"
                }
            ],
            "commentBoxPosition": {
                "x": 449.0,
                "y": 127.0
            }
        },
        {
            "commentBoxID": "commentBox-cfb2d42b-98d3-4f22-ae29-cd5e2a327948",
            "comments": [
                {
                    "content": "https://hub.knime.com/knime/extensions/org.knime.features.base/latest/org.knime.base.node.io.filehandling.csv.reader.CSVTableReaderNodeFactory",
                    "creatorName": "Bot",
                    "createorID": 1,
                    "creationTime": "2024-03-08T10:36:49.883Z"
                }
            ],
            "commentBoxPosition": {
                "x": 724.0,
                "y": 207.0
            }
        },
        {
            "commentBoxID": "commentBox-6c708b41-2b50-4dbe-af87-7762f142a27a",
            "comments": [
                {
                    "content": "https://hub.knime.com/knime/extensions/org.knime.features.base/latest/org.knime.base.node.io.filehandling.csv.reader.CSVTableReaderNodeFactory",
                    "creatorName": "Bot",
                    "createorID": 1,
                    "creationTime": "2024-03-08T10:36:49.883Z"
                }
            ],
            "commentBoxPosition": {
                "x": 344.0,
                "y": 247.0
            }
        },
        {
            "commentBoxID": "commentBox-72dbef2a-6b34-48c3-b69f-05c82c4f0f12",
            "comments": [
                {
                    "content": "https://hub.knime.com/knime/extensions/org.knime.features.base/latest/org.knime.base.node.io.filehandling.csv.reader.CSVTableReaderNodeFactory",
                    "creatorName": "Bot",
                    "createorID": 1,
                    "creationTime": "2024-03-08T10:36:49.883Z"
                }
            ],
            "commentBoxPosition": {
                "x": 524.0,
                "y": 267.0
            }
        },
        {
            "commentBoxID": "commentBox-169ad541-949b-4891-bfea-43db8aa64472",
            "comments": [
                {
                    "content": "https://hub.knime.com/knime/extensions/org.knime.features.base/latest/org.knime.base.node.io.filehandling.csv.reader.CSVTableReaderNodeFactory",
                    "creatorName": "Bot",
                    "createorID": 1,
                    "creationTime": "2024-03-08T10:36:49.883Z"
                }
            ],
            "commentBoxPosition": {
                "x": 624.0,
                "y": 247.0
            }
        }
    ]
}