{
    "operators": [
        {
            "operatorID": "Dummy-operator-143bfd6c-a66d-412b-a9e6-bdf423fd2eca",
            "operatorType": "Dummy",
            "operatorVersion": "",
            "operatorProperties": {
                "dummyPropertyList": [
                    {
                        "dummyProperty": "Source XML",
                        "dummyValue": "Omitted for license reasons"
                    }
                ]
            },
            "inputPorts": [
                {
                    "portID": "input-0",
                    "displayName": "",
                    "allowMultiInputs": true,
                    "isDynamicPort": true
                },
                {
                    "portID": "input-1",
                    "displayName": "",
                    "allowMultiInputs": true,
                    "isDynamicPort": true
                }
            ],
            "outputPorts": [
                {
                    "portID": "output-0",
                    "displayName": "",
                    "isDynamicPort": true,
                    "isBlocking": false
                },
                {
                    "portID": "output-1",
                    "displayName": "",
                    "isDynamicPort": true,
                    "isBlocking": false,
                    "materializationSize": 9.4345703125
                },
                {
                    "portID": "output-2",
                    "displayName": "",
                    "isDynamicPort": true,
                    "isBlocking": true,
                    "materializationSize": 1.3076171875
                }
            ],
            "showAdvanced": false,
            "isDisabled": false,
            "customDisplayName": "Color Manager",
            "dynamicInputPorts": true,
            "dynamicOutputPorts": true
        },
        {
            "operatorID": "Dummy-operator-81743c35-280f-418a-ba02-a40cef8d14ba",
            "operatorType": "Dummy",
            "operatorVersion": "",
            "operatorProperties": {
                "dummyPropertyList": [
                    {
                        "dummyProperty": "Source XML",
                        "dummyValue": "Omitted for license reasons"
                    }
                ]
            },
            "inputPorts": [
                {
                    "portID": "input-0",
                    "displayName": "",
                    "allowMultiInputs": true,
                    "isDynamicPort": true
                },
                {
                    "portID": "input-1",
                    "displayName": "",
                    "allowMultiInputs": true,
                    "isDynamicPort": true
                }
            ],
            "outputPorts": [
                {
                    "portID": "output-0",
                    "displayName": "",
                    "isDynamicPort": true,
                    "isBlocking": false
                },
                {
                    "portID": "output-1",
                    "displayName": "",
                    "isDynamicPort": true,
                    "isBlocking": true,
                    "materializationSize": 0.28125
                },
                {
                    "portID": "output-2",
                    "displayName": "",
                    "isDynamicPort": true,
                    "isBlocking": false,
                    "materializationSize": 13.1279296875
                }
            ],
            "showAdvanced": false,
            "isDisabled": false,
            "customDisplayName": "Scatter Plot",
            "dynamicInputPorts": true,
            "dynamicOutputPorts": true
        },
        {
            "operatorID": "Dummy-operator-ee18b8ed-c9cf-4090-b71e-9caf319aaa21",
            "operatorType": "Dummy",
            "operatorVersion": "",
            "operatorProperties": {
                "dummyPropertyList": [
                    {
                        "dummyProperty": "Source XML",
                        "dummyValue": "Omitted for license reasons"
                    }
                ]
            },
            "inputPorts": [
                {
                    "portID": "input-0",
                    "displayName": "",
                    "allowMultiInputs": true,
                    "isDynamicPort": true
                },
                {
                    "portID": "input-1",
                    "displayName": "",
                    "allowMultiInputs": true,
                    "isDynamicPort": true
                }
            ],
            "outputPorts": [
                {
                    "portID": "output-0",
                    "displayName": "",
                    "isDynamicPort": true,
                    "isBlocking": false
                },
                {
                    "portID": "output-1",
                    "displayName": "",
                    "isDynamicPort": true,
                    "isBlocking": true,
                    "materializationSize": 0.28125
                },
                {
                    "portID": "output-2",
                    "displayName": "",
                    "isDynamicPort": true,
                    "isBlocking": false,
                    "materializationSize": 13.1279296875
                }
            ],
            "showAdvanced": false,
            "isDisabled": false,
            "customDisplayName": "Scatter Plot",
            "dynamicInputPorts": true,
            "dynamicOutputPorts": true
        },
        {
            "operatorID": "Dummy-operator-7208eb1e-f524-49b8-afd8-e679161df712",
            "operatorType": "Dummy",
            "operatorVersion": "",
            "operatorProperties": {
                "dummyPropertyList": [
                    {
                        "dummyProperty": "Source XML",
                        "dummyValue": "Omitted for license reasons"
                    }
                ]
            },
            "inputPorts": [
                {
                    "portID": "input-0",
                    "displayName": "",
                    "allowMultiInputs": true,
                    "isDynamicPort": true
                },
                {
                    "portID": "input-1",
                    "displayName": "",
                    "allowMultiInputs": true,
                    "isDynamicPort": true
                }
            ],
            "outputPorts": [
                {
                    "portID": "output-0",
                    "displayName": "",
                    "isDynamicPort": true,
                    "isBlocking": false
                },
                {
                    "portID": "output-1",
                    "displayName": "",
                    "isDynamicPort": true,
                    "isBlocking": true,
                    "materializationSize": 3.7216796875
                }
            ],
            "showAdvanced": false,
            "isDisabled": false,
            "customDisplayName": "Decision Tree Learner",
            "dynamicInputPorts": true,
            "dynamicOutputPorts": true
        },
        {
            "operatorID": "Dummy-operator-9921aad4-8f98-48a9-88e9-2d6314e14ddf",
            "operatorType": "Dummy",
            "operatorVersion": "",
            "operatorProperties": {
                "dummyPropertyList": [
                    {
                        "dummyProperty": "Source XML",
                        "dummyValue": "Omitted for license reasons"
                    }
                ]
            },
            "inputPorts": [
                {
                    "portID": "input-0",
                    "displayName": "",
                    "allowMultiInputs": true,
                    "isDynamicPort": true
                },
                {
                    "portID": "input-1",
                    "displayName": "",
                    "allowMultiInputs": true,
                    "isDynamicPort": true
                }
            ],
            "outputPorts": [
                {
                    "portID": "output-0",
                    "displayName": "",
                    "isDynamicPort": true,
                    "isBlocking": true
                },
                {
                    "portID": "output-1",
                    "displayName": "",
                    "isDynamicPort": true,
                    "isBlocking": true,
                    "materializationSize": 45.3701171875
                },
                {
                    "portID": "output-2",
                    "displayName": "",
                    "isDynamicPort": true,
                    "isBlocking": true,
                    "materializationSize": 24.59765625
                }
            ],
            "showAdvanced": false,
            "isDisabled": false,
            "customDisplayName": "Partitioning",
            "dynamicInputPorts": true,
            "dynamicOutputPorts": true
        },
        {
            "operatorID": "Dummy-operator-23522ee2-0d74-4c9b-9af1-7b8b14bff775",
            "operatorType": "Dummy",
            "operatorVersion": "",
            "operatorProperties": {
                "dummyPropertyList": [
                    {
                        "dummyProperty": "Source XML",
                        "dummyValue": "Omitted for license reasons"
                    }
                ]
            },
            "inputPorts": [
                {
                    "portID": "input-0",
                    "displayName": "",
                    "allowMultiInputs": true,
                    "isDynamicPort": true
                },
                {
                    "portID": "input-1",
                    "displayName": "",
                    "allowMultiInputs": true,
                    "isDynamicPort": true
                }
            ],
            "outputPorts": [
                {
                    "portID": "output-0",
                    "displayName": "",
                    "isDynamicPort": true,
                    "isBlocking": false
                },
                {
                    "portID": "output-1",
                    "displayName": "",
                    "isDynamicPort": true,
                    "isBlocking": true,
                    "materializationSize": 3.7236328125
                }
            ],
            "showAdvanced": false,
            "isDisabled": false,
            "customDisplayName": "Decision Tree Learner",
            "dynamicInputPorts": true,
            "dynamicOutputPorts": true
        },
        {
            "operatorID": "Dummy-operator-92af0a49-a0de-454f-aacf-d4285020af14",
            "operatorType": "Dummy",
            "operatorVersion": "",
            "operatorProperties": {
                "dummyPropertyList": [
                    {
                        "dummyProperty": "Source XML",
                        "dummyValue": "Omitted for license reasons"
                    }
                ]
            },
            "inputPorts": [
                {
                    "portID": "input-0",
                    "displayName": "",
                    "allowMultiInputs": true,
                    "isDynamicPort": true
                },
                {
                    "portID": "input-1",
                    "displayName": "",
                    "allowMultiInputs": true,
                    "isDynamicPort": true
                }
            ],
            "outputPorts": [
                {
                    "portID": "output-0",
                    "displayName": "",
                    "isDynamicPort": true,
                    "isBlocking": false
                },
                {
                    "portID": "output-1",
                    "displayName": "",
                    "isDynamicPort": true,
                    "isBlocking": true,
                    "materializationSize": 3.8310546875
                }
            ],
            "showAdvanced": false,
            "isDisabled": false,
            "customDisplayName": "Decision Tree Learner",
            "dynamicInputPorts": true,
            "dynamicOutputPorts": true
        },
        {
            "operatorID": "Dummy-operator-b59f56bf-06d6-4d67-a088-525b97ffe0d3",
            "operatorType": "Dummy",
            "operatorVersion": "",
            "operatorProperties": {
                "dummyPropertyList": [
                    {
                        "dummyProperty": "Source XML",
                        "dummyValue": "Omitted for license reasons"
                    }
                ]
            },
            "inputPorts": [
                {
                    "portID": "input-0",
                    "displayName": "",
                    "allowMultiInputs": true,
                    "isDynamicPort": true
                },
                {
                    "portID": "input-1",
                    "displayName": "",
                    "allowMultiInputs": true,
                    "isDynamicPort": true
                },
                {
                    "portID": "input-2",
                    "displayName": "",
                    "allowMultiInputs": true,
                    "isDynamicPort": true
                }
            ],
            "outputPorts": [
                {
                    "portID": "output-0",
                    "displayName": "",
                    "isDynamicPort": true,
                    "isBlocking": false
                },
                {
                    "portID": "output-1",
                    "displayName": "",
                    "isDynamicPort": true,
                    "isBlocking": false,
                    "materializationSize": 26.1962890625
                }
            ],
            "showAdvanced": false,
            "isDisabled": false,
            "customDisplayName": "Decision Tree Predictor",
            "dynamicInputPorts": true,
            "dynamicOutputPorts": true
        },
        {
            "operatorID": "Dummy-operator-57be17d2-3d37-4d36-a5cd-aa385a46f81a",
            "operatorType": "Dummy",
            "operatorVersion": "",
            "operatorProperties": {
                "dummyPropertyList": [
                    {
                        "dummyProperty": "Source XML",
                        "dummyValue": "Omitted for license reasons"
                    }
                ]
            },
            "inputPorts": [
                {
                    "portID": "input-0",
                    "displayName": "",
                    "allowMultiInputs": true,
                    "isDynamicPort": true
                },
                {
                    "portID": "input-1",
                    "displayName": "",
                    "allowMultiInputs": true,
                    "isDynamicPort": true
                }
            ],
            "outputPorts": [
                {
                    "portID": "output-0",
                    "displayName": "",
                    "isDynamicPort": true,
                    "isBlocking": true
                },
                {
                    "portID": "output-1",
                    "displayName": "",
                    "isDynamicPort": true,
                    "isBlocking": true,
                    "materializationSize": 3.9013671875
                },
                {
                    "portID": "output-2",
                    "displayName": "",
                    "isDynamicPort": true,
                    "isBlocking": true,
                    "materializationSize": 14.5849609375
                }
            ],
            "showAdvanced": false,
            "isDisabled": false,
            "customDisplayName": "Scorer",
            "dynamicInputPorts": true,
            "dynamicOutputPorts": true
        },
        {
            "operatorID": "Dummy-operator-f0df4b33-d6e3-47ba-a82a-6e9b72b86690",
            "operatorType": "Dummy",
            "operatorVersion": "",
            "operatorProperties": {
                "dummyPropertyList": [
                    {
                        "dummyProperty": "Source XML",
                        "dummyValue": "Omitted for license reasons"
                    }
                ]
            },
            "inputPorts": [
                {
                    "portID": "input-0",
                    "displayName": "",
                    "allowMultiInputs": true,
                    "isDynamicPort": true
                },
                {
                    "portID": "input-1",
                    "displayName": "",
                    "allowMultiInputs": true,
                    "isDynamicPort": true
                }
            ],
            "outputPorts": [
                {
                    "portID": "output-0",
                    "displayName": "",
                    "isDynamicPort": true,
                    "isBlocking": false
                },
                {
                    "portID": "output-1",
                    "displayName": "",
                    "isDynamicPort": true,
                    "isBlocking": true,
                    "materializationSize": 3.724609375
                }
            ],
            "showAdvanced": false,
            "isDisabled": false,
            "customDisplayName": "Decision Tree Learner",
            "dynamicInputPorts": true,
            "dynamicOutputPorts": true
        },
        {
            "operatorID": "Dummy-operator-61420535-7b77-462d-896a-5487d2d81de8",
            "operatorType": "Dummy",
            "operatorVersion": "",
            "operatorProperties": {
                "dummyPropertyList": [
                    {
                        "dummyProperty": "Source XML",
                        "dummyValue": "Omitted for license reasons"
                    }
                ]
            },
            "inputPorts": [
                {
                    "portID": "input-0",
                    "displayName": "",
                    "allowMultiInputs": true,
                    "isDynamicPort": true
                },
                {
                    "portID": "input-1",
                    "displayName": "",
                    "allowMultiInputs": true,
                    "isDynamicPort": true
                },
                {
                    "portID": "input-2",
                    "displayName": "",
                    "allowMultiInputs": true,
                    "isDynamicPort": true
                }
            ],
            "outputPorts": [
                {
                    "portID": "output-0",
                    "displayName": "",
                    "isDynamicPort": true,
                    "isBlocking": false
                },
                {
                    "portID": "output-1",
                    "displayName": "",
                    "isDynamicPort": true,
                    "isBlocking": false,
                    "materializationSize": 26.1787109375
                }
            ],
            "showAdvanced": false,
            "isDisabled": false,
            "customDisplayName": "Decision Tree Predictor",
            "dynamicInputPorts": true,
            "dynamicOutputPorts": true
        },
        {
            "operatorID": "Dummy-operator-48b373db-6802-41aa-bed6-d048998ad11f",
            "operatorType": "Dummy",
            "operatorVersion": "",
            "operatorProperties": {
                "dummyPropertyList": [
                    {
                        "dummyProperty": "Source XML",
                        "dummyValue": "Omitted for license reasons"
                    }
                ]
            },
            "inputPorts": [
                {
                    "portID": "input-0",
                    "displayName": "",
                    "allowMultiInputs": true,
                    "isDynamicPort": true
                },
                {
                    "portID": "input-1",
                    "displayName": "",
                    "allowMultiInputs": true,
                    "isDynamicPort": true
                }
            ],
            "outputPorts": [
                {
                    "portID": "output-0",
                    "displayName": "",
                    "isDynamicPort": true,
                    "isBlocking": true
                },
                {
                    "portID": "output-1",
                    "displayName": "",
                    "isDynamicPort": true,
                    "isBlocking": true,
                    "materializationSize": 3.904296875
                },
                {
                    "portID": "output-2",
                    "displayName": "",
                    "isDynamicPort": true,
                    "isBlocking": true,
                    "materializationSize": 14.580078125
                }
            ],
            "showAdvanced": false,
            "isDisabled": false,
            "customDisplayName": "Scorer",
            "dynamicInputPorts": true,
            "dynamicOutputPorts": true
        },
        {
            "operatorID": "Dummy-operator-ad70f4e3-33fe-4e8e-b675-325bb10b2432",
            "operatorType": "Dummy",
            "operatorVersion": "",
            "operatorProperties": {
                "dummyPropertyList": [
                    {
                        "dummyProperty": "Source XML",
                        "dummyValue": "Omitted for license reasons"
                    }
                ]
            },
            "inputPorts": [
                {
                    "portID": "input-0",
                    "displayName": "",
                    "allowMultiInputs": true,
                    "isDynamicPort": true
                }
            ],
            "outputPorts": [
                {
                    "portID": "output-0",
                    "displayName": "",
                    "isDynamicPort": true,
                    "isBlocking": false
                },
                {
                    "portID": "output-1",
                    "displayName": "",
                    "isDynamicPort": true,
                    "isBlocking": false,
                    "materializationSize": 60.892578125
                }
            ],
            "showAdvanced": false,
            "isDisabled": false,
            "customDisplayName": "Table Reader",
            "dynamicInputPorts": true,
            "dynamicOutputPorts": true
        }
    ],
    "operatorPositions": {
        "Dummy-operator-143bfd6c-a66d-412b-a9e6-bdf423fd2eca": {
            "x": 345.0,
            "y": 276.0
        },
        "Dummy-operator-81743c35-280f-418a-ba02-a40cef8d14ba": {
            "x": 485.0,
            "y": 196.0
        },
        "Dummy-operator-ee18b8ed-c9cf-4090-b71e-9caf319aaa21": {
            "x": 485.0,
            "y": 316.0
        },
        "Dummy-operator-7208eb1e-f524-49b8-afd8-e679161df712": {
            "x": 345.0,
            "y": 636.0
        },
        "Dummy-operator-9921aad4-8f98-48a9-88e9-2d6314e14ddf": {
            "x": 325.0,
            "y": 1116.0
        },
        "Dummy-operator-23522ee2-0d74-4c9b-9af1-7b8b14bff775": {
            "x": 505.0,
            "y": 636.0
        },
        "Dummy-operator-92af0a49-a0de-454f-aacf-d4285020af14": {
            "x": 445.0,
            "y": 996.0
        },
        "Dummy-operator-b59f56bf-06d6-4d67-a088-525b97ffe0d3": {
            "x": 565.0,
            "y": 1056.0
        },
        "Dummy-operator-57be17d2-3d37-4d36-a5cd-aa385a46f81a": {
            "x": 685.0,
            "y": 1056.0
        },
        "Dummy-operator-f0df4b33-d6e3-47ba-a82a-6e9b72b86690": {
            "x": 445.0,
            "y": 1136.0
        },
        "Dummy-operator-61420535-7b77-462d-896a-5487d2d81de8": {
            "x": 565.0,
            "y": 1196.0
        },
        "Dummy-operator-48b373db-6802-41aa-bed6-d048998ad11f": {
            "x": 685.0,
            "y": 1196.0
        },
        "Dummy-operator-ad70f4e3-33fe-4e8e-b675-325bb10b2432": {
            "x": 165.0,
            "y": 636.0
        }
    },
    "links": [
        {
            "linkID": "link-27103d5d-7719-4bb8-9e0c-050583542540",
            "source": {
                "operatorID": "Dummy-operator-143bfd6c-a66d-412b-a9e6-bdf423fd2eca",
                "portID": "output-1"
            },
            "target": {
                "operatorID": "Dummy-operator-81743c35-280f-418a-ba02-a40cef8d14ba",
                "portID": "input-1"
            }
        },
        {
            "linkID": "link-089e1ce8-9801-48be-9019-decca14b325e",
            "source": {
                "operatorID": "Dummy-operator-143bfd6c-a66d-412b-a9e6-bdf423fd2eca",
                "portID": "output-1"
            },
            "target": {
                "operatorID": "Dummy-operator-ee18b8ed-c9cf-4090-b71e-9caf319aaa21",
                "portID": "input-1"
            }
        },
        {
            "linkID": "link-8d6acba8-c4ff-47e4-a010-6bf864135e9d",
            "source": {
                "operatorID": "Dummy-operator-9921aad4-8f98-48a9-88e9-2d6314e14ddf",
                "portID": "output-2"
            },
            "target": {
                "operatorID": "Dummy-operator-61420535-7b77-462d-896a-5487d2d81de8",
                "portID": "input-2"
            }
        },
        {
            "linkID": "link-b472e8c7-ea49-4493-b4fa-5da9401efd76",
            "source": {
                "operatorID": "Dummy-operator-9921aad4-8f98-48a9-88e9-2d6314e14ddf",
                "portID": "output-1"
            },
            "target": {
                "operatorID": "Dummy-operator-f0df4b33-d6e3-47ba-a82a-6e9b72b86690",
                "portID": "input-1"
            }
        },
        {
            "linkID": "link-a0c5dffd-4cf0-4edf-bac5-6337bde9f5a9",
            "source": {
                "operatorID": "Dummy-operator-9921aad4-8f98-48a9-88e9-2d6314e14ddf",
                "portID": "output-1"
            },
            "target": {
                "operatorID": "Dummy-operator-92af0a49-a0de-454f-aacf-d4285020af14",
                "portID": "input-1"
            }
        },
        {
            "linkID": "link-2d28df9d-b0d8-4495-ae55-b62041952cb7",
            "source": {
                "operatorID": "Dummy-operator-9921aad4-8f98-48a9-88e9-2d6314e14ddf",
                "portID": "output-2"
            },
            "target": {
                "operatorID": "Dummy-operator-b59f56bf-06d6-4d67-a088-525b97ffe0d3",
                "portID": "input-2"
            }
        },
        {
            "linkID": "link-bcc1db8b-d2a1-44cb-a17d-63982bf3448d",
            "source": {
                "operatorID": "Dummy-operator-92af0a49-a0de-454f-aacf-d4285020af14",
                "portID": "output-1"
            },
            "target": {
                "operatorID": "Dummy-operator-b59f56bf-06d6-4d67-a088-525b97ffe0d3",
                "portID": "input-1"
            }
        },
        {
            "linkID": "link-34b342b1-0a2e-45bc-bd94-45daf81f1978",
            "source": {
                "operatorID": "Dummy-operator-b59f56bf-06d6-4d67-a088-525b97ffe0d3",
                "portID": "output-1"
            },
            "target": {
                "operatorID": "Dummy-operator-57be17d2-3d37-4d36-a5cd-aa385a46f81a",
                "portID": "input-1"
            }
        },
        {
            "linkID": "link-29d72812-21de-4d87-aeef-76b7382f7155",
            "source": {
                "operatorID": "Dummy-operator-f0df4b33-d6e3-47ba-a82a-6e9b72b86690",
                "portID": "output-1"
            },
            "target": {
                "operatorID": "Dummy-operator-61420535-7b77-462d-896a-5487d2d81de8",
                "portID": "input-1"
            }
        },
        {
            "linkID": "link-b220b386-87f2-4dc0-be35-3f4a5d6fd632",
            "source": {
                "operatorID": "Dummy-operator-61420535-7b77-462d-896a-5487d2d81de8",
                "portID": "output-1"
            },
            "target": {
                "operatorID": "Dummy-operator-48b373db-6802-41aa-bed6-d048998ad11f",
                "portID": "input-1"
            }
        },
        {
            "linkID": "link-3d27ac8b-f0a2-4818-86f9-94498f52ef12",
            "source": {
                "operatorID": "Dummy-operator-ad70f4e3-33fe-4e8e-b675-325bb10b2432",
                "portID": "output-1"
            },
            "target": {
                "operatorID": "Dummy-operator-23522ee2-0d74-4c9b-9af1-7b8b14bff775",
                "portID": "input-1"
            }
        },
        {
            "linkID": "link-a5d9b94e-d30f-4cd6-97c0-41bbe3f4d5dd",
            "source": {
                "operatorID": "Dummy-operator-ad70f4e3-33fe-4e8e-b675-325bb10b2432",
                "portID": "output-1"
            },
            "target": {
                "operatorID": "Dummy-operator-9921aad4-8f98-48a9-88e9-2d6314e14ddf",
                "portID": "input-1"
            }
        },
        {
            "linkID": "link-5dba334e-b921-4f42-a678-9884dfdeb2c0",
            "source": {
                "operatorID": "Dummy-operator-ad70f4e3-33fe-4e8e-b675-325bb10b2432",
                "portID": "output-1"
            },
            "target": {
                "operatorID": "Dummy-operator-7208eb1e-f524-49b8-afd8-e679161df712",
                "portID": "input-1"
            }
        },
        {
            "linkID": "link-0dbc4287-0132-424c-b3a7-83939623c5b7",
            "source": {
                "operatorID": "Dummy-operator-ad70f4e3-33fe-4e8e-b675-325bb10b2432",
                "portID": "output-1"
            },
            "target": {
                "operatorID": "Dummy-operator-143bfd6c-a66d-412b-a9e6-bdf423fd2eca",
                "portID": "input-1"
            }
        }
    ],
    "groups": [],
    "breakpoints": {},
    "commentBoxes": [
        {
            "commentBoxID": "commentBox-18287b39-9136-4c7c-acfe-31a3178fed14",
            "comments": [
                {
                    "content": "https://hub.knime.com/knime/extensions/org.knime.features.base/latest/org.knime.base.node.io.filehandling.csv.reader.CSVTableReaderNodeFactory",
                    "creatorName": "Bot",
                    "createorID": 1,
                    "creationTime": "2024-03-08T10:36:49.883Z"
                }
            ],
            "commentBoxPosition": {
                "x": 405.0,
                "y": 306.0
            }
        },
        {
            "commentBoxID": "commentBox-1af88cda-126f-41ba-b81e-dd5b2260e207",
            "comments": [
                {
                    "content": "https://hub.knime.com/knime/extensions/org.knime.features.base/latest/org.knime.base.node.io.filehandling.csv.reader.CSVTableReaderNodeFactory",
                    "creatorName": "Bot",
                    "createorID": 1,
                    "creationTime": "2024-03-08T10:36:49.883Z"
                }
            ],
            "commentBoxPosition": {
                "x": 545.0,
                "y": 226.0
            }
        },
        {
            "commentBoxID": "commentBox-5b2521b2-9423-4983-8236-99ff4b782e84",
            "comments": [
                {
                    "content": "https://hub.knime.com/knime/extensions/org.knime.features.base/latest/org.knime.base.node.io.filehandling.csv.reader.CSVTableReaderNodeFactory",
                    "creatorName": "Bot",
                    "createorID": 1,
                    "creationTime": "2024-03-08T10:36:49.883Z"
                }
            ],
            "commentBoxPosition": {
                "x": 545.0,
                "y": 346.0
            }
        },
        {
            "commentBoxID": "commentBox-16f5a616-368c-44e2-b83a-759ae6a87c31",
            "comments": [
                {
                    "content": "https://hub.knime.com/knime/extensions/org.knime.features.base/latest/org.knime.base.node.io.filehandling.csv.reader.CSVTableReaderNodeFactory",
                    "creatorName": "Bot",
                    "createorID": 1,
                    "creationTime": "2024-03-08T10:36:49.883Z"
                }
            ],
            "commentBoxPosition": {
                "x": 405.0,
                "y": 666.0
            }
        },
        {
            "commentBoxID": "commentBox-9dc1fba9-1ef6-4d48-8096-d9604158c373",
            "comments": [
                {
                    "content": "https://hub.knime.com/knime/extensions/org.knime.features.base/latest/org.knime.base.node.io.filehandling.csv.reader.CSVTableReaderNodeFactory",
                    "creatorName": "Bot",
                    "createorID": 1,
                    "creationTime": "2024-03-08T10:36:49.883Z"
                }
            ],
            "commentBoxPosition": {
                "x": 385.0,
                "y": 1146.0
            }
        },
        {
            "commentBoxID": "commentBox-72eeaa2a-256d-44e7-8578-1aae072ffca8",
            "comments": [
                {
                    "content": "https://hub.knime.com/knime/extensions/org.knime.features.base/latest/org.knime.base.node.io.filehandling.csv.reader.CSVTableReaderNodeFactory",
                    "creatorName": "Bot",
                    "createorID": 1,
                    "creationTime": "2024-03-08T10:36:49.883Z"
                }
            ],
            "commentBoxPosition": {
                "x": 565.0,
                "y": 666.0
            }
        },
        {
            "commentBoxID": "commentBox-71e179b0-b3a3-4b80-a2f5-cbd7ead63edd",
            "comments": [
                {
                    "content": "https://hub.knime.com/knime/extensions/org.knime.features.base/latest/org.knime.base.node.io.filehandling.csv.reader.CSVTableReaderNodeFactory",
                    "creatorName": "Bot",
                    "createorID": 1,
                    "creationTime": "2024-03-08T10:36:49.883Z"
                }
            ],
            "commentBoxPosition": {
                "x": 505.0,
                "y": 1026.0
            }
        },
        {
            "commentBoxID": "commentBox-81636273-db12-407b-a7ed-f2b3ab40b7fc",
            "comments": [
                {
                    "content": "https://hub.knime.com/knime/extensions/org.knime.features.base/latest/org.knime.base.node.io.filehandling.csv.reader.CSVTableReaderNodeFactory",
                    "creatorName": "Bot",
                    "createorID": 1,
                    "creationTime": "2024-03-08T10:36:49.883Z"
                }
            ],
            "commentBoxPosition": {
                "x": 625.0,
                "y": 1086.0
            }
        },
        {
            "commentBoxID": "commentBox-5263ee40-91ab-4076-857b-6eb03adbe82e",
            "comments": [
                {
                    "content": "https://hub.knime.com/knime/extensions/org.knime.features.base/latest/org.knime.base.node.io.filehandling.csv.reader.CSVTableReaderNodeFactory",
                    "creatorName": "Bot",
                    "createorID": 1,
                    "creationTime": "2024-03-08T10:36:49.883Z"
                }
            ],
            "commentBoxPosition": {
                "x": 745.0,
                "y": 1086.0
            }
        },
        {
            "commentBoxID": "commentBox-99b05504-db9e-478d-9a0e-472b1cdc1e48",
            "comments": [
                {
                    "content": "https://hub.knime.com/knime/extensions/org.knime.features.base/latest/org.knime.base.node.io.filehandling.csv.reader.CSVTableReaderNodeFactory",
                    "creatorName": "Bot",
                    "createorID": 1,
                    "creationTime": "2024-03-08T10:36:49.883Z"
                }
            ],
            "commentBoxPosition": {
                "x": 505.0,
                "y": 1166.0
            }
        },
        {
            "commentBoxID": "commentBox-6b6d44f3-7648-4280-8e19-ebbf32fb20bf",
            "comments": [
                {
                    "content": "https://hub.knime.com/knime/extensions/org.knime.features.base/latest/org.knime.base.node.io.filehandling.csv.reader.CSVTableReaderNodeFactory",
                    "creatorName": "Bot",
                    "createorID": 1,
                    "creationTime": "2024-03-08T10:36:49.883Z"
                }
            ],
            "commentBoxPosition": {
                "x": 625.0,
                "y": 1226.0
            }
        },
        {
            "commentBoxID": "commentBox-a5abf2d7-cdb0-4230-b7d4-2373d4c1303c",
            "comments": [
                {
                    "content": "https://hub.knime.com/knime/extensions/org.knime.features.base/latest/org.knime.base.node.io.filehandling.csv.reader.CSVTableReaderNodeFactory",
                    "creatorName": "Bot",
                    "createorID": 1,
                    "creationTime": "2024-03-08T10:36:49.883Z"
                }
            ],
            "commentBoxPosition": {
                "x": 745.0,
                "y": 1226.0
            }
        },
        {
            "commentBoxID": "commentBox-876ac6d8-6075-4eb2-91c9-47589e9f4bac",
            "comments": [
                {
                    "content": "https://hub.knime.com/knime/extensions/org.knime.features.base/latest/org.knime.base.node.io.filehandling.csv.reader.CSVTableReaderNodeFactory",
                    "creatorName": "Bot",
                    "createorID": 1,
                    "creationTime": "2024-03-08T10:36:49.883Z"
                }
            ],
            "commentBoxPosition": {
                "x": 225.0,
                "y": 666.0
            }
        }
    ]
}