{
    "operators": [
        {
            "operatorID": "Dummy-operator-59beb8af-2d79-4efd-8308-945a1f6109e1",
            "operatorType": "Dummy",
            "operatorVersion": "",
            "operatorProperties": {
                "dummyPropertyList": [
                    {
                        "dummyProperty": "Source XML",
                        "dummyValue": "Omitted for license reasons"
                    }
                ]
            },
            "inputPorts": [
                {
                    "portID": "input-0",
                    "displayName": "",
                    "allowMultiInputs": true,
                    "isDynamicPort": true
                }
            ],
            "outputPorts": [
                {
                    "portID": "output-0",
                    "displayName": "",
                    "isDynamicPort": true,
                    "isBlocking": true
                },
                {
                    "portID": "output-1",
                    "displayName": "",
                    "isDynamicPort": true,
                    "isBlocking": true,
                    "materializationSize": 4.6826171875
                }
            ],
            "showAdvanced": false,
            "isDisabled": false,
            "customDisplayName": "Table Creator",
            "dynamicInputPorts": true,
            "dynamicOutputPorts": true
        },
        {
            "operatorID": "Dummy-operator-b2762ab6-aa35-479d-8c20-f280c59b2495",
            "operatorType": "Dummy",
            "operatorVersion": "",
            "operatorProperties": {
                "dummyPropertyList": [
                    {
                        "dummyProperty": "Source XML",
                        "dummyValue": "Omitted for license reasons"
                    }
                ]
            },
            "inputPorts": [
                {
                    "portID": "input-0",
                    "displayName": "",
                    "allowMultiInputs": true,
                    "isDynamicPort": true
                },
                {
                    "portID": "input-1",
                    "displayName": "",
                    "allowMultiInputs": true,
                    "isDynamicPort": true
                }
            ],
            "outputPorts": [
                {
                    "portID": "output-0",
                    "displayName": "",
                    "isDynamicPort": true,
                    "isBlocking": false
                },
                {
                    "portID": "output-1",
                    "displayName": "",
                    "isDynamicPort": true,
                    "isBlocking": false,
                    "materializationSize": 8.9384765625
                }
            ],
            "showAdvanced": false,
            "isDisabled": false,
            "customDisplayName": "Cell Splitter",
            "dynamicInputPorts": true,
            "dynamicOutputPorts": true
        },
        {
            "operatorID": "Dummy-operator-f0ecc70b-f600-4df1-8c97-30c3d6fa6471",
            "operatorType": "Dummy",
            "operatorVersion": "",
            "operatorProperties": {
                "dummyPropertyList": [
                    {
                        "dummyProperty": "Source XML",
                        "dummyValue": "Omitted for license reasons"
                    }
                ]
            },
            "inputPorts": [
                {
                    "portID": "input-0",
                    "displayName": "",
                    "allowMultiInputs": true,
                    "isDynamicPort": true
                },
                {
                    "portID": "input-1",
                    "displayName": "",
                    "allowMultiInputs": true,
                    "isDynamicPort": true
                }
            ],
            "outputPorts": [
                {
                    "portID": "output-0",
                    "displayName": "",
                    "isDynamicPort": true,
                    "isBlocking": false
                },
                {
                    "portID": "output-1",
                    "displayName": "",
                    "isDynamicPort": true,
                    "isBlocking": false,
                    "materializationSize": 8.279296875
                }
            ],
            "showAdvanced": false,
            "isDisabled": false,
            "customDisplayName": "String Replacer",
            "dynamicInputPorts": true,
            "dynamicOutputPorts": true
        },
        {
            "operatorID": "Dummy-operator-f4b292ca-f881-4ed6-8448-b3e86a599259",
            "operatorType": "Dummy",
            "operatorVersion": "",
            "operatorProperties": {
                "dummyPropertyList": [
                    {
                        "dummyProperty": "Source XML",
                        "dummyValue": "Omitted for license reasons"
                    }
                ]
            },
            "inputPorts": [
                {
                    "portID": "input-0",
                    "displayName": "",
                    "allowMultiInputs": true,
                    "isDynamicPort": true
                },
                {
                    "portID": "input-1",
                    "displayName": "",
                    "allowMultiInputs": true,
                    "isDynamicPort": true
                }
            ],
            "outputPorts": [
                {
                    "portID": "output-0",
                    "displayName": "",
                    "isDynamicPort": true,
                    "isBlocking": false
                },
                {
                    "portID": "output-1",
                    "displayName": "",
                    "isDynamicPort": true,
                    "isBlocking": false,
                    "materializationSize": 17.4296875
                }
            ],
            "showAdvanced": false,
            "isDisabled": false,
            "customDisplayName": "Ungroup",
            "dynamicInputPorts": true,
            "dynamicOutputPorts": true
        },
        {
            "operatorID": "Dummy-operator-a5906c0f-7529-406c-b46b-07dddc1e88d0",
            "operatorType": "Dummy",
            "operatorVersion": "",
            "operatorProperties": {
                "dummyPropertyList": [
                    {
                        "dummyProperty": "Source XML",
                        "dummyValue": "Omitted for license reasons"
                    }
                ]
            },
            "inputPorts": [
                {
                    "portID": "input-0",
                    "displayName": "",
                    "allowMultiInputs": true,
                    "isDynamicPort": true
                },
                {
                    "portID": "input-1",
                    "displayName": "",
                    "allowMultiInputs": true,
                    "isDynamicPort": true
                }
            ],
            "outputPorts": [
                {
                    "portID": "output-0",
                    "displayName": "",
                    "isDynamicPort": true,
                    "isBlocking": false
                },
                {
                    "portID": "output-1",
                    "displayName": "",
                    "isDynamicPort": true,
                    "isBlocking": false,
                    "materializationSize": 19.20703125
                }
            ],
            "showAdvanced": false,
            "isDisabled": false,
            "customDisplayName": "String Replacer",
            "dynamicInputPorts": true,
            "dynamicOutputPorts": true
        },
        {
            "operatorID": "Dummy-operator-fdc0f770-56e3-4969-b2a3-a4e46cc5ab76",
            "operatorType": "Dummy",
            "operatorVersion": "",
            "operatorProperties": {
                "dummyPropertyList": [
                    {
                        "dummyProperty": "Source XML",
                        "dummyValue": "Omitted for license reasons"
                    }
                ]
            },
            "inputPorts": [
                {
                    "portID": "input-0",
                    "displayName": "",
                    "allowMultiInputs": true,
                    "isDynamicPort": true
                },
                {
                    "portID": "input-1",
                    "displayName": "",
                    "allowMultiInputs": true,
                    "isDynamicPort": true
                }
            ],
            "outputPorts": [
                {
                    "portID": "output-0",
                    "displayName": "",
                    "isDynamicPort": true,
                    "isBlocking": false
                },
                {
                    "portID": "output-1",
                    "displayName": "",
                    "isDynamicPort": true,
                    "isBlocking": false,
                    "materializationSize": 21.9248046875
                }
            ],
            "showAdvanced": false,
            "isDisabled": false,
            "customDisplayName": "String Replacer",
            "dynamicInputPorts": true,
            "dynamicOutputPorts": true
        },
        {
            "operatorID": "Dummy-operator-9437df6b-0a3f-4f4a-abc0-8b406a81d507",
            "operatorType": "Dummy",
            "operatorVersion": "",
            "operatorProperties": {
                "dummyPropertyList": [
                    {
                        "dummyProperty": "Source XML",
                        "dummyValue": "Omitted for license reasons"
                    }
                ]
            },
            "inputPorts": [
                {
                    "portID": "input-0",
                    "displayName": "",
                    "allowMultiInputs": true,
                    "isDynamicPort": true
                },
                {
                    "portID": "input-1",
                    "displayName": "",
                    "allowMultiInputs": true,
                    "isDynamicPort": true
                }
            ],
            "outputPorts": [
                {
                    "portID": "output-0",
                    "displayName": "",
                    "isDynamicPort": true,
                    "isBlocking": true
                },
                {
                    "portID": "output-1",
                    "displayName": "",
                    "isDynamicPort": true,
                    "isBlocking": true,
                    "materializationSize": 11.5771484375
                },
                {
                    "portID": "output-2",
                    "displayName": "",
                    "isDynamicPort": true,
                    "isBlocking": true,
                    "materializationSize": 7.33984375
                },
                {
                    "portID": "output-3",
                    "displayName": "",
                    "isDynamicPort": true,
                    "isBlocking": true,
                    "materializationSize": 11.1279296875
                }
            ],
            "showAdvanced": false,
            "isDisabled": false,
            "customDisplayName": "Pivoting",
            "dynamicInputPorts": true,
            "dynamicOutputPorts": true
        },
        {
            "operatorID": "Dummy-operator-49e9b5d9-7428-4c79-9caf-22eaecb1347a",
            "operatorType": "Dummy",
            "operatorVersion": "",
            "operatorProperties": {
                "dummyPropertyList": [
                    {
                        "dummyProperty": "Source XML",
                        "dummyValue": "Omitted for license reasons"
                    }
                ]
            },
            "inputPorts": [
                {
                    "portID": "input-0",
                    "displayName": "",
                    "allowMultiInputs": true,
                    "isDynamicPort": true
                },
                {
                    "portID": "input-1",
                    "displayName": "",
                    "allowMultiInputs": true,
                    "isDynamicPort": true
                }
            ],
            "outputPorts": [
                {
                    "portID": "output-0",
                    "displayName": "",
                    "isDynamicPort": true,
                    "isBlocking": false
                },
                {
                    "portID": "output-1",
                    "displayName": "",
                    "isDynamicPort": true,
                    "isBlocking": false,
                    "materializationSize": 10.4033203125
                }
            ],
            "showAdvanced": false,
            "isDisabled": false,
            "customDisplayName": "Column Rename _Regex_",
            "dynamicInputPorts": true,
            "dynamicOutputPorts": true
        }
    ],
    "operatorPositions": {
        "Dummy-operator-59beb8af-2d79-4efd-8308-945a1f6109e1": {
            "x": 466.0,
            "y": 337.0
        },
        "Dummy-operator-b2762ab6-aa35-479d-8c20-f280c59b2495": {
            "x": 784.0,
            "y": 337.0
        },
        "Dummy-operator-f0ecc70b-f600-4df1-8c97-30c3d6fa6471": {
            "x": 624.0,
            "y": 337.0
        },
        "Dummy-operator-f4b292ca-f881-4ed6-8448-b3e86a599259": {
            "x": 904.0,
            "y": 337.0
        },
        "Dummy-operator-a5906c0f-7529-406c-b46b-07dddc1e88d0": {
            "x": 1024.0,
            "y": 337.0
        },
        "Dummy-operator-fdc0f770-56e3-4969-b2a3-a4e46cc5ab76": {
            "x": 1184.0,
            "y": 337.0
        },
        "Dummy-operator-9437df6b-0a3f-4f4a-abc0-8b406a81d507": {
            "x": 1344.0,
            "y": 337.0
        },
        "Dummy-operator-49e9b5d9-7428-4c79-9caf-22eaecb1347a": {
            "x": 1504.0,
            "y": 337.0
        }
    },
    "links": [
        {
            "linkID": "link-23dae88a-37fa-46b4-ab63-810059f391d9",
            "source": {
                "operatorID": "Dummy-operator-59beb8af-2d79-4efd-8308-945a1f6109e1",
                "portID": "output-1"
            },
            "target": {
                "operatorID": "Dummy-operator-f0ecc70b-f600-4df1-8c97-30c3d6fa6471",
                "portID": "input-1"
            }
        },
        {
            "linkID": "link-d266ae7c-95d3-46d7-8211-e11b3e8ddead",
            "source": {
                "operatorID": "Dummy-operator-b2762ab6-aa35-479d-8c20-f280c59b2495",
                "portID": "output-1"
            },
            "target": {
                "operatorID": "Dummy-operator-f4b292ca-f881-4ed6-8448-b3e86a599259",
                "portID": "input-1"
            }
        },
        {
            "linkID": "link-b0a388e1-1d81-4531-9cce-618df45dbb17",
            "source": {
                "operatorID": "Dummy-operator-f0ecc70b-f600-4df1-8c97-30c3d6fa6471",
                "portID": "output-1"
            },
            "target": {
                "operatorID": "Dummy-operator-b2762ab6-aa35-479d-8c20-f280c59b2495",
                "portID": "input-1"
            }
        },
        {
            "linkID": "link-862c56a6-6c6a-4de7-bd90-6ccc5c9965d8",
            "source": {
                "operatorID": "Dummy-operator-f4b292ca-f881-4ed6-8448-b3e86a599259",
                "portID": "output-1"
            },
            "target": {
                "operatorID": "Dummy-operator-a5906c0f-7529-406c-b46b-07dddc1e88d0",
                "portID": "input-1"
            }
        },
        {
            "linkID": "link-fcee8845-07a8-48aa-b4bb-fa0b2d62279f",
            "source": {
                "operatorID": "Dummy-operator-a5906c0f-7529-406c-b46b-07dddc1e88d0",
                "portID": "output-1"
            },
            "target": {
                "operatorID": "Dummy-operator-fdc0f770-56e3-4969-b2a3-a4e46cc5ab76",
                "portID": "input-1"
            }
        },
        {
            "linkID": "link-c9245218-8270-4a6a-b6ea-0d36d42a8eca",
            "source": {
                "operatorID": "Dummy-operator-fdc0f770-56e3-4969-b2a3-a4e46cc5ab76",
                "portID": "output-1"
            },
            "target": {
                "operatorID": "Dummy-operator-9437df6b-0a3f-4f4a-abc0-8b406a81d507",
                "portID": "input-1"
            }
        },
        {
            "linkID": "link-124b5a94-18da-4c64-a6b8-b385b79adeff",
            "source": {
                "operatorID": "Dummy-operator-9437df6b-0a3f-4f4a-abc0-8b406a81d507",
                "portID": "output-1"
            },
            "target": {
                "operatorID": "Dummy-operator-49e9b5d9-7428-4c79-9caf-22eaecb1347a",
                "portID": "input-1"
            }
        }
    ],
    "groups": [],
    "breakpoints": {},
    "commentBoxes": [
        {
            "commentBoxID": "commentBox-0ad023de-daa3-4444-9770-2a775541c78f",
            "comments": [
                {
                    "content": "https://hub.knime.com/knime/extensions/org.knime.features.base/latest/org.knime.base.node.io.filehandling.csv.reader.CSVTableReaderNodeFactory",
                    "creatorName": "Bot",
                    "createorID": 1,
                    "creationTime": "2024-03-08T10:36:49.883Z"
                }
            ],
            "commentBoxPosition": {
                "x": 526.0,
                "y": 367.0
            }
        },
        {
            "commentBoxID": "commentBox-e34daacb-6fe3-478e-a189-caceaeef2482",
            "comments": [
                {
                    "content": "https://hub.knime.com/knime/extensions/org.knime.features.base/latest/org.knime.base.node.io.filehandling.csv.reader.CSVTableReaderNodeFactory",
                    "creatorName": "Bot",
                    "createorID": 1,
                    "creationTime": "2024-03-08T10:36:49.883Z"
                }
            ],
            "commentBoxPosition": {
                "x": 844.0,
                "y": 367.0
            }
        },
        {
            "commentBoxID": "commentBox-5d6270b0-3105-4922-a019-d3ca5980508f",
            "comments": [
                {
                    "content": "https://hub.knime.com/knime/extensions/org.knime.features.base/latest/org.knime.base.node.io.filehandling.csv.reader.CSVTableReaderNodeFactory",
                    "creatorName": "Bot",
                    "createorID": 1,
                    "creationTime": "2024-03-08T10:36:49.883Z"
                }
            ],
            "commentBoxPosition": {
                "x": 684.0,
                "y": 367.0
            }
        },
        {
            "commentBoxID": "commentBox-c43561e8-a45a-4c44-a71c-06305ab197ce",
            "comments": [
                {
                    "content": "https://hub.knime.com/knime/extensions/org.knime.features.base/latest/org.knime.base.node.io.filehandling.csv.reader.CSVTableReaderNodeFactory",
                    "creatorName": "Bot",
                    "createorID": 1,
                    "creationTime": "2024-03-08T10:36:49.883Z"
                }
            ],
            "commentBoxPosition": {
                "x": 964.0,
                "y": 367.0
            }
        },
        {
            "commentBoxID": "commentBox-117d173c-e2a4-49a2-aebc-d9bfae7783f9",
            "comments": [
                {
                    "content": "https://hub.knime.com/knime/extensions/org.knime.features.base/latest/org.knime.base.node.io.filehandling.csv.reader.CSVTableReaderNodeFactory",
                    "creatorName": "Bot",
                    "createorID": 1,
                    "creationTime": "2024-03-08T10:36:49.883Z"
                }
            ],
            "commentBoxPosition": {
                "x": 1084.0,
                "y": 367.0
            }
        },
        {
            "commentBoxID": "commentBox-b35cfb74-82cc-450a-b39b-b96452e2bb43",
            "comments": [
                {
                    "content": "https://hub.knime.com/knime/extensions/org.knime.features.base/latest/org.knime.base.node.io.filehandling.csv.reader.CSVTableReaderNodeFactory",
                    "creatorName": "Bot",
                    "createorID": 1,
                    "creationTime": "2024-03-08T10:36:49.883Z"
                }
            ],
            "commentBoxPosition": {
                "x": 1244.0,
                "y": 367.0
            }
        },
        {
            "commentBoxID": "commentBox-5243386e-71b1-4df0-b43a-dce96a15f439",
            "comments": [
                {
                    "content": "https://hub.knime.com/knime/extensions/org.knime.features.base/latest/org.knime.base.node.io.filehandling.csv.reader.CSVTableReaderNodeFactory",
                    "creatorName": "Bot",
                    "createorID": 1,
                    "creationTime": "2024-03-08T10:36:49.883Z"
                }
            ],
            "commentBoxPosition": {
                "x": 1404.0,
                "y": 367.0
            }
        },
        {
            "commentBoxID": "commentBox-cbba6234-36f4-4994-a5a8-8bb547c5946c",
            "comments": [
                {
                    "content": "https://hub.knime.com/knime/extensions/org.knime.features.base/latest/org.knime.base.node.io.filehandling.csv.reader.CSVTableReaderNodeFactory",
                    "creatorName": "Bot",
                    "createorID": 1,
                    "creationTime": "2024-03-08T10:36:49.883Z"
                }
            ],
            "commentBoxPosition": {
                "x": 1564.0,
                "y": 367.0
            }
        }
    ]
}