{
    "operators": [
        {
            "operatorID": "Dummy-operator-d473d2f5-4ecc-4680-a187-166502606cc0",
            "operatorType": "Dummy",
            "operatorVersion": "",
            "operatorProperties": {
                "dummyPropertyList": [
                    {
                        "dummyProperty": "Source XML",
                        "dummyValue": "Omitted for license reasons"
                    }
                ]
            },
            "inputPorts": [
                {
                    "portID": "input-0",
                    "displayName": "",
                    "allowMultiInputs": true,
                    "isDynamicPort": true
                }
            ],
            "outputPorts": [
                {
                    "portID": "output-0",
                    "displayName": "",
                    "isDynamicPort": true,
                    "isBlocking": true
                },
                {
                    "portID": "output-1",
                    "displayName": "",
                    "isDynamicPort": true,
                    "isBlocking": true,
                    "materializationSize": 6.158203125
                }
            ],
            "showAdvanced": false,
            "isDisabled": false,
            "customDisplayName": "Table Creator",
            "dynamicInputPorts": true,
            "dynamicOutputPorts": true
        },
        {
            "operatorID": "Dummy-operator-2ffccb62-17a5-466b-b336-a0acb0ecd8ca",
            "operatorType": "Dummy",
            "operatorVersion": "",
            "operatorProperties": {
                "dummyPropertyList": [
                    {
                        "dummyProperty": "Source XML",
                        "dummyValue": "Omitted for license reasons"
                    }
                ]
            },
            "inputPorts": [
                {
                    "portID": "input-0",
                    "displayName": "",
                    "allowMultiInputs": true,
                    "isDynamicPort": true
                },
                {
                    "portID": "input-1",
                    "displayName": "",
                    "allowMultiInputs": true,
                    "isDynamicPort": true
                }
            ],
            "outputPorts": [
                {
                    "portID": "output-0",
                    "displayName": "",
                    "isDynamicPort": true,
                    "isBlocking": true
                },
                {
                    "portID": "output-1",
                    "displayName": "",
                    "isDynamicPort": true,
                    "isBlocking": true,
                    "materializationSize": 6.140625
                }
            ],
            "showAdvanced": false,
            "isDisabled": false,
            "customDisplayName": "GroupBy",
            "dynamicInputPorts": true,
            "dynamicOutputPorts": true
        },
        {
            "operatorID": "Dummy-operator-3600c31a-08d6-42d9-91e7-1a37ab95e1ce",
            "operatorType": "Dummy",
            "operatorVersion": "",
            "operatorProperties": {
                "dummyPropertyList": [
                    {
                        "dummyProperty": "Source XML",
                        "dummyValue": "Omitted for license reasons"
                    }
                ]
            },
            "inputPorts": [
                {
                    "portID": "input-0",
                    "displayName": "",
                    "allowMultiInputs": true,
                    "isDynamicPort": true
                },
                {
                    "portID": "input-1",
                    "displayName": "",
                    "allowMultiInputs": true,
                    "isDynamicPort": true
                },
                {
                    "portID": "input-2",
                    "displayName": "",
                    "allowMultiInputs": true,
                    "isDynamicPort": true
                }
            ],
            "outputPorts": [
                {
                    "portID": "output-0",
                    "displayName": "",
                    "isDynamicPort": true,
                    "isBlocking": false
                },
                {
                    "portID": "output-1",
                    "displayName": "",
                    "isDynamicPort": true,
                    "isBlocking": false,
                    "materializationSize": 5.884765625
                }
            ],
            "showAdvanced": false,
            "isDisabled": false,
            "customDisplayName": "Concatenate",
            "dynamicInputPorts": true,
            "dynamicOutputPorts": true
        },
        {
            "operatorID": "Dummy-operator-cb82cb70-2023-4354-8045-8671865b1169",
            "operatorType": "Dummy",
            "operatorVersion": "",
            "operatorProperties": {
                "dummyPropertyList": [
                    {
                        "dummyProperty": "Source XML",
                        "dummyValue": "Omitted for license reasons"
                    }
                ]
            },
            "inputPorts": [
                {
                    "portID": "input-0",
                    "displayName": "",
                    "allowMultiInputs": true,
                    "isDynamicPort": true
                },
                {
                    "portID": "input-1",
                    "displayName": "",
                    "allowMultiInputs": true,
                    "isDynamicPort": true
                }
            ],
            "outputPorts": [
                {
                    "portID": "output-0",
                    "displayName": "",
                    "isDynamicPort": true,
                    "isBlocking": true
                },
                {
                    "portID": "output-1",
                    "displayName": "",
                    "isDynamicPort": true,
                    "isBlocking": true,
                    "materializationSize": 6.2080078125
                }
            ],
            "showAdvanced": false,
            "isDisabled": false,
            "customDisplayName": "Sorter",
            "dynamicInputPorts": true,
            "dynamicOutputPorts": true
        },
        {
            "operatorID": "Dummy-operator-88f6b287-56ef-452a-a825-7f0bb200b565",
            "operatorType": "Dummy",
            "operatorVersion": "",
            "operatorProperties": {
                "dummyPropertyList": [
                    {
                        "dummyProperty": "Source XML",
                        "dummyValue": "Omitted for license reasons"
                    }
                ]
            },
            "inputPorts": [
                {
                    "portID": "input-0",
                    "displayName": "",
                    "allowMultiInputs": true,
                    "isDynamicPort": true
                },
                {
                    "portID": "input-1",
                    "displayName": "",
                    "allowMultiInputs": true,
                    "isDynamicPort": true
                }
            ],
            "outputPorts": [
                {
                    "portID": "output-0",
                    "displayName": "",
                    "isDynamicPort": true,
                    "isBlocking": false
                },
                {
                    "portID": "output-1",
                    "displayName": "",
                    "isDynamicPort": true,
                    "isBlocking": false,
                    "materializationSize": 8.3310546875
                }
            ],
            "showAdvanced": false,
            "isDisabled": false,
            "customDisplayName": "Column Expressions",
            "dynamicInputPorts": true,
            "dynamicOutputPorts": true
        },
        {
            "operatorID": "Dummy-operator-35adbfd6-7db1-4785-baaa-85a911a24bca",
            "operatorType": "Dummy",
            "operatorVersion": "",
            "operatorProperties": {
                "dummyPropertyList": [
                    {
                        "dummyProperty": "Source XML",
                        "dummyValue": "Omitted for license reasons"
                    }
                ]
            },
            "inputPorts": [
                {
                    "portID": "input-0",
                    "displayName": "",
                    "allowMultiInputs": true,
                    "isDynamicPort": true
                }
            ],
            "outputPorts": [
                {
                    "portID": "output-0",
                    "displayName": "",
                    "isDynamicPort": true,
                    "isBlocking": true
                },
                {
                    "portID": "output-1",
                    "displayName": "",
                    "isDynamicPort": true,
                    "isBlocking": true,
                    "materializationSize": 4.7431640625
                }
            ],
            "showAdvanced": false,
            "isDisabled": false,
            "customDisplayName": "Table Creator",
            "dynamicInputPorts": true,
            "dynamicOutputPorts": true
        },
        {
            "operatorID": "Dummy-operator-1078b99b-5a29-4e54-a695-989ca8b8e737",
            "operatorType": "Dummy",
            "operatorVersion": "",
            "operatorProperties": {
                "dummyPropertyList": [
                    {
                        "dummyProperty": "Source XML",
                        "dummyValue": "Omitted for license reasons"
                    }
                ]
            },
            "inputPorts": [
                {
                    "portID": "input-0",
                    "displayName": "",
                    "allowMultiInputs": true,
                    "isDynamicPort": true
                },
                {
                    "portID": "input-1",
                    "displayName": "",
                    "allowMultiInputs": true,
                    "isDynamicPort": true
                },
                {
                    "portID": "input-2",
                    "displayName": "",
                    "allowMultiInputs": true,
                    "isDynamicPort": true
                }
            ],
            "outputPorts": [
                {
                    "portID": "output-0",
                    "displayName": "",
                    "isDynamicPort": true,
                    "isBlocking": false
                },
                {
                    "portID": "output-1",
                    "displayName": "",
                    "isDynamicPort": true,
                    "isBlocking": false,
                    "materializationSize": 6.5537109375
                }
            ],
            "showAdvanced": false,
            "isDisabled": false,
            "customDisplayName": "Concatenate",
            "dynamicInputPorts": true,
            "dynamicOutputPorts": true
        },
        {
            "operatorID": "Dummy-operator-8b8edf63-8966-4ee7-a97f-3506a0122f07",
            "operatorType": "Dummy",
            "operatorVersion": "",
            "operatorProperties": {
                "dummyPropertyList": [
                    {
                        "dummyProperty": "Source XML",
                        "dummyValue": "Omitted for license reasons"
                    }
                ]
            },
            "inputPorts": [
                {
                    "portID": "input-0",
                    "displayName": "",
                    "allowMultiInputs": true,
                    "isDynamicPort": true
                },
                {
                    "portID": "input-1",
                    "displayName": "",
                    "allowMultiInputs": true,
                    "isDynamicPort": true
                }
            ],
            "outputPorts": [
                {
                    "portID": "output-0",
                    "displayName": "",
                    "isDynamicPort": true,
                    "isBlocking": false
                },
                {
                    "portID": "output-1",
                    "displayName": "",
                    "isDynamicPort": true,
                    "isBlocking": false,
                    "materializationSize": 7.5517578125
                }
            ],
            "showAdvanced": false,
            "isDisabled": false,
            "customDisplayName": "Row Filter",
            "dynamicInputPorts": true,
            "dynamicOutputPorts": true
        }
    ],
    "operatorPositions": {
        "Dummy-operator-d473d2f5-4ecc-4680-a187-166502606cc0": {
            "x": 105.0,
            "y": 194.0
        },
        "Dummy-operator-2ffccb62-17a5-466b-b336-a0acb0ecd8ca": {
            "x": 230.0,
            "y": 264.0
        },
        "Dummy-operator-3600c31a-08d6-42d9-91e7-1a37ab95e1ce": {
            "x": 334.0,
            "y": 207.0
        },
        "Dummy-operator-cb82cb70-2023-4354-8045-8671865b1169": {
            "x": 435.0,
            "y": 209.0
        },
        "Dummy-operator-88f6b287-56ef-452a-a825-7f0bb200b565": {
            "x": 640.0,
            "y": 209.0
        },
        "Dummy-operator-35adbfd6-7db1-4785-baaa-85a911a24bca": {
            "x": 435.0,
            "y": 344.0
        },
        "Dummy-operator-1078b99b-5a29-4e54-a695-989ca8b8e737": {
            "x": 535.0,
            "y": 209.0
        },
        "Dummy-operator-8b8edf63-8966-4ee7-a97f-3506a0122f07": {
            "x": 755.0,
            "y": 209.0
        }
    },
    "links": [
        {
            "linkID": "link-ffbfa045-41c2-4bbf-90a5-f63606e42686",
            "source": {
                "operatorID": "Dummy-operator-d473d2f5-4ecc-4680-a187-166502606cc0",
                "portID": "output-1"
            },
            "target": {
                "operatorID": "Dummy-operator-2ffccb62-17a5-466b-b336-a0acb0ecd8ca",
                "portID": "input-1"
            }
        },
        {
            "linkID": "link-7cddcc87-f2ba-4f94-abbd-da77d007fe93",
            "source": {
                "operatorID": "Dummy-operator-d473d2f5-4ecc-4680-a187-166502606cc0",
                "portID": "output-1"
            },
            "target": {
                "operatorID": "Dummy-operator-3600c31a-08d6-42d9-91e7-1a37ab95e1ce",
                "portID": "input-1"
            }
        },
        {
            "linkID": "link-c6368acf-89fd-4821-a143-3de417520fe4",
            "source": {
                "operatorID": "Dummy-operator-2ffccb62-17a5-466b-b336-a0acb0ecd8ca",
                "portID": "output-1"
            },
            "target": {
                "operatorID": "Dummy-operator-3600c31a-08d6-42d9-91e7-1a37ab95e1ce",
                "portID": "input-2"
            }
        },
        {
            "linkID": "link-2fa24b53-ec87-4831-b8d8-6da0315075c7",
            "source": {
                "operatorID": "Dummy-operator-3600c31a-08d6-42d9-91e7-1a37ab95e1ce",
                "portID": "output-1"
            },
            "target": {
                "operatorID": "Dummy-operator-cb82cb70-2023-4354-8045-8671865b1169",
                "portID": "input-1"
            }
        },
        {
            "linkID": "link-6494f27e-b095-4dfd-8967-de79c2a51b0a",
            "source": {
                "operatorID": "Dummy-operator-cb82cb70-2023-4354-8045-8671865b1169",
                "portID": "output-1"
            },
            "target": {
                "operatorID": "Dummy-operator-1078b99b-5a29-4e54-a695-989ca8b8e737",
                "portID": "input-1"
            }
        },
        {
            "linkID": "link-84ad719d-7c3b-4d89-8733-7fe8c99cfd6b",
            "source": {
                "operatorID": "Dummy-operator-88f6b287-56ef-452a-a825-7f0bb200b565",
                "portID": "output-1"
            },
            "target": {
                "operatorID": "Dummy-operator-8b8edf63-8966-4ee7-a97f-3506a0122f07",
                "portID": "input-1"
            }
        },
        {
            "linkID": "link-50d88bd5-3005-4826-abe7-89ad11806cad",
            "source": {
                "operatorID": "Dummy-operator-35adbfd6-7db1-4785-baaa-85a911a24bca",
                "portID": "output-1"
            },
            "target": {
                "operatorID": "Dummy-operator-1078b99b-5a29-4e54-a695-989ca8b8e737",
                "portID": "input-2"
            }
        },
        {
            "linkID": "link-270fd637-688d-4371-9c52-78ac5cc89aeb",
            "source": {
                "operatorID": "Dummy-operator-1078b99b-5a29-4e54-a695-989ca8b8e737",
                "portID": "output-1"
            },
            "target": {
                "operatorID": "Dummy-operator-88f6b287-56ef-452a-a825-7f0bb200b565",
                "portID": "input-1"
            }
        }
    ],
    "groups": [],
    "breakpoints": {},
    "commentBoxes": [
        {
            "commentBoxID": "commentBox-cbbcf35a-1d77-4c47-b63d-de5c648a788b",
            "comments": [
                {
                    "content": "https://hub.knime.com/knime/extensions/org.knime.features.base/latest/org.knime.base.node.io.filehandling.csv.reader.CSVTableReaderNodeFactory",
                    "creatorName": "Bot",
                    "createorID": 1,
                    "creationTime": "2024-03-08T10:36:49.883Z"
                }
            ],
            "commentBoxPosition": {
                "x": 165.0,
                "y": 224.0
            }
        },
        {
            "commentBoxID": "commentBox-51dd3c2c-639c-4b8f-b587-57ca7183a23b",
            "comments": [
                {
                    "content": "https://hub.knime.com/knime/extensions/org.knime.features.base/latest/org.knime.base.node.io.filehandling.csv.reader.CSVTableReaderNodeFactory",
                    "creatorName": "Bot",
                    "createorID": 1,
                    "creationTime": "2024-03-08T10:36:49.883Z"
                }
            ],
            "commentBoxPosition": {
                "x": 290.0,
                "y": 294.0
            }
        },
        {
            "commentBoxID": "commentBox-65894516-a2ac-405e-b85f-46739721f500",
            "comments": [
                {
                    "content": "https://hub.knime.com/knime/extensions/org.knime.features.base/latest/org.knime.base.node.io.filehandling.csv.reader.CSVTableReaderNodeFactory",
                    "creatorName": "Bot",
                    "createorID": 1,
                    "creationTime": "2024-03-08T10:36:49.883Z"
                }
            ],
            "commentBoxPosition": {
                "x": 394.0,
                "y": 237.0
            }
        },
        {
            "commentBoxID": "commentBox-1f05f1d2-6a06-41cc-bec9-9cb222bfb5ec",
            "comments": [
                {
                    "content": "https://hub.knime.com/knime/extensions/org.knime.features.base/latest/org.knime.base.node.io.filehandling.csv.reader.CSVTableReaderNodeFactory",
                    "creatorName": "Bot",
                    "createorID": 1,
                    "creationTime": "2024-03-08T10:36:49.883Z"
                }
            ],
            "commentBoxPosition": {
                "x": 495.0,
                "y": 239.0
            }
        },
        {
            "commentBoxID": "commentBox-00faa94d-31a8-4891-a3ba-3269c01426f7",
            "comments": [
                {
                    "content": "https://hub.knime.com/knime/extensions/org.knime.features.base/latest/org.knime.base.node.io.filehandling.csv.reader.CSVTableReaderNodeFactory",
                    "creatorName": "Bot",
                    "createorID": 1,
                    "creationTime": "2024-03-08T10:36:49.883Z"
                }
            ],
            "commentBoxPosition": {
                "x": 700.0,
                "y": 239.0
            }
        },
        {
            "commentBoxID": "commentBox-3616df9b-0442-40ee-81ae-8d85b2f9d0e5",
            "comments": [
                {
                    "content": "https://hub.knime.com/knime/extensions/org.knime.features.base/latest/org.knime.base.node.io.filehandling.csv.reader.CSVTableReaderNodeFactory",
                    "creatorName": "Bot",
                    "createorID": 1,
                    "creationTime": "2024-03-08T10:36:49.883Z"
                }
            ],
            "commentBoxPosition": {
                "x": 495.0,
                "y": 374.0
            }
        },
        {
            "commentBoxID": "commentBox-4a7b9ec9-6322-4f38-8bbb-3d6f59f8fade",
            "comments": [
                {
                    "content": "https://hub.knime.com/knime/extensions/org.knime.features.base/latest/org.knime.base.node.io.filehandling.csv.reader.CSVTableReaderNodeFactory",
                    "creatorName": "Bot",
                    "createorID": 1,
                    "creationTime": "2024-03-08T10:36:49.883Z"
                }
            ],
            "commentBoxPosition": {
                "x": 595.0,
                "y": 239.0
            }
        },
        {
            "commentBoxID": "commentBox-9f02dc3f-e5ce-4ad0-b4fd-d492bac889b3",
            "comments": [
                {
                    "content": "https://hub.knime.com/knime/extensions/org.knime.features.base/latest/org.knime.base.node.io.filehandling.csv.reader.CSVTableReaderNodeFactory",
                    "creatorName": "Bot",
                    "createorID": 1,
                    "creationTime": "2024-03-08T10:36:49.883Z"
                }
            ],
            "commentBoxPosition": {
                "x": 815.0,
                "y": 239.0
            }
        }
    ]
}