{
    "operators": [
        {
            "operatorID": "Dummy-operator-8726e436-1364-4b4e-b492-68d980a52a33",
            "operatorType": "Dummy",
            "operatorVersion": "",
            "operatorProperties": {
                "dummyPropertyList": [
                    {
                        "dummyProperty": "Source XML",
                        "dummyValue": "Omitted for license reasons"
                    }
                ]
            },
            "inputPorts": [
                {
                    "portID": "input-0",
                    "displayName": "",
                    "allowMultiInputs": true,
                    "isDynamicPort": true
                },
                {
                    "portID": "input-1",
                    "displayName": "",
                    "allowMultiInputs": true,
                    "isDynamicPort": true
                }
            ],
            "outputPorts": [
                {
                    "portID": "output-0",
                    "displayName": "",
                    "isDynamicPort": true,
                    "isBlocking": false
                },
                {
                    "portID": "output-1",
                    "displayName": "",
                    "isDynamicPort": true,
                    "isBlocking": false
                },
                {
                    "portID": "output-2",
                    "displayName": "",
                    "isDynamicPort": true,
                    "isBlocking": false
                }
            ],
            "showAdvanced": false,
            "isDisabled": false,
            "customDisplayName": "X_Aggregator",
            "dynamicInputPorts": true,
            "dynamicOutputPorts": true
        },
        {
            "operatorID": "Dummy-operator-8bb97c85-656a-4a72-b20a-47578d11ccc0",
            "operatorType": "Dummy",
            "operatorVersion": "",
            "operatorProperties": {
                "dummyPropertyList": [
                    {
                        "dummyProperty": "Source XML",
                        "dummyValue": "Omitted for license reasons"
                    }
                ]
            },
            "inputPorts": [
                {
                    "portID": "input-0",
                    "displayName": "",
                    "allowMultiInputs": true,
                    "isDynamicPort": true
                },
                {
                    "portID": "input-1",
                    "displayName": "",
                    "allowMultiInputs": true,
                    "isDynamicPort": true
                }
            ],
            "outputPorts": [
                {
                    "portID": "output-0",
                    "displayName": "",
                    "isDynamicPort": true,
                    "isBlocking": false
                },
                {
                    "portID": "output-1",
                    "displayName": "",
                    "isDynamicPort": true,
                    "isBlocking": false
                },
                {
                    "portID": "output-2",
                    "displayName": "",
                    "isDynamicPort": true,
                    "isBlocking": false
                }
            ],
            "showAdvanced": false,
            "isDisabled": false,
            "customDisplayName": "X_Partitioner",
            "dynamicInputPorts": true,
            "dynamicOutputPorts": true
        },
        {
            "operatorID": "Dummy-operator-a3a2bb09-e99d-44ee-849d-6a3bee2aa286",
            "operatorType": "Dummy",
            "operatorVersion": "",
            "operatorProperties": {
                "dummyPropertyList": [
                    {
                        "dummyProperty": "Source XML",
                        "dummyValue": "Omitted for license reasons"
                    }
                ]
            },
            "inputPorts": [
                {
                    "portID": "input-0",
                    "displayName": "",
                    "allowMultiInputs": true,
                    "isDynamicPort": true
                },
                {
                    "portID": "input-1",
                    "displayName": "",
                    "allowMultiInputs": true,
                    "isDynamicPort": true
                },
                {
                    "portID": "input-2",
                    "displayName": "",
                    "allowMultiInputs": true,
                    "isDynamicPort": true
                }
            ],
            "outputPorts": [
                {
                    "portID": "output-0",
                    "displayName": "",
                    "isDynamicPort": true,
                    "isBlocking": false
                },
                {
                    "portID": "output-1",
                    "displayName": "",
                    "isDynamicPort": true,
                    "isBlocking": false
                }
            ],
            "showAdvanced": false,
            "isDisabled": false,
            "customDisplayName": "MultiLayerPerceptron Predictor",
            "dynamicInputPorts": true,
            "dynamicOutputPorts": true
        },
        {
            "operatorID": "Dummy-operator-ae141a5b-9691-42e0-8049-c66c084b0be2",
            "operatorType": "Dummy",
            "operatorVersion": "",
            "operatorProperties": {
                "dummyPropertyList": [
                    {
                        "dummyProperty": "Source XML",
                        "dummyValue": "Omitted for license reasons"
                    }
                ]
            },
            "inputPorts": [
                {
                    "portID": "input-0",
                    "displayName": "",
                    "allowMultiInputs": true,
                    "isDynamicPort": true
                },
                {
                    "portID": "input-1",
                    "displayName": "",
                    "allowMultiInputs": true,
                    "isDynamicPort": true
                }
            ],
            "outputPorts": [
                {
                    "portID": "output-0",
                    "displayName": "",
                    "isDynamicPort": true,
                    "isBlocking": false
                },
                {
                    "portID": "output-1",
                    "displayName": "",
                    "isDynamicPort": true,
                    "isBlocking": false
                }
            ],
            "showAdvanced": false,
            "isDisabled": false,
            "customDisplayName": "RProp MLP Learner",
            "dynamicInputPorts": true,
            "dynamicOutputPorts": true
        },
        {
            "operatorID": "Dummy-operator-fab4d02a-ab5d-46d3-b2bb-97d3f451c9be",
            "operatorType": "Dummy",
            "operatorVersion": "",
            "operatorProperties": {
                "dummyPropertyList": [
                    {
                        "dummyProperty": "Source XML",
                        "dummyValue": "Omitted for license reasons"
                    }
                ]
            },
            "inputPorts": [
                {
                    "portID": "input-0",
                    "displayName": "",
                    "allowMultiInputs": true,
                    "isDynamicPort": true
                },
                {
                    "portID": "input-1",
                    "displayName": "",
                    "allowMultiInputs": true,
                    "isDynamicPort": true
                }
            ],
            "outputPorts": [
                {
                    "portID": "output-0",
                    "displayName": "",
                    "isDynamicPort": true,
                    "isBlocking": false
                },
                {
                    "portID": "output-1",
                    "displayName": "",
                    "isDynamicPort": true,
                    "isBlocking": false
                }
            ],
            "showAdvanced": false,
            "isDisabled": false,
            "customDisplayName": "RDKit Fingerprint",
            "dynamicInputPorts": true,
            "dynamicOutputPorts": true
        },
        {
            "operatorID": "Dummy-operator-dcb4b755-351a-4bc2-89c2-df2ed7e053bf",
            "operatorType": "Dummy",
            "operatorVersion": "",
            "operatorProperties": {
                "dummyPropertyList": [
                    {
                        "dummyProperty": "Source XML",
                        "dummyValue": "Omitted for license reasons"
                    }
                ]
            },
            "inputPorts": [
                {
                    "portID": "input-0",
                    "displayName": "",
                    "allowMultiInputs": true,
                    "isDynamicPort": true
                },
                {
                    "portID": "input-1",
                    "displayName": "",
                    "allowMultiInputs": true,
                    "isDynamicPort": true
                }
            ],
            "outputPorts": [
                {
                    "portID": "output-0",
                    "displayName": "",
                    "isDynamicPort": true,
                    "isBlocking": false
                },
                {
                    "portID": "output-1",
                    "displayName": "",
                    "isDynamicPort": true,
                    "isBlocking": false
                },
                {
                    "portID": "output-2",
                    "displayName": "",
                    "isDynamicPort": true,
                    "isBlocking": false
                }
            ],
            "showAdvanced": false,
            "isDisabled": false,
            "customDisplayName": "X_Partitioner",
            "dynamicInputPorts": true,
            "dynamicOutputPorts": true
        },
        {
            "operatorID": "Dummy-operator-86db10e6-5477-4c3a-8983-8010a9ca2946",
            "operatorType": "Dummy",
            "operatorVersion": "",
            "operatorProperties": {
                "dummyPropertyList": [
                    {
                        "dummyProperty": "Source XML",
                        "dummyValue": "Omitted for license reasons"
                    }
                ]
            },
            "inputPorts": [
                {
                    "portID": "input-0",
                    "displayName": "",
                    "allowMultiInputs": true,
                    "isDynamicPort": true
                },
                {
                    "portID": "input-1",
                    "displayName": "",
                    "allowMultiInputs": true,
                    "isDynamicPort": true
                }
            ],
            "outputPorts": [
                {
                    "portID": "output-0",
                    "displayName": "",
                    "isDynamicPort": true,
                    "isBlocking": false
                },
                {
                    "portID": "output-1",
                    "displayName": "",
                    "isDynamicPort": true,
                    "isBlocking": false
                },
                {
                    "portID": "output-2",
                    "displayName": "",
                    "isDynamicPort": true,
                    "isBlocking": false
                }
            ],
            "showAdvanced": false,
            "isDisabled": false,
            "customDisplayName": "X_Aggregator",
            "dynamicInputPorts": true,
            "dynamicOutputPorts": true
        },
        {
            "operatorID": "Dummy-operator-640d94b0-091c-4be2-8b89-28b5c8f265fa",
            "operatorType": "Dummy",
            "operatorVersion": "",
            "operatorProperties": {
                "dummyPropertyList": [
                    {
                        "dummyProperty": "Source XML",
                        "dummyValue": "Omitted for license reasons"
                    }
                ]
            },
            "inputPorts": [
                {
                    "portID": "input-0",
                    "displayName": "",
                    "allowMultiInputs": true,
                    "isDynamicPort": true
                },
                {
                    "portID": "input-1",
                    "displayName": "",
                    "allowMultiInputs": true,
                    "isDynamicPort": true
                }
            ],
            "outputPorts": [
                {
                    "portID": "output-0",
                    "displayName": "",
                    "isDynamicPort": true,
                    "isBlocking": false
                },
                {
                    "portID": "output-1",
                    "displayName": "",
                    "isDynamicPort": true,
                    "isBlocking": false
                },
                {
                    "portID": "output-2",
                    "displayName": "",
                    "isDynamicPort": true,
                    "isBlocking": false
                },
                {
                    "portID": "output-3",
                    "displayName": "",
                    "isDynamicPort": true,
                    "isBlocking": false
                }
            ],
            "showAdvanced": false,
            "isDisabled": false,
            "customDisplayName": "Random Forest Learner",
            "dynamicInputPorts": true,
            "dynamicOutputPorts": true
        },
        {
            "operatorID": "Dummy-operator-012df26f-ec85-4429-a132-6e32826e2486",
            "operatorType": "Dummy",
            "operatorVersion": "",
            "operatorProperties": {
                "dummyPropertyList": [
                    {
                        "dummyProperty": "Source XML",
                        "dummyValue": "Omitted for license reasons"
                    }
                ]
            },
            "inputPorts": [
                {
                    "portID": "input-0",
                    "displayName": "",
                    "allowMultiInputs": true,
                    "isDynamicPort": true
                },
                {
                    "portID": "input-1",
                    "displayName": "",
                    "allowMultiInputs": true,
                    "isDynamicPort": true
                },
                {
                    "portID": "input-2",
                    "displayName": "",
                    "allowMultiInputs": true,
                    "isDynamicPort": true
                }
            ],
            "outputPorts": [
                {
                    "portID": "output-0",
                    "displayName": "",
                    "isDynamicPort": true,
                    "isBlocking": false
                },
                {
                    "portID": "output-1",
                    "displayName": "",
                    "isDynamicPort": true,
                    "isBlocking": false
                }
            ],
            "showAdvanced": false,
            "isDisabled": false,
            "customDisplayName": "Random Forest Predictor",
            "dynamicInputPorts": true,
            "dynamicOutputPorts": true
        },
        {
            "operatorID": "Dummy-operator-c87918bf-daf4-4d7b-a62a-290fb12e5476",
            "operatorType": "Dummy",
            "operatorVersion": "",
            "operatorProperties": {
                "dummyPropertyList": [
                    {
                        "dummyProperty": "Source XML",
                        "dummyValue": "Omitted for license reasons"
                    }
                ]
            },
            "inputPorts": [
                {
                    "portID": "input-0",
                    "displayName": "",
                    "allowMultiInputs": true,
                    "isDynamicPort": true
                },
                {
                    "portID": "input-1",
                    "displayName": "",
                    "allowMultiInputs": true,
                    "isDynamicPort": true
                }
            ],
            "outputPorts": [
                {
                    "portID": "output-0",
                    "displayName": "",
                    "isDynamicPort": true,
                    "isBlocking": false
                },
                {
                    "portID": "output-1",
                    "displayName": "",
                    "isDynamicPort": true,
                    "isBlocking": false
                }
            ],
            "showAdvanced": false,
            "isDisabled": false,
            "customDisplayName": "Math Formula",
            "dynamicInputPorts": true,
            "dynamicOutputPorts": true
        },
        {
            "operatorID": "Dummy-operator-d366d6dd-2057-4c2c-be61-e5b51c350c5c",
            "operatorType": "Dummy",
            "operatorVersion": "",
            "operatorProperties": {
                "dummyPropertyList": [
                    {
                        "dummyProperty": "Source XML",
                        "dummyValue": "Omitted for license reasons"
                    }
                ]
            },
            "inputPorts": [
                {
                    "portID": "input-0",
                    "displayName": "",
                    "allowMultiInputs": true,
                    "isDynamicPort": true
                },
                {
                    "portID": "input-1",
                    "displayName": "",
                    "allowMultiInputs": true,
                    "isDynamicPort": true
                }
            ],
            "outputPorts": [
                {
                    "portID": "output-0",
                    "displayName": "",
                    "isDynamicPort": true,
                    "isBlocking": false
                },
                {
                    "portID": "output-1",
                    "displayName": "",
                    "isDynamicPort": true,
                    "isBlocking": false
                },
                {
                    "portID": "output-2",
                    "displayName": "",
                    "isDynamicPort": true,
                    "isBlocking": false
                }
            ],
            "showAdvanced": false,
            "isDisabled": false,
            "customDisplayName": "ROC Curve _JavaScript_",
            "dynamicInputPorts": true,
            "dynamicOutputPorts": true
        },
        {
            "operatorID": "Dummy-operator-4409f476-fa5d-4a80-a424-bdc92d8ae634",
            "operatorType": "Dummy",
            "operatorVersion": "",
            "operatorProperties": {
                "dummyPropertyList": [
                    {
                        "dummyProperty": "Source XML",
                        "dummyValue": "Omitted for license reasons"
                    }
                ]
            },
            "inputPorts": [
                {
                    "portID": "input-0",
                    "displayName": "",
                    "allowMultiInputs": true,
                    "isDynamicPort": true
                },
                {
                    "portID": "input-1",
                    "displayName": "",
                    "allowMultiInputs": true,
                    "isDynamicPort": true
                }
            ],
            "outputPorts": [
                {
                    "portID": "output-0",
                    "displayName": "",
                    "isDynamicPort": true,
                    "isBlocking": false
                },
                {
                    "portID": "output-1",
                    "displayName": "",
                    "isDynamicPort": true,
                    "isBlocking": false
                },
                {
                    "portID": "output-2",
                    "displayName": "",
                    "isDynamicPort": true,
                    "isBlocking": false
                },
                {
                    "portID": "output-3",
                    "displayName": "",
                    "isDynamicPort": true,
                    "isBlocking": false
                }
            ],
            "showAdvanced": false,
            "isDisabled": false,
            "customDisplayName": "Scorer _JavaScript_",
            "dynamicInputPorts": true,
            "dynamicOutputPorts": true
        },
        {
            "operatorID": "Dummy-operator-610bb049-3337-4256-ad24-f137ec87000f",
            "operatorType": "Dummy",
            "operatorVersion": "",
            "operatorProperties": {
                "dummyPropertyList": [
                    {
                        "dummyProperty": "Source XML",
                        "dummyValue": "Omitted for license reasons"
                    }
                ]
            },
            "inputPorts": [
                {
                    "portID": "input-0",
                    "displayName": "",
                    "allowMultiInputs": true,
                    "isDynamicPort": true
                },
                {
                    "portID": "input-1",
                    "displayName": "",
                    "allowMultiInputs": true,
                    "isDynamicPort": true
                }
            ],
            "outputPorts": [
                {
                    "portID": "output-0",
                    "displayName": "",
                    "isDynamicPort": true,
                    "isBlocking": false
                }
            ],
            "showAdvanced": false,
            "isDisabled": false,
            "customDisplayName": "Image Writer _Port_",
            "dynamicInputPorts": true,
            "dynamicOutputPorts": true
        },
        {
            "operatorID": "Dummy-operator-a141c800-dceb-4a38-af6a-cae3e3c14072",
            "operatorType": "Dummy",
            "operatorVersion": "",
            "operatorProperties": {
                "dummyPropertyList": [
                    {
                        "dummyProperty": "Source XML",
                        "dummyValue": "Omitted for license reasons"
                    }
                ]
            },
            "inputPorts": [
                {
                    "portID": "input-0",
                    "displayName": "",
                    "allowMultiInputs": true,
                    "isDynamicPort": true
                },
                {
                    "portID": "input-1",
                    "displayName": "",
                    "allowMultiInputs": true,
                    "isDynamicPort": true
                }
            ],
            "outputPorts": [
                {
                    "portID": "output-0",
                    "displayName": "",
                    "isDynamicPort": true,
                    "isBlocking": false
                },
                {
                    "portID": "output-1",
                    "displayName": "",
                    "isDynamicPort": true,
                    "isBlocking": false
                },
                {
                    "portID": "output-2",
                    "displayName": "",
                    "isDynamicPort": true,
                    "isBlocking": false
                }
            ],
            "showAdvanced": false,
            "isDisabled": false,
            "customDisplayName": "X_Partitioner",
            "dynamicInputPorts": true,
            "dynamicOutputPorts": true
        },
        {
            "operatorID": "Dummy-operator-db8656c6-fa18-4478-9edf-eb92a0b53206",
            "operatorType": "Dummy",
            "operatorVersion": "",
            "operatorProperties": {
                "dummyPropertyList": [
                    {
                        "dummyProperty": "Source XML",
                        "dummyValue": "Omitted for license reasons"
                    }
                ]
            },
            "inputPorts": [
                {
                    "portID": "input-0",
                    "displayName": "",
                    "allowMultiInputs": true,
                    "isDynamicPort": true
                },
                {
                    "portID": "input-1",
                    "displayName": "",
                    "allowMultiInputs": true,
                    "isDynamicPort": true
                }
            ],
            "outputPorts": [
                {
                    "portID": "output-0",
                    "displayName": "",
                    "isDynamicPort": true,
                    "isBlocking": false
                },
                {
                    "portID": "output-1",
                    "displayName": "",
                    "isDynamicPort": true,
                    "isBlocking": false
                },
                {
                    "portID": "output-2",
                    "displayName": "",
                    "isDynamicPort": true,
                    "isBlocking": false
                }
            ],
            "showAdvanced": false,
            "isDisabled": false,
            "customDisplayName": "X_Aggregator",
            "dynamicInputPorts": true,
            "dynamicOutputPorts": true
        },
        {
            "operatorID": "Dummy-operator-b93e5e41-026d-4713-bf27-b5acd55fcdaf",
            "operatorType": "Dummy",
            "operatorVersion": "",
            "operatorProperties": {
                "dummyPropertyList": [
                    {
                        "dummyProperty": "Source XML",
                        "dummyValue": "Omitted for license reasons"
                    }
                ]
            },
            "inputPorts": [
                {
                    "portID": "input-0",
                    "displayName": "",
                    "allowMultiInputs": true,
                    "isDynamicPort": true
                },
                {
                    "portID": "input-1",
                    "displayName": "",
                    "allowMultiInputs": true,
                    "isDynamicPort": true
                }
            ],
            "outputPorts": [
                {
                    "portID": "output-0",
                    "displayName": "",
                    "isDynamicPort": true,
                    "isBlocking": false
                },
                {
                    "portID": "output-1",
                    "displayName": "",
                    "isDynamicPort": true,
                    "isBlocking": false
                }
            ],
            "showAdvanced": false,
            "isDisabled": false,
            "customDisplayName": "SVM Learner",
            "dynamicInputPorts": true,
            "dynamicOutputPorts": true
        },
        {
            "operatorID": "Dummy-operator-051906b4-4355-433f-a77e-d65eec53fd1b",
            "operatorType": "Dummy",
            "operatorVersion": "",
            "operatorProperties": {
                "dummyPropertyList": [
                    {
                        "dummyProperty": "Source XML",
                        "dummyValue": "Omitted for license reasons"
                    }
                ]
            },
            "inputPorts": [
                {
                    "portID": "input-0",
                    "displayName": "",
                    "allowMultiInputs": true,
                    "isDynamicPort": true
                },
                {
                    "portID": "input-1",
                    "displayName": "",
                    "allowMultiInputs": true,
                    "isDynamicPort": true
                },
                {
                    "portID": "input-2",
                    "displayName": "",
                    "allowMultiInputs": true,
                    "isDynamicPort": true
                }
            ],
            "outputPorts": [
                {
                    "portID": "output-0",
                    "displayName": "",
                    "isDynamicPort": true,
                    "isBlocking": false
                },
                {
                    "portID": "output-1",
                    "displayName": "",
                    "isDynamicPort": true,
                    "isBlocking": false
                }
            ],
            "showAdvanced": false,
            "isDisabled": false,
            "customDisplayName": "SVM Predictor",
            "dynamicInputPorts": true,
            "dynamicOutputPorts": true
        },
        {
            "operatorID": "Dummy-operator-8dc2fb42-7117-4505-b34f-91560a1c4a97",
            "operatorType": "Dummy",
            "operatorVersion": "",
            "operatorProperties": {
                "dummyPropertyList": [
                    {
                        "dummyProperty": "Source XML",
                        "dummyValue": "Omitted for license reasons"
                    }
                ]
            },
            "inputPorts": [
                {
                    "portID": "input-0",
                    "displayName": "",
                    "allowMultiInputs": true,
                    "isDynamicPort": true
                },
                {
                    "portID": "input-1",
                    "displayName": "",
                    "allowMultiInputs": true,
                    "isDynamicPort": true
                }
            ],
            "outputPorts": [
                {
                    "portID": "output-0",
                    "displayName": "",
                    "isDynamicPort": true,
                    "isBlocking": false
                },
                {
                    "portID": "output-1",
                    "displayName": "",
                    "isDynamicPort": true,
                    "isBlocking": false
                }
            ],
            "showAdvanced": false,
            "isDisabled": false,
            "customDisplayName": "Column Filter",
            "dynamicInputPorts": true,
            "dynamicOutputPorts": true
        },
        {
            "operatorID": "Dummy-operator-a6a0a0e7-d225-401c-a2bf-759f34c0a6ae",
            "operatorType": "Dummy",
            "operatorVersion": "",
            "operatorProperties": {
                "dummyPropertyList": [
                    {
                        "dummyProperty": "Source XML",
                        "dummyValue": "Omitted for license reasons"
                    }
                ]
            },
            "inputPorts": [
                {
                    "portID": "input-0",
                    "displayName": "",
                    "allowMultiInputs": true,
                    "isDynamicPort": true
                },
                {
                    "portID": "input-1",
                    "displayName": "",
                    "allowMultiInputs": true,
                    "isDynamicPort": true
                }
            ],
            "outputPorts": [
                {
                    "portID": "output-0",
                    "displayName": "",
                    "isDynamicPort": true,
                    "isBlocking": false
                },
                {
                    "portID": "output-1",
                    "displayName": "",
                    "isDynamicPort": true,
                    "isBlocking": false
                }
            ],
            "showAdvanced": false,
            "isDisabled": false,
            "customDisplayName": "Expand Bit Vector",
            "dynamicInputPorts": true,
            "dynamicOutputPorts": true
        },
        {
            "operatorID": "Dummy-operator-de4d0cf3-0d11-4cd6-a922-1f6e90ee7dee",
            "operatorType": "Dummy",
            "operatorVersion": "",
            "operatorProperties": {
                "dummyPropertyList": [
                    {
                        "dummyProperty": "Source XML",
                        "dummyValue": "Omitted for license reasons"
                    }
                ]
            },
            "inputPorts": [
                {
                    "portID": "input-0",
                    "displayName": "",
                    "allowMultiInputs": true,
                    "isDynamicPort": true
                },
                {
                    "portID": "input-1",
                    "displayName": "",
                    "allowMultiInputs": true,
                    "isDynamicPort": true
                }
            ],
            "outputPorts": [
                {
                    "portID": "output-0",
                    "displayName": "",
                    "isDynamicPort": true,
                    "isBlocking": false
                },
                {
                    "portID": "output-1",
                    "displayName": "",
                    "isDynamicPort": true,
                    "isBlocking": false
                }
            ],
            "showAdvanced": false,
            "isDisabled": false,
            "customDisplayName": "Molecule Type Cast",
            "dynamicInputPorts": true,
            "dynamicOutputPorts": true
        },
        {
            "operatorID": "Dummy-operator-37416a2f-4a0b-469b-ba83-6f9d5415299a",
            "operatorType": "Dummy",
            "operatorVersion": "",
            "operatorProperties": {
                "dummyPropertyList": [
                    {
                        "dummyProperty": "Source XML",
                        "dummyValue": "Omitted for license reasons"
                    }
                ]
            },
            "inputPorts": [
                {
                    "portID": "input-0",
                    "displayName": "",
                    "allowMultiInputs": true,
                    "isDynamicPort": true
                },
                {
                    "portID": "input-1",
                    "displayName": "",
                    "allowMultiInputs": true,
                    "isDynamicPort": true
                }
            ],
            "outputPorts": [
                {
                    "portID": "output-0",
                    "displayName": "",
                    "isDynamicPort": true,
                    "isBlocking": false
                },
                {
                    "portID": "output-1",
                    "displayName": "",
                    "isDynamicPort": true,
                    "isBlocking": false
                },
                {
                    "portID": "output-2",
                    "displayName": "",
                    "isDynamicPort": true,
                    "isBlocking": false
                }
            ],
            "showAdvanced": false,
            "isDisabled": false,
            "customDisplayName": "RDKit From Molecule",
            "dynamicInputPorts": true,
            "dynamicOutputPorts": true
        },
        {
            "operatorID": "Dummy-operator-df1a1ffc-8485-40b0-b84d-ab3872d54cc0",
            "operatorType": "Dummy",
            "operatorVersion": "",
            "operatorProperties": {
                "dummyPropertyList": [
                    {
                        "dummyProperty": "Source XML",
                        "dummyValue": "Omitted for license reasons"
                    }
                ]
            },
            "inputPorts": [
                {
                    "portID": "input-0",
                    "displayName": "",
                    "allowMultiInputs": true,
                    "isDynamicPort": true
                },
                {
                    "portID": "input-1",
                    "displayName": "",
                    "allowMultiInputs": true,
                    "isDynamicPort": true
                }
            ],
            "outputPorts": [
                {
                    "portID": "output-0",
                    "displayName": "",
                    "isDynamicPort": true,
                    "isBlocking": false
                },
                {
                    "portID": "output-1",
                    "displayName": "",
                    "isDynamicPort": true,
                    "isBlocking": false
                },
                {
                    "portID": "output-2",
                    "displayName": "",
                    "isDynamicPort": true,
                    "isBlocking": false
                }
            ],
            "showAdvanced": false,
            "isDisabled": false,
            "customDisplayName": "ROC Curve _JavaScript_",
            "dynamicInputPorts": true,
            "dynamicOutputPorts": true
        },
        {
            "operatorID": "Dummy-operator-ffac7e4f-998e-43e7-a889-59fcd9a10c60",
            "operatorType": "Dummy",
            "operatorVersion": "",
            "operatorProperties": {
                "dummyPropertyList": [
                    {
                        "dummyProperty": "Source XML",
                        "dummyValue": "Omitted for license reasons"
                    }
                ]
            },
            "inputPorts": [
                {
                    "portID": "input-0",
                    "displayName": "",
                    "allowMultiInputs": true,
                    "isDynamicPort": true
                },
                {
                    "portID": "input-1",
                    "displayName": "",
                    "allowMultiInputs": true,
                    "isDynamicPort": true
                }
            ],
            "outputPorts": [
                {
                    "portID": "output-0",
                    "displayName": "",
                    "isDynamicPort": true,
                    "isBlocking": false
                },
                {
                    "portID": "output-1",
                    "displayName": "",
                    "isDynamicPort": true,
                    "isBlocking": false
                },
                {
                    "portID": "output-2",
                    "displayName": "",
                    "isDynamicPort": true,
                    "isBlocking": false
                },
                {
                    "portID": "output-3",
                    "displayName": "",
                    "isDynamicPort": true,
                    "isBlocking": false
                }
            ],
            "showAdvanced": false,
            "isDisabled": false,
            "customDisplayName": "Scorer _JavaScript_",
            "dynamicInputPorts": true,
            "dynamicOutputPorts": true
        },
        {
            "operatorID": "Dummy-operator-b171b096-bb46-447b-b373-979cbab090c5",
            "operatorType": "Dummy",
            "operatorVersion": "",
            "operatorProperties": {
                "dummyPropertyList": [
                    {
                        "dummyProperty": "Source XML",
                        "dummyValue": "Omitted for license reasons"
                    }
                ]
            },
            "inputPorts": [
                {
                    "portID": "input-0",
                    "displayName": "",
                    "allowMultiInputs": true,
                    "isDynamicPort": true
                },
                {
                    "portID": "input-1",
                    "displayName": "",
                    "allowMultiInputs": true,
                    "isDynamicPort": true
                }
            ],
            "outputPorts": [
                {
                    "portID": "output-0",
                    "displayName": "",
                    "isDynamicPort": true,
                    "isBlocking": false
                }
            ],
            "showAdvanced": false,
            "isDisabled": false,
            "customDisplayName": "Image Writer _Port_",
            "dynamicInputPorts": true,
            "dynamicOutputPorts": true
        },
        {
            "operatorID": "Dummy-operator-a4784cab-c7bf-45be-959a-a286359396d4",
            "operatorType": "Dummy",
            "operatorVersion": "",
            "operatorProperties": {
                "dummyPropertyList": [
                    {
                        "dummyProperty": "Source XML",
                        "dummyValue": "Omitted for license reasons"
                    }
                ]
            },
            "inputPorts": [
                {
                    "portID": "input-0",
                    "displayName": "",
                    "allowMultiInputs": true,
                    "isDynamicPort": true
                },
                {
                    "portID": "input-1",
                    "displayName": "",
                    "allowMultiInputs": true,
                    "isDynamicPort": true
                }
            ],
            "outputPorts": [
                {
                    "portID": "output-0",
                    "displayName": "",
                    "isDynamicPort": true,
                    "isBlocking": false
                },
                {
                    "portID": "output-1",
                    "displayName": "",
                    "isDynamicPort": true,
                    "isBlocking": false
                },
                {
                    "portID": "output-2",
                    "displayName": "",
                    "isDynamicPort": true,
                    "isBlocking": false
                }
            ],
            "showAdvanced": false,
            "isDisabled": false,
            "customDisplayName": "ROC Curve _JavaScript_",
            "dynamicInputPorts": true,
            "dynamicOutputPorts": true
        },
        {
            "operatorID": "Dummy-operator-53f29f3f-f5b8-4324-9e46-c92a2cbf8490",
            "operatorType": "Dummy",
            "operatorVersion": "",
            "operatorProperties": {
                "dummyPropertyList": [
                    {
                        "dummyProperty": "Source XML",
                        "dummyValue": "Omitted for license reasons"
                    }
                ]
            },
            "inputPorts": [
                {
                    "portID": "input-0",
                    "displayName": "",
                    "allowMultiInputs": true,
                    "isDynamicPort": true
                },
                {
                    "portID": "input-1",
                    "displayName": "",
                    "allowMultiInputs": true,
                    "isDynamicPort": true
                }
            ],
            "outputPorts": [
                {
                    "portID": "output-0",
                    "displayName": "",
                    "isDynamicPort": true,
                    "isBlocking": false
                },
                {
                    "portID": "output-1",
                    "displayName": "",
                    "isDynamicPort": true,
                    "isBlocking": false
                },
                {
                    "portID": "output-2",
                    "displayName": "",
                    "isDynamicPort": true,
                    "isBlocking": false
                },
                {
                    "portID": "output-3",
                    "displayName": "",
                    "isDynamicPort": true,
                    "isBlocking": false
                }
            ],
            "showAdvanced": false,
            "isDisabled": false,
            "customDisplayName": "Scorer _JavaScript_",
            "dynamicInputPorts": true,
            "dynamicOutputPorts": true
        },
        {
            "operatorID": "Dummy-operator-7f080f56-c8b3-4bdc-b657-aba071492b28",
            "operatorType": "Dummy",
            "operatorVersion": "",
            "operatorProperties": {
                "dummyPropertyList": [
                    {
                        "dummyProperty": "Source XML",
                        "dummyValue": "Omitted for license reasons"
                    }
                ]
            },
            "inputPorts": [
                {
                    "portID": "input-0",
                    "displayName": "",
                    "allowMultiInputs": true,
                    "isDynamicPort": true
                },
                {
                    "portID": "input-1",
                    "displayName": "",
                    "allowMultiInputs": true,
                    "isDynamicPort": true
                }
            ],
            "outputPorts": [
                {
                    "portID": "output-0",
                    "displayName": "",
                    "isDynamicPort": true,
                    "isBlocking": false
                }
            ],
            "showAdvanced": false,
            "isDisabled": false,
            "customDisplayName": "Image Writer _Port_",
            "dynamicInputPorts": true,
            "dynamicOutputPorts": true
        },
        {
            "operatorID": "Dummy-operator-a3a17efe-8964-4976-88b6-3444296b1f75",
            "operatorType": "Dummy",
            "operatorVersion": "",
            "operatorProperties": {
                "dummyPropertyList": [
                    {
                        "dummyProperty": "Source XML",
                        "dummyValue": "Omitted for license reasons"
                    }
                ]
            },
            "inputPorts": [
                {
                    "portID": "input-0",
                    "displayName": "",
                    "allowMultiInputs": true,
                    "isDynamicPort": true
                },
                {
                    "portID": "input-1",
                    "displayName": "",
                    "allowMultiInputs": true,
                    "isDynamicPort": true
                }
            ],
            "outputPorts": [
                {
                    "portID": "output-0",
                    "displayName": "",
                    "isDynamicPort": true,
                    "isBlocking": false
                },
                {
                    "portID": "output-1",
                    "displayName": "",
                    "isDynamicPort": true,
                    "isBlocking": false
                }
            ],
            "showAdvanced": false,
            "isDisabled": false,
            "customDisplayName": "Number To String",
            "dynamicInputPorts": true,
            "dynamicOutputPorts": true
        },
        {
            "operatorID": "Dummy-operator-9de1f3e9-e013-4d2d-97e4-b3cff3efd1e6",
            "operatorType": "Dummy",
            "operatorVersion": "",
            "operatorProperties": {
                "dummyPropertyList": [
                    {
                        "dummyProperty": "Source XML",
                        "dummyValue": "Omitted for license reasons"
                    }
                ]
            },
            "inputPorts": [
                {
                    "portID": "input-0",
                    "displayName": "",
                    "allowMultiInputs": true,
                    "isDynamicPort": true
                },
                {
                    "portID": "input-1",
                    "displayName": "",
                    "allowMultiInputs": true,
                    "isDynamicPort": true
                }
            ],
            "outputPorts": [
                {
                    "portID": "output-0",
                    "displayName": "",
                    "isDynamicPort": true,
                    "isBlocking": false
                },
                {
                    "portID": "output-1",
                    "displayName": "",
                    "isDynamicPort": true,
                    "isBlocking": false
                },
                {
                    "portID": "output-2",
                    "displayName": "",
                    "isDynamicPort": true,
                    "isBlocking": false
                }
            ],
            "showAdvanced": false,
            "isDisabled": false,
            "customDisplayName": "ROC Curve _JavaScript_",
            "dynamicInputPorts": true,
            "dynamicOutputPorts": true
        },
        {
            "operatorID": "Dummy-operator-2ec058e4-ba47-47f6-99bd-7b29d9cbb72f",
            "operatorType": "Dummy",
            "operatorVersion": "",
            "operatorProperties": {
                "dummyPropertyList": [
                    {
                        "dummyProperty": "Source XML",
                        "dummyValue": "Omitted for license reasons"
                    }
                ]
            },
            "inputPorts": [
                {
                    "portID": "input-0",
                    "displayName": "",
                    "allowMultiInputs": true,
                    "isDynamicPort": true
                },
                {
                    "portID": "input-1",
                    "displayName": "",
                    "allowMultiInputs": true,
                    "isDynamicPort": true
                }
            ],
            "outputPorts": [
                {
                    "portID": "output-0",
                    "displayName": "",
                    "isDynamicPort": true,
                    "isBlocking": false
                },
                {
                    "portID": "output-1",
                    "displayName": "",
                    "isDynamicPort": true,
                    "isBlocking": false
                },
                {
                    "portID": "output-2",
                    "displayName": "",
                    "isDynamicPort": true,
                    "isBlocking": false
                }
            ],
            "showAdvanced": false,
            "isDisabled": false,
            "customDisplayName": "ROC Curve _JavaScript_",
            "dynamicInputPorts": true,
            "dynamicOutputPorts": true
        },
        {
            "operatorID": "Dummy-operator-14f9e086-3535-474f-bef8-3e02f30fb757",
            "operatorType": "Dummy",
            "operatorVersion": "",
            "operatorProperties": {
                "dummyPropertyList": [
                    {
                        "dummyProperty": "Source XML",
                        "dummyValue": "Omitted for license reasons"
                    }
                ]
            },
            "inputPorts": [
                {
                    "portID": "input-0",
                    "displayName": "",
                    "allowMultiInputs": true,
                    "isDynamicPort": true
                },
                {
                    "portID": "input-1",
                    "displayName": "",
                    "allowMultiInputs": true,
                    "isDynamicPort": true
                }
            ],
            "outputPorts": [
                {
                    "portID": "output-0",
                    "displayName": "",
                    "isDynamicPort": true,
                    "isBlocking": false
                },
                {
                    "portID": "output-1",
                    "displayName": "",
                    "isDynamicPort": true,
                    "isBlocking": false
                },
                {
                    "portID": "output-2",
                    "displayName": "",
                    "isDynamicPort": true,
                    "isBlocking": false
                }
            ],
            "showAdvanced": false,
            "isDisabled": false,
            "customDisplayName": "ROC Curve _JavaScript_",
            "dynamicInputPorts": true,
            "dynamicOutputPorts": true
        },
        {
            "operatorID": "Dummy-operator-66318fc3-1831-4c6b-bc26-8c8da03a2a76",
            "operatorType": "Dummy",
            "operatorVersion": "",
            "operatorProperties": {
                "dummyPropertyList": [
                    {
                        "dummyProperty": "Source XML",
                        "dummyValue": "Omitted for license reasons"
                    }
                ]
            },
            "inputPorts": [
                {
                    "portID": "input-0",
                    "displayName": "",
                    "allowMultiInputs": true,
                    "isDynamicPort": true
                },
                {
                    "portID": "input-1",
                    "displayName": "",
                    "allowMultiInputs": true,
                    "isDynamicPort": true
                }
            ],
            "outputPorts": [
                {
                    "portID": "output-0",
                    "displayName": "",
                    "isDynamicPort": true,
                    "isBlocking": false
                },
                {
                    "portID": "output-1",
                    "displayName": "",
                    "isDynamicPort": true,
                    "isBlocking": false
                },
                {
                    "portID": "output-2",
                    "displayName": "",
                    "isDynamicPort": true,
                    "isBlocking": false
                },
                {
                    "portID": "output-3",
                    "displayName": "",
                    "isDynamicPort": true,
                    "isBlocking": false
                }
            ],
            "showAdvanced": false,
            "isDisabled": false,
            "customDisplayName": "Scorer _JavaScript_",
            "dynamicInputPorts": true,
            "dynamicOutputPorts": true
        },
        {
            "operatorID": "Dummy-operator-7a4a3a00-a936-470a-a8de-4b69521557b4",
            "operatorType": "Dummy",
            "operatorVersion": "",
            "operatorProperties": {
                "dummyPropertyList": [
                    {
                        "dummyProperty": "Source XML",
                        "dummyValue": "Omitted for license reasons"
                    }
                ]
            },
            "inputPorts": [
                {
                    "portID": "input-0",
                    "displayName": "",
                    "allowMultiInputs": true,
                    "isDynamicPort": true
                },
                {
                    "portID": "input-1",
                    "displayName": "",
                    "allowMultiInputs": true,
                    "isDynamicPort": true
                }
            ],
            "outputPorts": [
                {
                    "portID": "output-0",
                    "displayName": "",
                    "isDynamicPort": true,
                    "isBlocking": false
                },
                {
                    "portID": "output-1",
                    "displayName": "",
                    "isDynamicPort": true,
                    "isBlocking": false
                },
                {
                    "portID": "output-2",
                    "displayName": "",
                    "isDynamicPort": true,
                    "isBlocking": false
                },
                {
                    "portID": "output-3",
                    "displayName": "",
                    "isDynamicPort": true,
                    "isBlocking": false
                }
            ],
            "showAdvanced": false,
            "isDisabled": false,
            "customDisplayName": "Scorer _JavaScript_",
            "dynamicInputPorts": true,
            "dynamicOutputPorts": true
        },
        {
            "operatorID": "Dummy-operator-ff153623-809e-424e-9159-c3a2533e6ca8",
            "operatorType": "Dummy",
            "operatorVersion": "",
            "operatorProperties": {
                "dummyPropertyList": [
                    {
                        "dummyProperty": "Source XML",
                        "dummyValue": "Omitted for license reasons"
                    }
                ]
            },
            "inputPorts": [
                {
                    "portID": "input-0",
                    "displayName": "",
                    "allowMultiInputs": true,
                    "isDynamicPort": true
                },
                {
                    "portID": "input-1",
                    "displayName": "",
                    "allowMultiInputs": true,
                    "isDynamicPort": true
                }
            ],
            "outputPorts": [
                {
                    "portID": "output-0",
                    "displayName": "",
                    "isDynamicPort": true,
                    "isBlocking": false
                },
                {
                    "portID": "output-1",
                    "displayName": "",
                    "isDynamicPort": true,
                    "isBlocking": false
                },
                {
                    "portID": "output-2",
                    "displayName": "",
                    "isDynamicPort": true,
                    "isBlocking": false
                },
                {
                    "portID": "output-3",
                    "displayName": "",
                    "isDynamicPort": true,
                    "isBlocking": false
                }
            ],
            "showAdvanced": false,
            "isDisabled": false,
            "customDisplayName": "Scorer _JavaScript_",
            "dynamicInputPorts": true,
            "dynamicOutputPorts": true
        },
        {
            "operatorID": "Dummy-operator-97d088dd-177f-46c2-bbc8-9ebd57469cc2",
            "operatorType": "Dummy",
            "operatorVersion": "",
            "operatorProperties": {
                "dummyPropertyList": [
                    {
                        "dummyProperty": "Source XML",
                        "dummyValue": "Omitted for license reasons"
                    }
                ]
            },
            "inputPorts": [
                {
                    "portID": "input-0",
                    "displayName": "",
                    "allowMultiInputs": true,
                    "isDynamicPort": true
                }
            ],
            "outputPorts": [
                {
                    "portID": "output-0",
                    "displayName": "",
                    "isDynamicPort": true,
                    "isBlocking": false
                },
                {
                    "portID": "output-1",
                    "displayName": "",
                    "isDynamicPort": true,
                    "isBlocking": false
                }
            ],
            "showAdvanced": false,
            "isDisabled": false,
            "customDisplayName": "CSV Reader",
            "dynamicInputPorts": true,
            "dynamicOutputPorts": true
        }
    ],
    "operatorPositions": {
        "Dummy-operator-8726e436-1364-4b4e-b492-68d980a52a33": {
            "x": 1224.0,
            "y": 637.0
        },
        "Dummy-operator-8bb97c85-656a-4a72-b20a-47578d11ccc0": {
            "x": 864.0,
            "y": 638.0
        },
        "Dummy-operator-a3a2bb09-e99d-44ee-849d-6a3bee2aa286": {
            "x": 1104.0,
            "y": 437.0
        },
        "Dummy-operator-ae141a5b-9691-42e0-8049-c66c084b0be2": {
            "x": 964.0,
            "y": 397.0
        },
        "Dummy-operator-fab4d02a-ab5d-46d3-b2bb-97d3f451c9be": {
            "x": 424.0,
            "y": 498.0
        },
        "Dummy-operator-dcb4b755-351a-4bc2-89c2-df2ed7e053bf": {
            "x": 850.0,
            "y": 186.0
        },
        "Dummy-operator-86db10e6-5477-4c3a-8983-8010a9ca2946": {
            "x": 1230.0,
            "y": 186.0
        },
        "Dummy-operator-640d94b0-091c-4be2-8b89-28b5c8f265fa": {
            "x": 985.0,
            "y": 158.0
        },
        "Dummy-operator-012df26f-ec85-4429-a132-6e32826e2486": {
            "x": 1111.0,
            "y": 186.0
        },
        "Dummy-operator-c87918bf-daf4-4d7b-a62a-290fb12e5476": {
            "x": 104.0,
            "y": 497.0
        },
        "Dummy-operator-d366d6dd-2057-4c2c-be61-e5b51c350c5c": {
            "x": 224.0,
            "y": 158.0
        },
        "Dummy-operator-4409f476-fa5d-4a80-a424-bdc92d8ae634": {
            "x": 224.0,
            "y": 57.0
        },
        "Dummy-operator-610bb049-3337-4256-ad24-f137ec87000f": {
            "x": 384.0,
            "y": 157.0
        },
        "Dummy-operator-a141c800-dceb-4a38-af6a-cae3e3c14072": {
            "x": 843.0,
            "y": 437.0
        },
        "Dummy-operator-db8656c6-fa18-4478-9edf-eb92a0b53206": {
            "x": 1223.0,
            "y": 437.0
        },
        "Dummy-operator-b93e5e41-026d-4713-bf27-b5acd55fcdaf": {
            "x": 985.0,
            "y": 598.0
        },
        "Dummy-operator-051906b4-4355-433f-a77e-d65eec53fd1b": {
            "x": 1105.0,
            "y": 638.0
        },
        "Dummy-operator-8dc2fb42-7117-4505-b34f-91560a1c4a97": {
            "x": 544.0,
            "y": 498.0
        },
        "Dummy-operator-a6a0a0e7-d225-401c-a2bf-759f34c0a6ae": {
            "x": 665.0,
            "y": 498.0
        },
        "Dummy-operator-de4d0cf3-0d11-4cd6-a922-1f6e90ee7dee": {
            "x": -195.0,
            "y": 479.0
        },
        "Dummy-operator-37416a2f-4a0b-469b-ba83-6f9d5415299a": {
            "x": -70.0,
            "y": 479.0
        },
        "Dummy-operator-df1a1ffc-8485-40b0-b84d-ab3872d54cc0": {
            "x": 218.0,
            "y": 162.0
        },
        "Dummy-operator-ffac7e4f-998e-43e7-a889-59fcd9a10c60": {
            "x": 218.0,
            "y": 62.0
        },
        "Dummy-operator-b171b096-bb46-447b-b373-979cbab090c5": {
            "x": 364.0,
            "y": 157.0
        },
        "Dummy-operator-a4784cab-c7bf-45be-959a-a286359396d4": {
            "x": 224.0,
            "y": 157.0
        },
        "Dummy-operator-53f29f3f-f5b8-4324-9e46-c92a2cbf8490": {
            "x": 224.0,
            "y": 57.0
        },
        "Dummy-operator-7f080f56-c8b3-4bdc-b657-aba071492b28": {
            "x": 384.0,
            "y": 157.0
        },
        "Dummy-operator-a3a17efe-8964-4976-88b6-3444296b1f75": {
            "x": 304.0,
            "y": 498.0
        },
        "Dummy-operator-9de1f3e9-e013-4d2d-97e4-b3cff3efd1e6": {
            "x": 224.0,
            "y": 217.0
        },
        "Dummy-operator-2ec058e4-ba47-47f6-99bd-7b29d9cbb72f": {
            "x": 224.0,
            "y": 377.0
        },
        "Dummy-operator-14f9e086-3535-474f-bef8-3e02f30fb757": {
            "x": 224.0,
            "y": 57.0
        },
        "Dummy-operator-66318fc3-1831-4c6b-bc26-8c8da03a2a76": {
            "x": 224.0,
            "y": 37.0
        },
        "Dummy-operator-7a4a3a00-a936-470a-a8de-4b69521557b4": {
            "x": 224.0,
            "y": 157.0
        },
        "Dummy-operator-ff153623-809e-424e-9159-c3a2533e6ca8": {
            "x": 224.0,
            "y": 297.0
        },
        "Dummy-operator-97d088dd-177f-46c2-bbc8-9ebd57469cc2": {
            "x": -310.0,
            "y": 479.0
        }
    },
    "links": [
        {
            "linkID": "link-e20b3408-28d1-48b6-8604-e475d7bda325",
            "source": {
                "operatorID": "Dummy-operator-d366d6dd-2057-4c2c-be61-e5b51c350c5c",
                "portID": "output-1"
            },
            "target": {
                "operatorID": "Dummy-operator-610bb049-3337-4256-ad24-f137ec87000f",
                "portID": "input-1"
            }
        },
        {
            "linkID": "link-7eeb4a5b-3788-43a8-938a-557f496f8fe4",
            "source": {
                "operatorID": "Dummy-operator-df1a1ffc-8485-40b0-b84d-ab3872d54cc0",
                "portID": "output-1"
            },
            "target": {
                "operatorID": "Dummy-operator-b171b096-bb46-447b-b373-979cbab090c5",
                "portID": "input-1"
            }
        },
        {
            "linkID": "link-320d251d-0aee-4b8b-ae5a-14dcf3aea025",
            "source": {
                "operatorID": "Dummy-operator-a4784cab-c7bf-45be-959a-a286359396d4",
                "portID": "output-1"
            },
            "target": {
                "operatorID": "Dummy-operator-7f080f56-c8b3-4bdc-b657-aba071492b28",
                "portID": "input-1"
            }
        },
        {
            "linkID": "link-53b6cae9-9891-4ca2-a2c1-4f1fb022af35",
            "source": {
                "operatorID": "Dummy-operator-8726e436-1364-4b4e-b492-68d980a52a33",
                "portID": "output-1"
            },
            "target": {
                "operatorID": "Dummy-operator-d366d6dd-2057-4c2c-be61-e5b51c350c5c",
                "portID": "input-1"
            }
        },
        {
            "linkID": "link-ea4d96c7-d467-4ab0-98db-b8b144912d37",
            "source": {
                "operatorID": "Dummy-operator-8726e436-1364-4b4e-b492-68d980a52a33",
                "portID": "output-1"
            },
            "target": {
                "operatorID": "Dummy-operator-2ec058e4-ba47-47f6-99bd-7b29d9cbb72f",
                "portID": "input-1"
            }
        },
        {
            "linkID": "link-f897b802-7d81-4b14-ba7c-e6300b2e2571",
            "source": {
                "operatorID": "Dummy-operator-8726e436-1364-4b4e-b492-68d980a52a33",
                "portID": "output-1"
            },
            "target": {
                "operatorID": "Dummy-operator-ff153623-809e-424e-9159-c3a2533e6ca8",
                "portID": "input-1"
            }
        },
        {
            "linkID": "link-f01edc72-4379-4035-ba94-a0c7c75063a7",
            "source": {
                "operatorID": "Dummy-operator-8bb97c85-656a-4a72-b20a-47578d11ccc0",
                "portID": "output-1"
            },
            "target": {
                "operatorID": "Dummy-operator-b93e5e41-026d-4713-bf27-b5acd55fcdaf",
                "portID": "input-1"
            }
        },
        {
            "linkID": "link-efb2a9d8-0993-4537-9fbf-6069b1c12413",
            "source": {
                "operatorID": "Dummy-operator-8bb97c85-656a-4a72-b20a-47578d11ccc0",
                "portID": "output-2"
            },
            "target": {
                "operatorID": "Dummy-operator-051906b4-4355-433f-a77e-d65eec53fd1b",
                "portID": "input-2"
            }
        },
        {
            "linkID": "link-9b0ff52f-2a68-432c-a4f7-f48dc1656afd",
            "source": {
                "operatorID": "Dummy-operator-a3a2bb09-e99d-44ee-849d-6a3bee2aa286",
                "portID": "output-1"
            },
            "target": {
                "operatorID": "Dummy-operator-db8656c6-fa18-4478-9edf-eb92a0b53206",
                "portID": "input-1"
            }
        },
        {
            "linkID": "link-06a412fa-3c57-4cdb-82f7-25445063ad31",
            "source": {
                "operatorID": "Dummy-operator-ae141a5b-9691-42e0-8049-c66c084b0be2",
                "portID": "output-1"
            },
            "target": {
                "operatorID": "Dummy-operator-a3a2bb09-e99d-44ee-849d-6a3bee2aa286",
                "portID": "input-1"
            }
        },
        {
            "linkID": "link-2d4d5f57-f7b6-4139-8e2b-1710d6f92fa8",
            "source": {
                "operatorID": "Dummy-operator-fab4d02a-ab5d-46d3-b2bb-97d3f451c9be",
                "portID": "output-1"
            },
            "target": {
                "operatorID": "Dummy-operator-8dc2fb42-7117-4505-b34f-91560a1c4a97",
                "portID": "input-1"
            }
        },
        {
            "linkID": "link-2c5f6d7d-d523-4ee1-9798-05c20252b858",
            "source": {
                "operatorID": "Dummy-operator-dcb4b755-351a-4bc2-89c2-df2ed7e053bf",
                "portID": "output-1"
            },
            "target": {
                "operatorID": "Dummy-operator-640d94b0-091c-4be2-8b89-28b5c8f265fa",
                "portID": "input-1"
            }
        },
        {
            "linkID": "link-f4f2182b-dd74-4fb7-8861-e8998cfe62e1",
            "source": {
                "operatorID": "Dummy-operator-dcb4b755-351a-4bc2-89c2-df2ed7e053bf",
                "portID": "output-2"
            },
            "target": {
                "operatorID": "Dummy-operator-012df26f-ec85-4429-a132-6e32826e2486",
                "portID": "input-2"
            }
        },
        {
            "linkID": "link-40de25f5-223a-44e7-8493-649e1b86890d",
            "source": {
                "operatorID": "Dummy-operator-86db10e6-5477-4c3a-8983-8010a9ca2946",
                "portID": "output-1"
            },
            "target": {
                "operatorID": "Dummy-operator-a4784cab-c7bf-45be-959a-a286359396d4",
                "portID": "input-1"
            }
        },
        {
            "linkID": "link-a2e31e7d-b925-4c80-b2e8-01d2711f0793",
            "source": {
                "operatorID": "Dummy-operator-86db10e6-5477-4c3a-8983-8010a9ca2946",
                "portID": "output-1"
            },
            "target": {
                "operatorID": "Dummy-operator-14f9e086-3535-474f-bef8-3e02f30fb757",
                "portID": "input-1"
            }
        },
        {
            "linkID": "link-f8396691-2a6c-4c52-afea-e5de9700dd9c",
            "source": {
                "operatorID": "Dummy-operator-86db10e6-5477-4c3a-8983-8010a9ca2946",
                "portID": "output-1"
            },
            "target": {
                "operatorID": "Dummy-operator-66318fc3-1831-4c6b-bc26-8c8da03a2a76",
                "portID": "input-1"
            }
        },
        {
            "linkID": "link-e95d0a17-6211-4664-a65e-d946e42934f3",
            "source": {
                "operatorID": "Dummy-operator-640d94b0-091c-4be2-8b89-28b5c8f265fa",
                "portID": "output-3"
            },
            "target": {
                "operatorID": "Dummy-operator-012df26f-ec85-4429-a132-6e32826e2486",
                "portID": "input-1"
            }
        },
        {
            "linkID": "link-e0b645ea-6950-4fab-956f-3613917d6468",
            "source": {
                "operatorID": "Dummy-operator-012df26f-ec85-4429-a132-6e32826e2486",
                "portID": "output-1"
            },
            "target": {
                "operatorID": "Dummy-operator-86db10e6-5477-4c3a-8983-8010a9ca2946",
                "portID": "input-1"
            }
        },
        {
            "linkID": "link-5f1bec3c-6f04-4f57-90f3-e503cee078fc",
            "source": {
                "operatorID": "Dummy-operator-c87918bf-daf4-4d7b-a62a-290fb12e5476",
                "portID": "output-1"
            },
            "target": {
                "operatorID": "Dummy-operator-a3a17efe-8964-4976-88b6-3444296b1f75",
                "portID": "input-1"
            }
        },
        {
            "linkID": "link-ffc25080-270f-4d46-a9c0-ff9c6cb3c140",
            "source": {
                "operatorID": "Dummy-operator-a141c800-dceb-4a38-af6a-cae3e3c14072",
                "portID": "output-1"
            },
            "target": {
                "operatorID": "Dummy-operator-ae141a5b-9691-42e0-8049-c66c084b0be2",
                "portID": "input-1"
            }
        },
        {
            "linkID": "link-4e6ebfe0-1399-46ca-b74c-333076b0b8e7",
            "source": {
                "operatorID": "Dummy-operator-a141c800-dceb-4a38-af6a-cae3e3c14072",
                "portID": "output-2"
            },
            "target": {
                "operatorID": "Dummy-operator-a3a2bb09-e99d-44ee-849d-6a3bee2aa286",
                "portID": "input-2"
            }
        },
        {
            "linkID": "link-da71df52-79a8-48d3-9071-69f3d17d1ac4",
            "source": {
                "operatorID": "Dummy-operator-db8656c6-fa18-4478-9edf-eb92a0b53206",
                "portID": "output-1"
            },
            "target": {
                "operatorID": "Dummy-operator-df1a1ffc-8485-40b0-b84d-ab3872d54cc0",
                "portID": "input-1"
            }
        },
        {
            "linkID": "link-59a3e671-864f-4241-a076-6824bd85c4b2",
            "source": {
                "operatorID": "Dummy-operator-db8656c6-fa18-4478-9edf-eb92a0b53206",
                "portID": "output-1"
            },
            "target": {
                "operatorID": "Dummy-operator-9de1f3e9-e013-4d2d-97e4-b3cff3efd1e6",
                "portID": "input-1"
            }
        },
        {
            "linkID": "link-afb3b220-b24a-40c0-8b5e-007baae08ff2",
            "source": {
                "operatorID": "Dummy-operator-db8656c6-fa18-4478-9edf-eb92a0b53206",
                "portID": "output-1"
            },
            "target": {
                "operatorID": "Dummy-operator-7a4a3a00-a936-470a-a8de-4b69521557b4",
                "portID": "input-1"
            }
        },
        {
            "linkID": "link-e6b24ae1-4e73-4710-8dd2-11fa9ecd96d1",
            "source": {
                "operatorID": "Dummy-operator-b93e5e41-026d-4713-bf27-b5acd55fcdaf",
                "portID": "output-1"
            },
            "target": {
                "operatorID": "Dummy-operator-051906b4-4355-433f-a77e-d65eec53fd1b",
                "portID": "input-1"
            }
        },
        {
            "linkID": "link-4d742c02-c3b1-4690-837a-417c885abb20",
            "source": {
                "operatorID": "Dummy-operator-051906b4-4355-433f-a77e-d65eec53fd1b",
                "portID": "output-1"
            },
            "target": {
                "operatorID": "Dummy-operator-8726e436-1364-4b4e-b492-68d980a52a33",
                "portID": "input-1"
            }
        },
        {
            "linkID": "link-21cdcbd9-a89e-4b50-b2c3-b41211382325",
            "source": {
                "operatorID": "Dummy-operator-8dc2fb42-7117-4505-b34f-91560a1c4a97",
                "portID": "output-1"
            },
            "target": {
                "operatorID": "Dummy-operator-a6a0a0e7-d225-401c-a2bf-759f34c0a6ae",
                "portID": "input-1"
            }
        },
        {
            "linkID": "link-7a974590-7274-4382-82f6-e84bc0d25fe9",
            "source": {
                "operatorID": "Dummy-operator-a6a0a0e7-d225-401c-a2bf-759f34c0a6ae",
                "portID": "output-1"
            },
            "target": {
                "operatorID": "Dummy-operator-a141c800-dceb-4a38-af6a-cae3e3c14072",
                "portID": "input-1"
            }
        },
        {
            "linkID": "link-1b80fae1-a0b1-4109-8f58-591d2815eb76",
            "source": {
                "operatorID": "Dummy-operator-a6a0a0e7-d225-401c-a2bf-759f34c0a6ae",
                "portID": "output-1"
            },
            "target": {
                "operatorID": "Dummy-operator-8bb97c85-656a-4a72-b20a-47578d11ccc0",
                "portID": "input-1"
            }
        },
        {
            "linkID": "link-be54f511-0c5b-4bc3-9d8d-41eb8a93d175",
            "source": {
                "operatorID": "Dummy-operator-a6a0a0e7-d225-401c-a2bf-759f34c0a6ae",
                "portID": "output-1"
            },
            "target": {
                "operatorID": "Dummy-operator-dcb4b755-351a-4bc2-89c2-df2ed7e053bf",
                "portID": "input-1"
            }
        },
        {
            "linkID": "link-d9af4264-f4ae-41ca-b9e0-b1c4e2e10e8b",
            "source": {
                "operatorID": "Dummy-operator-de4d0cf3-0d11-4cd6-a922-1f6e90ee7dee",
                "portID": "output-1"
            },
            "target": {
                "operatorID": "Dummy-operator-37416a2f-4a0b-469b-ba83-6f9d5415299a",
                "portID": "input-1"
            }
        },
        {
            "linkID": "link-e0b650a8-ac72-4347-bf8f-ab3a14d8fedc",
            "source": {
                "operatorID": "Dummy-operator-37416a2f-4a0b-469b-ba83-6f9d5415299a",
                "portID": "output-1"
            },
            "target": {
                "operatorID": "Dummy-operator-c87918bf-daf4-4d7b-a62a-290fb12e5476",
                "portID": "input-1"
            }
        },
        {
            "linkID": "link-4b1f9cef-d817-4e2c-ac2c-c56f25ff8e9b",
            "source": {
                "operatorID": "Dummy-operator-a3a17efe-8964-4976-88b6-3444296b1f75",
                "portID": "output-1"
            },
            "target": {
                "operatorID": "Dummy-operator-fab4d02a-ab5d-46d3-b2bb-97d3f451c9be",
                "portID": "input-1"
            }
        },
        {
            "linkID": "link-8616b468-52fb-4b2a-ae2a-7559a18e8a48",
            "source": {
                "operatorID": "Dummy-operator-97d088dd-177f-46c2-bbc8-9ebd57469cc2",
                "portID": "output-1"
            },
            "target": {
                "operatorID": "Dummy-operator-de4d0cf3-0d11-4cd6-a922-1f6e90ee7dee",
                "portID": "input-1"
            }
        }
    ],
    "groups": [],
    "breakpoints": {},
    "commentBoxes": [
        {
            "commentBoxID": "commentBox-699bef62-4482-4e5c-b876-a3b13586637d",
            "comments": [
                {
                    "content": "https://hub.knime.com/knime/extensions/org.knime.features.base/latest/org.knime.base.node.io.filehandling.csv.reader.CSVTableReaderNodeFactory",
                    "creatorName": "Bot",
                    "createorID": 1,
                    "creationTime": "2024-03-08T10:36:49.883Z"
                }
            ],
            "commentBoxPosition": {
                "x": 1284.0,
                "y": 667.0
            }
        },
        {
            "commentBoxID": "commentBox-1d89f8eb-2cdd-446f-921e-aa0179d9473a",
            "comments": [
                {
                    "content": "https://hub.knime.com/knime/extensions/org.knime.features.base/latest/org.knime.base.node.io.filehandling.csv.reader.CSVTableReaderNodeFactory",
                    "creatorName": "Bot",
                    "createorID": 1,
                    "creationTime": "2024-03-08T10:36:49.883Z"
                }
            ],
            "commentBoxPosition": {
                "x": 924.0,
                "y": 668.0
            }
        },
        {
            "commentBoxID": "commentBox-9a392e7e-1a9d-45e1-9b1f-bbace642d270",
            "comments": [
                {
                    "content": "https://hub.knime.com/knime/extensions/org.knime.features.base/latest/org.knime.base.node.io.filehandling.csv.reader.CSVTableReaderNodeFactory",
                    "creatorName": "Bot",
                    "createorID": 1,
                    "creationTime": "2024-03-08T10:36:49.883Z"
                }
            ],
            "commentBoxPosition": {
                "x": 1164.0,
                "y": 467.0
            }
        },
        {
            "commentBoxID": "commentBox-a1629495-e189-4659-9516-d14535b543f1",
            "comments": [
                {
                    "content": "https://hub.knime.com/knime/extensions/org.knime.features.base/latest/org.knime.base.node.io.filehandling.csv.reader.CSVTableReaderNodeFactory",
                    "creatorName": "Bot",
                    "createorID": 1,
                    "creationTime": "2024-03-08T10:36:49.883Z"
                }
            ],
            "commentBoxPosition": {
                "x": 1024.0,
                "y": 427.0
            }
        },
        {
            "commentBoxID": "commentBox-8f45ccde-730f-4f32-b1f5-f921856ad0a9",
            "comments": [
                {
                    "content": "https://hub.knime.com/knime/extensions/org.knime.features.base/latest/org.knime.base.node.io.filehandling.csv.reader.CSVTableReaderNodeFactory",
                    "creatorName": "Bot",
                    "createorID": 1,
                    "creationTime": "2024-03-08T10:36:49.883Z"
                }
            ],
            "commentBoxPosition": {
                "x": 484.0,
                "y": 528.0
            }
        },
        {
            "commentBoxID": "commentBox-60749796-fe9c-4a4e-b808-e04881309ba8",
            "comments": [
                {
                    "content": "https://hub.knime.com/knime/extensions/org.knime.features.base/latest/org.knime.base.node.io.filehandling.csv.reader.CSVTableReaderNodeFactory",
                    "creatorName": "Bot",
                    "createorID": 1,
                    "creationTime": "2024-03-08T10:36:49.883Z"
                }
            ],
            "commentBoxPosition": {
                "x": 910.0,
                "y": 216.0
            }
        },
        {
            "commentBoxID": "commentBox-1ebdb3cb-7897-4179-9a09-c8f6adb53553",
            "comments": [
                {
                    "content": "https://hub.knime.com/knime/extensions/org.knime.features.base/latest/org.knime.base.node.io.filehandling.csv.reader.CSVTableReaderNodeFactory",
                    "creatorName": "Bot",
                    "createorID": 1,
                    "creationTime": "2024-03-08T10:36:49.883Z"
                }
            ],
            "commentBoxPosition": {
                "x": 1290.0,
                "y": 216.0
            }
        },
        {
            "commentBoxID": "commentBox-df206a59-d352-483c-80c6-d010d5cf9694",
            "comments": [
                {
                    "content": "https://hub.knime.com/knime/extensions/org.knime.features.base/latest/org.knime.base.node.io.filehandling.csv.reader.CSVTableReaderNodeFactory",
                    "creatorName": "Bot",
                    "createorID": 1,
                    "creationTime": "2024-03-08T10:36:49.883Z"
                }
            ],
            "commentBoxPosition": {
                "x": 1045.0,
                "y": 188.0
            }
        },
        {
            "commentBoxID": "commentBox-528fe032-c03b-49c8-8529-60751adcc2e0",
            "comments": [
                {
                    "content": "https://hub.knime.com/knime/extensions/org.knime.features.base/latest/org.knime.base.node.io.filehandling.csv.reader.CSVTableReaderNodeFactory",
                    "creatorName": "Bot",
                    "createorID": 1,
                    "creationTime": "2024-03-08T10:36:49.883Z"
                }
            ],
            "commentBoxPosition": {
                "x": 1171.0,
                "y": 216.0
            }
        },
        {
            "commentBoxID": "commentBox-c807d0d9-82ad-41e0-9785-7dfb845e0f65",
            "comments": [
                {
                    "content": "https://hub.knime.com/knime/extensions/org.knime.features.base/latest/org.knime.base.node.io.filehandling.csv.reader.CSVTableReaderNodeFactory",
                    "creatorName": "Bot",
                    "createorID": 1,
                    "creationTime": "2024-03-08T10:36:49.883Z"
                }
            ],
            "commentBoxPosition": {
                "x": 164.0,
                "y": 527.0
            }
        },
        {
            "commentBoxID": "commentBox-1af8eed4-4a20-4ee1-8db8-e7fbf893df04",
            "comments": [
                {
                    "content": "https://hub.knime.com/knime/extensions/org.knime.features.base/latest/org.knime.base.node.io.filehandling.csv.reader.CSVTableReaderNodeFactory",
                    "creatorName": "Bot",
                    "createorID": 1,
                    "creationTime": "2024-03-08T10:36:49.883Z"
                }
            ],
            "commentBoxPosition": {
                "x": 284.0,
                "y": 188.0
            }
        },
        {
            "commentBoxID": "commentBox-0f2c4f89-d12b-40bd-99a0-fa113af581c7",
            "comments": [
                {
                    "content": "https://hub.knime.com/knime/extensions/org.knime.features.base/latest/org.knime.base.node.io.filehandling.csv.reader.CSVTableReaderNodeFactory",
                    "creatorName": "Bot",
                    "createorID": 1,
                    "creationTime": "2024-03-08T10:36:49.883Z"
                }
            ],
            "commentBoxPosition": {
                "x": 284.0,
                "y": 87.0
            }
        },
        {
            "commentBoxID": "commentBox-1c7d4ebe-a86f-4bd5-9107-7869ac429951",
            "comments": [
                {
                    "content": "https://hub.knime.com/knime/extensions/org.knime.features.base/latest/org.knime.base.node.io.filehandling.csv.reader.CSVTableReaderNodeFactory",
                    "creatorName": "Bot",
                    "createorID": 1,
                    "creationTime": "2024-03-08T10:36:49.883Z"
                }
            ],
            "commentBoxPosition": {
                "x": 444.0,
                "y": 187.0
            }
        },
        {
            "commentBoxID": "commentBox-6577ea4c-3f1a-4652-98b9-e882cf1e43e6",
            "comments": [
                {
                    "content": "https://hub.knime.com/knime/extensions/org.knime.features.base/latest/org.knime.base.node.io.filehandling.csv.reader.CSVTableReaderNodeFactory",
                    "creatorName": "Bot",
                    "createorID": 1,
                    "creationTime": "2024-03-08T10:36:49.883Z"
                }
            ],
            "commentBoxPosition": {
                "x": 903.0,
                "y": 467.0
            }
        },
        {
            "commentBoxID": "commentBox-993adba7-68a0-463b-aff2-bf9e1f95c777",
            "comments": [
                {
                    "content": "https://hub.knime.com/knime/extensions/org.knime.features.base/latest/org.knime.base.node.io.filehandling.csv.reader.CSVTableReaderNodeFactory",
                    "creatorName": "Bot",
                    "createorID": 1,
                    "creationTime": "2024-03-08T10:36:49.883Z"
                }
            ],
            "commentBoxPosition": {
                "x": 1283.0,
                "y": 467.0
            }
        },
        {
            "commentBoxID": "commentBox-c96c1970-16cb-4e0c-8b1e-54bba4f86c80",
            "comments": [
                {
                    "content": "https://hub.knime.com/knime/extensions/org.knime.features.base/latest/org.knime.base.node.io.filehandling.csv.reader.CSVTableReaderNodeFactory",
                    "creatorName": "Bot",
                    "createorID": 1,
                    "creationTime": "2024-03-08T10:36:49.883Z"
                }
            ],
            "commentBoxPosition": {
                "x": 1045.0,
                "y": 628.0
            }
        },
        {
            "commentBoxID": "commentBox-235d5526-b49a-4082-9967-63dc38ed3776",
            "comments": [
                {
                    "content": "https://hub.knime.com/knime/extensions/org.knime.features.base/latest/org.knime.base.node.io.filehandling.csv.reader.CSVTableReaderNodeFactory",
                    "creatorName": "Bot",
                    "createorID": 1,
                    "creationTime": "2024-03-08T10:36:49.883Z"
                }
            ],
            "commentBoxPosition": {
                "x": 1165.0,
                "y": 668.0
            }
        },
        {
            "commentBoxID": "commentBox-91dfec3e-2b5a-4c51-9d81-6d5b89dc0071",
            "comments": [
                {
                    "content": "https://hub.knime.com/knime/extensions/org.knime.features.base/latest/org.knime.base.node.io.filehandling.csv.reader.CSVTableReaderNodeFactory",
                    "creatorName": "Bot",
                    "createorID": 1,
                    "creationTime": "2024-03-08T10:36:49.883Z"
                }
            ],
            "commentBoxPosition": {
                "x": 604.0,
                "y": 528.0
            }
        },
        {
            "commentBoxID": "commentBox-d84d5c2e-4e55-4e86-b2a2-f29796f63b44",
            "comments": [
                {
                    "content": "https://hub.knime.com/knime/extensions/org.knime.features.base/latest/org.knime.base.node.io.filehandling.csv.reader.CSVTableReaderNodeFactory",
                    "creatorName": "Bot",
                    "createorID": 1,
                    "creationTime": "2024-03-08T10:36:49.883Z"
                }
            ],
            "commentBoxPosition": {
                "x": 725.0,
                "y": 528.0
            }
        },
        {
            "commentBoxID": "commentBox-6984002d-357f-4f86-b2ce-0aca1ed995b3",
            "comments": [
                {
                    "content": "https://hub.knime.com/knime/extensions/org.knime.features.base/latest/org.knime.base.node.io.filehandling.csv.reader.CSVTableReaderNodeFactory",
                    "creatorName": "Bot",
                    "createorID": 1,
                    "creationTime": "2024-03-08T10:36:49.883Z"
                }
            ],
            "commentBoxPosition": {
                "x": -135.0,
                "y": 509.0
            }
        },
        {
            "commentBoxID": "commentBox-9fbe327b-412c-4f0d-b7b1-47587992bb33",
            "comments": [
                {
                    "content": "https://hub.knime.com/knime/extensions/org.knime.features.base/latest/org.knime.base.node.io.filehandling.csv.reader.CSVTableReaderNodeFactory",
                    "creatorName": "Bot",
                    "createorID": 1,
                    "creationTime": "2024-03-08T10:36:49.883Z"
                }
            ],
            "commentBoxPosition": {
                "x": -10.0,
                "y": 509.0
            }
        },
        {
            "commentBoxID": "commentBox-9283178e-e66d-4678-babf-a5aa41db785b",
            "comments": [
                {
                    "content": "https://hub.knime.com/knime/extensions/org.knime.features.base/latest/org.knime.base.node.io.filehandling.csv.reader.CSVTableReaderNodeFactory",
                    "creatorName": "Bot",
                    "createorID": 1,
                    "creationTime": "2024-03-08T10:36:49.883Z"
                }
            ],
            "commentBoxPosition": {
                "x": 278.0,
                "y": 192.0
            }
        },
        {
            "commentBoxID": "commentBox-b9a7ef82-aa4e-4df3-8a6d-cf6935508b3e",
            "comments": [
                {
                    "content": "https://hub.knime.com/knime/extensions/org.knime.features.base/latest/org.knime.base.node.io.filehandling.csv.reader.CSVTableReaderNodeFactory",
                    "creatorName": "Bot",
                    "createorID": 1,
                    "creationTime": "2024-03-08T10:36:49.883Z"
                }
            ],
            "commentBoxPosition": {
                "x": 278.0,
                "y": 92.0
            }
        },
        {
            "commentBoxID": "commentBox-980f7812-31b1-4612-808f-20ea26206b63",
            "comments": [
                {
                    "content": "https://hub.knime.com/knime/extensions/org.knime.features.base/latest/org.knime.base.node.io.filehandling.csv.reader.CSVTableReaderNodeFactory",
                    "creatorName": "Bot",
                    "createorID": 1,
                    "creationTime": "2024-03-08T10:36:49.883Z"
                }
            ],
            "commentBoxPosition": {
                "x": 424.0,
                "y": 187.0
            }
        },
        {
            "commentBoxID": "commentBox-9ed90caf-ed1d-41df-9986-452ced377a7a",
            "comments": [
                {
                    "content": "https://hub.knime.com/knime/extensions/org.knime.features.base/latest/org.knime.base.node.io.filehandling.csv.reader.CSVTableReaderNodeFactory",
                    "creatorName": "Bot",
                    "createorID": 1,
                    "creationTime": "2024-03-08T10:36:49.883Z"
                }
            ],
            "commentBoxPosition": {
                "x": 284.0,
                "y": 187.0
            }
        },
        {
            "commentBoxID": "commentBox-0618a842-d02a-4808-aab5-bed1d07ab0c5",
            "comments": [
                {
                    "content": "https://hub.knime.com/knime/extensions/org.knime.features.base/latest/org.knime.base.node.io.filehandling.csv.reader.CSVTableReaderNodeFactory",
                    "creatorName": "Bot",
                    "createorID": 1,
                    "creationTime": "2024-03-08T10:36:49.883Z"
                }
            ],
            "commentBoxPosition": {
                "x": 284.0,
                "y": 87.0
            }
        },
        {
            "commentBoxID": "commentBox-85dd0692-b56d-476b-a596-946fb4887841",
            "comments": [
                {
                    "content": "https://hub.knime.com/knime/extensions/org.knime.features.base/latest/org.knime.base.node.io.filehandling.csv.reader.CSVTableReaderNodeFactory",
                    "creatorName": "Bot",
                    "createorID": 1,
                    "creationTime": "2024-03-08T10:36:49.883Z"
                }
            ],
            "commentBoxPosition": {
                "x": 444.0,
                "y": 187.0
            }
        },
        {
            "commentBoxID": "commentBox-c704d025-ecdc-4132-ab5d-1ec53d784cba",
            "comments": [
                {
                    "content": "https://hub.knime.com/knime/extensions/org.knime.features.base/latest/org.knime.base.node.io.filehandling.csv.reader.CSVTableReaderNodeFactory",
                    "creatorName": "Bot",
                    "createorID": 1,
                    "creationTime": "2024-03-08T10:36:49.883Z"
                }
            ],
            "commentBoxPosition": {
                "x": 364.0,
                "y": 528.0
            }
        },
        {
            "commentBoxID": "commentBox-922bce09-5ca6-4c5a-8459-e4496e36167f",
            "comments": [
                {
                    "content": "https://hub.knime.com/knime/extensions/org.knime.features.base/latest/org.knime.base.node.io.filehandling.csv.reader.CSVTableReaderNodeFactory",
                    "creatorName": "Bot",
                    "createorID": 1,
                    "creationTime": "2024-03-08T10:36:49.883Z"
                }
            ],
            "commentBoxPosition": {
                "x": 284.0,
                "y": 247.0
            }
        },
        {
            "commentBoxID": "commentBox-cdd66da0-3069-4e82-b65f-325fe57d2ad3",
            "comments": [
                {
                    "content": "https://hub.knime.com/knime/extensions/org.knime.features.base/latest/org.knime.base.node.io.filehandling.csv.reader.CSVTableReaderNodeFactory",
                    "creatorName": "Bot",
                    "createorID": 1,
                    "creationTime": "2024-03-08T10:36:49.883Z"
                }
            ],
            "commentBoxPosition": {
                "x": 284.0,
                "y": 407.0
            }
        },
        {
            "commentBoxID": "commentBox-20d2647e-644d-456f-9fea-52b2372a7a94",
            "comments": [
                {
                    "content": "https://hub.knime.com/knime/extensions/org.knime.features.base/latest/org.knime.base.node.io.filehandling.csv.reader.CSVTableReaderNodeFactory",
                    "creatorName": "Bot",
                    "createorID": 1,
                    "creationTime": "2024-03-08T10:36:49.883Z"
                }
            ],
            "commentBoxPosition": {
                "x": 284.0,
                "y": 87.0
            }
        },
        {
            "commentBoxID": "commentBox-47ad4d3d-e034-4841-88c3-04f671e33791",
            "comments": [
                {
                    "content": "https://hub.knime.com/knime/extensions/org.knime.features.base/latest/org.knime.base.node.io.filehandling.csv.reader.CSVTableReaderNodeFactory",
                    "creatorName": "Bot",
                    "createorID": 1,
                    "creationTime": "2024-03-08T10:36:49.883Z"
                }
            ],
            "commentBoxPosition": {
                "x": 284.0,
                "y": 67.0
            }
        },
        {
            "commentBoxID": "commentBox-69979134-dfdd-45f1-ba3c-0779a657ec1d",
            "comments": [
                {
                    "content": "https://hub.knime.com/knime/extensions/org.knime.features.base/latest/org.knime.base.node.io.filehandling.csv.reader.CSVTableReaderNodeFactory",
                    "creatorName": "Bot",
                    "createorID": 1,
                    "creationTime": "2024-03-08T10:36:49.883Z"
                }
            ],
            "commentBoxPosition": {
                "x": 284.0,
                "y": 187.0
            }
        },
        {
            "commentBoxID": "commentBox-061d5138-9227-4660-b485-7a232e27c951",
            "comments": [
                {
                    "content": "https://hub.knime.com/knime/extensions/org.knime.features.base/latest/org.knime.base.node.io.filehandling.csv.reader.CSVTableReaderNodeFactory",
                    "creatorName": "Bot",
                    "createorID": 1,
                    "creationTime": "2024-03-08T10:36:49.883Z"
                }
            ],
            "commentBoxPosition": {
                "x": 284.0,
                "y": 327.0
            }
        },
        {
            "commentBoxID": "commentBox-d0012dd8-8ef3-481d-9031-abf19b2c5e59",
            "comments": [
                {
                    "content": "https://hub.knime.com/knime/extensions/org.knime.features.base/latest/org.knime.base.node.io.filehandling.csv.reader.CSVTableReaderNodeFactory",
                    "creatorName": "Bot",
                    "createorID": 1,
                    "creationTime": "2024-03-08T10:36:49.883Z"
                }
            ],
            "commentBoxPosition": {
                "x": -250.0,
                "y": 509.0
            }
        }
    ]
}