{
    "operators": [
        {
            "operatorID": "Dummy-operator-01e0a266-830c-4eb0-9c43-842dcccb2788",
            "operatorType": "Dummy",
            "operatorVersion": "",
            "operatorProperties": {
                "dummyPropertyList": [
                    {
                        "dummyProperty": "Source XML",
                        "dummyValue": "Omitted for license reasons"
                    }
                ]
            },
            "inputPorts": [
                {
                    "portID": "input-0",
                    "displayName": "",
                    "allowMultiInputs": true,
                    "isDynamicPort": true
                },
                {
                    "portID": "input-1",
                    "displayName": "",
                    "allowMultiInputs": true,
                    "isDynamicPort": true
                }
            ],
            "outputPorts": [
                {
                    "portID": "output-0",
                    "displayName": "",
                    "isDynamicPort": true,
                    "isBlocking": false
                },
                {
                    "portID": "output-1",
                    "displayName": "",
                    "isDynamicPort": true,
                    "isBlocking": false,
                    "materializationSize": 11224.1533203125
                }
            ],
            "showAdvanced": false,
            "isDisabled": false,
            "customDisplayName": "Row Filter",
            "dynamicInputPorts": true,
            "dynamicOutputPorts": true
        },
        {
            "operatorID": "Dummy-operator-e128773d-6e16-4815-970d-4934c0453709",
            "operatorType": "Dummy",
            "operatorVersion": "",
            "operatorProperties": {
                "dummyPropertyList": [
                    {
                        "dummyProperty": "Source XML",
                        "dummyValue": "Omitted for license reasons"
                    }
                ]
            },
            "inputPorts": [
                {
                    "portID": "input-0",
                    "displayName": "",
                    "allowMultiInputs": true,
                    "isDynamicPort": true
                },
                {
                    "portID": "input-1",
                    "displayName": "",
                    "allowMultiInputs": true,
                    "isDynamicPort": true
                }
            ],
            "outputPorts": [
                {
                    "portID": "output-0",
                    "displayName": "",
                    "isDynamicPort": true,
                    "isBlocking": false
                },
                {
                    "portID": "output-1",
                    "displayName": "",
                    "isDynamicPort": true,
                    "isBlocking": false,
                    "materializationSize": 307.7392578125
                }
            ],
            "showAdvanced": false,
            "isDisabled": false,
            "customDisplayName": "Numeric Binner",
            "dynamicInputPorts": true,
            "dynamicOutputPorts": true
        },
        {
            "operatorID": "Dummy-operator-b0d480e7-a350-4bca-89b9-b254b7c23fda",
            "operatorType": "Dummy",
            "operatorVersion": "",
            "operatorProperties": {
                "dummyPropertyList": [
                    {
                        "dummyProperty": "Source XML",
                        "dummyValue": "Omitted for license reasons"
                    }
                ]
            },
            "inputPorts": [
                {
                    "portID": "input-0",
                    "displayName": "",
                    "allowMultiInputs": true,
                    "isDynamicPort": true
                },
                {
                    "portID": "input-1",
                    "displayName": "",
                    "allowMultiInputs": true,
                    "isDynamicPort": true
                }
            ],
            "outputPorts": [
                {
                    "portID": "output-0",
                    "displayName": "",
                    "isDynamicPort": true,
                    "isBlocking": false
                },
                {
                    "portID": "output-1",
                    "displayName": "",
                    "isDynamicPort": true,
                    "isBlocking": false,
                    "materializationSize": 2.7646484375
                }
            ],
            "showAdvanced": false,
            "isDisabled": false,
            "customDisplayName": "Value Counter",
            "dynamicInputPorts": true,
            "dynamicOutputPorts": true
        },
        {
            "operatorID": "Dummy-operator-328cc9ec-5b4b-4b4d-8941-728777244e25",
            "operatorType": "Dummy",
            "operatorVersion": "",
            "operatorProperties": {
                "dummyPropertyList": [
                    {
                        "dummyProperty": "Source XML",
                        "dummyValue": "Omitted for license reasons"
                    }
                ]
            },
            "inputPorts": [
                {
                    "portID": "input-0",
                    "displayName": "",
                    "allowMultiInputs": true,
                    "isDynamicPort": true
                },
                {
                    "portID": "input-1",
                    "displayName": "",
                    "allowMultiInputs": true,
                    "isDynamicPort": true
                }
            ],
            "outputPorts": [
                {
                    "portID": "output-0",
                    "displayName": "",
                    "isDynamicPort": true,
                    "isBlocking": false
                },
                {
                    "portID": "output-1",
                    "displayName": "",
                    "isDynamicPort": true,
                    "isBlocking": false,
                    "materializationSize": 9534.841796875
                }
            ],
            "showAdvanced": false,
            "isDisabled": false,
            "customDisplayName": "Row Filter",
            "dynamicInputPorts": true,
            "dynamicOutputPorts": true
        },
        {
            "operatorID": "Dummy-operator-b989e8c0-f1a0-4534-b07f-c33bc339c453",
            "operatorType": "Dummy",
            "operatorVersion": "",
            "operatorProperties": {
                "dummyPropertyList": [
                    {
                        "dummyProperty": "Source XML",
                        "dummyValue": "Omitted for license reasons"
                    }
                ]
            },
            "inputPorts": [
                {
                    "portID": "input-0",
                    "displayName": "",
                    "allowMultiInputs": true,
                    "isDynamicPort": true
                },
                {
                    "portID": "input-1",
                    "displayName": "",
                    "allowMultiInputs": true,
                    "isDynamicPort": true
                }
            ],
            "outputPorts": [
                {
                    "portID": "output-0",
                    "displayName": "",
                    "isDynamicPort": true,
                    "isBlocking": false
                },
                {
                    "portID": "output-1",
                    "displayName": "",
                    "isDynamicPort": true,
                    "isBlocking": false,
                    "materializationSize": 26.8916015625
                }
            ],
            "showAdvanced": false,
            "isDisabled": false,
            "customDisplayName": "Column Filter",
            "dynamicInputPorts": true,
            "dynamicOutputPorts": true
        },
        {
            "operatorID": "Dummy-operator-bcca7e97-ccf2-436f-a564-b3f9955bd1e0",
            "operatorType": "Dummy",
            "operatorVersion": "",
            "operatorProperties": {
                "dummyPropertyList": [
                    {
                        "dummyProperty": "Source XML",
                        "dummyValue": "Omitted for license reasons"
                    }
                ]
            },
            "inputPorts": [
                {
                    "portID": "input-0",
                    "displayName": "",
                    "allowMultiInputs": true,
                    "isDynamicPort": true
                },
                {
                    "portID": "input-1",
                    "displayName": "",
                    "allowMultiInputs": true,
                    "isDynamicPort": true
                }
            ],
            "outputPorts": [
                {
                    "portID": "output-0",
                    "displayName": "",
                    "isDynamicPort": true,
                    "isBlocking": false
                },
                {
                    "portID": "output-1",
                    "displayName": "",
                    "isDynamicPort": true,
                    "isBlocking": false,
                    "materializationSize": 7689.5771484375
                }
            ],
            "showAdvanced": false,
            "isDisabled": false,
            "customDisplayName": "Row Filter",
            "dynamicInputPorts": true,
            "dynamicOutputPorts": true
        },
        {
            "operatorID": "Dummy-operator-5adfd191-118f-40dd-a1e6-f63099ab0bf7",
            "operatorType": "Dummy",
            "operatorVersion": "",
            "operatorProperties": {
                "dummyPropertyList": [
                    {
                        "dummyProperty": "Source XML",
                        "dummyValue": "Omitted for license reasons"
                    }
                ]
            },
            "inputPorts": [
                {
                    "portID": "input-0",
                    "displayName": "",
                    "allowMultiInputs": true,
                    "isDynamicPort": true
                },
                {
                    "portID": "input-1",
                    "displayName": "",
                    "allowMultiInputs": true,
                    "isDynamicPort": true
                }
            ],
            "outputPorts": [
                {
                    "portID": "output-0",
                    "displayName": "",
                    "isDynamicPort": true,
                    "isBlocking": false
                },
                {
                    "portID": "output-1",
                    "displayName": "",
                    "isDynamicPort": true,
                    "isBlocking": false,
                    "materializationSize": 59.802734375
                }
            ],
            "showAdvanced": false,
            "isDisabled": false,
            "customDisplayName": "Numeric Binner",
            "dynamicInputPorts": true,
            "dynamicOutputPorts": true
        },
        {
            "operatorID": "Dummy-operator-5042d8d5-f998-4fea-a857-e3384ae597ac",
            "operatorType": "Dummy",
            "operatorVersion": "",
            "operatorProperties": {
                "dummyPropertyList": [
                    {
                        "dummyProperty": "Source XML",
                        "dummyValue": "Omitted for license reasons"
                    }
                ]
            },
            "inputPorts": [
                {
                    "portID": "input-0",
                    "displayName": "",
                    "allowMultiInputs": true,
                    "isDynamicPort": true
                },
                {
                    "portID": "input-1",
                    "displayName": "",
                    "allowMultiInputs": true,
                    "isDynamicPort": true
                }
            ],
            "outputPorts": [
                {
                    "portID": "output-0",
                    "displayName": "",
                    "isDynamicPort": true,
                    "isBlocking": false
                },
                {
                    "portID": "output-1",
                    "displayName": "",
                    "isDynamicPort": true,
                    "isBlocking": false,
                    "materializationSize": 79.947265625
                }
            ],
            "showAdvanced": false,
            "isDisabled": false,
            "customDisplayName": "Rule Engine",
            "dynamicInputPorts": true,
            "dynamicOutputPorts": true
        },
        {
            "operatorID": "Dummy-operator-6ade5a3f-11aa-4c95-a0b0-385549e65c5f",
            "operatorType": "Dummy",
            "operatorVersion": "",
            "operatorProperties": {
                "dummyPropertyList": [
                    {
                        "dummyProperty": "Source XML",
                        "dummyValue": "Omitted for license reasons"
                    }
                ]
            },
            "inputPorts": [
                {
                    "portID": "input-0",
                    "displayName": "",
                    "allowMultiInputs": true,
                    "isDynamicPort": true
                },
                {
                    "portID": "input-1",
                    "displayName": "",
                    "allowMultiInputs": true,
                    "isDynamicPort": true
                }
            ],
            "outputPorts": [
                {
                    "portID": "output-0",
                    "displayName": "",
                    "isDynamicPort": true,
                    "isBlocking": true
                },
                {
                    "portID": "output-1",
                    "displayName": "",
                    "isDynamicPort": true,
                    "isBlocking": true,
                    "materializationSize": 1142.853515625
                },
                {
                    "portID": "output-2",
                    "displayName": "",
                    "isDynamicPort": true,
                    "isBlocking": true,
                    "materializationSize": 3.6298828125
                }
            ],
            "showAdvanced": false,
            "isDisabled": false,
            "customDisplayName": "Missing Value",
            "dynamicInputPorts": true,
            "dynamicOutputPorts": true
        },
        {
            "operatorID": "Dummy-operator-bd8b6be8-b3ee-4ceb-9d92-f6f058458170",
            "operatorType": "Dummy",
            "operatorVersion": "",
            "operatorProperties": {
                "dummyPropertyList": [
                    {
                        "dummyProperty": "Source XML",
                        "dummyValue": "Omitted for license reasons"
                    }
                ]
            },
            "inputPorts": [
                {
                    "portID": "input-0",
                    "displayName": "",
                    "allowMultiInputs": true,
                    "isDynamicPort": true
                },
                {
                    "portID": "input-1",
                    "displayName": "",
                    "allowMultiInputs": true,
                    "isDynamicPort": true
                }
            ],
            "outputPorts": [
                {
                    "portID": "output-0",
                    "displayName": "",
                    "isDynamicPort": true,
                    "isBlocking": false
                },
                {
                    "portID": "output-1",
                    "displayName": "",
                    "isDynamicPort": true,
                    "isBlocking": false,
                    "materializationSize": 86.3876953125
                }
            ],
            "showAdvanced": false,
            "isDisabled": false,
            "customDisplayName": "Math Formula",
            "dynamicInputPorts": true,
            "dynamicOutputPorts": true
        },
        {
            "operatorID": "Dummy-operator-8b8ff8ab-43c7-4884-930f-9a1c31cad601",
            "operatorType": "Dummy",
            "operatorVersion": "",
            "operatorProperties": {
                "dummyPropertyList": [
                    {
                        "dummyProperty": "Source XML",
                        "dummyValue": "Omitted for license reasons"
                    }
                ]
            },
            "inputPorts": [
                {
                    "portID": "input-0",
                    "displayName": "",
                    "allowMultiInputs": true,
                    "isDynamicPort": true
                },
                {
                    "portID": "input-1",
                    "displayName": "",
                    "allowMultiInputs": true,
                    "isDynamicPort": true
                }
            ],
            "outputPorts": [
                {
                    "portID": "output-0",
                    "displayName": "",
                    "isDynamicPort": true,
                    "isBlocking": false
                },
                {
                    "portID": "output-1",
                    "displayName": "",
                    "isDynamicPort": true,
                    "isBlocking": false,
                    "materializationSize": 79.8271484375
                }
            ],
            "showAdvanced": false,
            "isDisabled": false,
            "customDisplayName": "Rule Engine",
            "dynamicInputPorts": true,
            "dynamicOutputPorts": true
        },
        {
            "operatorID": "Dummy-operator-87eeeea2-d93d-4f22-847a-9e408793d99a",
            "operatorType": "Dummy",
            "operatorVersion": "",
            "operatorProperties": {
                "dummyPropertyList": [
                    {
                        "dummyProperty": "Source XML",
                        "dummyValue": "Omitted for license reasons"
                    }
                ]
            },
            "inputPorts": [
                {
                    "portID": "input-0",
                    "displayName": "",
                    "allowMultiInputs": true,
                    "isDynamicPort": true
                },
                {
                    "portID": "input-1",
                    "displayName": "",
                    "allowMultiInputs": true,
                    "isDynamicPort": true
                }
            ],
            "outputPorts": [
                {
                    "portID": "output-0",
                    "displayName": "",
                    "isDynamicPort": true,
                    "isBlocking": false
                },
                {
                    "portID": "output-1",
                    "displayName": "",
                    "isDynamicPort": true,
                    "isBlocking": false,
                    "materializationSize": 67.685546875
                }
            ],
            "showAdvanced": false,
            "isDisabled": false,
            "customDisplayName": "Rule Engine",
            "dynamicInputPorts": true,
            "dynamicOutputPorts": true
        },
        {
            "operatorID": "Dummy-operator-c936eb15-68f4-4b9c-ac75-106cbd77b62d",
            "operatorType": "Dummy",
            "operatorVersion": "",
            "operatorProperties": {
                "dummyPropertyList": [
                    {
                        "dummyProperty": "Source XML",
                        "dummyValue": "Omitted for license reasons"
                    }
                ]
            },
            "inputPorts": [
                {
                    "portID": "input-0",
                    "displayName": "",
                    "allowMultiInputs": true,
                    "isDynamicPort": true
                },
                {
                    "portID": "input-1",
                    "displayName": "",
                    "allowMultiInputs": true,
                    "isDynamicPort": true
                }
            ],
            "outputPorts": [
                {
                    "portID": "output-0",
                    "displayName": "",
                    "isDynamicPort": true,
                    "isBlocking": false
                },
                {
                    "portID": "output-1",
                    "displayName": "",
                    "isDynamicPort": true,
                    "isBlocking": false,
                    "materializationSize": 75.41796875
                }
            ],
            "showAdvanced": false,
            "isDisabled": false,
            "customDisplayName": "Rule Engine",
            "dynamicInputPorts": true,
            "dynamicOutputPorts": true
        },
        {
            "operatorID": "Dummy-operator-3bf8449b-2947-410a-bf33-74bbf51f31a9",
            "operatorType": "Dummy",
            "operatorVersion": "",
            "operatorProperties": {
                "dummyPropertyList": [
                    {
                        "dummyProperty": "Source XML",
                        "dummyValue": "Omitted for license reasons"
                    }
                ]
            },
            "inputPorts": [
                {
                    "portID": "input-0",
                    "displayName": "",
                    "allowMultiInputs": true,
                    "isDynamicPort": true
                },
                {
                    "portID": "input-1",
                    "displayName": "",
                    "allowMultiInputs": true,
                    "isDynamicPort": true
                }
            ],
            "outputPorts": [
                {
                    "portID": "output-0",
                    "displayName": "",
                    "isDynamicPort": true,
                    "isBlocking": false
                },
                {
                    "portID": "output-1",
                    "displayName": "",
                    "isDynamicPort": true,
                    "isBlocking": false,
                    "materializationSize": 88.1201171875
                }
            ],
            "showAdvanced": false,
            "isDisabled": false,
            "customDisplayName": "Math Formula",
            "dynamicInputPorts": true,
            "dynamicOutputPorts": true
        },
        {
            "operatorID": "Dummy-operator-48bee761-5c17-4f38-a3a1-3f0a74b8b278",
            "operatorType": "Dummy",
            "operatorVersion": "",
            "operatorProperties": {
                "dummyPropertyList": [
                    {
                        "dummyProperty": "Source XML",
                        "dummyValue": "Omitted for license reasons"
                    }
                ]
            },
            "inputPorts": [
                {
                    "portID": "input-0",
                    "displayName": "",
                    "allowMultiInputs": true,
                    "isDynamicPort": true
                }
            ],
            "outputPorts": [
                {
                    "portID": "output-0",
                    "displayName": "",
                    "isDynamicPort": true,
                    "isBlocking": false
                },
                {
                    "portID": "output-1",
                    "displayName": "",
                    "isDynamicPort": true,
                    "isBlocking": false,
                    "materializationSize": 33773.443359375
                }
            ],
            "showAdvanced": false,
            "isDisabled": false,
            "customDisplayName": "CSV Reader",
            "dynamicInputPorts": true,
            "dynamicOutputPorts": true
        },
        {
            "operatorID": "Dummy-operator-488ba8b0-942b-4f51-b8b5-c4841d09c01b",
            "operatorType": "Dummy",
            "operatorVersion": "",
            "operatorProperties": {
                "dummyPropertyList": [
                    {
                        "dummyProperty": "Source XML",
                        "dummyValue": "Omitted for license reasons"
                    }
                ]
            },
            "inputPorts": [
                {
                    "portID": "input-0",
                    "displayName": "",
                    "allowMultiInputs": true,
                    "isDynamicPort": true
                },
                {
                    "portID": "input-1",
                    "displayName": "",
                    "allowMultiInputs": true,
                    "isDynamicPort": true
                }
            ],
            "outputPorts": [
                {
                    "portID": "output-0",
                    "displayName": "",
                    "isDynamicPort": true,
                    "isBlocking": false
                },
                {
                    "portID": "output-1",
                    "displayName": "",
                    "isDynamicPort": true,
                    "isBlocking": false,
                    "materializationSize": 38.0986328125
                }
            ],
            "showAdvanced": false,
            "isDisabled": false,
            "customDisplayName": "Numeric Binner",
            "dynamicInputPorts": true,
            "dynamicOutputPorts": true
        },
        {
            "operatorID": "Dummy-operator-6e2fa0ef-2f8c-4f6e-9836-a40c9974f306",
            "operatorType": "Dummy",
            "operatorVersion": "",
            "operatorProperties": {
                "dummyPropertyList": [
                    {
                        "dummyProperty": "Source XML",
                        "dummyValue": "Omitted for license reasons"
                    }
                ]
            },
            "inputPorts": [
                {
                    "portID": "input-0",
                    "displayName": "",
                    "allowMultiInputs": true,
                    "isDynamicPort": true
                },
                {
                    "portID": "input-1",
                    "displayName": "",
                    "allowMultiInputs": true,
                    "isDynamicPort": true
                }
            ],
            "outputPorts": [
                {
                    "portID": "output-0",
                    "displayName": "",
                    "isDynamicPort": true,
                    "isBlocking": false
                },
                {
                    "portID": "output-1",
                    "displayName": "",
                    "isDynamicPort": true,
                    "isBlocking": false,
                    "materializationSize": 75.0693359375
                }
            ],
            "showAdvanced": false,
            "isDisabled": false,
            "customDisplayName": "Rule Engine",
            "dynamicInputPorts": true,
            "dynamicOutputPorts": true
        },
        {
            "operatorID": "Dummy-operator-e7b3b72e-b5f9-4405-890f-e58d67185402",
            "operatorType": "Dummy",
            "operatorVersion": "",
            "operatorProperties": {
                "dummyPropertyList": [
                    {
                        "dummyProperty": "Source XML",
                        "dummyValue": "Omitted for license reasons"
                    }
                ]
            },
            "inputPorts": [
                {
                    "portID": "input-0",
                    "displayName": "",
                    "allowMultiInputs": true,
                    "isDynamicPort": true
                },
                {
                    "portID": "input-1",
                    "displayName": "",
                    "allowMultiInputs": true,
                    "isDynamicPort": true
                }
            ],
            "outputPorts": [
                {
                    "portID": "output-0",
                    "displayName": "",
                    "isDynamicPort": true,
                    "isBlocking": true
                },
                {
                    "portID": "output-1",
                    "displayName": "",
                    "isDynamicPort": true,
                    "isBlocking": true,
                    "materializationSize": 1353.525390625
                },
                {
                    "portID": "output-2",
                    "displayName": "",
                    "isDynamicPort": true,
                    "isBlocking": true,
                    "materializationSize": 3.3134765625
                }
            ],
            "showAdvanced": false,
            "isDisabled": false,
            "customDisplayName": "Missing Value",
            "dynamicInputPorts": true,
            "dynamicOutputPorts": true
        },
        {
            "operatorID": "Dummy-operator-8c16f689-8a0e-4aa0-9a2c-fee8115cb6fc",
            "operatorType": "Dummy",
            "operatorVersion": "",
            "operatorProperties": {
                "dummyPropertyList": [
                    {
                        "dummyProperty": "Source XML",
                        "dummyValue": "Omitted for license reasons"
                    }
                ]
            },
            "inputPorts": [
                {
                    "portID": "input-0",
                    "displayName": "",
                    "allowMultiInputs": true,
                    "isDynamicPort": true
                },
                {
                    "portID": "input-1",
                    "displayName": "",
                    "allowMultiInputs": true,
                    "isDynamicPort": true
                }
            ],
            "outputPorts": [
                {
                    "portID": "output-0",
                    "displayName": "",
                    "isDynamicPort": true,
                    "isBlocking": false
                },
                {
                    "portID": "output-1",
                    "displayName": "",
                    "isDynamicPort": true,
                    "isBlocking": false,
                    "materializationSize": 170.5556640625
                }
            ],
            "showAdvanced": false,
            "isDisabled": false,
            "customDisplayName": "Double To Int",
            "dynamicInputPorts": true,
            "dynamicOutputPorts": true
        },
        {
            "operatorID": "Dummy-operator-b3ab1703-e342-49d6-bb04-1f38cc434cff",
            "operatorType": "Dummy",
            "operatorVersion": "",
            "operatorProperties": {
                "dummyPropertyList": [
                    {
                        "dummyProperty": "Source XML",
                        "dummyValue": "Omitted for license reasons"
                    }
                ]
            },
            "inputPorts": [
                {
                    "portID": "input-0",
                    "displayName": "",
                    "allowMultiInputs": true,
                    "isDynamicPort": true
                },
                {
                    "portID": "input-1",
                    "displayName": "",
                    "allowMultiInputs": true,
                    "isDynamicPort": true
                }
            ],
            "outputPorts": [
                {
                    "portID": "output-0",
                    "displayName": "",
                    "isDynamicPort": true,
                    "isBlocking": false
                },
                {
                    "portID": "output-1",
                    "displayName": "",
                    "isDynamicPort": true,
                    "isBlocking": false,
                    "materializationSize": 41.99609375
                }
            ],
            "showAdvanced": false,
            "isDisabled": false,
            "customDisplayName": "Numeric Binner",
            "dynamicInputPorts": true,
            "dynamicOutputPorts": true
        },
        {
            "operatorID": "Dummy-operator-c4c03cd5-9162-4e10-91f4-31051fe06a46",
            "operatorType": "Dummy",
            "operatorVersion": "",
            "operatorProperties": {
                "dummyPropertyList": [
                    {
                        "dummyProperty": "Source XML",
                        "dummyValue": "Omitted for license reasons"
                    }
                ]
            },
            "inputPorts": [
                {
                    "portID": "input-0",
                    "displayName": "",
                    "allowMultiInputs": true,
                    "isDynamicPort": true
                },
                {
                    "portID": "input-1",
                    "displayName": "",
                    "allowMultiInputs": true,
                    "isDynamicPort": true
                }
            ],
            "outputPorts": [
                {
                    "portID": "output-0",
                    "displayName": "",
                    "isDynamicPort": true,
                    "isBlocking": false
                },
                {
                    "portID": "output-1",
                    "displayName": "",
                    "isDynamicPort": true,
                    "isBlocking": false,
                    "materializationSize": 36.173828125
                }
            ],
            "showAdvanced": false,
            "isDisabled": false,
            "customDisplayName": "Data Explorer",
            "dynamicInputPorts": true,
            "dynamicOutputPorts": true
        },
        {
            "operatorID": "Dummy-operator-85c80266-46f1-4ac2-a5d1-34d0de39cef1",
            "operatorType": "Dummy",
            "operatorVersion": "",
            "operatorProperties": {
                "dummyPropertyList": [
                    {
                        "dummyProperty": "Source XML",
                        "dummyValue": "Omitted for license reasons"
                    }
                ]
            },
            "inputPorts": [
                {
                    "portID": "input-0",
                    "displayName": "",
                    "allowMultiInputs": true,
                    "isDynamicPort": true
                },
                {
                    "portID": "input-1",
                    "displayName": "",
                    "allowMultiInputs": true,
                    "isDynamicPort": true
                }
            ],
            "outputPorts": [
                {
                    "portID": "output-0",
                    "displayName": "",
                    "isDynamicPort": true,
                    "isBlocking": false
                },
                {
                    "portID": "output-1",
                    "displayName": "",
                    "isDynamicPort": true,
                    "isBlocking": false,
                    "materializationSize": 56.6787109375
                }
            ],
            "showAdvanced": false,
            "isDisabled": false,
            "customDisplayName": "Numeric Binner",
            "dynamicInputPorts": true,
            "dynamicOutputPorts": true
        }
    ],
    "operatorPositions": {
        "Dummy-operator-01e0a266-830c-4eb0-9c43-842dcccb2788": {
            "x": 124.0,
            "y": 77.0
        },
        "Dummy-operator-e128773d-6e16-4815-970d-4934c0453709": {
            "x": 224.0,
            "y": 117.0
        },
        "Dummy-operator-b0d480e7-a350-4bca-89b9-b254b7c23fda": {
            "x": 264.0,
            "y": 17.0
        },
        "Dummy-operator-328cc9ec-5b4b-4b4d-8941-728777244e25": {
            "x": 304.0,
            "y": 117.0
        },
        "Dummy-operator-b989e8c0-f1a0-4534-b07f-c33bc339c453": {
            "x": 464.0,
            "y": 117.0
        },
        "Dummy-operator-bcca7e97-ccf2-436f-a564-b3f9955bd1e0": {
            "x": 384.0,
            "y": 117.0
        },
        "Dummy-operator-5adfd191-118f-40dd-a1e6-f63099ab0bf7": {
            "x": 144.0,
            "y": 257.0
        },
        "Dummy-operator-5042d8d5-f998-4fea-a857-e3384ae597ac": {
            "x": 239.0,
            "y": 255.0
        },
        "Dummy-operator-6ade5a3f-11aa-4c95-a0b0-385549e65c5f": {
            "x": 584.0,
            "y": 257.0
        },
        "Dummy-operator-bd8b6be8-b3ee-4ceb-9d92-f6f058458170": {
            "x": 684.0,
            "y": 257.0
        },
        "Dummy-operator-8b8ff8ab-43c7-4884-930f-9a1c31cad601": {
            "x": 339.0,
            "y": 255.0
        },
        "Dummy-operator-87eeeea2-d93d-4f22-847a-9e408793d99a": {
            "x": 424.0,
            "y": 257.0
        },
        "Dummy-operator-c936eb15-68f4-4b9c-ac75-106cbd77b62d": {
            "x": 504.0,
            "y": 257.0
        },
        "Dummy-operator-3bf8449b-2947-410a-bf33-74bbf51f31a9": {
            "x": 784.0,
            "y": 257.0
        },
        "Dummy-operator-48bee761-5c17-4f38-a3a1-3f0a74b8b278": {
            "x": 44.0,
            "y": 77.0
        },
        "Dummy-operator-488ba8b0-942b-4f51-b8b5-c4841d09c01b": {
            "x": 564.0,
            "y": 117.0
        },
        "Dummy-operator-6e2fa0ef-2f8c-4f6e-9836-a40c9974f306": {
            "x": 144.0,
            "y": 377.0
        },
        "Dummy-operator-e7b3b72e-b5f9-4405-890f-e58d67185402": {
            "x": 324.0,
            "y": 377.0
        },
        "Dummy-operator-8c16f689-8a0e-4aa0-9a2c-fee8115cb6fc": {
            "x": 224.0,
            "y": 377.0
        },
        "Dummy-operator-b3ab1703-e342-49d6-bb04-1f38cc434cff": {
            "x": 664.0,
            "y": 117.0
        },
        "Dummy-operator-c4c03cd5-9162-4e10-91f4-31051fe06a46": {
            "x": 444.0,
            "y": 437.0
        },
        "Dummy-operator-85c80266-46f1-4ac2-a5d1-34d0de39cef1": {
            "x": 764.0,
            "y": 117.0
        }
    },
    "links": [
        {
            "linkID": "link-2396f46a-38ee-4cf8-86c0-1fe114d69598",
            "source": {
                "operatorID": "Dummy-operator-01e0a266-830c-4eb0-9c43-842dcccb2788",
                "portID": "output-1"
            },
            "target": {
                "operatorID": "Dummy-operator-e128773d-6e16-4815-970d-4934c0453709",
                "portID": "input-1"
            }
        },
        {
            "linkID": "link-e009b946-4a17-444a-9831-ac07810571ce",
            "source": {
                "operatorID": "Dummy-operator-01e0a266-830c-4eb0-9c43-842dcccb2788",
                "portID": "output-1"
            },
            "target": {
                "operatorID": "Dummy-operator-b0d480e7-a350-4bca-89b9-b254b7c23fda",
                "portID": "input-1"
            }
        },
        {
            "linkID": "link-c9282bec-b006-444f-bd77-775cd558cde2",
            "source": {
                "operatorID": "Dummy-operator-e128773d-6e16-4815-970d-4934c0453709",
                "portID": "output-1"
            },
            "target": {
                "operatorID": "Dummy-operator-328cc9ec-5b4b-4b4d-8941-728777244e25",
                "portID": "input-1"
            }
        },
        {
            "linkID": "link-8f458165-d76e-4442-b3cd-6d0fef545737",
            "source": {
                "operatorID": "Dummy-operator-328cc9ec-5b4b-4b4d-8941-728777244e25",
                "portID": "output-1"
            },
            "target": {
                "operatorID": "Dummy-operator-bcca7e97-ccf2-436f-a564-b3f9955bd1e0",
                "portID": "input-1"
            }
        },
        {
            "linkID": "link-33857236-a8a0-4b12-8e0f-0972a4012331",
            "source": {
                "operatorID": "Dummy-operator-b989e8c0-f1a0-4534-b07f-c33bc339c453",
                "portID": "output-1"
            },
            "target": {
                "operatorID": "Dummy-operator-488ba8b0-942b-4f51-b8b5-c4841d09c01b",
                "portID": "input-1"
            }
        },
        {
            "linkID": "link-c87a4170-4e04-4659-ae6e-38299b0b513d",
            "source": {
                "operatorID": "Dummy-operator-bcca7e97-ccf2-436f-a564-b3f9955bd1e0",
                "portID": "output-1"
            },
            "target": {
                "operatorID": "Dummy-operator-b989e8c0-f1a0-4534-b07f-c33bc339c453",
                "portID": "input-1"
            }
        },
        {
            "linkID": "link-dc822aa9-d3f3-42f0-b7e6-21ba348cc807",
            "source": {
                "operatorID": "Dummy-operator-5adfd191-118f-40dd-a1e6-f63099ab0bf7",
                "portID": "output-1"
            },
            "target": {
                "operatorID": "Dummy-operator-5042d8d5-f998-4fea-a857-e3384ae597ac",
                "portID": "input-1"
            }
        },
        {
            "linkID": "link-5e7ce2fc-2a1a-4e82-ae1d-23b73962b6c0",
            "source": {
                "operatorID": "Dummy-operator-5042d8d5-f998-4fea-a857-e3384ae597ac",
                "portID": "output-1"
            },
            "target": {
                "operatorID": "Dummy-operator-8b8ff8ab-43c7-4884-930f-9a1c31cad601",
                "portID": "input-1"
            }
        },
        {
            "linkID": "link-80eb64f6-dd98-4721-9a42-b3da62348825",
            "source": {
                "operatorID": "Dummy-operator-6ade5a3f-11aa-4c95-a0b0-385549e65c5f",
                "portID": "output-1"
            },
            "target": {
                "operatorID": "Dummy-operator-bd8b6be8-b3ee-4ceb-9d92-f6f058458170",
                "portID": "input-1"
            }
        },
        {
            "linkID": "link-174f198f-cd0d-48ae-acd1-00c75c98f193",
            "source": {
                "operatorID": "Dummy-operator-bd8b6be8-b3ee-4ceb-9d92-f6f058458170",
                "portID": "output-1"
            },
            "target": {
                "operatorID": "Dummy-operator-3bf8449b-2947-410a-bf33-74bbf51f31a9",
                "portID": "input-1"
            }
        },
        {
            "linkID": "link-5bb21f9e-d179-4725-8412-7ff503f15c94",
            "source": {
                "operatorID": "Dummy-operator-8b8ff8ab-43c7-4884-930f-9a1c31cad601",
                "portID": "output-1"
            },
            "target": {
                "operatorID": "Dummy-operator-87eeeea2-d93d-4f22-847a-9e408793d99a",
                "portID": "input-1"
            }
        },
        {
            "linkID": "link-41595392-080e-4d87-b3cc-6bc31a657d27",
            "source": {
                "operatorID": "Dummy-operator-87eeeea2-d93d-4f22-847a-9e408793d99a",
                "portID": "output-1"
            },
            "target": {
                "operatorID": "Dummy-operator-c936eb15-68f4-4b9c-ac75-106cbd77b62d",
                "portID": "input-1"
            }
        },
        {
            "linkID": "link-a5ed91d0-0c9a-408e-a448-bc51debceb25",
            "source": {
                "operatorID": "Dummy-operator-c936eb15-68f4-4b9c-ac75-106cbd77b62d",
                "portID": "output-1"
            },
            "target": {
                "operatorID": "Dummy-operator-6ade5a3f-11aa-4c95-a0b0-385549e65c5f",
                "portID": "input-1"
            }
        },
        {
            "linkID": "link-3fb20fc2-b976-4822-b62b-c960ef11754c",
            "source": {
                "operatorID": "Dummy-operator-3bf8449b-2947-410a-bf33-74bbf51f31a9",
                "portID": "output-1"
            },
            "target": {
                "operatorID": "Dummy-operator-6e2fa0ef-2f8c-4f6e-9836-a40c9974f306",
                "portID": "input-1"
            }
        },
        {
            "linkID": "link-4b3674ad-e63d-4628-b3f9-6e1bc53805d9",
            "source": {
                "operatorID": "Dummy-operator-48bee761-5c17-4f38-a3a1-3f0a74b8b278",
                "portID": "output-1"
            },
            "target": {
                "operatorID": "Dummy-operator-01e0a266-830c-4eb0-9c43-842dcccb2788",
                "portID": "input-1"
            }
        },
        {
            "linkID": "link-f5248c6c-74f4-4b53-8822-3cfa8fdb21c5",
            "source": {
                "operatorID": "Dummy-operator-488ba8b0-942b-4f51-b8b5-c4841d09c01b",
                "portID": "output-1"
            },
            "target": {
                "operatorID": "Dummy-operator-b3ab1703-e342-49d6-bb04-1f38cc434cff",
                "portID": "input-1"
            }
        },
        {
            "linkID": "link-35997951-56a4-4a8b-a313-8df8ae3b417e",
            "source": {
                "operatorID": "Dummy-operator-6e2fa0ef-2f8c-4f6e-9836-a40c9974f306",
                "portID": "output-1"
            },
            "target": {
                "operatorID": "Dummy-operator-8c16f689-8a0e-4aa0-9a2c-fee8115cb6fc",
                "portID": "input-1"
            }
        },
        {
            "linkID": "link-d7273cb7-fdf5-4026-aa1a-2cb2fb2a6234",
            "source": {
                "operatorID": "Dummy-operator-e7b3b72e-b5f9-4405-890f-e58d67185402",
                "portID": "output-1"
            },
            "target": {
                "operatorID": "Dummy-operator-c4c03cd5-9162-4e10-91f4-31051fe06a46",
                "portID": "input-1"
            }
        },
        {
            "linkID": "link-c4f725a8-4b84-410b-9315-3f2605ac85f4",
            "source": {
                "operatorID": "Dummy-operator-8c16f689-8a0e-4aa0-9a2c-fee8115cb6fc",
                "portID": "output-1"
            },
            "target": {
                "operatorID": "Dummy-operator-e7b3b72e-b5f9-4405-890f-e58d67185402",
                "portID": "input-1"
            }
        },
        {
            "linkID": "link-9435208c-e66a-41d1-9c02-db8bb24a5415",
            "source": {
                "operatorID": "Dummy-operator-b3ab1703-e342-49d6-bb04-1f38cc434cff",
                "portID": "output-1"
            },
            "target": {
                "operatorID": "Dummy-operator-85c80266-46f1-4ac2-a5d1-34d0de39cef1",
                "portID": "input-1"
            }
        },
        {
            "linkID": "link-82fcf141-2813-409a-9d42-a2e72ab87629",
            "source": {
                "operatorID": "Dummy-operator-85c80266-46f1-4ac2-a5d1-34d0de39cef1",
                "portID": "output-1"
            },
            "target": {
                "operatorID": "Dummy-operator-5adfd191-118f-40dd-a1e6-f63099ab0bf7",
                "portID": "input-1"
            }
        }
    ],
    "groups": [],
    "breakpoints": {},
    "commentBoxes": [
        {
            "commentBoxID": "commentBox-6bcd2ba3-1ae0-4609-a7c4-a2c9b31fb79c",
            "comments": [
                {
                    "content": "https://hub.knime.com/knime/extensions/org.knime.features.base/latest/org.knime.base.node.io.filehandling.csv.reader.CSVTableReaderNodeFactory",
                    "creatorName": "Bot",
                    "createorID": 1,
                    "creationTime": "2024-03-08T10:36:49.883Z"
                }
            ],
            "commentBoxPosition": {
                "x": 184.0,
                "y": 107.0
            }
        },
        {
            "commentBoxID": "commentBox-f7444c91-f879-4daa-8656-c5fe5c7f2dab",
            "comments": [
                {
                    "content": "https://hub.knime.com/knime/extensions/org.knime.features.base/latest/org.knime.base.node.io.filehandling.csv.reader.CSVTableReaderNodeFactory",
                    "creatorName": "Bot",
                    "createorID": 1,
                    "creationTime": "2024-03-08T10:36:49.883Z"
                }
            ],
            "commentBoxPosition": {
                "x": 284.0,
                "y": 147.0
            }
        },
        {
            "commentBoxID": "commentBox-78fd1096-57be-45dc-aef2-790b342f5236",
            "comments": [
                {
                    "content": "https://hub.knime.com/knime/extensions/org.knime.features.base/latest/org.knime.base.node.io.filehandling.csv.reader.CSVTableReaderNodeFactory",
                    "creatorName": "Bot",
                    "createorID": 1,
                    "creationTime": "2024-03-08T10:36:49.883Z"
                }
            ],
            "commentBoxPosition": {
                "x": 324.0,
                "y": 47.0
            }
        },
        {
            "commentBoxID": "commentBox-28d28f6f-b008-4d14-954e-9720fa4150f0",
            "comments": [
                {
                    "content": "https://hub.knime.com/knime/extensions/org.knime.features.base/latest/org.knime.base.node.io.filehandling.csv.reader.CSVTableReaderNodeFactory",
                    "creatorName": "Bot",
                    "createorID": 1,
                    "creationTime": "2024-03-08T10:36:49.883Z"
                }
            ],
            "commentBoxPosition": {
                "x": 364.0,
                "y": 147.0
            }
        },
        {
            "commentBoxID": "commentBox-cb0e0471-2b5b-4ac1-8a7a-9e078079d889",
            "comments": [
                {
                    "content": "https://hub.knime.com/knime/extensions/org.knime.features.base/latest/org.knime.base.node.io.filehandling.csv.reader.CSVTableReaderNodeFactory",
                    "creatorName": "Bot",
                    "createorID": 1,
                    "creationTime": "2024-03-08T10:36:49.883Z"
                }
            ],
            "commentBoxPosition": {
                "x": 524.0,
                "y": 147.0
            }
        },
        {
            "commentBoxID": "commentBox-d96f8963-6e75-4a8d-8ee2-45ef65b82fa5",
            "comments": [
                {
                    "content": "https://hub.knime.com/knime/extensions/org.knime.features.base/latest/org.knime.base.node.io.filehandling.csv.reader.CSVTableReaderNodeFactory",
                    "creatorName": "Bot",
                    "createorID": 1,
                    "creationTime": "2024-03-08T10:36:49.883Z"
                }
            ],
            "commentBoxPosition": {
                "x": 444.0,
                "y": 147.0
            }
        },
        {
            "commentBoxID": "commentBox-7f0f73b8-8be7-47e1-8897-774a000c045b",
            "comments": [
                {
                    "content": "https://hub.knime.com/knime/extensions/org.knime.features.base/latest/org.knime.base.node.io.filehandling.csv.reader.CSVTableReaderNodeFactory",
                    "creatorName": "Bot",
                    "createorID": 1,
                    "creationTime": "2024-03-08T10:36:49.883Z"
                }
            ],
            "commentBoxPosition": {
                "x": 204.0,
                "y": 287.0
            }
        },
        {
            "commentBoxID": "commentBox-edda36bf-0f30-4a6d-84ad-b56035520db4",
            "comments": [
                {
                    "content": "https://hub.knime.com/knime/extensions/org.knime.features.base/latest/org.knime.base.node.io.filehandling.csv.reader.CSVTableReaderNodeFactory",
                    "creatorName": "Bot",
                    "createorID": 1,
                    "creationTime": "2024-03-08T10:36:49.883Z"
                }
            ],
            "commentBoxPosition": {
                "x": 299.0,
                "y": 285.0
            }
        },
        {
            "commentBoxID": "commentBox-deea301b-61f9-4ad7-8ce0-39fed3f0ffdd",
            "comments": [
                {
                    "content": "https://hub.knime.com/knime/extensions/org.knime.features.base/latest/org.knime.base.node.io.filehandling.csv.reader.CSVTableReaderNodeFactory",
                    "creatorName": "Bot",
                    "createorID": 1,
                    "creationTime": "2024-03-08T10:36:49.883Z"
                }
            ],
            "commentBoxPosition": {
                "x": 644.0,
                "y": 287.0
            }
        },
        {
            "commentBoxID": "commentBox-09c43283-4d93-432e-832a-30f4e6eba442",
            "comments": [
                {
                    "content": "https://hub.knime.com/knime/extensions/org.knime.features.base/latest/org.knime.base.node.io.filehandling.csv.reader.CSVTableReaderNodeFactory",
                    "creatorName": "Bot",
                    "createorID": 1,
                    "creationTime": "2024-03-08T10:36:49.883Z"
                }
            ],
            "commentBoxPosition": {
                "x": 744.0,
                "y": 287.0
            }
        },
        {
            "commentBoxID": "commentBox-5d33532f-1bec-4885-9946-97db23bebc8b",
            "comments": [
                {
                    "content": "https://hub.knime.com/knime/extensions/org.knime.features.base/latest/org.knime.base.node.io.filehandling.csv.reader.CSVTableReaderNodeFactory",
                    "creatorName": "Bot",
                    "createorID": 1,
                    "creationTime": "2024-03-08T10:36:49.883Z"
                }
            ],
            "commentBoxPosition": {
                "x": 399.0,
                "y": 285.0
            }
        },
        {
            "commentBoxID": "commentBox-0eead38f-93fd-4784-9aea-1784c455eaef",
            "comments": [
                {
                    "content": "https://hub.knime.com/knime/extensions/org.knime.features.base/latest/org.knime.base.node.io.filehandling.csv.reader.CSVTableReaderNodeFactory",
                    "creatorName": "Bot",
                    "createorID": 1,
                    "creationTime": "2024-03-08T10:36:49.883Z"
                }
            ],
            "commentBoxPosition": {
                "x": 484.0,
                "y": 287.0
            }
        },
        {
            "commentBoxID": "commentBox-ea05770a-7c80-4848-befc-f462ba32529a",
            "comments": [
                {
                    "content": "https://hub.knime.com/knime/extensions/org.knime.features.base/latest/org.knime.base.node.io.filehandling.csv.reader.CSVTableReaderNodeFactory",
                    "creatorName": "Bot",
                    "createorID": 1,
                    "creationTime": "2024-03-08T10:36:49.883Z"
                }
            ],
            "commentBoxPosition": {
                "x": 564.0,
                "y": 287.0
            }
        },
        {
            "commentBoxID": "commentBox-a6a18225-7e78-42cd-97d4-14d384d4ea17",
            "comments": [
                {
                    "content": "https://hub.knime.com/knime/extensions/org.knime.features.base/latest/org.knime.base.node.io.filehandling.csv.reader.CSVTableReaderNodeFactory",
                    "creatorName": "Bot",
                    "createorID": 1,
                    "creationTime": "2024-03-08T10:36:49.883Z"
                }
            ],
            "commentBoxPosition": {
                "x": 844.0,
                "y": 287.0
            }
        },
        {
            "commentBoxID": "commentBox-6e03614e-2b0d-49d4-8d98-494f208f0204",
            "comments": [
                {
                    "content": "https://hub.knime.com/knime/extensions/org.knime.features.base/latest/org.knime.base.node.io.filehandling.csv.reader.CSVTableReaderNodeFactory",
                    "creatorName": "Bot",
                    "createorID": 1,
                    "creationTime": "2024-03-08T10:36:49.883Z"
                }
            ],
            "commentBoxPosition": {
                "x": 104.0,
                "y": 107.0
            }
        },
        {
            "commentBoxID": "commentBox-e5aa271f-8b4e-40d8-9dc3-965895c9ce16",
            "comments": [
                {
                    "content": "https://hub.knime.com/knime/extensions/org.knime.features.base/latest/org.knime.base.node.io.filehandling.csv.reader.CSVTableReaderNodeFactory",
                    "creatorName": "Bot",
                    "createorID": 1,
                    "creationTime": "2024-03-08T10:36:49.883Z"
                }
            ],
            "commentBoxPosition": {
                "x": 624.0,
                "y": 147.0
            }
        },
        {
            "commentBoxID": "commentBox-5b56c86f-8586-4e78-b78b-b2f9ae22cf03",
            "comments": [
                {
                    "content": "https://hub.knime.com/knime/extensions/org.knime.features.base/latest/org.knime.base.node.io.filehandling.csv.reader.CSVTableReaderNodeFactory",
                    "creatorName": "Bot",
                    "createorID": 1,
                    "creationTime": "2024-03-08T10:36:49.883Z"
                }
            ],
            "commentBoxPosition": {
                "x": 204.0,
                "y": 407.0
            }
        },
        {
            "commentBoxID": "commentBox-f2652a7f-a5cd-498c-a9ea-c58bd5d0c24f",
            "comments": [
                {
                    "content": "https://hub.knime.com/knime/extensions/org.knime.features.base/latest/org.knime.base.node.io.filehandling.csv.reader.CSVTableReaderNodeFactory",
                    "creatorName": "Bot",
                    "createorID": 1,
                    "creationTime": "2024-03-08T10:36:49.883Z"
                }
            ],
            "commentBoxPosition": {
                "x": 384.0,
                "y": 407.0
            }
        },
        {
            "commentBoxID": "commentBox-df71bb01-431b-42d8-b2a9-136c839062e0",
            "comments": [
                {
                    "content": "https://hub.knime.com/knime/extensions/org.knime.features.base/latest/org.knime.base.node.io.filehandling.csv.reader.CSVTableReaderNodeFactory",
                    "creatorName": "Bot",
                    "createorID": 1,
                    "creationTime": "2024-03-08T10:36:49.883Z"
                }
            ],
            "commentBoxPosition": {
                "x": 284.0,
                "y": 407.0
            }
        },
        {
            "commentBoxID": "commentBox-f5833d7b-965f-4cf8-96bb-cf4b2750b4e8",
            "comments": [
                {
                    "content": "https://hub.knime.com/knime/extensions/org.knime.features.base/latest/org.knime.base.node.io.filehandling.csv.reader.CSVTableReaderNodeFactory",
                    "creatorName": "Bot",
                    "createorID": 1,
                    "creationTime": "2024-03-08T10:36:49.883Z"
                }
            ],
            "commentBoxPosition": {
                "x": 724.0,
                "y": 147.0
            }
        },
        {
            "commentBoxID": "commentBox-bad9bc4f-ee06-4a8f-b7fe-6734abb7d885",
            "comments": [
                {
                    "content": "https://hub.knime.com/knime/extensions/org.knime.features.base/latest/org.knime.base.node.io.filehandling.csv.reader.CSVTableReaderNodeFactory",
                    "creatorName": "Bot",
                    "createorID": 1,
                    "creationTime": "2024-03-08T10:36:49.883Z"
                }
            ],
            "commentBoxPosition": {
                "x": 504.0,
                "y": 467.0
            }
        },
        {
            "commentBoxID": "commentBox-6d202455-a833-4eda-9217-43a7a9c006be",
            "comments": [
                {
                    "content": "https://hub.knime.com/knime/extensions/org.knime.features.base/latest/org.knime.base.node.io.filehandling.csv.reader.CSVTableReaderNodeFactory",
                    "creatorName": "Bot",
                    "createorID": 1,
                    "creationTime": "2024-03-08T10:36:49.883Z"
                }
            ],
            "commentBoxPosition": {
                "x": 824.0,
                "y": 147.0
            }
        }
    ]
}