{
    "operators": [
        {
            "operatorID": "Dummy-operator-c24fd042-d03c-4d56-a6b1-0843746980d6",
            "operatorType": "Dummy",
            "operatorVersion": "",
            "operatorProperties": {
                "dummyPropertyList": [
                    {
                        "dummyProperty": "Source XML",
                        "dummyValue": "Omitted for license reasons"
                    }
                ]
            },
            "inputPorts": [
                {
                    "portID": "input-0",
                    "displayName": "",
                    "allowMultiInputs": true,
                    "isDynamicPort": true
                },
                {
                    "portID": "input-1",
                    "displayName": "",
                    "allowMultiInputs": true,
                    "isDynamicPort": true
                }
            ],
            "outputPorts": [
                {
                    "portID": "output-0",
                    "displayName": "",
                    "isDynamicPort": true,
                    "isBlocking": false
                },
                {
                    "portID": "output-1",
                    "displayName": "",
                    "isDynamicPort": true,
                    "isBlocking": true,
                    "materializationSize": 3.1796875
                }
            ],
            "showAdvanced": false,
            "isDisabled": false,
            "customDisplayName": "Decision Tree Learner",
            "dynamicInputPorts": true,
            "dynamicOutputPorts": true
        },
        {
            "operatorID": "Dummy-operator-4f62f91d-31d4-4168-bde9-739cf930b8e9",
            "operatorType": "Dummy",
            "operatorVersion": "",
            "operatorProperties": {
                "dummyPropertyList": [
                    {
                        "dummyProperty": "Source XML",
                        "dummyValue": "Omitted for license reasons"
                    }
                ]
            },
            "inputPorts": [
                {
                    "portID": "input-0",
                    "displayName": "",
                    "allowMultiInputs": true,
                    "isDynamicPort": true
                },
                {
                    "portID": "input-1",
                    "displayName": "",
                    "allowMultiInputs": true,
                    "isDynamicPort": true
                },
                {
                    "portID": "input-2",
                    "displayName": "",
                    "allowMultiInputs": true,
                    "isDynamicPort": true
                }
            ],
            "outputPorts": [
                {
                    "portID": "output-0",
                    "displayName": "",
                    "isDynamicPort": true,
                    "isBlocking": false
                },
                {
                    "portID": "output-1",
                    "displayName": "",
                    "isDynamicPort": true,
                    "isBlocking": false,
                    "materializationSize": 37.046875
                }
            ],
            "showAdvanced": false,
            "isDisabled": false,
            "customDisplayName": "Decision Tree Predictor",
            "dynamicInputPorts": true,
            "dynamicOutputPorts": true
        },
        {
            "operatorID": "Dummy-operator-b4892c93-df35-423a-8b52-8976b891a215",
            "operatorType": "Dummy",
            "operatorVersion": "",
            "operatorProperties": {
                "dummyPropertyList": [
                    {
                        "dummyProperty": "Source XML",
                        "dummyValue": "Omitted for license reasons"
                    }
                ]
            },
            "inputPorts": [
                {
                    "portID": "input-0",
                    "displayName": "",
                    "allowMultiInputs": true,
                    "isDynamicPort": true
                },
                {
                    "portID": "input-1",
                    "displayName": "",
                    "allowMultiInputs": true,
                    "isDynamicPort": true
                }
            ],
            "outputPorts": [
                {
                    "portID": "output-0",
                    "displayName": "",
                    "isDynamicPort": true,
                    "isBlocking": false
                },
                {
                    "portID": "output-1",
                    "displayName": "",
                    "isDynamicPort": true,
                    "isBlocking": true,
                    "materializationSize": 2.623046875
                },
                {
                    "portID": "output-2",
                    "displayName": "",
                    "isDynamicPort": true,
                    "isBlocking": true,
                    "materializationSize": 0.28125
                }
            ],
            "showAdvanced": false,
            "isDisabled": false,
            "customDisplayName": "JavaScript Decision Tree View",
            "dynamicInputPorts": true,
            "dynamicOutputPorts": true
        },
        {
            "operatorID": "Dummy-operator-9c44d852-bdfd-497a-86b1-20e8a9f68585",
            "operatorType": "Dummy",
            "operatorVersion": "",
            "operatorProperties": {
                "dummyPropertyList": [
                    {
                        "dummyProperty": "Source XML",
                        "dummyValue": "Omitted for license reasons"
                    }
                ]
            },
            "inputPorts": [
                {
                    "portID": "input-0",
                    "displayName": "",
                    "allowMultiInputs": true,
                    "isDynamicPort": true
                },
                {
                    "portID": "input-1",
                    "displayName": "",
                    "allowMultiInputs": true,
                    "isDynamicPort": true
                }
            ],
            "outputPorts": [
                {
                    "portID": "output-0",
                    "displayName": "",
                    "isDynamicPort": true,
                    "isBlocking": false
                },
                {
                    "portID": "output-1",
                    "displayName": "",
                    "isDynamicPort": true,
                    "isBlocking": false,
                    "materializationSize": 3.232421875
                },
                {
                    "portID": "output-2",
                    "displayName": "",
                    "isDynamicPort": true,
                    "isBlocking": false,
                    "materializationSize": 9.3671875
                },
                {
                    "portID": "output-3",
                    "displayName": "",
                    "isDynamicPort": true,
                    "isBlocking": false,
                    "materializationSize": 5.95703125
                }
            ],
            "showAdvanced": false,
            "isDisabled": false,
            "customDisplayName": "Scorer _JavaScript_",
            "dynamicInputPorts": true,
            "dynamicOutputPorts": true
        },
        {
            "operatorID": "Dummy-operator-326227f2-1693-414c-86cf-5834eeace359",
            "operatorType": "Dummy",
            "operatorVersion": "",
            "operatorProperties": {
                "dummyPropertyList": [
                    {
                        "dummyProperty": "Source XML",
                        "dummyValue": "Omitted for license reasons"
                    }
                ]
            },
            "inputPorts": [
                {
                    "portID": "input-0",
                    "displayName": "",
                    "allowMultiInputs": true,
                    "isDynamicPort": true
                }
            ],
            "outputPorts": [
                {
                    "portID": "output-0",
                    "displayName": "",
                    "isDynamicPort": true,
                    "isBlocking": false
                },
                {
                    "portID": "output-1",
                    "displayName": "",
                    "isDynamicPort": true,
                    "isBlocking": false,
                    "materializationSize": 53.626953125
                }
            ],
            "showAdvanced": false,
            "isDisabled": false,
            "customDisplayName": "File Reader",
            "dynamicInputPorts": true,
            "dynamicOutputPorts": true
        },
        {
            "operatorID": "Dummy-operator-86f4ee8f-5029-461b-8ad5-3c3f985f4b28",
            "operatorType": "Dummy",
            "operatorVersion": "",
            "operatorProperties": {
                "dummyPropertyList": [
                    {
                        "dummyProperty": "Source XML",
                        "dummyValue": "Omitted for license reasons"
                    }
                ]
            },
            "inputPorts": [
                {
                    "portID": "input-0",
                    "displayName": "",
                    "allowMultiInputs": true,
                    "isDynamicPort": true
                },
                {
                    "portID": "input-1",
                    "displayName": "",
                    "allowMultiInputs": true,
                    "isDynamicPort": true
                }
            ],
            "outputPorts": [
                {
                    "portID": "output-0",
                    "displayName": "",
                    "isDynamicPort": true,
                    "isBlocking": false
                },
                {
                    "portID": "output-1",
                    "displayName": "",
                    "isDynamicPort": true,
                    "isBlocking": false,
                    "materializationSize": 2.4345703125
                }
            ],
            "showAdvanced": false,
            "isDisabled": false,
            "customDisplayName": "Extract Table Dimension",
            "dynamicInputPorts": true,
            "dynamicOutputPorts": true
        },
        {
            "operatorID": "Dummy-operator-214a2eb0-ea1e-4c1c-84f3-640c9bd8e824",
            "operatorType": "Dummy",
            "operatorVersion": "",
            "operatorProperties": {
                "dummyPropertyList": [
                    {
                        "dummyProperty": "Source XML",
                        "dummyValue": "Omitted for license reasons"
                    }
                ]
            },
            "inputPorts": [
                {
                    "portID": "input-0",
                    "displayName": "",
                    "allowMultiInputs": true,
                    "isDynamicPort": true
                },
                {
                    "portID": "input-1",
                    "displayName": "",
                    "allowMultiInputs": true,
                    "isDynamicPort": true
                }
            ],
            "outputPorts": [
                {
                    "portID": "output-0",
                    "displayName": "",
                    "isDynamicPort": true,
                    "isBlocking": false
                },
                {
                    "portID": "output-1",
                    "displayName": "",
                    "isDynamicPort": true,
                    "isBlocking": false,
                    "materializationSize": 13.5302734375
                },
                {
                    "portID": "output-2",
                    "displayName": "",
                    "isDynamicPort": true,
                    "isBlocking": true,
                    "materializationSize": 2.3779296875
                }
            ],
            "showAdvanced": false,
            "isDisabled": false,
            "customDisplayName": "Number To String _PMML_",
            "dynamicInputPorts": true,
            "dynamicOutputPorts": true
        },
        {
            "operatorID": "Dummy-operator-362951f6-321a-419e-8c43-31f652294bcd",
            "operatorType": "Dummy",
            "operatorVersion": "",
            "operatorProperties": {
                "dummyPropertyList": [
                    {
                        "dummyProperty": "Source XML",
                        "dummyValue": "Omitted for license reasons"
                    }
                ]
            },
            "inputPorts": [
                {
                    "portID": "input-0",
                    "displayName": "",
                    "allowMultiInputs": true,
                    "isDynamicPort": true
                }
            ],
            "outputPorts": [
                {
                    "portID": "output-0",
                    "displayName": "",
                    "isDynamicPort": true,
                    "isBlocking": false
                },
                {
                    "portID": "output-1",
                    "displayName": "",
                    "isDynamicPort": true,
                    "isBlocking": false,
                    "materializationSize": 32.27734375
                }
            ],
            "showAdvanced": false,
            "isDisabled": false,
            "customDisplayName": "CSV Reader",
            "dynamicInputPorts": true,
            "dynamicOutputPorts": true
        },
        {
            "operatorID": "Dummy-operator-223e806c-9faa-4037-818e-e91280642a58",
            "operatorType": "Dummy",
            "operatorVersion": "",
            "operatorProperties": {
                "dummyPropertyList": [
                    {
                        "dummyProperty": "Source XML",
                        "dummyValue": "Omitted for license reasons"
                    }
                ]
            },
            "inputPorts": [
                {
                    "portID": "input-0",
                    "displayName": "",
                    "allowMultiInputs": true,
                    "isDynamicPort": true
                },
                {
                    "portID": "input-1",
                    "displayName": "",
                    "allowMultiInputs": true,
                    "isDynamicPort": true
                }
            ],
            "outputPorts": [
                {
                    "portID": "output-0",
                    "displayName": "",
                    "isDynamicPort": true,
                    "isBlocking": true
                },
                {
                    "portID": "output-1",
                    "displayName": "",
                    "isDynamicPort": true,
                    "isBlocking": true,
                    "materializationSize": 40.9306640625
                },
                {
                    "portID": "output-2",
                    "displayName": "",
                    "isDynamicPort": true,
                    "isBlocking": true,
                    "materializationSize": 35.8544921875
                }
            ],
            "showAdvanced": false,
            "isDisabled": false,
            "customDisplayName": "Partitioning",
            "dynamicInputPorts": true,
            "dynamicOutputPorts": true
        },
        {
            "operatorID": "Dummy-operator-7069e63d-3572-4468-be29-5821af649538",
            "operatorType": "Dummy",
            "operatorVersion": "",
            "operatorProperties": {
                "dummyPropertyList": [
                    {
                        "dummyProperty": "Source XML",
                        "dummyValue": "Omitted for license reasons"
                    }
                ]
            },
            "inputPorts": [
                {
                    "portID": "input-0",
                    "displayName": "",
                    "allowMultiInputs": true,
                    "isDynamicPort": true
                },
                {
                    "portID": "input-1",
                    "displayName": "",
                    "allowMultiInputs": true,
                    "isDynamicPort": true
                }
            ],
            "outputPorts": [
                {
                    "portID": "output-0",
                    "displayName": "",
                    "isDynamicPort": true,
                    "isBlocking": false
                }
            ],
            "showAdvanced": false,
            "isDisabled": false,
            "customDisplayName": "CSV Writer",
            "dynamicInputPorts": true,
            "dynamicOutputPorts": true
        },
        {
            "operatorID": "Dummy-operator-a666cbd6-cd9f-4dcc-b5e4-fb1cc989ffc0",
            "operatorType": "Dummy",
            "operatorVersion": "",
            "operatorProperties": {
                "dummyPropertyList": [
                    {
                        "dummyProperty": "Source XML",
                        "dummyValue": "Omitted for license reasons"
                    }
                ]
            },
            "inputPorts": [
                {
                    "portID": "input-0",
                    "displayName": "",
                    "allowMultiInputs": true,
                    "isDynamicPort": true
                },
                {
                    "portID": "input-1",
                    "displayName": "",
                    "allowMultiInputs": true,
                    "isDynamicPort": true
                }
            ],
            "outputPorts": [
                {
                    "portID": "output-0",
                    "displayName": "",
                    "isDynamicPort": true,
                    "isBlocking": false
                },
                {
                    "portID": "output-1",
                    "displayName": "",
                    "isDynamicPort": true,
                    "isBlocking": false,
                    "materializationSize": 3.119140625
                }
            ],
            "showAdvanced": false,
            "isDisabled": false,
            "customDisplayName": "Column Filter",
            "dynamicInputPorts": true,
            "dynamicOutputPorts": true
        },
        {
            "operatorID": "Dummy-operator-ed064cbf-c40c-4674-8fec-d4d9f32172d0",
            "operatorType": "Dummy",
            "operatorVersion": "",
            "operatorProperties": {
                "dummyPropertyList": [
                    {
                        "dummyProperty": "Source XML",
                        "dummyValue": "Omitted for license reasons"
                    }
                ]
            },
            "inputPorts": [
                {
                    "portID": "input-0",
                    "displayName": "",
                    "allowMultiInputs": true,
                    "isDynamicPort": true
                },
                {
                    "portID": "input-1",
                    "displayName": "",
                    "allowMultiInputs": true,
                    "isDynamicPort": true
                },
                {
                    "portID": "input-2",
                    "displayName": "",
                    "allowMultiInputs": true,
                    "isDynamicPort": true
                }
            ],
            "outputPorts": [
                {
                    "portID": "output-0",
                    "displayName": "",
                    "isDynamicPort": true,
                    "isBlocking": false
                },
                {
                    "portID": "output-1",
                    "displayName": "",
                    "isDynamicPort": true,
                    "isBlocking": false,
                    "materializationSize": 33.7294921875
                }
            ],
            "showAdvanced": false,
            "isDisabled": false,
            "customDisplayName": "Decision Tree Predictor",
            "dynamicInputPorts": true,
            "dynamicOutputPorts": true
        }
    ],
    "operatorPositions": {
        "Dummy-operator-c24fd042-d03c-4d56-a6b1-0843746980d6": {
            "x": 384.0,
            "y": 337.0
        },
        "Dummy-operator-4f62f91d-31d4-4168-bde9-739cf930b8e9": {
            "x": 484.0,
            "y": 457.0
        },
        "Dummy-operator-b4892c93-df35-423a-8b52-8976b891a215": {
            "x": 604.0,
            "y": 337.0
        },
        "Dummy-operator-9c44d852-bdfd-497a-86b1-20e8a9f68585": {
            "x": 584.0,
            "y": 457.0
        },
        "Dummy-operator-326227f2-1693-414c-86cf-5834eeace359": {
            "x": 84.0,
            "y": 337.0
        },
        "Dummy-operator-86f4ee8f-5029-461b-8ad5-3c3f985f4b28": {
            "x": 184.0,
            "y": 337.0
        },
        "Dummy-operator-214a2eb0-ea1e-4c1c-84f3-640c9bd8e824": {
            "x": 184.0,
            "y": 457.0
        },
        "Dummy-operator-362951f6-321a-419e-8c43-31f652294bcd": {
            "x": 84.0,
            "y": 217.0
        },
        "Dummy-operator-223e806c-9faa-4037-818e-e91280642a58": {
            "x": 284.0,
            "y": 457.0
        },
        "Dummy-operator-7069e63d-3572-4468-be29-5821af649538": {
            "x": 684.0,
            "y": 217.0
        },
        "Dummy-operator-a666cbd6-cd9f-4dcc-b5e4-fb1cc989ffc0": {
            "x": 584.0,
            "y": 217.0
        },
        "Dummy-operator-ed064cbf-c40c-4674-8fec-d4d9f32172d0": {
            "x": 484.0,
            "y": 217.0
        }
    },
    "links": [
        {
            "linkID": "link-b566c143-0d37-40d5-be47-ca50a41a94e9",
            "source": {
                "operatorID": "Dummy-operator-c24fd042-d03c-4d56-a6b1-0843746980d6",
                "portID": "output-1"
            },
            "target": {
                "operatorID": "Dummy-operator-ed064cbf-c40c-4674-8fec-d4d9f32172d0",
                "portID": "input-1"
            }
        },
        {
            "linkID": "link-ee3829ce-c344-4731-ae5d-82beda4cd8da",
            "source": {
                "operatorID": "Dummy-operator-c24fd042-d03c-4d56-a6b1-0843746980d6",
                "portID": "output-1"
            },
            "target": {
                "operatorID": "Dummy-operator-b4892c93-df35-423a-8b52-8976b891a215",
                "portID": "input-1"
            }
        },
        {
            "linkID": "link-81e66039-6a0d-4027-a099-9dd2f16091d1",
            "source": {
                "operatorID": "Dummy-operator-c24fd042-d03c-4d56-a6b1-0843746980d6",
                "portID": "output-1"
            },
            "target": {
                "operatorID": "Dummy-operator-4f62f91d-31d4-4168-bde9-739cf930b8e9",
                "portID": "input-1"
            }
        },
        {
            "linkID": "link-da0d9ace-76e1-40f3-9e6e-4f6ecb798cb3",
            "source": {
                "operatorID": "Dummy-operator-4f62f91d-31d4-4168-bde9-739cf930b8e9",
                "portID": "output-1"
            },
            "target": {
                "operatorID": "Dummy-operator-9c44d852-bdfd-497a-86b1-20e8a9f68585",
                "portID": "input-1"
            }
        },
        {
            "linkID": "link-417c552b-45a1-415b-b4d4-755e2b41a043",
            "source": {
                "operatorID": "Dummy-operator-326227f2-1693-414c-86cf-5834eeace359",
                "portID": "output-1"
            },
            "target": {
                "operatorID": "Dummy-operator-86f4ee8f-5029-461b-8ad5-3c3f985f4b28",
                "portID": "input-1"
            }
        },
        {
            "linkID": "link-40e05b9d-e30f-4762-b7ff-218bd74787a8",
            "source": {
                "operatorID": "Dummy-operator-326227f2-1693-414c-86cf-5834eeace359",
                "portID": "output-1"
            },
            "target": {
                "operatorID": "Dummy-operator-214a2eb0-ea1e-4c1c-84f3-640c9bd8e824",
                "portID": "input-1"
            }
        },
        {
            "linkID": "link-35e4ec04-131a-434d-8a4e-0a66a5e03e36",
            "source": {
                "operatorID": "Dummy-operator-214a2eb0-ea1e-4c1c-84f3-640c9bd8e824",
                "portID": "output-1"
            },
            "target": {
                "operatorID": "Dummy-operator-223e806c-9faa-4037-818e-e91280642a58",
                "portID": "input-1"
            }
        },
        {
            "linkID": "link-c1ca75a5-19ce-4e35-a7b5-14ea01694ba0",
            "source": {
                "operatorID": "Dummy-operator-362951f6-321a-419e-8c43-31f652294bcd",
                "portID": "output-1"
            },
            "target": {
                "operatorID": "Dummy-operator-ed064cbf-c40c-4674-8fec-d4d9f32172d0",
                "portID": "input-2"
            }
        },
        {
            "linkID": "link-b89d630f-6634-4a12-9fa9-8e742c6b6fe8",
            "source": {
                "operatorID": "Dummy-operator-223e806c-9faa-4037-818e-e91280642a58",
                "portID": "output-2"
            },
            "target": {
                "operatorID": "Dummy-operator-4f62f91d-31d4-4168-bde9-739cf930b8e9",
                "portID": "input-2"
            }
        },
        {
            "linkID": "link-615d96a0-ebd9-4e96-ae49-2f22347f41e0",
            "source": {
                "operatorID": "Dummy-operator-223e806c-9faa-4037-818e-e91280642a58",
                "portID": "output-1"
            },
            "target": {
                "operatorID": "Dummy-operator-c24fd042-d03c-4d56-a6b1-0843746980d6",
                "portID": "input-1"
            }
        },
        {
            "linkID": "link-88d05a80-4b32-4fe3-9a44-73494ff133e9",
            "source": {
                "operatorID": "Dummy-operator-a666cbd6-cd9f-4dcc-b5e4-fb1cc989ffc0",
                "portID": "output-1"
            },
            "target": {
                "operatorID": "Dummy-operator-7069e63d-3572-4468-be29-5821af649538",
                "portID": "input-1"
            }
        },
        {
            "linkID": "link-960a6202-b9d0-4366-94d5-e3c5919c1819",
            "source": {
                "operatorID": "Dummy-operator-ed064cbf-c40c-4674-8fec-d4d9f32172d0",
                "portID": "output-1"
            },
            "target": {
                "operatorID": "Dummy-operator-a666cbd6-cd9f-4dcc-b5e4-fb1cc989ffc0",
                "portID": "input-1"
            }
        }
    ],
    "groups": [],
    "breakpoints": {},
    "commentBoxes": [
        {
            "commentBoxID": "commentBox-f4073cb2-18de-4616-a475-79f156e9a2f2",
            "comments": [
                {
                    "content": "https://hub.knime.com/knime/extensions/org.knime.features.base/latest/org.knime.base.node.io.filehandling.csv.reader.CSVTableReaderNodeFactory",
                    "creatorName": "Bot",
                    "createorID": 1,
                    "creationTime": "2024-03-08T10:36:49.883Z"
                }
            ],
            "commentBoxPosition": {
                "x": 444.0,
                "y": 367.0
            }
        },
        {
            "commentBoxID": "commentBox-f9451766-9b15-436a-9faa-035fa2d01bef",
            "comments": [
                {
                    "content": "https://hub.knime.com/knime/extensions/org.knime.features.base/latest/org.knime.base.node.io.filehandling.csv.reader.CSVTableReaderNodeFactory",
                    "creatorName": "Bot",
                    "createorID": 1,
                    "creationTime": "2024-03-08T10:36:49.883Z"
                }
            ],
            "commentBoxPosition": {
                "x": 544.0,
                "y": 487.0
            }
        },
        {
            "commentBoxID": "commentBox-570886ca-9f04-4f9e-85e4-4a79f54eb046",
            "comments": [
                {
                    "content": "https://hub.knime.com/knime/extensions/org.knime.features.base/latest/org.knime.base.node.io.filehandling.csv.reader.CSVTableReaderNodeFactory",
                    "creatorName": "Bot",
                    "createorID": 1,
                    "creationTime": "2024-03-08T10:36:49.883Z"
                }
            ],
            "commentBoxPosition": {
                "x": 664.0,
                "y": 367.0
            }
        },
        {
            "commentBoxID": "commentBox-a3ba7b24-45c4-4a02-afae-5f85fdc5f444",
            "comments": [
                {
                    "content": "https://hub.knime.com/knime/extensions/org.knime.features.base/latest/org.knime.base.node.io.filehandling.csv.reader.CSVTableReaderNodeFactory",
                    "creatorName": "Bot",
                    "createorID": 1,
                    "creationTime": "2024-03-08T10:36:49.883Z"
                }
            ],
            "commentBoxPosition": {
                "x": 644.0,
                "y": 487.0
            }
        },
        {
            "commentBoxID": "commentBox-27e26a70-4d57-4cba-8e62-6b7531261cf0",
            "comments": [
                {
                    "content": "https://hub.knime.com/knime/extensions/org.knime.features.base/latest/org.knime.base.node.io.filehandling.csv.reader.CSVTableReaderNodeFactory",
                    "creatorName": "Bot",
                    "createorID": 1,
                    "creationTime": "2024-03-08T10:36:49.883Z"
                }
            ],
            "commentBoxPosition": {
                "x": 144.0,
                "y": 367.0
            }
        },
        {
            "commentBoxID": "commentBox-e8173b8a-f45a-4573-a0f0-031253276c70",
            "comments": [
                {
                    "content": "https://hub.knime.com/knime/extensions/org.knime.features.base/latest/org.knime.base.node.io.filehandling.csv.reader.CSVTableReaderNodeFactory",
                    "creatorName": "Bot",
                    "createorID": 1,
                    "creationTime": "2024-03-08T10:36:49.883Z"
                }
            ],
            "commentBoxPosition": {
                "x": 244.0,
                "y": 367.0
            }
        },
        {
            "commentBoxID": "commentBox-1077b1dc-0d20-4ca9-a1e0-5b5ed2f7f6c2",
            "comments": [
                {
                    "content": "https://hub.knime.com/knime/extensions/org.knime.features.base/latest/org.knime.base.node.io.filehandling.csv.reader.CSVTableReaderNodeFactory",
                    "creatorName": "Bot",
                    "createorID": 1,
                    "creationTime": "2024-03-08T10:36:49.883Z"
                }
            ],
            "commentBoxPosition": {
                "x": 244.0,
                "y": 487.0
            }
        },
        {
            "commentBoxID": "commentBox-8ce48525-b501-4ab6-8038-45deb25e3269",
            "comments": [
                {
                    "content": "https://hub.knime.com/knime/extensions/org.knime.features.base/latest/org.knime.base.node.io.filehandling.csv.reader.CSVTableReaderNodeFactory",
                    "creatorName": "Bot",
                    "createorID": 1,
                    "creationTime": "2024-03-08T10:36:49.883Z"
                }
            ],
            "commentBoxPosition": {
                "x": 144.0,
                "y": 247.0
            }
        },
        {
            "commentBoxID": "commentBox-20b92cea-6bab-439b-b7ef-efe45079f7fc",
            "comments": [
                {
                    "content": "https://hub.knime.com/knime/extensions/org.knime.features.base/latest/org.knime.base.node.io.filehandling.csv.reader.CSVTableReaderNodeFactory",
                    "creatorName": "Bot",
                    "createorID": 1,
                    "creationTime": "2024-03-08T10:36:49.883Z"
                }
            ],
            "commentBoxPosition": {
                "x": 344.0,
                "y": 487.0
            }
        },
        {
            "commentBoxID": "commentBox-907c239d-5150-4f5b-bbab-dea17857ba78",
            "comments": [
                {
                    "content": "https://hub.knime.com/knime/extensions/org.knime.features.base/latest/org.knime.base.node.io.filehandling.csv.reader.CSVTableReaderNodeFactory",
                    "creatorName": "Bot",
                    "createorID": 1,
                    "creationTime": "2024-03-08T10:36:49.883Z"
                }
            ],
            "commentBoxPosition": {
                "x": 744.0,
                "y": 247.0
            }
        },
        {
            "commentBoxID": "commentBox-a2ad1f5e-b6a9-4497-8451-9e10eecedc30",
            "comments": [
                {
                    "content": "https://hub.knime.com/knime/extensions/org.knime.features.base/latest/org.knime.base.node.io.filehandling.csv.reader.CSVTableReaderNodeFactory",
                    "creatorName": "Bot",
                    "createorID": 1,
                    "creationTime": "2024-03-08T10:36:49.883Z"
                }
            ],
            "commentBoxPosition": {
                "x": 644.0,
                "y": 247.0
            }
        },
        {
            "commentBoxID": "commentBox-7d67682b-afe3-460b-8d9d-38d517b2a212",
            "comments": [
                {
                    "content": "https://hub.knime.com/knime/extensions/org.knime.features.base/latest/org.knime.base.node.io.filehandling.csv.reader.CSVTableReaderNodeFactory",
                    "creatorName": "Bot",
                    "createorID": 1,
                    "creationTime": "2024-03-08T10:36:49.883Z"
                }
            ],
            "commentBoxPosition": {
                "x": 544.0,
                "y": 247.0
            }
        }
    ]
}