{
    "operators": [
        {
            "operatorID": "Dummy-operator-cfb77b1e-bb02-4ffe-a22c-4949e659cdb6",
            "operatorType": "Dummy",
            "operatorVersion": "",
            "operatorProperties": {
                "dummyPropertyList": [
                    {
                        "dummyProperty": "Source XML",
                        "dummyValue": "Omitted for license reasons"
                    }
                ]
            },
            "inputPorts": [
                {
                    "portID": "input-0",
                    "displayName": "",
                    "allowMultiInputs": true,
                    "isDynamicPort": true
                }
            ],
            "outputPorts": [
                {
                    "portID": "output-0",
                    "displayName": "",
                    "isDynamicPort": true,
                    "isBlocking": false
                },
                {
                    "portID": "output-1",
                    "displayName": "",
                    "isDynamicPort": true,
                    "isBlocking": false,
                    "materializationSize": 97.396484375
                }
            ],
            "showAdvanced": false,
            "isDisabled": false,
            "customDisplayName": "Excel Reader",
            "dynamicInputPorts": true,
            "dynamicOutputPorts": true
        },
        {
            "operatorID": "Dummy-operator-7fe1d742-f5c6-4949-b1b4-3496083b840a",
            "operatorType": "Dummy",
            "operatorVersion": "",
            "operatorProperties": {
                "dummyPropertyList": [
                    {
                        "dummyProperty": "Source XML",
                        "dummyValue": "Omitted for license reasons"
                    }
                ]
            },
            "inputPorts": [
                {
                    "portID": "input-0",
                    "displayName": "",
                    "allowMultiInputs": true,
                    "isDynamicPort": true
                },
                {
                    "portID": "input-1",
                    "displayName": "",
                    "allowMultiInputs": true,
                    "isDynamicPort": true
                }
            ],
            "outputPorts": [
                {
                    "portID": "output-0",
                    "displayName": "",
                    "isDynamicPort": true,
                    "isBlocking": false
                },
                {
                    "portID": "output-1",
                    "displayName": "",
                    "isDynamicPort": true,
                    "isBlocking": false,
                    "materializationSize": 5.6318359375
                },
                {
                    "portID": "output-2",
                    "displayName": "",
                    "isDynamicPort": true,
                    "isBlocking": false,
                    "materializationSize": 4.47265625
                },
                {
                    "portID": "output-3",
                    "displayName": "",
                    "isDynamicPort": true,
                    "isBlocking": false,
                    "materializationSize": 5.578125
                }
            ],
            "showAdvanced": false,
            "isDisabled": false,
            "customDisplayName": "Pivot",
            "dynamicInputPorts": true,
            "dynamicOutputPorts": true
        },
        {
            "operatorID": "Dummy-operator-570deb03-257c-4ddf-a289-d36759d4ad2b",
            "operatorType": "Dummy",
            "operatorVersion": "",
            "operatorProperties": {
                "dummyPropertyList": [
                    {
                        "dummyProperty": "Source XML",
                        "dummyValue": "Omitted for license reasons"
                    }
                ]
            },
            "inputPorts": [
                {
                    "portID": "input-0",
                    "displayName": "",
                    "allowMultiInputs": true,
                    "isDynamicPort": true
                },
                {
                    "portID": "input-1",
                    "displayName": "",
                    "allowMultiInputs": true,
                    "isDynamicPort": true
                }
            ],
            "outputPorts": [
                {
                    "portID": "output-0",
                    "displayName": "",
                    "isDynamicPort": true,
                    "isBlocking": false
                }
            ],
            "showAdvanced": false,
            "isDisabled": false,
            "customDisplayName": "Bar Chart",
            "dynamicInputPorts": true,
            "dynamicOutputPorts": true
        },
        {
            "operatorID": "Dummy-operator-a8eadaec-0bfe-4540-b64e-45545e2c22c6",
            "operatorType": "Dummy",
            "operatorVersion": "",
            "operatorProperties": {
                "dummyPropertyList": [
                    {
                        "dummyProperty": "Source XML",
                        "dummyValue": "Omitted for license reasons"
                    }
                ]
            },
            "inputPorts": [
                {
                    "portID": "input-0",
                    "displayName": "",
                    "allowMultiInputs": true,
                    "isDynamicPort": true
                },
                {
                    "portID": "input-1",
                    "displayName": "",
                    "allowMultiInputs": true,
                    "isDynamicPort": true
                }
            ],
            "outputPorts": [
                {
                    "portID": "output-0",
                    "displayName": "",
                    "isDynamicPort": true,
                    "isBlocking": false
                },
                {
                    "portID": "output-1",
                    "displayName": "",
                    "isDynamicPort": true,
                    "isBlocking": false,
                    "materializationSize": 31.8544921875
                }
            ],
            "showAdvanced": false,
            "isDisabled": false,
            "customDisplayName": "Math Formula",
            "dynamicInputPorts": true,
            "dynamicOutputPorts": true
        },
        {
            "operatorID": "Dummy-operator-4a3385ed-10fb-4ae6-bd6a-379acf2d13e2",
            "operatorType": "Dummy",
            "operatorVersion": "",
            "operatorProperties": {
                "dummyPropertyList": [
                    {
                        "dummyProperty": "Source XML",
                        "dummyValue": "Omitted for license reasons"
                    }
                ]
            },
            "inputPorts": [
                {
                    "portID": "input-0",
                    "displayName": "",
                    "allowMultiInputs": true,
                    "isDynamicPort": true
                },
                {
                    "portID": "input-1",
                    "displayName": "",
                    "allowMultiInputs": true,
                    "isDynamicPort": true
                }
            ],
            "outputPorts": [
                {
                    "portID": "output-0",
                    "displayName": "",
                    "isDynamicPort": true,
                    "isBlocking": false
                },
                {
                    "portID": "output-1",
                    "displayName": "",
                    "isDynamicPort": true,
                    "isBlocking": false,
                    "materializationSize": 10.728515625
                },
                {
                    "portID": "output-2",
                    "displayName": "",
                    "isDynamicPort": true,
                    "isBlocking": false,
                    "materializationSize": 4.5380859375
                },
                {
                    "portID": "output-3",
                    "displayName": "",
                    "isDynamicPort": true,
                    "isBlocking": false,
                    "materializationSize": 10.5810546875
                }
            ],
            "showAdvanced": false,
            "isDisabled": false,
            "customDisplayName": "Pivot",
            "dynamicInputPorts": true,
            "dynamicOutputPorts": true
        },
        {
            "operatorID": "Dummy-operator-f0a7d5e1-318b-451a-bac5-1895b31a343f",
            "operatorType": "Dummy",
            "operatorVersion": "",
            "operatorProperties": {
                "dummyPropertyList": [
                    {
                        "dummyProperty": "Source XML",
                        "dummyValue": "Omitted for license reasons"
                    }
                ]
            },
            "inputPorts": [
                {
                    "portID": "input-0",
                    "displayName": "",
                    "allowMultiInputs": true,
                    "isDynamicPort": true
                },
                {
                    "portID": "input-1",
                    "displayName": "",
                    "allowMultiInputs": true,
                    "isDynamicPort": true
                }
            ],
            "outputPorts": [
                {
                    "portID": "output-0",
                    "displayName": "",
                    "isDynamicPort": true,
                    "isBlocking": false
                }
            ],
            "showAdvanced": false,
            "isDisabled": false,
            "customDisplayName": "Bar Chart",
            "dynamicInputPorts": true,
            "dynamicOutputPorts": true
        },
        {
            "operatorID": "Dummy-operator-e1e78b50-37a8-422e-8776-994141286ec6",
            "operatorType": "Dummy",
            "operatorVersion": "",
            "operatorProperties": {
                "dummyPropertyList": [
                    {
                        "dummyProperty": "Source XML",
                        "dummyValue": "Omitted for license reasons"
                    }
                ]
            },
            "inputPorts": [
                {
                    "portID": "input-0",
                    "displayName": "",
                    "allowMultiInputs": true,
                    "isDynamicPort": true
                },
                {
                    "portID": "input-1",
                    "displayName": "",
                    "allowMultiInputs": true,
                    "isDynamicPort": true
                }
            ],
            "outputPorts": [
                {
                    "portID": "output-0",
                    "displayName": "",
                    "isDynamicPort": true,
                    "isBlocking": true
                },
                {
                    "portID": "output-1",
                    "displayName": "",
                    "isDynamicPort": true,
                    "isBlocking": true,
                    "materializationSize": 4.5419921875
                }
            ],
            "showAdvanced": false,
            "isDisabled": false,
            "customDisplayName": "GroupBy",
            "dynamicInputPorts": true,
            "dynamicOutputPorts": true
        },
        {
            "operatorID": "Dummy-operator-64abecf6-fd1d-4318-98a1-7256c8630060",
            "operatorType": "Dummy",
            "operatorVersion": "",
            "operatorProperties": {
                "dummyPropertyList": [
                    {
                        "dummyProperty": "Source XML",
                        "dummyValue": "Omitted for license reasons"
                    }
                ]
            },
            "inputPorts": [
                {
                    "portID": "input-0",
                    "displayName": "",
                    "allowMultiInputs": true,
                    "isDynamicPort": true
                },
                {
                    "portID": "input-1",
                    "displayName": "",
                    "allowMultiInputs": true,
                    "isDynamicPort": true
                }
            ],
            "outputPorts": [
                {
                    "portID": "output-0",
                    "displayName": "",
                    "isDynamicPort": true,
                    "isBlocking": false
                }
            ],
            "showAdvanced": false,
            "isDisabled": false,
            "customDisplayName": "Pie Chart",
            "dynamicInputPorts": true,
            "dynamicOutputPorts": true
        },
        {
            "operatorID": "Dummy-operator-1f2ad496-1a8e-4e2a-b236-d16d4c4a77bb",
            "operatorType": "Dummy",
            "operatorVersion": "",
            "operatorProperties": {
                "dummyPropertyList": [
                    {
                        "dummyProperty": "Source XML",
                        "dummyValue": "Omitted for license reasons"
                    }
                ]
            },
            "inputPorts": [
                {
                    "portID": "input-0",
                    "displayName": "",
                    "allowMultiInputs": true,
                    "isDynamicPort": true
                },
                {
                    "portID": "input-1",
                    "displayName": "",
                    "allowMultiInputs": true,
                    "isDynamicPort": true
                }
            ],
            "outputPorts": [
                {
                    "portID": "output-0",
                    "displayName": "",
                    "isDynamicPort": true,
                    "isBlocking": false
                },
                {
                    "portID": "output-1",
                    "displayName": "",
                    "isDynamicPort": true,
                    "isBlocking": false,
                    "materializationSize": 6.791015625
                },
                {
                    "portID": "output-2",
                    "displayName": "",
                    "isDynamicPort": true,
                    "isBlocking": false,
                    "materializationSize": 4.4716796875
                },
                {
                    "portID": "output-3",
                    "displayName": "",
                    "isDynamicPort": true,
                    "isBlocking": false,
                    "materializationSize": 6.734375
                }
            ],
            "showAdvanced": false,
            "isDisabled": false,
            "customDisplayName": "Pivot",
            "dynamicInputPorts": true,
            "dynamicOutputPorts": true
        },
        {
            "operatorID": "Dummy-operator-b35a068d-7c78-4afe-8d4e-3d520e2f76da",
            "operatorType": "Dummy",
            "operatorVersion": "",
            "operatorProperties": {
                "dummyPropertyList": [
                    {
                        "dummyProperty": "Source XML",
                        "dummyValue": "Omitted for license reasons"
                    }
                ]
            },
            "inputPorts": [
                {
                    "portID": "input-0",
                    "displayName": "",
                    "allowMultiInputs": true,
                    "isDynamicPort": true
                },
                {
                    "portID": "input-1",
                    "displayName": "",
                    "allowMultiInputs": true,
                    "isDynamicPort": true
                }
            ],
            "outputPorts": [
                {
                    "portID": "output-0",
                    "displayName": "",
                    "isDynamicPort": true,
                    "isBlocking": false
                }
            ],
            "showAdvanced": false,
            "isDisabled": false,
            "customDisplayName": "Bar Chart",
            "dynamicInputPorts": true,
            "dynamicOutputPorts": true
        },
        {
            "operatorID": "Dummy-operator-f471f724-f966-488a-a6dc-c0cec90ac392",
            "operatorType": "Dummy",
            "operatorVersion": "",
            "operatorProperties": {
                "dummyPropertyList": [
                    {
                        "dummyProperty": "Source XML",
                        "dummyValue": "Omitted for license reasons"
                    }
                ]
            },
            "inputPorts": [
                {
                    "portID": "input-0",
                    "displayName": "",
                    "allowMultiInputs": true,
                    "isDynamicPort": true
                },
                {
                    "portID": "input-1",
                    "displayName": "",
                    "allowMultiInputs": true,
                    "isDynamicPort": true
                }
            ],
            "outputPorts": [
                {
                    "portID": "output-0",
                    "displayName": "",
                    "isDynamicPort": true,
                    "isBlocking": true
                },
                {
                    "portID": "output-1",
                    "displayName": "",
                    "isDynamicPort": true,
                    "isBlocking": true,
                    "materializationSize": 88.0087890625
                }
            ],
            "showAdvanced": false,
            "isDisabled": false,
            "customDisplayName": "Duplicate Row Filter",
            "dynamicInputPorts": true,
            "dynamicOutputPorts": true
        },
        {
            "operatorID": "Dummy-operator-249e998f-94dd-42b7-81d7-e1b4bf6ccb06",
            "operatorType": "Dummy",
            "operatorVersion": "",
            "operatorProperties": {
                "dummyPropertyList": [
                    {
                        "dummyProperty": "Source XML",
                        "dummyValue": "Omitted for license reasons"
                    }
                ]
            },
            "inputPorts": [
                {
                    "portID": "input-0",
                    "displayName": "",
                    "allowMultiInputs": true,
                    "isDynamicPort": true
                },
                {
                    "portID": "input-1",
                    "displayName": "",
                    "allowMultiInputs": true,
                    "isDynamicPort": true
                }
            ],
            "outputPorts": [
                {
                    "portID": "output-0",
                    "displayName": "",
                    "isDynamicPort": true,
                    "isBlocking": false
                },
                {
                    "portID": "output-1",
                    "displayName": "",
                    "isDynamicPort": true,
                    "isBlocking": false,
                    "materializationSize": 4.2763671875
                }
            ],
            "showAdvanced": false,
            "isDisabled": false,
            "customDisplayName": "Column Filter",
            "dynamicInputPorts": true,
            "dynamicOutputPorts": true
        },
        {
            "operatorID": "Dummy-operator-49cdd366-5741-416d-b7a0-2885bb93b586",
            "operatorType": "Dummy",
            "operatorVersion": "",
            "operatorProperties": {
                "dummyPropertyList": [
                    {
                        "dummyProperty": "Source XML",
                        "dummyValue": "Omitted for license reasons"
                    }
                ]
            },
            "inputPorts": [
                {
                    "portID": "input-0",
                    "displayName": "",
                    "allowMultiInputs": true,
                    "isDynamicPort": true
                },
                {
                    "portID": "input-1",
                    "displayName": "",
                    "allowMultiInputs": true,
                    "isDynamicPort": true
                }
            ],
            "outputPorts": [
                {
                    "portID": "output-0",
                    "displayName": "",
                    "isDynamicPort": true,
                    "isBlocking": true
                },
                {
                    "portID": "output-1",
                    "displayName": "",
                    "isDynamicPort": true,
                    "isBlocking": true,
                    "materializationSize": 9.3935546875
                }
            ],
            "showAdvanced": false,
            "isDisabled": false,
            "customDisplayName": "GroupBy",
            "dynamicInputPorts": true,
            "dynamicOutputPorts": true
        },
        {
            "operatorID": "Dummy-operator-9421effc-2d43-48ef-8d25-eaaae605a8ad",
            "operatorType": "Dummy",
            "operatorVersion": "",
            "operatorProperties": {
                "dummyPropertyList": [
                    {
                        "dummyProperty": "Source XML",
                        "dummyValue": "Omitted for license reasons"
                    }
                ]
            },
            "inputPorts": [
                {
                    "portID": "input-0",
                    "displayName": "",
                    "allowMultiInputs": true,
                    "isDynamicPort": true
                },
                {
                    "portID": "input-1",
                    "displayName": "",
                    "allowMultiInputs": true,
                    "isDynamicPort": true
                }
            ],
            "outputPorts": [
                {
                    "portID": "output-0",
                    "displayName": "",
                    "isDynamicPort": true,
                    "isBlocking": false
                },
                {
                    "portID": "output-1",
                    "displayName": "",
                    "isDynamicPort": true,
                    "isBlocking": false,
                    "materializationSize": 5.763671875
                },
                {
                    "portID": "output-2",
                    "displayName": "",
                    "isDynamicPort": true,
                    "isBlocking": false,
                    "materializationSize": 4.537109375
                },
                {
                    "portID": "output-3",
                    "displayName": "",
                    "isDynamicPort": true,
                    "isBlocking": false,
                    "materializationSize": 5.6884765625
                }
            ],
            "showAdvanced": false,
            "isDisabled": false,
            "customDisplayName": "Pivot",
            "dynamicInputPorts": true,
            "dynamicOutputPorts": true
        },
        {
            "operatorID": "Dummy-operator-4b4c6b1f-9fc3-4b12-9f0f-802c3a110cb7",
            "operatorType": "Dummy",
            "operatorVersion": "",
            "operatorProperties": {
                "dummyPropertyList": [
                    {
                        "dummyProperty": "Source XML",
                        "dummyValue": "Omitted for license reasons"
                    }
                ]
            },
            "inputPorts": [
                {
                    "portID": "input-0",
                    "displayName": "",
                    "allowMultiInputs": true,
                    "isDynamicPort": true
                },
                {
                    "portID": "input-1",
                    "displayName": "",
                    "allowMultiInputs": true,
                    "isDynamicPort": true
                }
            ],
            "outputPorts": [
                {
                    "portID": "output-0",
                    "displayName": "",
                    "isDynamicPort": true,
                    "isBlocking": false
                }
            ],
            "showAdvanced": false,
            "isDisabled": false,
            "customDisplayName": "Bar Chart",
            "dynamicInputPorts": true,
            "dynamicOutputPorts": true
        },
        {
            "operatorID": "Dummy-operator-fea03241-d1a1-438f-97b6-4fb3668f295a",
            "operatorType": "Dummy",
            "operatorVersion": "",
            "operatorProperties": {
                "dummyPropertyList": [
                    {
                        "dummyProperty": "Source XML",
                        "dummyValue": "Omitted for license reasons"
                    }
                ]
            },
            "inputPorts": [
                {
                    "portID": "input-0",
                    "displayName": "",
                    "allowMultiInputs": true,
                    "isDynamicPort": true
                },
                {
                    "portID": "input-1",
                    "displayName": "",
                    "allowMultiInputs": true,
                    "isDynamicPort": true
                }
            ],
            "outputPorts": [
                {
                    "portID": "output-0",
                    "displayName": "",
                    "isDynamicPort": true,
                    "isBlocking": false
                },
                {
                    "portID": "output-1",
                    "displayName": "",
                    "isDynamicPort": true,
                    "isBlocking": false,
                    "materializationSize": 5.1015625
                }
            ],
            "showAdvanced": false,
            "isDisabled": false,
            "customDisplayName": "Column Renamer",
            "dynamicInputPorts": true,
            "dynamicOutputPorts": true
        },
        {
            "operatorID": "Dummy-operator-c8d398b3-c603-4c22-be6a-6222c4389b59",
            "operatorType": "Dummy",
            "operatorVersion": "",
            "operatorProperties": {
                "dummyPropertyList": [
                    {
                        "dummyProperty": "Source XML",
                        "dummyValue": "Omitted for license reasons"
                    }
                ]
            },
            "inputPorts": [
                {
                    "portID": "input-0",
                    "displayName": "",
                    "allowMultiInputs": true,
                    "isDynamicPort": true
                },
                {
                    "portID": "input-1",
                    "displayName": "",
                    "allowMultiInputs": true,
                    "isDynamicPort": true
                }
            ],
            "outputPorts": [
                {
                    "portID": "output-0",
                    "displayName": "",
                    "isDynamicPort": true,
                    "isBlocking": false
                },
                {
                    "portID": "output-1",
                    "displayName": "",
                    "isDynamicPort": true,
                    "isBlocking": false,
                    "materializationSize": 9.232421875
                }
            ],
            "showAdvanced": false,
            "isDisabled": false,
            "customDisplayName": "Feature Selection Loop Start _1_1_",
            "dynamicInputPorts": true,
            "dynamicOutputPorts": true
        },
        {
            "operatorID": "Dummy-operator-237538b5-a734-4f83-9e06-e22c62188be7",
            "operatorType": "Dummy",
            "operatorVersion": "",
            "operatorProperties": {
                "dummyPropertyList": [
                    {
                        "dummyProperty": "Source XML",
                        "dummyValue": "Omitted for license reasons"
                    }
                ]
            },
            "inputPorts": [
                {
                    "portID": "input-0",
                    "displayName": "",
                    "allowMultiInputs": true,
                    "isDynamicPort": true
                },
                {
                    "portID": "input-1",
                    "displayName": "",
                    "allowMultiInputs": true,
                    "isDynamicPort": true
                }
            ],
            "outputPorts": [
                {
                    "portID": "output-0",
                    "displayName": "",
                    "isDynamicPort": true,
                    "isBlocking": true
                },
                {
                    "portID": "output-1",
                    "displayName": "",
                    "isDynamicPort": true,
                    "isBlocking": true,
                    "materializationSize": 23.69140625
                },
                {
                    "portID": "output-2",
                    "displayName": "",
                    "isDynamicPort": true,
                    "isBlocking": true,
                    "materializationSize": 12.91015625
                }
            ],
            "showAdvanced": false,
            "isDisabled": false,
            "customDisplayName": "Partitioning",
            "dynamicInputPorts": true,
            "dynamicOutputPorts": true
        },
        {
            "operatorID": "Dummy-operator-6be6eea7-883c-4221-a8a9-bee31420eb55",
            "operatorType": "Dummy",
            "operatorVersion": "",
            "operatorProperties": {
                "dummyPropertyList": [
                    {
                        "dummyProperty": "Source XML",
                        "dummyValue": "Omitted for license reasons"
                    }
                ]
            },
            "inputPorts": [
                {
                    "portID": "input-0",
                    "displayName": "",
                    "allowMultiInputs": true,
                    "isDynamicPort": true
                },
                {
                    "portID": "input-1",
                    "displayName": "",
                    "allowMultiInputs": true,
                    "isDynamicPort": true
                }
            ],
            "outputPorts": [
                {
                    "portID": "output-0",
                    "displayName": "",
                    "isDynamicPort": true,
                    "isBlocking": false
                },
                {
                    "portID": "output-1",
                    "displayName": "",
                    "isDynamicPort": true,
                    "isBlocking": true,
                    "materializationSize": 2.8935546875
                },
                {
                    "portID": "output-2",
                    "displayName": "",
                    "isDynamicPort": true,
                    "isBlocking": false,
                    "materializationSize": 10.8701171875
                }
            ],
            "showAdvanced": false,
            "isDisabled": false,
            "customDisplayName": "Naive Bayes Learner",
            "dynamicInputPorts": true,
            "dynamicOutputPorts": true
        },
        {
            "operatorID": "Dummy-operator-958372ea-33e1-4e5c-8e62-3218642f5934",
            "operatorType": "Dummy",
            "operatorVersion": "",
            "operatorProperties": {
                "dummyPropertyList": [
                    {
                        "dummyProperty": "Source XML",
                        "dummyValue": "Omitted for license reasons"
                    }
                ]
            },
            "inputPorts": [
                {
                    "portID": "input-0",
                    "displayName": "",
                    "allowMultiInputs": true,
                    "isDynamicPort": true
                },
                {
                    "portID": "input-1",
                    "displayName": "",
                    "allowMultiInputs": true,
                    "isDynamicPort": true
                }
            ],
            "outputPorts": [
                {
                    "portID": "output-0",
                    "displayName": "",
                    "isDynamicPort": true,
                    "isBlocking": false
                },
                {
                    "portID": "output-1",
                    "displayName": "",
                    "isDynamicPort": true,
                    "isBlocking": false,
                    "materializationSize": 9.232421875
                }
            ],
            "showAdvanced": false,
            "isDisabled": false,
            "customDisplayName": "Column Filter",
            "dynamicInputPorts": true,
            "dynamicOutputPorts": true
        },
        {
            "operatorID": "Dummy-operator-42a84aed-9b28-4605-8015-ed723d51aa87",
            "operatorType": "Dummy",
            "operatorVersion": "",
            "operatorProperties": {
                "dummyPropertyList": [
                    {
                        "dummyProperty": "Source XML",
                        "dummyValue": "Omitted for license reasons"
                    }
                ]
            },
            "inputPorts": [
                {
                    "portID": "input-0",
                    "displayName": "",
                    "allowMultiInputs": true,
                    "isDynamicPort": true
                },
                {
                    "portID": "input-1",
                    "displayName": "",
                    "allowMultiInputs": true,
                    "isDynamicPort": true
                },
                {
                    "portID": "input-2",
                    "displayName": "",
                    "allowMultiInputs": true,
                    "isDynamicPort": true
                }
            ],
            "outputPorts": [
                {
                    "portID": "output-0",
                    "displayName": "",
                    "isDynamicPort": true,
                    "isBlocking": false
                },
                {
                    "portID": "output-1",
                    "displayName": "",
                    "isDynamicPort": true,
                    "isBlocking": false,
                    "materializationSize": 11.8466796875
                }
            ],
            "showAdvanced": false,
            "isDisabled": false,
            "customDisplayName": "Naive Bayes Predictor",
            "dynamicInputPorts": true,
            "dynamicOutputPorts": true
        },
        {
            "operatorID": "Dummy-operator-7ea1fd60-6584-4e50-8727-016365edc4de",
            "operatorType": "Dummy",
            "operatorVersion": "",
            "operatorProperties": {
                "dummyPropertyList": [
                    {
                        "dummyProperty": "Source XML",
                        "dummyValue": "Omitted for license reasons"
                    }
                ]
            },
            "inputPorts": [
                {
                    "portID": "input-0",
                    "displayName": "",
                    "allowMultiInputs": true,
                    "isDynamicPort": true
                },
                {
                    "portID": "input-1",
                    "displayName": "",
                    "allowMultiInputs": true,
                    "isDynamicPort": true
                }
            ],
            "outputPorts": [
                {
                    "portID": "output-0",
                    "displayName": "",
                    "isDynamicPort": true,
                    "isBlocking": true
                },
                {
                    "portID": "output-1",
                    "displayName": "",
                    "isDynamicPort": true,
                    "isBlocking": true,
                    "materializationSize": 3.927734375
                },
                {
                    "portID": "output-2",
                    "displayName": "",
                    "isDynamicPort": true,
                    "isBlocking": true,
                    "materializationSize": 14.5302734375
                }
            ],
            "showAdvanced": false,
            "isDisabled": false,
            "customDisplayName": "Scorer",
            "dynamicInputPorts": true,
            "dynamicOutputPorts": true
        },
        {
            "operatorID": "Dummy-operator-e478ecd6-b5ce-42c9-b8e1-3e1a38d1bb84",
            "operatorType": "Dummy",
            "operatorVersion": "",
            "operatorProperties": {
                "dummyPropertyList": [
                    {
                        "dummyProperty": "Source XML",
                        "dummyValue": "Omitted for license reasons"
                    }
                ]
            },
            "inputPorts": [
                {
                    "portID": "input-0",
                    "displayName": "",
                    "allowMultiInputs": true,
                    "isDynamicPort": true
                },
                {
                    "portID": "input-1",
                    "displayName": "",
                    "allowMultiInputs": true,
                    "isDynamicPort": true
                }
            ],
            "outputPorts": [
                {
                    "portID": "output-0",
                    "displayName": "",
                    "isDynamicPort": true,
                    "isBlocking": false
                },
                {
                    "portID": "output-1",
                    "displayName": "",
                    "isDynamicPort": true,
                    "isBlocking": false,
                    "materializationSize": 6.470703125
                },
                {
                    "portID": "output-2",
                    "displayName": "",
                    "isDynamicPort": true,
                    "isBlocking": true,
                    "materializationSize": 0.5439453125
                }
            ],
            "showAdvanced": false,
            "isDisabled": false,
            "customDisplayName": "Feature Selection Loop End",
            "dynamicInputPorts": true,
            "dynamicOutputPorts": true
        },
        {
            "operatorID": "Dummy-operator-6cf38233-751e-4442-9648-09d918e020f5",
            "operatorType": "Dummy",
            "operatorVersion": "",
            "operatorProperties": {
                "dummyPropertyList": [
                    {
                        "dummyProperty": "Source XML",
                        "dummyValue": "Omitted for license reasons"
                    }
                ]
            },
            "inputPorts": [
                {
                    "portID": "input-0",
                    "displayName": "",
                    "allowMultiInputs": true,
                    "isDynamicPort": true
                },
                {
                    "portID": "input-1",
                    "displayName": "",
                    "allowMultiInputs": true,
                    "isDynamicPort": true
                },
                {
                    "portID": "input-2",
                    "displayName": "",
                    "allowMultiInputs": true,
                    "isDynamicPort": true
                }
            ],
            "outputPorts": [
                {
                    "portID": "output-0",
                    "displayName": "",
                    "isDynamicPort": true,
                    "isBlocking": false
                },
                {
                    "portID": "output-1",
                    "displayName": "",
                    "isDynamicPort": true,
                    "isBlocking": false,
                    "materializationSize": 6.7353515625
                }
            ],
            "showAdvanced": false,
            "isDisabled": false,
            "customDisplayName": "Feature Selection Filter",
            "dynamicInputPorts": true,
            "dynamicOutputPorts": true
        }
    ],
    "operatorPositions": {
        "Dummy-operator-cfb77b1e-bb02-4ffe-a22c-4949e659cdb6": {
            "x": -430.0,
            "y": -81.0
        },
        "Dummy-operator-7fe1d742-f5c6-4949-b1b4-3496083b840a": {
            "x": -260.0,
            "y": -66.0
        },
        "Dummy-operator-570deb03-257c-4ddf-a289-d36759d4ad2b": {
            "x": -110.0,
            "y": -76.0
        },
        "Dummy-operator-a8eadaec-0bfe-4540-b64e-45545e2c22c6": {
            "x": -315.0,
            "y": 39.0
        },
        "Dummy-operator-4a3385ed-10fb-4ae6-bd6a-379acf2d13e2": {
            "x": -195.0,
            "y": 54.0
        },
        "Dummy-operator-f0a7d5e1-318b-451a-bac5-1895b31a343f": {
            "x": -65.0,
            "y": 44.0
        },
        "Dummy-operator-e1e78b50-37a8-422e-8776-994141286ec6": {
            "x": -295.0,
            "y": -176.0
        },
        "Dummy-operator-64abecf6-fd1d-4318-98a1-7256c8630060": {
            "x": -115.0,
            "y": -181.0
        },
        "Dummy-operator-1f2ad496-1a8e-4e2a-b236-d16d4c4a77bb": {
            "x": 85.0,
            "y": -131.0
        },
        "Dummy-operator-b35a068d-7c78-4afe-8d4e-3d520e2f76da": {
            "x": 220.0,
            "y": -131.0
        },
        "Dummy-operator-f471f724-f966-488a-a6dc-c0cec90ac392": {
            "x": -520.0,
            "y": 69.0
        },
        "Dummy-operator-249e998f-94dd-42b7-81d7-e1b4bf6ccb06": {
            "x": -395.0,
            "y": 89.0
        },
        "Dummy-operator-49cdd366-5741-416d-b7a0-2885bb93b586": {
            "x": -335.0,
            "y": 164.0
        },
        "Dummy-operator-9421effc-2d43-48ef-8d25-eaaae605a8ad": {
            "x": 85.0,
            "y": -36.0
        },
        "Dummy-operator-4b4c6b1f-9fc3-4b12-9f0f-802c3a110cb7": {
            "x": 265.0,
            "y": -31.0
        },
        "Dummy-operator-fea03241-d1a1-438f-97b6-4fb3668f295a": {
            "x": 159.0,
            "y": -36.0
        },
        "Dummy-operator-c8d398b3-c603-4c22-be6a-6222c4389b59": {
            "x": -160.0,
            "y": 149.0
        },
        "Dummy-operator-237538b5-a734-4f83-9e06-e22c62188be7": {
            "x": 0.0,
            "y": 134.0
        },
        "Dummy-operator-6be6eea7-883c-4221-a8a9-bee31420eb55": {
            "x": 55.0,
            "y": 54.0
        },
        "Dummy-operator-958372ea-33e1-4e5c-8e62-3218642f5934": {
            "x": -255.0,
            "y": 144.0
        },
        "Dummy-operator-42a84aed-9b28-4605-8015-ed723d51aa87": {
            "x": 160.0,
            "y": 139.0
        },
        "Dummy-operator-7ea1fd60-6584-4e50-8727-016365edc4de": {
            "x": 320.0,
            "y": 129.0
        },
        "Dummy-operator-e478ecd6-b5ce-42c9-b8e1-3e1a38d1bb84": {
            "x": 440.0,
            "y": 24.0
        },
        "Dummy-operator-6cf38233-751e-4442-9648-09d918e020f5": {
            "x": 610.0,
            "y": -101.0
        }
    },
    "links": [
        {
            "linkID": "link-ce2f3e0c-fe1a-4acd-a34a-17cc32feb732",
            "source": {
                "operatorID": "Dummy-operator-cfb77b1e-bb02-4ffe-a22c-4949e659cdb6",
                "portID": "output-1"
            },
            "target": {
                "operatorID": "Dummy-operator-7fe1d742-f5c6-4949-b1b4-3496083b840a",
                "portID": "input-1"
            }
        },
        {
            "linkID": "link-1e31b0d6-91f0-4d0e-af59-9ef70e227364",
            "source": {
                "operatorID": "Dummy-operator-cfb77b1e-bb02-4ffe-a22c-4949e659cdb6",
                "portID": "output-1"
            },
            "target": {
                "operatorID": "Dummy-operator-a8eadaec-0bfe-4540-b64e-45545e2c22c6",
                "portID": "input-1"
            }
        },
        {
            "linkID": "link-055dca62-9047-48b4-99e8-7359413b0985",
            "source": {
                "operatorID": "Dummy-operator-cfb77b1e-bb02-4ffe-a22c-4949e659cdb6",
                "portID": "output-1"
            },
            "target": {
                "operatorID": "Dummy-operator-e1e78b50-37a8-422e-8776-994141286ec6",
                "portID": "input-1"
            }
        },
        {
            "linkID": "link-2115c821-df2c-4e47-8730-d990b283fdf5",
            "source": {
                "operatorID": "Dummy-operator-cfb77b1e-bb02-4ffe-a22c-4949e659cdb6",
                "portID": "output-1"
            },
            "target": {
                "operatorID": "Dummy-operator-1f2ad496-1a8e-4e2a-b236-d16d4c4a77bb",
                "portID": "input-1"
            }
        },
        {
            "linkID": "link-7f6313f1-87cf-4751-a92d-4365bb0a398a",
            "source": {
                "operatorID": "Dummy-operator-cfb77b1e-bb02-4ffe-a22c-4949e659cdb6",
                "portID": "output-1"
            },
            "target": {
                "operatorID": "Dummy-operator-f471f724-f966-488a-a6dc-c0cec90ac392",
                "portID": "input-1"
            }
        },
        {
            "linkID": "link-3af28f70-1f96-4bde-aecf-dc51d4de32a3",
            "source": {
                "operatorID": "Dummy-operator-cfb77b1e-bb02-4ffe-a22c-4949e659cdb6",
                "portID": "output-1"
            },
            "target": {
                "operatorID": "Dummy-operator-958372ea-33e1-4e5c-8e62-3218642f5934",
                "portID": "input-1"
            }
        },
        {
            "linkID": "link-69d9661e-920b-4ece-9a50-ca44cc09b748",
            "source": {
                "operatorID": "Dummy-operator-cfb77b1e-bb02-4ffe-a22c-4949e659cdb6",
                "portID": "output-1"
            },
            "target": {
                "operatorID": "Dummy-operator-6cf38233-751e-4442-9648-09d918e020f5",
                "portID": "input-2"
            }
        },
        {
            "linkID": "link-92609a08-ff08-433e-b9f7-2408ec663aa6",
            "source": {
                "operatorID": "Dummy-operator-7fe1d742-f5c6-4949-b1b4-3496083b840a",
                "portID": "output-1"
            },
            "target": {
                "operatorID": "Dummy-operator-570deb03-257c-4ddf-a289-d36759d4ad2b",
                "portID": "input-1"
            }
        },
        {
            "linkID": "link-a2e97fe1-fc0e-48d8-b274-083602b98553",
            "source": {
                "operatorID": "Dummy-operator-a8eadaec-0bfe-4540-b64e-45545e2c22c6",
                "portID": "output-1"
            },
            "target": {
                "operatorID": "Dummy-operator-4a3385ed-10fb-4ae6-bd6a-379acf2d13e2",
                "portID": "input-1"
            }
        },
        {
            "linkID": "link-f5e2e38e-1eba-4734-b750-d3d1f7d8f44d",
            "source": {
                "operatorID": "Dummy-operator-a8eadaec-0bfe-4540-b64e-45545e2c22c6",
                "portID": "output-1"
            },
            "target": {
                "operatorID": "Dummy-operator-9421effc-2d43-48ef-8d25-eaaae605a8ad",
                "portID": "input-1"
            }
        },
        {
            "linkID": "link-53350389-855a-48d6-af25-dadc7dd9b742",
            "source": {
                "operatorID": "Dummy-operator-4a3385ed-10fb-4ae6-bd6a-379acf2d13e2",
                "portID": "output-1"
            },
            "target": {
                "operatorID": "Dummy-operator-f0a7d5e1-318b-451a-bac5-1895b31a343f",
                "portID": "input-1"
            }
        },
        {
            "linkID": "link-f6c02411-dc25-417d-a21c-fd3880b4a675",
            "source": {
                "operatorID": "Dummy-operator-e1e78b50-37a8-422e-8776-994141286ec6",
                "portID": "output-1"
            },
            "target": {
                "operatorID": "Dummy-operator-64abecf6-fd1d-4318-98a1-7256c8630060",
                "portID": "input-1"
            }
        },
        {
            "linkID": "link-62833513-6b82-4755-aef4-2b2ba98e6c98",
            "source": {
                "operatorID": "Dummy-operator-1f2ad496-1a8e-4e2a-b236-d16d4c4a77bb",
                "portID": "output-1"
            },
            "target": {
                "operatorID": "Dummy-operator-b35a068d-7c78-4afe-8d4e-3d520e2f76da",
                "portID": "input-1"
            }
        },
        {
            "linkID": "link-13165ea3-82ae-40c3-99d2-26c95f3044b1",
            "source": {
                "operatorID": "Dummy-operator-f471f724-f966-488a-a6dc-c0cec90ac392",
                "portID": "output-1"
            },
            "target": {
                "operatorID": "Dummy-operator-249e998f-94dd-42b7-81d7-e1b4bf6ccb06",
                "portID": "input-1"
            }
        },
        {
            "linkID": "link-2d03e61f-0071-4490-b314-b36dd7b3ebc1",
            "source": {
                "operatorID": "Dummy-operator-249e998f-94dd-42b7-81d7-e1b4bf6ccb06",
                "portID": "output-1"
            },
            "target": {
                "operatorID": "Dummy-operator-49cdd366-5741-416d-b7a0-2885bb93b586",
                "portID": "input-1"
            }
        },
        {
            "linkID": "link-1a2f8fad-d78a-4083-8840-811aba6580d6",
            "source": {
                "operatorID": "Dummy-operator-9421effc-2d43-48ef-8d25-eaaae605a8ad",
                "portID": "output-1"
            },
            "target": {
                "operatorID": "Dummy-operator-fea03241-d1a1-438f-97b6-4fb3668f295a",
                "portID": "input-1"
            }
        },
        {
            "linkID": "link-862ef4a0-d1b7-41af-8f02-9a95a1afa642",
            "source": {
                "operatorID": "Dummy-operator-fea03241-d1a1-438f-97b6-4fb3668f295a",
                "portID": "output-1"
            },
            "target": {
                "operatorID": "Dummy-operator-4b4c6b1f-9fc3-4b12-9f0f-802c3a110cb7",
                "portID": "input-1"
            }
        },
        {
            "linkID": "link-62616b34-f96f-4c83-baf2-854251de650a",
            "source": {
                "operatorID": "Dummy-operator-c8d398b3-c603-4c22-be6a-6222c4389b59",
                "portID": "output-1"
            },
            "target": {
                "operatorID": "Dummy-operator-237538b5-a734-4f83-9e06-e22c62188be7",
                "portID": "input-1"
            }
        },
        {
            "linkID": "link-75fcfa94-898d-4c72-8a8f-802ca4fed2f2",
            "source": {
                "operatorID": "Dummy-operator-237538b5-a734-4f83-9e06-e22c62188be7",
                "portID": "output-1"
            },
            "target": {
                "operatorID": "Dummy-operator-6be6eea7-883c-4221-a8a9-bee31420eb55",
                "portID": "input-1"
            }
        },
        {
            "linkID": "link-922f0b34-ed9f-45d2-94e7-41fe839e2bb8",
            "source": {
                "operatorID": "Dummy-operator-237538b5-a734-4f83-9e06-e22c62188be7",
                "portID": "output-2"
            },
            "target": {
                "operatorID": "Dummy-operator-42a84aed-9b28-4605-8015-ed723d51aa87",
                "portID": "input-2"
            }
        },
        {
            "linkID": "link-fe5945f8-820e-4c77-ac0a-58e58b21423f",
            "source": {
                "operatorID": "Dummy-operator-6be6eea7-883c-4221-a8a9-bee31420eb55",
                "portID": "output-1"
            },
            "target": {
                "operatorID": "Dummy-operator-42a84aed-9b28-4605-8015-ed723d51aa87",
                "portID": "input-1"
            }
        },
        {
            "linkID": "link-4d99a655-bccb-439c-ab6c-983c475b8575",
            "source": {
                "operatorID": "Dummy-operator-958372ea-33e1-4e5c-8e62-3218642f5934",
                "portID": "output-1"
            },
            "target": {
                "operatorID": "Dummy-operator-c8d398b3-c603-4c22-be6a-6222c4389b59",
                "portID": "input-1"
            }
        },
        {
            "linkID": "link-b95891f2-5d5e-48ac-a621-5e921448b177",
            "source": {
                "operatorID": "Dummy-operator-42a84aed-9b28-4605-8015-ed723d51aa87",
                "portID": "output-1"
            },
            "target": {
                "operatorID": "Dummy-operator-7ea1fd60-6584-4e50-8727-016365edc4de",
                "portID": "input-1"
            }
        },
        {
            "linkID": "link-ccc5ae1b-f911-491d-a423-0ddb2cea416a",
            "source": {
                "operatorID": "Dummy-operator-7ea1fd60-6584-4e50-8727-016365edc4de",
                "portID": "output-0"
            },
            "target": {
                "operatorID": "Dummy-operator-e478ecd6-b5ce-42c9-b8e1-3e1a38d1bb84",
                "portID": "input-1"
            }
        },
        {
            "linkID": "link-e63280b4-4837-4d64-ba41-314a09208947",
            "source": {
                "operatorID": "Dummy-operator-e478ecd6-b5ce-42c9-b8e1-3e1a38d1bb84",
                "portID": "output-2"
            },
            "target": {
                "operatorID": "Dummy-operator-6cf38233-751e-4442-9648-09d918e020f5",
                "portID": "input-1"
            }
        }
    ],
    "groups": [],
    "breakpoints": {},
    "commentBoxes": [
        {
            "commentBoxID": "commentBox-54c7f11d-46d2-41b2-9396-6b18b512b2c2",
            "comments": [
                {
                    "content": "https://hub.knime.com/knime/extensions/org.knime.features.base/latest/org.knime.base.node.io.filehandling.csv.reader.CSVTableReaderNodeFactory",
                    "creatorName": "Bot",
                    "createorID": 1,
                    "creationTime": "2024-03-08T10:36:49.883Z"
                }
            ],
            "commentBoxPosition": {
                "x": -370.0,
                "y": -51.0
            }
        },
        {
            "commentBoxID": "commentBox-fdaa2760-141c-4c92-9433-43c4b0739784",
            "comments": [
                {
                    "content": "https://hub.knime.com/knime/extensions/org.knime.features.base/latest/org.knime.base.node.io.filehandling.csv.reader.CSVTableReaderNodeFactory",
                    "creatorName": "Bot",
                    "createorID": 1,
                    "creationTime": "2024-03-08T10:36:49.883Z"
                }
            ],
            "commentBoxPosition": {
                "x": -200.0,
                "y": -36.0
            }
        },
        {
            "commentBoxID": "commentBox-fa8e8313-925f-4819-a389-d43621fad855",
            "comments": [
                {
                    "content": "https://hub.knime.com/knime/extensions/org.knime.features.base/latest/org.knime.base.node.io.filehandling.csv.reader.CSVTableReaderNodeFactory",
                    "creatorName": "Bot",
                    "createorID": 1,
                    "creationTime": "2024-03-08T10:36:49.883Z"
                }
            ],
            "commentBoxPosition": {
                "x": -50.0,
                "y": -46.0
            }
        },
        {
            "commentBoxID": "commentBox-14c4d73e-ae0a-4cf7-953c-0682b713c818",
            "comments": [
                {
                    "content": "https://hub.knime.com/knime/extensions/org.knime.features.base/latest/org.knime.base.node.io.filehandling.csv.reader.CSVTableReaderNodeFactory",
                    "creatorName": "Bot",
                    "createorID": 1,
                    "creationTime": "2024-03-08T10:36:49.883Z"
                }
            ],
            "commentBoxPosition": {
                "x": -255.0,
                "y": 69.0
            }
        },
        {
            "commentBoxID": "commentBox-a9182bef-0714-42cd-98bc-f7e65a3abcfe",
            "comments": [
                {
                    "content": "https://hub.knime.com/knime/extensions/org.knime.features.base/latest/org.knime.base.node.io.filehandling.csv.reader.CSVTableReaderNodeFactory",
                    "creatorName": "Bot",
                    "createorID": 1,
                    "creationTime": "2024-03-08T10:36:49.883Z"
                }
            ],
            "commentBoxPosition": {
                "x": -135.0,
                "y": 84.0
            }
        },
        {
            "commentBoxID": "commentBox-837a1948-28ba-4ae0-9c88-cde2d5e25677",
            "comments": [
                {
                    "content": "https://hub.knime.com/knime/extensions/org.knime.features.base/latest/org.knime.base.node.io.filehandling.csv.reader.CSVTableReaderNodeFactory",
                    "creatorName": "Bot",
                    "createorID": 1,
                    "creationTime": "2024-03-08T10:36:49.883Z"
                }
            ],
            "commentBoxPosition": {
                "x": -5.0,
                "y": 74.0
            }
        },
        {
            "commentBoxID": "commentBox-0d4b4088-92e7-4064-841a-6227bf041c54",
            "comments": [
                {
                    "content": "https://hub.knime.com/knime/extensions/org.knime.features.base/latest/org.knime.base.node.io.filehandling.csv.reader.CSVTableReaderNodeFactory",
                    "creatorName": "Bot",
                    "createorID": 1,
                    "creationTime": "2024-03-08T10:36:49.883Z"
                }
            ],
            "commentBoxPosition": {
                "x": -235.0,
                "y": -146.0
            }
        },
        {
            "commentBoxID": "commentBox-44995013-fdde-42ac-9c06-9f13cd9a25d7",
            "comments": [
                {
                    "content": "https://hub.knime.com/knime/extensions/org.knime.features.base/latest/org.knime.base.node.io.filehandling.csv.reader.CSVTableReaderNodeFactory",
                    "creatorName": "Bot",
                    "createorID": 1,
                    "creationTime": "2024-03-08T10:36:49.883Z"
                }
            ],
            "commentBoxPosition": {
                "x": -55.0,
                "y": -151.0
            }
        },
        {
            "commentBoxID": "commentBox-d40429f6-60bc-44d3-a6d5-303d6ff84d38",
            "comments": [
                {
                    "content": "https://hub.knime.com/knime/extensions/org.knime.features.base/latest/org.knime.base.node.io.filehandling.csv.reader.CSVTableReaderNodeFactory",
                    "creatorName": "Bot",
                    "createorID": 1,
                    "creationTime": "2024-03-08T10:36:49.883Z"
                }
            ],
            "commentBoxPosition": {
                "x": 145.0,
                "y": -101.0
            }
        },
        {
            "commentBoxID": "commentBox-9f63d55f-6c25-4c89-9857-23e67c2362da",
            "comments": [
                {
                    "content": "https://hub.knime.com/knime/extensions/org.knime.features.base/latest/org.knime.base.node.io.filehandling.csv.reader.CSVTableReaderNodeFactory",
                    "creatorName": "Bot",
                    "createorID": 1,
                    "creationTime": "2024-03-08T10:36:49.883Z"
                }
            ],
            "commentBoxPosition": {
                "x": 280.0,
                "y": -101.0
            }
        },
        {
            "commentBoxID": "commentBox-bde2d9f0-7268-4e90-99e2-257f1ca06461",
            "comments": [
                {
                    "content": "https://hub.knime.com/knime/extensions/org.knime.features.base/latest/org.knime.base.node.io.filehandling.csv.reader.CSVTableReaderNodeFactory",
                    "creatorName": "Bot",
                    "createorID": 1,
                    "creationTime": "2024-03-08T10:36:49.883Z"
                }
            ],
            "commentBoxPosition": {
                "x": -460.0,
                "y": 99.0
            }
        },
        {
            "commentBoxID": "commentBox-38749827-a3e1-46e1-a576-0da2ec518f48",
            "comments": [
                {
                    "content": "https://hub.knime.com/knime/extensions/org.knime.features.base/latest/org.knime.base.node.io.filehandling.csv.reader.CSVTableReaderNodeFactory",
                    "creatorName": "Bot",
                    "createorID": 1,
                    "creationTime": "2024-03-08T10:36:49.883Z"
                }
            ],
            "commentBoxPosition": {
                "x": -335.0,
                "y": 119.0
            }
        },
        {
            "commentBoxID": "commentBox-93f94538-d724-4b4a-b311-5e35afede16a",
            "comments": [
                {
                    "content": "https://hub.knime.com/knime/extensions/org.knime.features.base/latest/org.knime.base.node.io.filehandling.csv.reader.CSVTableReaderNodeFactory",
                    "creatorName": "Bot",
                    "createorID": 1,
                    "creationTime": "2024-03-08T10:36:49.883Z"
                }
            ],
            "commentBoxPosition": {
                "x": -275.0,
                "y": 194.0
            }
        },
        {
            "commentBoxID": "commentBox-202ca52e-33c2-427b-9e2a-858e90011cc1",
            "comments": [
                {
                    "content": "https://hub.knime.com/knime/extensions/org.knime.features.base/latest/org.knime.base.node.io.filehandling.csv.reader.CSVTableReaderNodeFactory",
                    "creatorName": "Bot",
                    "createorID": 1,
                    "creationTime": "2024-03-08T10:36:49.883Z"
                }
            ],
            "commentBoxPosition": {
                "x": 145.0,
                "y": -6.0
            }
        },
        {
            "commentBoxID": "commentBox-aa6d4725-c6ed-41d7-97c2-bdb5862d0091",
            "comments": [
                {
                    "content": "https://hub.knime.com/knime/extensions/org.knime.features.base/latest/org.knime.base.node.io.filehandling.csv.reader.CSVTableReaderNodeFactory",
                    "creatorName": "Bot",
                    "createorID": 1,
                    "creationTime": "2024-03-08T10:36:49.883Z"
                }
            ],
            "commentBoxPosition": {
                "x": 325.0,
                "y": -1.0
            }
        },
        {
            "commentBoxID": "commentBox-69224c80-ab0a-4266-a2dc-7b0659249607",
            "comments": [
                {
                    "content": "https://hub.knime.com/knime/extensions/org.knime.features.base/latest/org.knime.base.node.io.filehandling.csv.reader.CSVTableReaderNodeFactory",
                    "creatorName": "Bot",
                    "createorID": 1,
                    "creationTime": "2024-03-08T10:36:49.883Z"
                }
            ],
            "commentBoxPosition": {
                "x": 219.0,
                "y": -6.0
            }
        },
        {
            "commentBoxID": "commentBox-cd81d307-37e8-478e-a6fe-0063ac7249b5",
            "comments": [
                {
                    "content": "https://hub.knime.com/knime/extensions/org.knime.features.base/latest/org.knime.base.node.io.filehandling.csv.reader.CSVTableReaderNodeFactory",
                    "creatorName": "Bot",
                    "createorID": 1,
                    "creationTime": "2024-03-08T10:36:49.883Z"
                }
            ],
            "commentBoxPosition": {
                "x": -100.0,
                "y": 179.0
            }
        },
        {
            "commentBoxID": "commentBox-000e66c8-04d5-4986-8752-18cbaf5ce4d5",
            "comments": [
                {
                    "content": "https://hub.knime.com/knime/extensions/org.knime.features.base/latest/org.knime.base.node.io.filehandling.csv.reader.CSVTableReaderNodeFactory",
                    "creatorName": "Bot",
                    "createorID": 1,
                    "creationTime": "2024-03-08T10:36:49.883Z"
                }
            ],
            "commentBoxPosition": {
                "x": 60.0,
                "y": 164.0
            }
        },
        {
            "commentBoxID": "commentBox-e640ae72-94e5-4e88-a224-d44d36220d89",
            "comments": [
                {
                    "content": "https://hub.knime.com/knime/extensions/org.knime.features.base/latest/org.knime.base.node.io.filehandling.csv.reader.CSVTableReaderNodeFactory",
                    "creatorName": "Bot",
                    "createorID": 1,
                    "creationTime": "2024-03-08T10:36:49.883Z"
                }
            ],
            "commentBoxPosition": {
                "x": 115.0,
                "y": 84.0
            }
        },
        {
            "commentBoxID": "commentBox-5e6d5dd2-5050-4f9e-a1b8-56c52ea079fb",
            "comments": [
                {
                    "content": "https://hub.knime.com/knime/extensions/org.knime.features.base/latest/org.knime.base.node.io.filehandling.csv.reader.CSVTableReaderNodeFactory",
                    "creatorName": "Bot",
                    "createorID": 1,
                    "creationTime": "2024-03-08T10:36:49.883Z"
                }
            ],
            "commentBoxPosition": {
                "x": -195.0,
                "y": 174.0
            }
        },
        {
            "commentBoxID": "commentBox-6d70fd2a-2189-482b-a6ef-90ffbec278f4",
            "comments": [
                {
                    "content": "https://hub.knime.com/knime/extensions/org.knime.features.base/latest/org.knime.base.node.io.filehandling.csv.reader.CSVTableReaderNodeFactory",
                    "creatorName": "Bot",
                    "createorID": 1,
                    "creationTime": "2024-03-08T10:36:49.883Z"
                }
            ],
            "commentBoxPosition": {
                "x": 220.0,
                "y": 169.0
            }
        },
        {
            "commentBoxID": "commentBox-39b7cee4-fe9c-4058-b7bd-551eae2f5d07",
            "comments": [
                {
                    "content": "https://hub.knime.com/knime/extensions/org.knime.features.base/latest/org.knime.base.node.io.filehandling.csv.reader.CSVTableReaderNodeFactory",
                    "creatorName": "Bot",
                    "createorID": 1,
                    "creationTime": "2024-03-08T10:36:49.883Z"
                }
            ],
            "commentBoxPosition": {
                "x": 380.0,
                "y": 159.0
            }
        },
        {
            "commentBoxID": "commentBox-1ac654b3-0cb0-458e-9794-8a83c4e9cd7c",
            "comments": [
                {
                    "content": "https://hub.knime.com/knime/extensions/org.knime.features.base/latest/org.knime.base.node.io.filehandling.csv.reader.CSVTableReaderNodeFactory",
                    "creatorName": "Bot",
                    "createorID": 1,
                    "creationTime": "2024-03-08T10:36:49.883Z"
                }
            ],
            "commentBoxPosition": {
                "x": 500.0,
                "y": 54.0
            }
        },
        {
            "commentBoxID": "commentBox-ac054f4a-4c60-4ea8-b0f2-d58114241bf4",
            "comments": [
                {
                    "content": "https://hub.knime.com/knime/extensions/org.knime.features.base/latest/org.knime.base.node.io.filehandling.csv.reader.CSVTableReaderNodeFactory",
                    "creatorName": "Bot",
                    "createorID": 1,
                    "creationTime": "2024-03-08T10:36:49.883Z"
                }
            ],
            "commentBoxPosition": {
                "x": 670.0,
                "y": -71.0
            }
        }
    ]
}